ISO-10303-21;
HEADER;
FILE_DESCRIPTION (( 'STEP AP214' ),
    '1' );
FILE_NAME ('APH0630T.STEP',
    '2023-05-23T21:55:14',
    ( '' ),
    ( '' ),
    'SwSTEP 2.0',
    'SolidWorks 2023',
    '' );
FILE_SCHEMA (( 'AUTOMOTIVE_DESIGN' ));
ENDSEC;

DATA;
#1 = CARTESIAN_POINT ( 'NONE',  ( 0.5000000000000000000, 2.799999999999999822, -0.5000000000000000000 ) ) ;
#2 = B_SPLINE_CURVE_WITH_KNOTS ( 'NONE', 3,
 ( #4726, #1290, #3411, #1259, #869, #683, #269 ),
 .UNSPECIFIED., .F., .F.,
 ( 4, 1, 1, 1, 4 ),
 ( 0.000000000000000000, 0.2678360697616103958, 0.5159771041735196073, 0.7584203312451209822, 1.000000000000000000 ),
 .UNSPECIFIED. ) ;
#3 = FILL_AREA_STYLE ('',( #3836 ) ) ;
#4 = LINE ( 'NONE', #3047, #4251 ) ;
#5 = FACE_OUTER_BOUND ( 'NONE', #1832, .T. ) ;
#6 = ORIENTED_EDGE ( 'NONE', *, *, #226, .F. ) ;
#7 = CARTESIAN_POINT ( 'NONE',  ( 2.721022540655751776, 2.801000000000000600, -2.297873664242195080 ) ) ;
#8 = DIRECTION ( 'NONE',  ( 0.000000000000000000, -1.000000000000000000, 0.000000000000000000 ) ) ;
#9 = CARTESIAN_POINT ( 'NONE',  ( -0.2000000000000000111, 1.200000000000000178, -4.099999999999999645 ) ) ;
#10 = EDGE_CURVE ( 'NONE', #5160, #1297, #1551, .T. ) ;
#11 = CARTESIAN_POINT ( 'NONE',  ( 5.751796657424226744, 2.799999999999998934, -4.227046572677298109 ) ) ;
#12 = CARTESIAN_POINT ( 'NONE',  ( 2.585096279624019111, 2.799999999999999822, -4.253324517515717496 ) ) ;
#13 = VERTEX_POINT ( 'NONE', #254 ) ;
#14 = ORIENTED_EDGE ( 'NONE', *, *, #2912, .F. ) ;
#15 = CARTESIAN_POINT ( 'NONE',  ( 4.768282383111858813, 2.800000000000000266, -2.261282685411779347 ) ) ;
#16 =( NAMED_UNIT ( * ) SI_UNIT ( $, .STERADIAN. ) SOLID_ANGLE_UNIT ( ) );
#17 = CARTESIAN_POINT ( 'NONE',  ( 2.702739394285250452, 2.801000000000000600, -2.281398828088374575 ) ) ;
#18 = UNCERTAINTY_MEASURE_WITH_UNIT (LENGTH_MEASURE( 1.000000000000000082E-05 ), #32, 'distance_accuracy_value', 'NONE');
#19 = PLANE ( 'NONE',  #4599 ) ;
#20 = VERTEX_POINT ( 'NONE', #2894 ) ;
#21 = FILL_AREA_STYLE_COLOUR ( '', #3795 ) ;
#22 = LINE ( 'NONE', #1294, #2513 ) ;
#23 = ORIENTED_EDGE ( 'NONE', *, *, #2363, .T. ) ;
#24 = LINE ( 'NONE', #1746, #1221 ) ;
#25 = EDGE_CURVE ( 'NONE', #2613, #4242, #2840, .T. ) ;
#26 = ORIENTED_EDGE ( 'NONE', *, *, #397, .F. ) ;
#27 = FACE_OUTER_BOUND ( 'NONE', #476, .T. ) ;
#28 = DIRECTION ( 'NONE',  ( 0.000000000000000000, 0.000000000000000000, 1.000000000000000000 ) ) ;
#29 = AXIS2_PLACEMENT_3D ( 'NONE', #1848, #1517, #3233 ) ;
#30 = SURFACE_STYLE_FILL_AREA ( #1752 ) ;
#31 = SURFACE_STYLE_FILL_AREA ( #1303 ) ;
#32 =( LENGTH_UNIT ( ) NAMED_UNIT ( * ) SI_UNIT ( .MILLI., .METRE. ) );
#33 = ORIENTED_EDGE ( 'NONE', *, *, #585, .T. ) ;
#34 = CARTESIAN_POINT ( 'NONE',  ( 0.6345754462906857407, 2.799999999999999378, -2.955705469896669602 ) ) ;
#35 = ADVANCED_FACE ( 'NONE', ( #1056 ), #3619, .T. ) ;
#36 = SURFACE_STYLE_USAGE ( .BOTH. , #3454 ) ;
#37 = PRESENTATION_LAYER_ASSIGNMENT (  '', '', ( #292 ) ) ;
#38 = FILL_AREA_STYLE_COLOUR ( '', #2387 ) ;
#39 = CARTESIAN_POINT ( 'NONE',  ( 1.542313541528781196, 2.800000000000000711, -2.280110231801431908 ) ) ;
#40 = COLOUR_RGB ( '',0.5019607843137254832, 0.5019607843137254832, 0.5019607843137254832 ) ;
#41 = EDGE_LOOP ( 'NONE', ( #3220, #161, #3412, #1068 ) ) ;
#42 = PRODUCT_DEFINITION_SHAPE ( 'NONE', 'NONE',  #5510 ) ;
#43 = VERTEX_POINT ( 'NONE', #158 ) ;
#44 = CARTESIAN_POINT ( 'NONE',  ( 1.560174136846237847, 2.800999999999999712, -4.248026806912011288 ) ) ;
#45 = CARTESIAN_POINT ( 'NONE',  ( 5.777432589147828423, 2.801000000000000156, -4.167759041325241220 ) ) ;
#46 = STYLED_ITEM ( 'NONE', ( #4095 ), #781 ) ;
#47 = AXIS2_PLACEMENT_3D ( 'NONE', #2120, #1982, #4944 ) ;
#48 = CARTESIAN_POINT ( 'NONE',  ( 1.706004017719257471, 2.801000000000000156, -2.879068565134764945 ) ) ;
#49 =( LENGTH_UNIT ( ) NAMED_UNIT ( * ) SI_UNIT ( .MILLI., .METRE. ) );
#50 = EDGE_LOOP ( 'NONE', ( #4854, #2853, #2902, #1086 ) ) ;
#51 =( GEOMETRIC_REPRESENTATION_CONTEXT ( 3 ) GLOBAL_UNCERTAINTY_ASSIGNED_CONTEXT ( ( #2884 ) ) GLOBAL_UNIT_ASSIGNED_CONTEXT ( ( #5083, #2975, #1690 ) ) REPRESENTATION_CONTEXT ( 'NONE', 'WORKASPACE' ) );
#52 = CARTESIAN_POINT ( 'NONE',  ( 4.700715090377487471, 2.801000000000000156, -2.312437825962322169 ) ) ;
#53 =( GEOMETRIC_REPRESENTATION_CONTEXT ( 3 ) GLOBAL_UNCERTAINTY_ASSIGNED_CONTEXT ( ( #5107 ) ) GLOBAL_UNIT_ASSIGNED_CONTEXT ( ( #3493, #5180, #4852 ) ) REPRESENTATION_CONTEXT ( 'NONE', 'WORKASPACE' ) );
#54 = ORIENTED_EDGE ( 'NONE', *, *, #2163, .T. ) ;
#55 = DIRECTION ( 'NONE',  ( 0.000000000000000000, 0.000000000000000000, -1.000000000000000000 ) ) ;
#56 = ORIENTED_EDGE ( 'NONE', *, *, #4136, .F. ) ;
#57 = MECHANICAL_DESIGN_GEOMETRIC_PRESENTATION_REPRESENTATION (  '', ( #143 ), #1286 ) ;
#58 = EDGE_CURVE ( 'NONE', #1646, #3085, #3173, .T. ) ;
#59 = CARTESIAN_POINT ( 'NONE',  ( 0.000000000000000000, 1.399999999999999911, -2.499999999999999556 ) ) ;
#60 = PLANE ( 'NONE',  #4097 ) ;
#61 = STYLED_ITEM ( 'NONE', ( #410 ), #4918 ) ;
#62 = LINE ( 'NONE', #909, #3539 ) ;
#63 = ORIENTED_EDGE ( 'NONE', *, *, #1496, .T. ) ;
#64 = MECHANICAL_DESIGN_GEOMETRIC_PRESENTATION_REPRESENTATION (  '', ( #4178 ), #3027 ) ;
#65 = LINE ( 'NONE', #498, #2248 ) ;
#66 = SURFACE_STYLE_USAGE ( .BOTH. , #471 ) ;
#67 = CARTESIAN_POINT ( 'NONE',  ( 0.6453641367668763174, 2.799999999999999822, -2.919619160372859845 ) ) ;
#68 = PRODUCT_RELATED_PRODUCT_CATEGORY ( 'part', '', ( #87 ) ) ;
#69 = MECHANICAL_DESIGN_GEOMETRIC_PRESENTATION_REPRESENTATION (  '', ( #4182 ), #1032 ) ;
#70 = EDGE_CURVE ( 'NONE', #2866, #2810, #4276, .T. ) ;
#71 = SURFACE_STYLE_FILL_AREA ( #3960 ) ;
#72 = VERTEX_POINT ( 'NONE', #4218 ) ;
#73 = ORIENTED_EDGE ( 'NONE', *, *, #1313, .T. ) ;
#74 = MECHANICAL_DESIGN_GEOMETRIC_PRESENTATION_REPRESENTATION (  '', ( #1035 ), #1667 ) ;
#75 = CARTESIAN_POINT ( 'NONE',  ( 4.768282383111858813, 2.801000000000000600, -2.261282685411779347 ) ) ;
#76 = CARTESIAN_POINT ( 'NONE',  ( 1.706004017719257471, 2.801000000000000156, -2.879068565134764945 ) ) ;
#77 = UNCERTAINTY_MEASURE_WITH_UNIT (LENGTH_MEASURE( 1.000000000000000082E-05 ), #3533, 'distance_accuracy_value', 'NONE');
#78 = ORIENTED_EDGE ( 'NONE', *, *, #3196, .F. ) ;
#79 = DIRECTION ( 'NONE',  ( -0.000000000000000000, -1.000000000000000000, -0.000000000000000000 ) ) ;
#80 = ORIENTED_EDGE ( 'NONE', *, *, #1442, .T. ) ;
#81 = ORIENTED_EDGE ( 'NONE', *, *, #835, .T. ) ;
#82 = FACE_OUTER_BOUND ( 'NONE', #2151, .T. ) ;
#83 = EDGE_CURVE ( 'NONE', #4354, #3800, #1317, .T. ) ;
#84 = CARTESIAN_POINT ( 'NONE',  ( 3.204143898671638624, 2.801000000000000156, -3.212401898468098427 ) ) ;
#85 = CARTESIAN_POINT ( 'NONE',  ( 5.400000000000000355, 0.2000000000000000111, -4.200000000000000178 ) ) ;
#86 = DIRECTION ( 'NONE',  ( 0.000000000000000000, -1.000000000000000000, 0.000000000000000000 ) ) ;
#87 = PRODUCT ( 'APH0630T', 'APH0630T', '', ( #2525 ) ) ;
#88 = CARTESIAN_POINT ( 'NONE',  ( 5.675527750649441039, 2.799999999999999822, -4.259656985542381591 ) ) ;
#89 = CARTESIAN_POINT ( 'NONE',  ( 1.706004017719257471, 2.801000000000000156, -4.144693565134764945 ) ) ;
#90 = CARTESIAN_POINT ( 'NONE',  ( 2.650944493909733524, 2.801000000000000156, -2.260020946087145877 ) ) ;
#91 = VECTOR ( 'NONE', #4538, 1000.000000000000000 ) ;
#92 = LINE ( 'NONE', #863, #1300 ) ;
#93 = CARTESIAN_POINT ( 'NONE',  ( 5.741996857812476485, 2.801000000000000156, -4.236069886122718842 ) ) ;
#94 = SURFACE_STYLE_FILL_AREA ( #548 ) ;
#95 = MECHANICAL_DESIGN_GEOMETRIC_PRESENTATION_REPRESENTATION (  '', ( #883 ), #1330 ) ;
#96 = ORIENTED_EDGE ( 'NONE', *, *, #1340, .T. ) ;
#97 = PLANE ( 'NONE',  #1833 ) ;
#98 =( LENGTH_UNIT ( ) NAMED_UNIT ( * ) SI_UNIT ( .MILLI., .METRE. ) );
#99 = CARTESIAN_POINT ( 'NONE',  ( 2.679322508634025102, 2.799999999999998490, -2.267985031727432155 ) ) ;
#100 = CARTESIAN_POINT ( 'NONE',  ( 2.539337351052590730, 2.801000000000000156, -4.197892969896670046 ) ) ;
#101 = PLANE ( 'NONE',  #1104 ) ;
#102 = VERTEX_POINT ( 'NONE', #3057 ) ;
#103 = EDGE_CURVE ( 'NONE', #5503, #4467, #5534, .T. ) ;
#104 = VERTEX_POINT ( 'NONE', #4748 ) ;
#105 = PLANE ( 'NONE',  #2232 ) ;
#106 = ORIENTED_EDGE ( 'NONE', *, *, #4947, .T. ) ;
#107 = FILL_AREA_STYLE ('',( #1298 ) ) ;
#108 = SURFACE_SIDE_STYLE ('',( #3474 ) ) ;
#109 = CARTESIAN_POINT ( 'NONE',  ( 0.6423879462906858517, 2.799999999999999822, -2.995884041325241220 ) ) ;
#110 = FACE_OUTER_BOUND ( 'NONE', #463, .T. ) ;
#111 = SURFACE_STYLE_USAGE ( .BOTH. , #3422 ) ;
#112 = CARTESIAN_POINT ( 'NONE',  ( 2.040977803226887044, 2.799999999999999822, -2.879528197688983937 ) ) ;
#113 = SURFACE_SIDE_STYLE ('',( #5191 ) ) ;
#114 = CARTESIAN_POINT ( 'NONE',  ( 1.579322903160761182, 2.799999999999999822, -2.260260127561592558 ) ) ;
#115 = VERTEX_POINT ( 'NONE', #2118 ) ;
#116 = CARTESIAN_POINT ( 'NONE',  ( 3.638667708195447936, 2.801000000000000156, -3.457565588944288670 ) ) ;
#117 = CARTESIAN_POINT ( 'NONE',  ( 3.749530803433542836, 2.801000000000000156, -4.155482255610955633 ) ) ;
#118 = ORIENTED_EDGE ( 'NONE', *, *, #1577, .F. ) ;
#119 = EDGE_CURVE ( 'NONE', #2878, #1478, #5069, .T. ) ;
#120 = STYLED_ITEM ( 'NONE', ( #4572 ), #1139 ) ;
#121 = CARTESIAN_POINT ( 'NONE',  ( 0.6351483587249874274, 2.801000000000000156, -2.961813956309070850 ) ) ;
#122 = PLANE ( 'NONE',  #3362 ) ;
#123 = PLANE ( 'NONE',  #3258 ) ;
#124 = CARTESIAN_POINT ( 'NONE',  ( 2.702739394285250452, 2.799999999999999822, -2.281398828088374575 ) ) ;
#125 = UNCERTAINTY_MEASURE_WITH_UNIT (LENGTH_MEASURE( 1.000000000000000082E-05 ), #2580, 'distance_accuracy_value', 'NONE');
#126 = COLOUR_RGB ( '',0.5019607843137254832, 0.5019607843137254832, 0.5019607843137254832 ) ;
#127 = CARTESIAN_POINT ( 'NONE',  ( 3.967908779624019111, 2.801000000000000156, -3.631672731801431908 ) ) ;
#128 = EDGE_LOOP ( 'NONE', ( #4247, #3673, #5332, #3515 ) ) ;
#129 = FILL_AREA_STYLE ('',( #4072 ) ) ;
#130 = SURFACE_SIDE_STYLE ('',( #2743 ) ) ;
#131 = ORIENTED_EDGE ( 'NONE', *, *, #5545, .T. ) ;
#132 = COLOUR_RGB ( '',0.5019607843137254832, 0.5019607843137254832, 0.5019607843137254832 ) ;
#133 = CARTESIAN_POINT ( 'NONE',  ( 0.000000000000000000, 0.09999999999999997780, -4.099999999999999645 ) ) ;
#134 = ORIENTED_EDGE ( 'NONE', *, *, #3594, .F. ) ;
#135 = VECTOR ( 'NONE', #1513, 1000.000000000000114 ) ;
#136 = CARTESIAN_POINT ( 'NONE',  ( 4.410245089147829312, 2.801000000000000156, -4.103398922277621708 ) ) ;
#137 = ADVANCED_FACE ( 'NONE', ( #5507 ), #4332, .T. ) ;
#138 =( GEOMETRIC_REPRESENTATION_CONTEXT ( 3 ) GLOBAL_UNCERTAINTY_ASSIGNED_CONTEXT ( ( #2031 ) ) GLOBAL_UNIT_ASSIGNED_CONTEXT ( ( #3529, #4499, #4456 ) ) REPRESENTATION_CONTEXT ( 'NONE', 'WORKASPACE' ) );
#139 = COLOUR_RGB ( '',0.6901960784313725394, 0.6117647058823529882, 0.5294117647058823595 ) ;
#140 = FACE_OUTER_BOUND ( 'NONE', #3242, .T. ) ;
#141 = VECTOR ( 'NONE', #279, 1000.000000000000114 ) ;
#142 = STYLED_ITEM ( 'NONE', ( #3350 ), #5024 ) ;
#143 = STYLED_ITEM ( 'NONE', ( #818 ), #2329 ) ;
#144 = AXIS2_PLACEMENT_3D ( 'NONE', #5497, #748, #1167 ) ;
#145 = SURFACE_SIDE_STYLE ('',( #4867 ) ) ;
#146 = CARTESIAN_POINT ( 'NONE',  ( 4.854674683134848401, 2.799999999999999822, -2.280823899959022683 ) ) ;
#147 = CARTESIAN_POINT ( 'NONE',  ( 2.729813541528781418, 2.801000000000000156, -4.093354279420479358 ) ) ;
#148 = STYLED_ITEM ( 'NONE', ( #4435 ), #2184 ) ;
#149 =( GEOMETRIC_REPRESENTATION_CONTEXT ( 3 ) GLOBAL_UNCERTAINTY_ASSIGNED_CONTEXT ( ( #4106 ) ) GLOBAL_UNIT_ASSIGNED_CONTEXT ( ( #5473, #275, #5194 ) ) REPRESENTATION_CONTEXT ( 'NONE', 'WORKASPACE' ) );
#150 = CARTESIAN_POINT ( 'NONE',  ( 2.094191725512430935, 2.799999999999999822, -3.035561844218190419 ) ) ;
#151 = FILL_AREA_STYLE_COLOUR ( '', #757 ) ;
#152 = ADVANCED_FACE ( 'NONE', ( #480 ), #3911, .T. ) ;
#153 = CARTESIAN_POINT ( 'NONE',  ( 0.6345754462906857407, 2.801000000000000156, -2.955705469896669602 ) ) ;
#154 =( LENGTH_UNIT ( ) NAMED_UNIT ( * ) SI_UNIT ( .MILLI., .METRE. ) );
#155 = VERTEX_POINT ( 'NONE', #531 ) ;
#156 = CARTESIAN_POINT ( 'NONE',  ( 4.718551971326768069, 2.800000000000001155, -2.283171477884576195 ) ) ;
#157 = LINE ( 'NONE', #5356, #3347 ) ;
#158 = CARTESIAN_POINT ( 'NONE',  ( 2.729813541528781418, 2.801000000000000156, -2.319172731801431464 ) ) ;
#159 = DIRECTION ( 'NONE',  ( 0.000000000000000000, 0.000000000000000000, 1.000000000000000000 ) ) ;
#160 = MECHANICAL_DESIGN_GEOMETRIC_PRESENTATION_REPRESENTATION (  '', ( #3920 ), #5522 ) ;
#161 = ORIENTED_EDGE ( 'NONE', *, *, #1227, .F. ) ;
#162 = FACE_OUTER_BOUND ( 'NONE', #5141, .T. ) ;
#163 = ORIENTED_EDGE ( 'NONE', *, *, #5348, .T. ) ;
#164 = LINE ( 'NONE', #1949, #427 ) ;
#165 = ORIENTED_EDGE ( 'NONE', *, *, #523, .T. ) ;
#166 = LINE ( 'NONE', #136, #1113 ) ;
#167 = AXIS2_PLACEMENT_3D ( 'NONE', #133, #55, #3089 ) ;
#168 = CARTESIAN_POINT ( 'NONE',  ( 2.120066517719257693, 2.801000000000000156, -2.912178684182384014 ) ) ;
#169 = PRESENTATION_LAYER_ASSIGNMENT (  '', '', ( #3828 ) ) ;
#170 = EDGE_CURVE ( 'NONE', #2978, #1728, #4047, .T. ) ;
#171 =( NAMED_UNIT ( * ) SI_UNIT ( $, .STERADIAN. ) SOLID_ANGLE_UNIT ( ) );
#172 = ADVANCED_FACE ( 'NONE', ( #3160 ), #123, .T. ) ;
#173 = DIRECTION ( 'NONE',  ( -0.000000000000000000, -1.000000000000000000, -0.000000000000000000 ) ) ;
#174 = FACE_OUTER_BOUND ( 'NONE', #2951, .T. ) ;
#175 = PRESENTATION_STYLE_ASSIGNMENT (( #3615 ) ) ;
#176 = PRESENTATION_STYLE_ASSIGNMENT (( #202 ) ) ;
#177 = FILL_AREA_STYLE_COLOUR ( '', #4626 ) ;
#178 = EDGE_CURVE ( 'NONE', #1224, #1036, #1876, .T. ) ;
#179 = CARTESIAN_POINT ( 'NONE',  ( 5.777432589147828423, 2.799999999999999822, -4.167759041325241220 ) ) ;
#180 = CARTESIAN_POINT ( 'NONE',  ( 3.706004017719257249, 2.801000000000000156, -3.947520946087145433 ) ) ;
#181 = DIRECTION ( 'NONE',  ( 0.3581218616476107286, 0.000000000000000000, -0.9336748535812933181 ) ) ;
#182 = CARTESIAN_POINT ( 'NONE',  ( 4.348861160576400486, 2.800000000000000266, -4.167014993706193771 ) ) ;
#183 = ORIENTED_EDGE ( 'NONE', *, *, #1458, .F. ) ;
#184 =( NAMED_UNIT ( * ) PLANE_ANGLE_UNIT ( ) SI_UNIT ( $, .RADIAN. ) );
#185 = PRESENTATION_LAYER_ASSIGNMENT (  '', '', ( #1500 ) ) ;
#186 = CARTESIAN_POINT ( 'NONE',  ( 2.729813541528781418, 2.801000000000000156, -3.379068565134765390 ) ) ;
#187 = FACE_OUTER_BOUND ( 'NONE', #506, .T. ) ;
#188 = UNCERTAINTY_MEASURE_WITH_UNIT (LENGTH_MEASURE( 1.000000000000000082E-05 ), #3130, 'distance_accuracy_value', 'NONE');
#189 =( NAMED_UNIT ( * ) PLANE_ANGLE_UNIT ( ) SI_UNIT ( $, .RADIAN. ) );
#190 = ORIENTED_EDGE ( 'NONE', *, *, #3473, .F. ) ;
#191 =( NAMED_UNIT ( * ) PLANE_ANGLE_UNIT ( ) SI_UNIT ( $, .RADIAN. ) );
#192 = ORIENTED_EDGE ( 'NONE', *, *, #4837, .F. ) ;
#193 = LINE ( 'NONE', #2714, #1310 ) ;
#194 = EDGE_LOOP ( 'NONE', ( #4667, #4132, #3573, #2490, #2858, #549, #2745, #307, #4939, #3499, #165, #3141 ) ) ;
#195 = SURFACE_SIDE_STYLE ('',( #2750 ) ) ;
#196 = SURFACE_STYLE_FILL_AREA ( #1482 ) ;
#197 = LINE ( 'NONE', #786, #2282 ) ;
#198 = EDGE_CURVE ( 'NONE', #1586, #5352, #3081, .T. ) ;
#199 = SURFACE_STYLE_FILL_AREA ( #4502 ) ;
#200 = B_SPLINE_CURVE_WITH_KNOTS ( 'NONE', 3,
 ( #421, #2138, #7, #2105, #3727, #713, #2448 ),
 .UNSPECIFIED., .F., .F.,
 ( 4, 1, 1, 1, 4 ),
 ( 0.000000000000000000, 0.2181083517586241416, 0.4454745764988385370, 0.6995429372307081506, 1.000000000000000000 ),
 .UNSPECIFIED. ) ;
#201 = FILL_AREA_STYLE_COLOUR ( '', #4233 ) ;
#202 = SURFACE_STYLE_USAGE ( .BOTH. , #4124 ) ;
#203 =( LENGTH_UNIT ( ) NAMED_UNIT ( * ) SI_UNIT ( .MILLI., .METRE. ) );
#204 = SURFACE_SIDE_STYLE ('',( #2761 ) ) ;
#205 = DIRECTION ( 'NONE',  ( 0.000000000000000000, 0.000000000000000000, -1.000000000000000000 ) ) ;
#206 = AXIS2_PLACEMENT_3D ( 'NONE', #5248, #5195, #4271 ) ;
#207 = EDGE_CURVE ( 'NONE', #1971, #960, #2687, .T. ) ;
#208 = VERTEX_POINT ( 'NONE', #288 ) ;
#209 = SURFACE_STYLE_USAGE ( .BOTH. , #3676 ) ;
#210 = AXIS2_PLACEMENT_3D ( 'NONE', #793, #383, #4229 ) ;
#211 = CARTESIAN_POINT ( 'NONE',  ( 3.967908779624019111, 2.801000000000000156, -3.835541779420479358 ) ) ;
#212 = CARTESIAN_POINT ( 'NONE',  ( 1.638667708195447714, 2.801000000000000156, -2.264113207991907739 ) ) ;
#213 = CARTESIAN_POINT ( 'NONE',  ( 3.967908779624019111, 2.801000000000000156, -3.835541779420479358 ) ) ;
#214 = LINE ( 'NONE', #5259, #3034 ) ;
#215 = ORIENTED_EDGE ( 'NONE', *, *, #668, .F. ) ;
#216 = CARTESIAN_POINT ( 'NONE',  ( 3.699307589147828867, 2.801000000000000156, -3.520437612753812395 ) ) ;
#217 = PRESENTATION_LAYER_ASSIGNMENT (  '', '', ( #4859 ) ) ;
#218 = CARTESIAN_POINT ( 'NONE',  ( 0.6402675781685208678, 2.801000000000000600, -2.988616384487825073 ) ) ;
#219 = PRESENTATION_STYLE_ASSIGNMENT (( #4531 ) ) ;
#220 = EDGE_LOOP ( 'NONE', ( #5229, #1351, #1712, #660 ) ) ;
#221 = CARTESIAN_POINT ( 'NONE',  ( 2.114966826957825674, 2.801000000000000600, -2.907047299514552652 ) ) ;
#222 = MECHANICAL_DESIGN_GEOMETRIC_PRESENTATION_REPRESENTATION (  '', ( #3442 ), #2910 ) ;
#223 = CARTESIAN_POINT ( 'NONE',  ( 2.539337351052590730, 2.799999999999999822, -2.339634041325241220 ) ) ;
#224 = VECTOR ( 'NONE', #2062, 1000.000000000000000 ) ;
#225 = STYLED_ITEM ( 'NONE', ( #4694 ), #505 ) ;
#226 = EDGE_CURVE ( 'NONE', #5441, #4513, #4478, .T. ) ;
#227 = AXIS2_PLACEMENT_3D ( 'NONE', #2306, #1865, #4403 ) ;
#228 = FILL_AREA_STYLE_COLOUR ( '', #1822 ) ;
#229 = MECHANICAL_DESIGN_GEOMETRIC_PRESENTATION_REPRESENTATION (  '', ( #2289 ), #3892 ) ;
#230 = CARTESIAN_POINT ( 'NONE',  ( 1.199999999999999956, 0.2000000000000000111, -2.399999999999999911 ) ) ;
#231 = CARTESIAN_POINT ( 'NONE',  ( 5.770617570352512438, 2.801000000000000600, -4.202459187454548939 ) ) ;
#232 = CARTESIAN_POINT ( 'NONE',  ( 4.350540666537528800, 2.801000000000000156, -4.158628996545153278 ) ) ;
#233 = ORIENTED_EDGE ( 'NONE', *, *, #2720, .T. ) ;
#234 = COLOUR_RGB ( '',0.5019607843137254832, 0.5019607843137254832, 0.5019607843137254832 ) ;
#235 = CARTESIAN_POINT ( 'NONE',  ( 3.967514773490332658, 2.800000000000000266, -2.332042258819744251 ) ) ;
#236 = FILL_AREA_STYLE ('',( #2340 ) ) ;
#237 = ADVANCED_FACE ( 'NONE', ( #1510 ), #1016, .T. ) ;
#238 = COLOUR_RGB ( '',0.6901960784313725394, 0.6117647058823529882, 0.5294117647058823595 ) ;
#239 = VERTEX_POINT ( 'NONE', #1953 ) ;
#240 = DIRECTION ( 'NONE',  ( 0.000000000000000000, 0.000000000000000000, -1.000000000000000000 ) ) ;
#241 = ORIENTED_EDGE ( 'NONE', *, *, #3401, .F. ) ;
#242 = VERTEX_POINT ( 'NONE', #622 ) ;
#243 = PRESENTATION_LAYER_ASSIGNMENT (  '', '', ( #4367 ) ) ;
#244 = CARTESIAN_POINT ( 'NONE',  ( 4.700532127710252972, 2.801000000000000156, -2.324373564113520807 ) ) ;
#245 = ORIENTED_EDGE ( 'NONE', *, *, #366, .F. ) ;
#246 = CARTESIAN_POINT ( 'NONE',  ( 1.595884970100209799, 2.801000000000000600, -2.260020946087146321 ) ) ;
#247 = DIRECTION ( 'NONE',  ( 0.000000000000000000, -0.000000000000000000, 1.000000000000000000 ) ) ;
#248 = UNCERTAINTY_MEASURE_WITH_UNIT (LENGTH_MEASURE( 1.000000000000000082E-05 ), #2415, 'distance_accuracy_value', 'NONE');
#249 = CARTESIAN_POINT ( 'NONE',  ( 2.120066517719257693, 2.799999999999999822, -2.912178684182384014 ) ) ;
#250 = VECTOR ( 'NONE', #2981, 1000.000000000000000 ) ;
#251 = EDGE_CURVE ( 'NONE', #5512, #104, #2537, .T. ) ;
#252 =( NAMED_UNIT ( * ) SI_UNIT ( $, .STERADIAN. ) SOLID_ANGLE_UNIT ( ) );
#253 = CARTESIAN_POINT ( 'NONE',  ( 5.776328015424156526, 2.799999999999999822, -4.185380886348441187 ) ) ;
#254 = CARTESIAN_POINT ( 'NONE',  ( 0.6423879462906858517, 2.799999999999999822, -2.995884041325241220 ) ) ;
#255 = CARTESIAN_POINT ( 'NONE',  ( 1.602209374862114455, 2.801000000000000156, -4.260020946087146321 ) ) ;
#256 = DIRECTION ( 'NONE',  ( 1.000000000000000000, -1.988800373236723465E-11, 0.000000000000000000 ) ) ;
#257 = SURFACE_STYLE_FILL_AREA ( #1941 ) ;
#258 = ORIENTED_EDGE ( 'NONE', *, *, #1353, .F. ) ;
#259 = ORIENTED_EDGE ( 'NONE', *, *, #2700, .F. ) ;
#260 = CARTESIAN_POINT ( 'NONE',  ( 1.661767483029236381, 2.800999999999999712, -2.272880267078448480 ) ) ;
#261 = ORIENTED_EDGE ( 'NONE', *, *, #4267, .T. ) ;
#262 = FILL_AREA_STYLE ('',( #983 ) ) ;
#263 = CARTESIAN_POINT ( 'NONE',  ( 1.636825199053092650, 2.801000000000000600, -2.263418435703822063 ) ) ;
#264 =( NAMED_UNIT ( * ) PLANE_ANGLE_UNIT ( ) SI_UNIT ( $, .RADIAN. ) );
#265 = CARTESIAN_POINT ( 'NONE',  ( 1.542313541528781196, 2.801000000000000600, -2.280110231801431908 ) ) ;
#266 = EDGE_CURVE ( 'NONE', #322, #4473, #917, .T. ) ;
#267 = PLANE ( 'NONE',  #2500 ) ;
#268 = FACE_OUTER_BOUND ( 'NONE', #3134, .T. ) ;
#269 = CARTESIAN_POINT ( 'NONE',  ( 5.777432589147828423, 2.799999999999999822, -4.167759041325241220 ) ) ;
#270 = DIRECTION ( 'NONE',  ( -1.000000000000000000, 0.000000000000000000, 0.000000000000000000 ) ) ;
#271 = CARTESIAN_POINT ( 'NONE',  ( 1.658329540763395116, 2.800999999999999268, -4.245231994571049938 ) ) ;
#272 = FACE_OUTER_BOUND ( 'NONE', #4685, .T. ) ;
#273 = ORIENTED_EDGE ( 'NONE', *, *, #3029, .T. ) ;
#274 =( LENGTH_UNIT ( ) NAMED_UNIT ( * ) SI_UNIT ( .MILLI., .METRE. ) );
#275 =( NAMED_UNIT ( * ) PLANE_ANGLE_UNIT ( ) SI_UNIT ( $, .RADIAN. ) );
#276 = ORIENTED_EDGE ( 'NONE', *, *, #1753, .T. ) ;
#277 = UNCERTAINTY_MEASURE_WITH_UNIT (LENGTH_MEASURE( 1.000000000000000082E-05 ), #3633, 'distance_accuracy_value', 'NONE');
#278 = ADVANCED_FACE ( 'NONE', ( #597 ), #3888, .T. ) ;
#279 = DIRECTION ( 'NONE',  ( 0.9999810322923269323, 0.000000000000000000, 0.006159144061632659990 ) ) ;
#280 = ORIENTED_EDGE ( 'NONE', *, *, #3952, .F. ) ;
#281 = VECTOR ( 'NONE', #1057, 1000.000000000000000 ) ;
#282 = PRESENTATION_STYLE_ASSIGNMENT (( #36 ) ) ;
#283 = ORIENTED_EDGE ( 'NONE', *, *, #3096, .F. ) ;
#284 = DIRECTION ( 'NONE',  ( 0.7173120011257665407, 0.000000000000000000, 0.6967521030043239971 ) ) ;
#285 = SURFACE_SIDE_STYLE ('',( #2540 ) ) ;
#286 = FILL_AREA_STYLE_COLOUR ( '', #2056 ) ;
#287 = UNCERTAINTY_MEASURE_WITH_UNIT (LENGTH_MEASURE( 1.000000000000000082E-05 ), #3741, 'distance_accuracy_value', 'NONE');
#288 = CARTESIAN_POINT ( 'NONE',  ( 4.410245089147829312, 2.801000000000000156, -4.103398922277621708 ) ) ;
#289 = ORIENTED_EDGE ( 'NONE', *, *, #1929, .F. ) ;
#290 = DIRECTION ( 'NONE',  ( -0.000000000000000000, -0.000000000000000000, 1.000000000000000000 ) ) ;
#291 = CARTESIAN_POINT ( 'NONE',  ( 0.6453641367668763174, 2.801000000000000156, -2.919619160372859845 ) ) ;
#292 = STYLED_ITEM ( 'NONE', ( #3600 ), #1055 ) ;
#293 = CARTESIAN_POINT ( 'NONE',  ( 3.758459374862114455, 2.799999999999999822, -3.324009041325241220 ) ) ;
#294 = EDGE_CURVE ( 'NONE', #4446, #4112, #2060, .T. ) ;
#295 = DIRECTION ( 'NONE',  ( 0.000000000000000000, 0.000000000000000000, 1.000000000000000000 ) ) ;
#296 = CARTESIAN_POINT ( 'NONE',  ( 1.683089982016794606, 2.801000000000000600, -4.228577958790639357 ) ) ;
#297 = DIRECTION ( 'NONE',  ( -1.000000000000000000, 0.000000000000000000, 3.614007241618348278E-16 ) ) ;
#298 = CARTESIAN_POINT ( 'NONE',  ( 2.077965438176976321, 2.801000000000000156, -3.042239568028099139 ) ) ;
#299 = CARTESIAN_POINT ( 'NONE',  ( 1.691977144327057703, 2.799999999999999822, -4.218045604489658373 ) ) ;
#300 = AXIS2_PLACEMENT_3D ( 'NONE', #1979, #2464, #1511 ) ;
#301 = DIRECTION ( 'NONE',  ( -0.000000000000000000, -1.000000000000000000, -0.000000000000000000 ) ) ;
#302 = CARTESIAN_POINT ( 'NONE',  ( 3.966761416929488249, 2.799999999999999822, -2.320371747994886213 ) ) ;
#303 = PRESENTATION_LAYER_ASSIGNMENT (  '', '', ( #2739 ) ) ;
#304 = SURFACE_STYLE_FILL_AREA ( #1965 ) ;
#305 = EDGE_CURVE ( 'NONE', #2877, #1996, #2827, .T. ) ;
#306 = CARTESIAN_POINT ( 'NONE',  ( 3.866346279624019555, 2.799999999999999822, -4.042014993706194659 ) ) ;
#307 = ORIENTED_EDGE ( 'NONE', *, *, #5543, .T. ) ;
#308 = DIRECTION ( 'NONE',  ( 0.000000000000000000, 0.000000000000000000, 1.000000000000000000 ) ) ;
#309 =( GEOMETRIC_REPRESENTATION_CONTEXT ( 3 ) GLOBAL_UNCERTAINTY_ASSIGNED_CONTEXT ( ( #4931 ) ) GLOBAL_UNIT_ASSIGNED_CONTEXT ( ( #2882, #1568, #4970 ) ) REPRESENTATION_CONTEXT ( 'NONE', 'WORKASPACE' ) );
#310 = LINE ( 'NONE', #3346, #3361 ) ;
#311 = VERTEX_POINT ( 'NONE', #5004 ) ;
#312 =( LENGTH_UNIT ( ) NAMED_UNIT ( * ) SI_UNIT ( .MILLI., .METRE. ) );
#313 = VERTEX_POINT ( 'NONE', #2885 ) ;
#314 = AXIS2_PLACEMENT_3D ( 'NONE', #4584, #1605, #4671 ) ;
#315 = SURFACE_STYLE_USAGE ( .BOTH. , #2459 ) ;
#316 = FACE_OUTER_BOUND ( 'NONE', #429, .T. ) ;
#317 = CARTESIAN_POINT ( 'NONE',  ( 1.549009970100209577, 2.799999999999999822, -4.238443565134764945 ) ) ;
#318 = CARTESIAN_POINT ( 'NONE',  ( 2.540216631500571420, 2.800000000000001599, -2.318344031251358572 ) ) ;
#319 = CARTESIAN_POINT ( 'NONE',  ( 4.348861160576400486, 2.799999999999999822, -4.167014993706193771 ) ) ;
#320 = ORIENTED_EDGE ( 'NONE', *, *, #3528, .F. ) ;
#321 = CARTESIAN_POINT ( 'NONE',  ( 2.040977803226887044, 2.799999999999999822, -2.879528197688983937 ) ) ;
#322 = VERTEX_POINT ( 'NONE', #727 ) ;
#323 = ORIENTED_EDGE ( 'NONE', *, *, #4756, .T. ) ;
#324 =( LENGTH_UNIT ( ) NAMED_UNIT ( * ) SI_UNIT ( .MILLI., .METRE. ) );
#325 = PRESENTATION_LAYER_ASSIGNMENT (  '', '', ( #2039 ) ) ;
#326 = CARTESIAN_POINT ( 'NONE',  ( 0.8711825891478286454, 2.801000000000000156, -3.045735231801431908 ) ) ;
#327 =( NAMED_UNIT ( * ) PLANE_ANGLE_UNIT ( ) SI_UNIT ( $, .RADIAN. ) );
#328 =( LENGTH_UNIT ( ) NAMED_UNIT ( * ) SI_UNIT ( .MILLI., .METRE. ) );
#329 = B_SPLINE_CURVE_WITH_KNOTS ( 'NONE', 3,
 ( #4429, #4014, #602, #2330, #2356, #112, #3175 ),
 .UNSPECIFIED., .F., .F.,
 ( 4, 1, 1, 1, 4 ),
 ( 0.000000000000000000, 0.2214517596424097623, 0.4501131256866103825, 0.7091781800638705668, 1.000000000000000000 ),
 .UNSPECIFIED. ) ;
#330 = APPLICATION_PROTOCOL_DEFINITION ( 'draft international standard', 'automotive_design', 1998, #4736 ) ;
#331 = VECTOR ( 'NONE', #2116, 1000.000000000000000 ) ;
#332 = DIRECTION ( 'NONE',  ( -0.3092266141367625010, 0.000000000000000000, 0.9509883811643093932 ) ) ;
#333 = SURFACE_STYLE_USAGE ( .BOTH. , #1222 ) ;
#334 = CARTESIAN_POINT ( 'NONE',  ( 3.851867817888909418, 2.800999999999999268, -2.260446756628842646 ) ) ;
#335 = EDGE_LOOP ( 'NONE', ( #922, #4521, #3733, #3387 ) ) ;
#336 = EDGE_CURVE ( 'NONE', #1422, #13, #197, .T. ) ;
#337 = COLOUR_RGB ( '',0.5019607843137254832, 0.5019607843137254832, 0.5019607843137254832 ) ;
#338 = SURFACE_STYLE_FILL_AREA ( #776 ) ;
#339 = LINE ( 'NONE', #3344, #3990 ) ;
#340 = ORIENTED_EDGE ( 'NONE', *, *, #1385, .T. ) ;
#341 = CARTESIAN_POINT ( 'NONE',  ( 4.700966236964810641, 2.799999999999999822, -2.338886637735273943 ) ) ;
#342 = VERTEX_POINT ( 'NONE', #2516 ) ;
#343 = ORIENTED_EDGE ( 'NONE', *, *, #2847, .T. ) ;
#344 = ORIENTED_EDGE ( 'NONE', *, *, #799, .T. ) ;
#345 = FILL_AREA_STYLE ('',( #1997 ) ) ;
#346 = DIRECTION ( 'NONE',  ( -0.000000000000000000, 1.000000000000000000, 0.000000000000000000 ) ) ;
#347 = UNCERTAINTY_MEASURE_WITH_UNIT (LENGTH_MEASURE( 1.000000000000000082E-05 ), #1274, 'distance_accuracy_value', 'NONE');
#348 = CARTESIAN_POINT ( 'NONE',  ( 4.397968303433543724, 2.801000000000000156, -4.254068565134764945 ) ) ;
#349 = CARTESIAN_POINT ( 'NONE',  ( 2.031524851052590730, 2.801000000000000156, -2.879068565134764945 ) ) ;
#350 = MECHANICAL_DESIGN_GEOMETRIC_PRESENTATION_REPRESENTATION (  '', ( #4205 ), #3227 ) ;
#351 = ORIENTED_EDGE ( 'NONE', *, *, #294, .F. ) ;
#352 = CARTESIAN_POINT ( 'NONE',  ( 4.700423660576400486, 2.801000000000000156, -2.331449517515717051 ) ) ;
#353 = VERTEX_POINT ( 'NONE', #3967 ) ;
#354 = PLANE ( 'NONE',  #3890 ) ;
#355 = EDGE_CURVE ( 'NONE', #2268, #3329, #3867, .T. ) ;
#356 = SURFACE_STYLE_USAGE ( .BOTH. , #2040 ) ;
#357 = LINE ( 'NONE', #5011, #4275 ) ;
#358 = DIRECTION ( 'NONE',  ( -0.004578107680098164080, 0.000000000000000000, 0.9999895204101237889 ) ) ;
#359 = CARTESIAN_POINT ( 'NONE',  ( 0.000000000000000000, 1.399999999999999911, -2.499999999999999556 ) ) ;
#360 =( NAMED_UNIT ( * ) SI_UNIT ( $, .STERADIAN. ) SOLID_ANGLE_UNIT ( ) );
#361 = ORIENTED_EDGE ( 'NONE', *, *, #1707, .F. ) ;
#362 = CARTESIAN_POINT ( 'NONE',  ( 3.863742112957352592, 2.801000000000000156, -3.428547731801431464 ) ) ;
#363 = CARTESIAN_POINT ( 'NONE',  ( -0.2000000000000000111, 1.399999999999999911, -2.499999999999999556 ) ) ;
#364 = EDGE_CURVE ( 'NONE', #616, #242, #2921, .T. ) ;
#365 = CARTESIAN_POINT ( 'NONE',  ( 4.431450446290686074, 2.801000000000000156, -4.257416779420479358 ) ) ;
#366 = EDGE_CURVE ( 'NONE', #2087, #3439, #4868, .T. ) ;
#367 = PLANE ( 'NONE',  #206 ) ;
#368 = DIRECTION ( 'NONE',  ( -0.000000000000000000, -1.000000000000000000, -0.000000000000000000 ) ) ;
#369 = ORIENTED_EDGE ( 'NONE', *, *, #3776, .T. ) ;
#370 = VERTEX_POINT ( 'NONE', #3445 ) ;
#371 =( LENGTH_UNIT ( ) NAMED_UNIT ( * ) SI_UNIT ( .MILLI., .METRE. ) );
#372 =( LENGTH_UNIT ( ) NAMED_UNIT ( * ) SI_UNIT ( .MILLI., .METRE. ) );
#373 = CARTESIAN_POINT ( 'NONE',  ( 3.940719600290354396, 2.799999999999998934, -2.278943158040126260 ) ) ;
#374 = CARTESIAN_POINT ( 'NONE',  ( 4.397968303433543724, 2.799999999999999822, -4.254068565134764945 ) ) ;
#375 =( NAMED_UNIT ( * ) SI_UNIT ( $, .STERADIAN. ) SOLID_ANGLE_UNIT ( ) );
#376 = VECTOR ( 'NONE', #2763, 1000.000000000000000 ) ;
#377 =( NAMED_UNIT ( * ) PLANE_ANGLE_UNIT ( ) SI_UNIT ( $, .RADIAN. ) );
#378 = ORIENTED_EDGE ( 'NONE', *, *, #5091, .F. ) ;
#379 = DIRECTION ( 'NONE',  ( -0.000000000000000000, -0.000000000000000000, 1.000000000000000000 ) ) ;
#380 = ORIENTED_EDGE ( 'NONE', *, *, #4652, .F. ) ;
#381 = EDGE_CURVE ( 'NONE', #2208, #311, #5115, .T. ) ;
#382 = DIRECTION ( 'NONE',  ( 0.000000000000000000, 0.000000000000000000, -1.000000000000000000 ) ) ;
#383 = DIRECTION ( 'NONE',  ( -0.8934896424495506473, 0.000000000000000000, 0.4490837993463737132 ) ) ;
#384 = STYLED_ITEM ( 'NONE', ( #432 ), #137 ) ;
#385 = CARTESIAN_POINT ( 'NONE',  ( 2.125863858405380391, 2.801000000000000600, -2.922847516790792799 ) ) ;
#386 = MECHANICAL_DESIGN_GEOMETRIC_PRESENTATION_REPRESENTATION (  '', ( #292 ), #4424 ) ;
#387 = DIRECTION ( 'NONE',  ( -0.09950371902100405008, 0.000000000000000000, -0.9950371902099887089 ) ) ;
#388 = ORIENTED_EDGE ( 'NONE', *, *, #3675, .F. ) ;
#389 = CARTESIAN_POINT ( 'NONE',  ( 1.595884970100209799, 2.800000000000000266, -2.260020946087146321 ) ) ;
#390 = CARTESIAN_POINT ( 'NONE',  ( 1.530205565075822394, 2.801000000000000600, -2.291897330752552087 ) ) ;
#391 = LINE ( 'NONE', #2901, #4517 ) ;
#392 = COLOUR_RGB ( '',0.5019607843137254832, 0.5019607843137254832, 0.5019607843137254832 ) ;
#393 = AXIS2_PLACEMENT_3D ( 'NONE', #1047, #4481, #1583 ) ;
#394 = CARTESIAN_POINT ( 'NONE',  ( 3.706004017719257249, 2.801000000000000156, -3.947520946087145433 ) ) ;
#395 = VECTOR ( 'NONE', #952, 1000.000000000000114 ) ;
#396 = ORIENTED_EDGE ( 'NONE', *, *, #468, .F. ) ;
#397 = EDGE_CURVE ( 'NONE', #1829, #1323, #2160, .T. ) ;
#398 = EDGE_CURVE ( 'NONE', #982, #370, #1719, .T. ) ;
#399 = EDGE_LOOP ( 'NONE', ( #3886, #3418, #2707, #2426 ) ) ;
#400 = CARTESIAN_POINT ( 'NONE',  ( 0.6353928817005070062, 2.801000000000000156, -2.935848536519559904 ) ) ;
#401 = CARTESIAN_POINT ( 'NONE',  ( 1.515527827243066783, 2.799999999999999822, -2.879068565134764945 ) ) ;
#402 = UNCERTAINTY_MEASURE_WITH_UNIT (LENGTH_MEASURE( 1.000000000000000082E-05 ), #5079, 'distance_accuracy_value', 'NONE');
#403 = FILL_AREA_STYLE_COLOUR ( '', #5500 ) ;
#404 = SURFACE_SIDE_STYLE ('',( #5537 ) ) ;
#405 = ORIENTED_EDGE ( 'NONE', *, *, #5240, .T. ) ;
#406 = MECHANICAL_DESIGN_GEOMETRIC_PRESENTATION_REPRESENTATION (  '', ( #5151 ), #4436 ) ;
#407 = ORIENTED_EDGE ( 'NONE', *, *, #958, .T. ) ;
#408 = CARTESIAN_POINT ( 'NONE',  ( 1.542313541528781196, 2.800000000000000266, -2.280110231801431908 ) ) ;
#409 = ORIENTED_EDGE ( 'NONE', *, *, #5271, .F. ) ;
#410 = PRESENTATION_STYLE_ASSIGNMENT (( #2955 ) ) ;
#411 = COLOUR_RGB ( '',0.5019607843137254832, 0.5019607843137254832, 0.5019607843137254832 ) ;
#412 = CARTESIAN_POINT ( 'NONE',  ( 4.786287184393336780, 2.800000000000000266, -2.260515401984990014 ) ) ;
#413 = CARTESIAN_POINT ( 'NONE',  ( 3.429590327243067005, 2.801000000000000156, -3.212401898468098427 ) ) ;
#414 = ADVANCED_FACE ( 'NONE', ( #4618 ), #5487, .T. ) ;
#415 = LINE ( 'NONE', #4588, #3729 ) ;
#416 = CARTESIAN_POINT ( 'NONE',  ( 1.515527827243066783, 2.801000000000000156, -3.981375112753812839 ) ) ;
#417 = LINE ( 'NONE', #497, #3688 ) ;
#418 = AXIS2_PLACEMENT_3D ( 'NONE', #709, #3179, #3692 ) ;
#419 = CARTESIAN_POINT ( 'NONE',  ( 5.747298660576400486, 2.799999999999999822, -4.231747136563336120 ) ) ;
#420 = ORIENTED_EDGE ( 'NONE', *, *, #3542, .T. ) ;
#421 = CARTESIAN_POINT ( 'NONE',  ( 2.729813541528781418, 2.801000000000000156, -2.319172731801431464 ) ) ;
#422 = CARTESIAN_POINT ( 'NONE',  ( 1.702903705241341159, 2.801000000000000156, -2.318068994664077120 ) ) ;
#424 = AXIS2_PLACEMENT_3D ( 'NONE', #1954, #4863, #680 ) ;
#423 = CARTESIAN_POINT ( 'NONE',  ( 0.6825686534422932272, 2.799999999999999822, -2.883519837222107363 ) ) ;
#425 = CARTESIAN_POINT ( 'NONE',  ( 1.706004017719257471, 2.799999999999999822, -4.144693565134764945 ) ) ;
#426 = CARTESIAN_POINT ( 'NONE',  ( 6.599999999999999645, 0.2000000000000000111, -4.099999999999999645 ) ) ;
#427 = VECTOR ( 'NONE', #2297, 1000.000000000000000 ) ;
#428 = ADVANCED_FACE ( 'NONE', ( #1750 ), #2299, .T. ) ;
#429 = EDGE_LOOP ( 'NONE', ( #1655, #2124, #3088, #3762 ) ) ;
#430 = VERTEX_POINT ( 'NONE', #4834 ) ;
#431 = SURFACE_SIDE_STYLE ('',( #507 ) ) ;
#432 = PRESENTATION_STYLE_ASSIGNMENT (( #893 ) ) ;
#433 = DIRECTION ( 'NONE',  ( 0.000000000000000000, 0.000000000000000000, -1.000000000000000000 ) ) ;
#434 = SURFACE_STYLE_USAGE ( .BOTH. , #3283 ) ;
#435 = DIRECTION ( 'NONE',  ( -0.000000000000000000, -0.000000000000000000, 1.000000000000000000 ) ) ;
#436 = ORIENTED_EDGE ( 'NONE', *, *, #2267, .F. ) ;
#437 = SURFACE_SIDE_STYLE ('',( #3063 ) ) ;
#438 = FILL_AREA_STYLE ('',( #1974 ) ) ;
#439 = ORIENTED_EDGE ( 'NONE', *, *, #928, .T. ) ;
#440 = ORIENTED_EDGE ( 'NONE', *, *, #1391, .T. ) ;
#441 = CARTESIAN_POINT ( 'NONE',  ( 4.397968303433543724, 2.799999999999999822, -4.254068565134764945 ) ) ;
#442 = B_SPLINE_SURFACE_WITH_KNOTS ( 'NONE', 3, 1, ( 
 ( #890, #4364 ),
 ( #504, #2236 ),
 ( #1106, #4069 ),
 ( #1933, #4100 ),
 ( #1518, #2842 ),
 ( #232, #4489 ),
 ( #5376, #182 ) ),
 .UNSPECIFIED., .F., .F., .F.,
 ( 4, 1, 1, 1, 4 ),
 ( 2, 2 ),
 ( 0.000000000000000000, 0.2600914059906230258, 0.4946863160937156056, 0.7334813456499873485, 1.000000000000000000 ),
 ( 0.000000000000000000, 1.000000000000000000 ),
 .UNSPECIFIED. ) ;
#443 = CARTESIAN_POINT ( 'NONE',  ( 0.000000000000000000, 0.2000000000000000111, -2.399999999999999467 ) ) ;
#444 = ADVANCED_FACE ( 'NONE', ( #3950 ), #3772, .T. ) ;
#445 = FACE_OUTER_BOUND ( 'NONE', #1919, .T. ) ;
#446 =( GEOMETRIC_REPRESENTATION_CONTEXT ( 3 ) GLOBAL_UNCERTAINTY_ASSIGNED_CONTEXT ( ( #5053 ) ) GLOBAL_UNIT_ASSIGNED_CONTEXT ( ( #2473, #327, #707 ) ) REPRESENTATION_CONTEXT ( 'NONE', 'WORKASPACE' ) );
#447 = CARTESIAN_POINT ( 'NONE',  ( 1.000000000000000000, 0.2000000000000000111, -4.099999999999999645 ) ) ;
#448 = COLOUR_RGB ( '',0.5019607843137254832, 0.5019607843137254832, 0.5019607843137254832 ) ;
#449 = CARTESIAN_POINT ( 'NONE',  ( 5.690653227313257290, 2.799999999999999822, -4.258955003058166433 ) ) ;
#450 = ORIENTED_EDGE ( 'NONE', *, *, #1251, .T. ) ;
#451 = FILL_AREA_STYLE_COLOUR ( '', #4298 ) ;
#452 = SURFACE_STYLE_USAGE ( .BOTH. , #1675 ) ;
#453 = LINE ( 'NONE', #3868, #3373 ) ;
#454 = CARTESIAN_POINT ( 'NONE',  ( 1.199999999999999956, 0.2000000000000000111, -2.399999999999999911 ) ) ;
#455 = DIRECTION ( 'NONE',  ( 0.8346022877821873687, 0.000000000000000000, -0.5508529942087444509 ) ) ;
#456 = B_SPLINE_CURVE_WITH_KNOTS ( 'NONE', 3,
 ( #5378, #2418, #3211, #2844, #5353, #3289, #3556 ),
 .UNSPECIFIED., .F., .F.,
 ( 4, 1, 1, 1, 4 ),
 ( 0.000000000000000000, 0.1362224709609783369, 0.3446027822469294732, 0.6294348157194437077, 1.000000000000000000 ),
 .UNSPECIFIED. ) ;
#457 = ADVANCED_FACE ( 'NONE', ( #4177 ), #354, .T. ) ;
#458 = CARTESIAN_POINT ( 'NONE',  ( 1.587403897108575102, 2.799999999999999378, -4.258953195750789789 ) ) ;
#459 = UNCERTAINTY_MEASURE_WITH_UNIT (LENGTH_MEASURE( 1.000000000000000082E-05 ), #4586, 'distance_accuracy_value', 'NONE');
#460 = DIRECTION ( 'NONE',  ( -0.9999895204101237889, 0.000000000000000000, -0.004578107680098164947 ) ) ;
#461 = ORIENTED_EDGE ( 'NONE', *, *, #3401, .T. ) ;
#462 = CARTESIAN_POINT ( 'NONE',  ( 2.729813541528781418, 2.799999999999999822, -3.379068565134765390 ) ) ;
#463 = EDGE_LOOP ( 'NONE', ( #4527, #1377, #1231, #3863 ) ) ;
#464 = LINE ( 'NONE', #1402, #4815 ) ;
#465 = SURFACE_SIDE_STYLE ('',( #4008 ) ) ;
#466 = PRESENTATION_LAYER_ASSIGNMENT (  '', '', ( #2991 ) ) ;
#467 = DIRECTION ( 'NONE',  ( 1.000000000000000000, 0.000000000000000000, -0.000000000000000000 ) ) ;
#468 = EDGE_CURVE ( 'NONE', #311, #2155, #2860, .T. ) ;
#469 = CARTESIAN_POINT ( 'NONE',  ( 4.350137072708878172, 2.800000000000000711, -4.195238588631160503 ) ) ;
#470 = FILL_AREA_STYLE ('',( #1726 ) ) ;
#471 = SURFACE_SIDE_STYLE ('',( #4383 ) ) ;
#472 = CARTESIAN_POINT ( 'NONE',  ( 4.350137072708878172, 2.801000000000001044, -4.195238588631160503 ) ) ;
#473 = CARTESIAN_POINT ( 'NONE',  ( 1.552758844162163587, 2.800999999999999712, -4.241661572115978274 ) ) ;
#474 = MECHANICAL_DESIGN_GEOMETRIC_PRESENTATION_REPRESENTATION (  '', ( #4061 ), #1815 ) ;
#475 = EDGE_CURVE ( 'NONE', #4283, #4366, #5432, .T. ) ;
#476 = EDGE_LOOP ( 'NONE', ( #3274, #1000, #4491, #4255 ) ) ;
#477 = CARTESIAN_POINT ( 'NONE',  ( 1.602209374862114455, 2.801000000000000156, -4.260020946087146321 ) ) ;
#478 = COLOUR_RGB ( '',0.7529411764705882248, 0.7529411764705882248, 0.7529411764705882248 ) ;
#479 = CARTESIAN_POINT ( 'NONE',  ( 5.777064836100493039, 2.801000000000001044, -4.173625998928968350 ) ) ;
#480 = FACE_OUTER_BOUND ( 'NONE', #4191, .T. ) ;
#481 = CYLINDRICAL_SURFACE ( 'NONE', #5393, 0.5000000000000004441 ) ;
#482 = SURFACE_SIDE_STYLE ('',( #3004 ) ) ;
#483 = ORIENTED_EDGE ( 'NONE', *, *, #4672, .F. ) ;
#484 = CARTESIAN_POINT ( 'NONE',  ( 3.967908779624019111, 2.799999999999999822, -2.338145946087145877 ) ) ;
#485 = VECTOR ( 'NONE', #5407, 1000.000000000000000 ) ;
#486 = COLOUR_RGB ( '',0.5019607843137254832, 0.5019607843137254832, 0.5019607843137254832 ) ;
#487 = ORIENTED_EDGE ( 'NONE', *, *, #3391, .F. ) ;
#488 = AXIS2_PLACEMENT_3D ( 'NONE', #4770, #4824, #2211 ) ;
#489 = LINE ( 'NONE', #1376, #1041 ) ;
#490 = EDGE_LOOP ( 'NONE', ( #26, #2050, #719, #2339 ) ) ;
#491 = DIRECTION ( 'NONE',  ( 0.000000000000000000, 0.000000000000000000, -1.000000000000000000 ) ) ;
#492 = MECHANICAL_DESIGN_GEOMETRIC_PRESENTATION_REPRESENTATION (  '', ( #148 ), #1738 ) ;
#493 =( GEOMETRIC_REPRESENTATION_CONTEXT ( 3 ) GLOBAL_UNCERTAINTY_ASSIGNED_CONTEXT ( ( #2815 ) ) GLOBAL_UNIT_ASSIGNED_CONTEXT ( ( #5026, #758, #5479 ) ) REPRESENTATION_CONTEXT ( 'NONE', 'WORKASPACE' ) );
#494 =( NAMED_UNIT ( * ) PLANE_ANGLE_UNIT ( ) SI_UNIT ( $, .RADIAN. ) );
#495 = PRESENTATION_STYLE_ASSIGNMENT (( #3449 ) ) ;
#496 = FILL_AREA_STYLE_COLOUR ( '', #3356 ) ;
#497 = CARTESIAN_POINT ( 'NONE',  ( 0.8711825891478286454, 2.799999999999999822, -3.045735231801431908 ) ) ;
#498 = CARTESIAN_POINT ( 'NONE',  ( 1.000000000000000000, -0.1000000000000000194, -4.099999999999999645 ) ) ;
#499 = PLANE ( 'NONE',  #4442 ) ;
#500 =( LENGTH_UNIT ( ) NAMED_UNIT ( * ) SI_UNIT ( .MILLI., .METRE. ) );
#501 =( GEOMETRIC_REPRESENTATION_CONTEXT ( 3 ) GLOBAL_UNCERTAINTY_ASSIGNED_CONTEXT ( ( #1116 ) ) GLOBAL_UNIT_ASSIGNED_CONTEXT ( ( #590, #5286, #4909 ) ) REPRESENTATION_CONTEXT ( 'NONE', 'WORKASPACE' ) );
#502 = CARTESIAN_POINT ( 'NONE',  ( 3.851867817888909418, 2.799999999999998934, -2.260446756628842646 ) ) ;
#503 = CARTESIAN_POINT ( 'NONE',  ( 5.690653227313257290, 2.801000000000000156, -4.258955003058166433 ) ) ;
#504 = CARTESIAN_POINT ( 'NONE',  ( 4.402088474662425810, 2.800999999999999712, -4.105200676967601048 ) ) ;
#505 = ADVANCED_FACE ( 'NONE', ( #5109 ), #19, .T. ) ;
#506 = EDGE_LOOP ( 'NONE', ( #2655, #1012, #898, #3560, #4490, #4955, #4602, #2694, #1764, #557, #1850, #2244, #729, #2409, #1090, #716, #3316, #5039, #2488, #2113, #1417, #2898, #5532, #4734 ) ) ;
#507 = SURFACE_STYLE_FILL_AREA ( #918 ) ;
#508 = CARTESIAN_POINT ( 'NONE',  ( 4.753415315379232453, 2.801000000000000600, -2.263617518585094412 ) ) ;
#509 = UNCERTAINTY_MEASURE_WITH_UNIT (LENGTH_MEASURE( 1.000000000000000082E-05 ), #3649, 'distance_accuracy_value', 'NONE');
#510 = STYLED_ITEM ( 'NONE', ( #2403 ), #4315 ) ;
#511 = FACE_OUTER_BOUND ( 'NONE', #335, .T. ) ;
#512 = ORIENTED_EDGE ( 'NONE', *, *, #860, .F. ) ;
#513 = SURFACE_SIDE_STYLE ('',( #5258 ) ) ;
#514 = ORIENTED_EDGE ( 'NONE', *, *, #1610, .F. ) ;
#515 = CARTESIAN_POINT ( 'NONE',  ( 2.548343661498726931, 2.800000000000000711, -2.299115127249770296 ) ) ;
#516 = ORIENTED_EDGE ( 'NONE', *, *, #4803, .F. ) ;
#517 =( NAMED_UNIT ( * ) PLANE_ANGLE_UNIT ( ) SI_UNIT ( $, .RADIAN. ) );
#518 = SURFACE_STYLE_USAGE ( .BOTH. , #108 ) ;
#519 = CARTESIAN_POINT ( 'NONE',  ( 6.799999999999999822, 1.399999999999999911, -4.099999999999999645 ) ) ;
#520 = EDGE_CURVE ( 'NONE', #5533, #1083, #4665, .T. ) ;
#521 = DIRECTION ( 'NONE',  ( 0.000000000000000000, 0.000000000000000000, 1.000000000000000000 ) ) ;
#522 = CARTESIAN_POINT ( 'NONE',  ( 0.6345754462906857407, 2.799999999999999822, -2.955705469896669602 ) ) ;
#523 = EDGE_CURVE ( 'NONE', #4524, #637, #5140, .T. ) ;
#524 = FACE_OUTER_BOUND ( 'NONE', #1856, .T. ) ;
#525 = VECTOR ( 'NONE', #4914, 1000.000000000000000 ) ;
#526 = CARTESIAN_POINT ( 'NONE',  ( 3.429962351052590730, 2.799999999999999822, -3.169991184182384014 ) ) ;
#527 = CARTESIAN_POINT ( 'NONE',  ( 1.551574909257631418, 2.800000000000000266, -2.270330068343447305 ) ) ;
#528 = ORIENTED_EDGE ( 'NONE', *, *, #4230, .T. ) ;
#529 = FILL_AREA_STYLE ('',( #3517 ) ) ;
#530 = EDGE_CURVE ( 'NONE', #4995, #2208, #5511, .T. ) ;
#531 = CARTESIAN_POINT ( 'NONE',  ( 3.429962351052590730, 2.801000000000000156, -3.169991184182384014 ) ) ;
#532 = CARTESIAN_POINT ( 'NONE',  ( 3.966909766306168095, 2.800999999999999712, -2.341492147384976796 ) ) ;
#533 = ORIENTED_EDGE ( 'NONE', *, *, #3982, .F. ) ;
#534 = CARTESIAN_POINT ( 'NONE',  ( 3.429590327243067005, 2.799999999999999822, -3.212401898468098427 ) ) ;
#535 = EDGE_LOOP ( 'NONE', ( #131, #5289, #4552, #4643, #1241, #4650, #3035, #2428, #4339, #1873 ) ) ;
#536 = VERTEX_POINT ( 'NONE', #3061 ) ;
#537 = CARTESIAN_POINT ( 'NONE',  ( 3.452283779624019555, 2.801000000000000156, -4.254812612753813283 ) ) ;
#538 = CARTESIAN_POINT ( 'NONE',  ( 2.136803533547675826, 2.801000000000000156, -2.986541802393994249 ) ) ;
#539 = EDGE_CURVE ( 'NONE', #5182, #4449, #1050, .T. ) ;
#540 = LINE ( 'NONE', #4836, #1642 ) ;
#541 = PLANE ( 'NONE',  #2734 ) ;
#542 = CARTESIAN_POINT ( 'NONE',  ( 2.137233611856485638, 2.800999999999998824, -2.943771247676421066 ) ) ;
#543 =( GEOMETRIC_REPRESENTATION_CONTEXT ( 3 ) GLOBAL_UNCERTAINTY_ASSIGNED_CONTEXT ( ( #18 ) ) GLOBAL_UNIT_ASSIGNED_CONTEXT ( ( #32, #3927, #2192 ) ) REPRESENTATION_CONTEXT ( 'NONE', 'WORKASPACE' ) );
#544 = CARTESIAN_POINT ( 'NONE',  ( 0.6345754462906857407, 2.801000000000000156, -2.955705469896669602 ) ) ;
#545 = CARTESIAN_POINT ( 'NONE',  ( 2.643128532563066457, 2.801000000000000156, -2.260183167766947943 ) ) ;
#546 = CARTESIAN_POINT ( 'NONE',  ( 2.606673660576400486, 2.801000000000000156, -4.260020946087146321 ) ) ;
#547 = CARTESIAN_POINT ( 'NONE',  ( 1.542313541528780974, 2.800000000000000266, -2.280110231801431464 ) ) ;
#548 = FILL_AREA_STYLE ('',( #3486 ) ) ;
#549 = ORIENTED_EDGE ( 'NONE', *, *, #1044, .T. ) ;
#550 = MECHANICAL_DESIGN_GEOMETRIC_PRESENTATION_REPRESENTATION (  '', ( #1902 ), #1440 ) ;
#551 = CARTESIAN_POINT ( 'NONE',  ( 2.650944493909733524, 2.801000000000000156, -2.260020946087145877 ) ) ;
#552 = MECHANICAL_DESIGN_GEOMETRIC_PRESENTATION_REPRESENTATION (  '', ( #3007 ), #3097 ) ;
#553 = EDGE_CURVE ( 'NONE', #5022, #208, #2635, .T. ) ;
#554 = ORIENTED_EDGE ( 'NONE', *, *, #3323, .F. ) ;
#555 = ADVANCED_FACE ( 'NONE', ( #4223 ), #3494, .T. ) ;
#556 = CARTESIAN_POINT ( 'NONE',  ( 4.700532127710252972, 2.799999999999999822, -2.324373564113520807 ) ) ;
#557 = ORIENTED_EDGE ( 'NONE', *, *, #585, .F. ) ;
#558 = MECHANICAL_DESIGN_GEOMETRIC_PRESENTATION_REPRESENTATION (  '', ( #920 ), #1913 ) ;
#559 = DIRECTION ( 'NONE',  ( -0.000000000000000000, -1.000000000000000000, -0.000000000000000000 ) ) ;
#560 = ORIENTED_EDGE ( 'NONE', *, *, #563, .F. ) ;
#561 = AXIS2_PLACEMENT_3D ( 'NONE', #5230, #4128, #3696 ) ;
#562 = CARTESIAN_POINT ( 'NONE',  ( 2.104601419374838134, 2.800000000000000266, -2.896617472288671724 ) ) ;
#563 = EDGE_CURVE ( 'NONE', #4571, #4108, #579, .T. ) ;
#564 = AXIS2_PLACEMENT_3D ( 'NONE', #1447, #2817, #4107 ) ;
#565 = CIRCLE ( 'NONE', #488, 0.1999999999999996503 ) ;
#566 = SURFACE_SIDE_STYLE ('',( #5155 ) ) ;
#567 = LINE ( 'NONE', #2305, #3980 ) ;
#568 = STYLED_ITEM ( 'NONE', ( #1283 ), #2168 ) ;
#569 = PRESENTATION_STYLE_ASSIGNMENT (( #1024 ) ) ;
#570 = EDGE_CURVE ( 'NONE', #3706, #5198, #3769, .T. ) ;
#571 = FACE_OUTER_BOUND ( 'NONE', #3558, .T. ) ;
#572 = CARTESIAN_POINT ( 'NONE',  ( 1.607829635796314216, 2.800000000000000266, -4.259759079432622997 ) ) ;
#573 = PRESENTATION_LAYER_ASSIGNMENT (  '', '', ( #5517 ) ) ;
#574 = DIRECTION ( 'NONE',  ( 1.000000000000000000, 0.000000000000000000, -3.614007241618348278E-16 ) ) ;
#575 = CARTESIAN_POINT ( 'NONE',  ( 6.099999999999999645, 2.799999999999999822, 0.000000000000000000 ) ) ;
#576 = CARTESIAN_POINT ( 'NONE',  ( 6.599999999999999645, 0.000000000000000000, -2.399999999999999467 ) ) ;
#577 = VECTOR ( 'NONE', #3571, 1000.000000000000000 ) ;
#578 = EDGE_LOOP ( 'NONE', ( #1715, #3166, #1448, #3470 ) ) ;
#579 = B_SPLINE_CURVE_WITH_KNOTS ( 'NONE', 3,
 ( #5168, #4743, #889, #3077, #2628, #915, #4766 ),
 .UNSPECIFIED., .F., .F.,
 ( 4, 1, 1, 1, 4 ),
 ( 0.000000000000000000, 0.2051538336259863815, 0.4365702208716481514, 0.7013577902569462230, 1.000000000000000000 ),
 .UNSPECIFIED. ) ;
#580 = EDGE_CURVE ( 'NONE', #810, #1971, #4800, .T. ) ;
#581 = CARTESIAN_POINT ( 'NONE',  ( 3.966909766306168095, 2.799999999999999378, -2.341492147384976796 ) ) ;
#582 = CARTESIAN_POINT ( 'NONE',  ( 1.542313541528781196, 2.801000000000000600, -2.280110231801431908 ) ) ;
#583 = SURFACE_SIDE_STYLE ('',( #611 ) ) ;
#584 = CARTESIAN_POINT ( 'NONE',  ( 1.661767483029236381, 2.800999999999999712, -2.272880267078448480 ) ) ;
#585 = EDGE_CURVE ( 'NONE', #4297, #1706, #2276, .T. ) ;
#586 = LINE ( 'NONE', #3628, #5408 ) ;
#587 = STYLED_ITEM ( 'NONE', ( #4088 ), #4050 ) ;
#588 = ORIENTED_EDGE ( 'NONE', *, *, #1521, .F. ) ;
#589 = B_SPLINE_CURVE_WITH_KNOTS ( 'NONE', 3,
 ( #1621, #2994, #3318, #3784, #3404, #2486, #4994, #5100, #829, #2938, #2568 ),
 .UNSPECIFIED., .F., .F.,
 ( 4, 1, 1, 1, 1, 1, 1, 1, 4 ),
 ( 0.000000000000000000, 0.1202036566462952732, 0.2298345270030796861, 0.3340911648708980719, 0.4394841484333852355, 0.5542118829606235142, 0.6854080667072435240, 0.8314489468124192095, 1.000000000000000000 ),
 .UNSPECIFIED. ) ;
#590 =( LENGTH_UNIT ( ) NAMED_UNIT ( * ) SI_UNIT ( .MILLI., .METRE. ) );
#591 = ORIENTED_EDGE ( 'NONE', *, *, #3937, .T. ) ;
#592 = CARTESIAN_POINT ( 'NONE',  ( 3.411361160576400042, 2.801000000000000156, -4.093354279420479358 ) ) ;
#593 = VERTEX_POINT ( 'NONE', #1020 ) ;
#594 = FILL_AREA_STYLE_COLOUR ( '', #2020 ) ;
#595 = VECTOR ( 'NONE', #4702, 1000.000000000000000 ) ;
#596 = CARTESIAN_POINT ( 'NONE',  ( 1.678846279624019111, 2.799999999999999822, -4.233607255610955633 ) ) ;
#597 = FACE_OUTER_BOUND ( 'NONE', #3385, .T. ) ;
#598 = MECHANICAL_DESIGN_GEOMETRIC_PRESENTATION_REPRESENTATION (  '', ( #2320 ), #5183 ) ;
#599 = FACE_OUTER_BOUND ( 'NONE', #4395, .T. ) ;
#600 = CARTESIAN_POINT ( 'NONE',  ( 3.204143898671638624, 2.801000000000000156, -3.212401898468098427 ) ) ;
#601 = EDGE_CURVE ( 'NONE', #900, #1980, #1486, .T. ) ;
#602 = CARTESIAN_POINT ( 'NONE',  ( 2.104601419374838134, 2.800000000000000266, -2.896617472288671724 ) ) ;
#603 = CARTESIAN_POINT ( 'NONE',  ( 2.138945009230705185, 2.800999999999999712, -2.967508930075220874 ) ) ;
#604 = DIRECTION ( 'NONE',  ( 0.000000000000000000, 1.000000000000000000, -0.000000000000000000 ) ) ;
#605 = SURFACE_STYLE_USAGE ( .BOTH. , #4463 ) ;
#606 = FACE_OUTER_BOUND ( 'NONE', #1469, .T. ) ;
#607 = DIRECTION ( 'NONE',  ( -0.000000000000000000, -1.000000000000000000, 0.000000000000000000 ) ) ;
#608 = CARTESIAN_POINT ( 'NONE',  ( 4.431450446290686074, 2.801000000000000156, -4.257416779420479358 ) ) ;
#609 = ORIENTED_EDGE ( 'NONE', *, *, #2754, .F. ) ;
#610 =( LENGTH_UNIT ( ) NAMED_UNIT ( * ) SI_UNIT ( .MILLI., .METRE. ) );
#611 = SURFACE_STYLE_FILL_AREA ( #3137 ) ;
#612 = FILL_AREA_STYLE ('',( #3190 ) ) ;
#613 = PRODUCT_DEFINITION_CONTEXT ( 'detailed design', #4736, 'design' ) ;
#614 = DIRECTION ( 'NONE',  ( 0.000000000000000000, 0.000000000000000000, 1.000000000000000000 ) ) ;
#615 = CARTESIAN_POINT ( 'NONE',  ( 4.854674683134848401, 2.799999999999999822, -2.280823899959022683 ) ) ;
#616 = VERTEX_POINT ( 'NONE', #1459 ) ;
#617 = SURFACE_STYLE_FILL_AREA ( #4496 ) ;
#618 = VERTEX_POINT ( 'NONE', #1923 ) ;
#619 = CARTESIAN_POINT ( 'NONE',  ( 6.099999999999999645, 2.799999999999999822, 0.000000000000000000 ) ) ;
#620 = EDGE_CURVE ( 'NONE', #3085, #1845, #5293, .T. ) ;
#621 = CARTESIAN_POINT ( 'NONE',  ( 1.610665363030090225, 2.799999999999998046, -2.260205112780352188 ) ) ;
#622 = CARTESIAN_POINT ( 'NONE',  ( 0.000000000000000000, 0.2000000000000000111, -2.399999999999999467 ) ) ;
#623 = SURFACE_SIDE_STYLE ('',( #5316 ) ) ;
#624 = DIRECTION ( 'NONE',  ( 0.9511415455483078762, 0.000000000000000000, -0.3087551786318347147 ) ) ;
#625 = DIRECTION ( 'NONE',  ( -0.000000000000000000, -1.000000000000000000, -0.000000000000000000 ) ) ;
#626 = CARTESIAN_POINT ( 'NONE',  ( 5.547893898671638624, 2.801000000000000156, -4.098190588944288670 ) ) ;
#627 = SURFACE_STYLE_USAGE ( .BOTH. , #4484 ) ;
#628 = DIRECTION ( 'NONE',  ( -1.000000000000000000, 0.000000000000000000, -0.000000000000000000 ) ) ;
#629 =( LENGTH_UNIT ( ) NAMED_UNIT ( * ) SI_UNIT ( .MILLI., .METRE. ) );
#630 = VERTEX_POINT ( 'NONE', #3174 ) ;
#631 = VECTOR ( 'NONE', #3861, 1000.000000000000000 ) ;
#632 = VERTEX_POINT ( 'NONE', #223 ) ;
#633 = CARTESIAN_POINT ( 'NONE',  ( 3.967514773490332658, 2.801000000000000156, -2.332042258819744251 ) ) ;
#634 =( NAMED_UNIT ( * ) SI_UNIT ( $, .STERADIAN. ) SOLID_ANGLE_UNIT ( ) );
#635 = LINE ( 'NONE', #5305, #5506 ) ;
#636 = VECTOR ( 'NONE', #3092, 1000.000000000000000 ) ;
#637 = VERTEX_POINT ( 'NONE', #2699 ) ;
#638 = DIRECTION ( 'NONE',  ( -0.000000000000000000, -1.000000000000000000, -0.000000000000000000 ) ) ;
#639 = VERTEX_POINT ( 'NONE', #3147 ) ;
#640 = EDGE_CURVE ( 'NONE', #1323, #5224, #540, .T. ) ;
#641 = CARTESIAN_POINT ( 'NONE',  ( 4.700423660576400486, 2.801000000000000156, -2.331449517515717051 ) ) ;
#642 = ORIENTED_EDGE ( 'NONE', *, *, #2123, .F. ) ;
#643 = LINE ( 'NONE', #3198, #5179 ) ;
#644 =( NAMED_UNIT ( * ) PLANE_ANGLE_UNIT ( ) SI_UNIT ( $, .RADIAN. ) );
#645 =( GEOMETRIC_REPRESENTATION_CONTEXT ( 3 ) GLOBAL_UNCERTAINTY_ASSIGNED_CONTEXT ( ( #5178 ) ) GLOBAL_UNIT_ASSIGNED_CONTEXT ( ( #3609, #3224, #1238 ) ) REPRESENTATION_CONTEXT ( 'NONE', 'WORKASPACE' ) );
#646 =( GEOMETRIC_REPRESENTATION_CONTEXT ( 3 ) GLOBAL_UNCERTAINTY_ASSIGNED_CONTEXT ( ( #5003 ) ) GLOBAL_UNIT_ASSIGNED_CONTEXT ( ( #4238, #2051, #4158 ) ) REPRESENTATION_CONTEXT ( 'NONE', 'WORKASPACE' ) );
#647 =( LENGTH_UNIT ( ) NAMED_UNIT ( * ) SI_UNIT ( .MILLI., .METRE. ) );
#648 = SURFACE_SIDE_STYLE ('',( #2695 ) ) ;
#649 =( GEOMETRIC_REPRESENTATION_CONTEXT ( 3 ) GLOBAL_UNCERTAINTY_ASSIGNED_CONTEXT ( ( #3878 ) ) GLOBAL_UNIT_ASSIGNED_CONTEXT ( ( #3851, #870, #3033 ) ) REPRESENTATION_CONTEXT ( 'NONE', 'WORKASPACE' ) );
#650 = CARTESIAN_POINT ( 'NONE',  ( 2.120066517719257693, 2.799999999999999822, -2.912178684182384014 ) ) ;
#651 = VECTOR ( 'NONE', #762, 1000.000000000000000 ) ;
#652 = CIRCLE ( 'NONE', #828, 0.5000000000000004441 ) ;
#653 = AXIS2_PLACEMENT_3D ( 'NONE', #4563, #295, #2835 ) ;
#654 = AXIS2_PLACEMENT_3D ( 'NONE', #2971, #4661, #3763 ) ;
#655 = CARTESIAN_POINT ( 'NONE',  ( 4.776316517719257249, 2.799999999999999822, -2.260020946087145877 ) ) ;
#656 = LINE ( 'NONE', #4948, #3146 ) ;
#657 = PRESENTATION_LAYER_ASSIGNMENT (  '', '', ( #5322 ) ) ;
#658 = STYLED_ITEM ( 'NONE', ( #3938 ), #4418 ) ;
#659 = CARTESIAN_POINT ( 'NONE',  ( 5.776328015424156526, 2.801000000000000156, -4.185380886348441187 ) ) ;
#660 = ORIENTED_EDGE ( 'NONE', *, *, #3016, .F. ) ;
#661 = DIRECTION ( 'NONE',  ( 0.9999977812725502346, 0.000000000000000000, -0.002106525569938934306 ) ) ;
#662 = PRESENTATION_LAYER_ASSIGNMENT (  '', '', ( #3806 ) ) ;
#663 = ORIENTED_EDGE ( 'NONE', *, *, #4148, .T. ) ;
#664 = MECHANICAL_DESIGN_GEOMETRIC_PRESENTATION_REPRESENTATION (  '', ( #3900 ), #2563 ) ;
#665 = FILL_AREA_STYLE_COLOUR ( '', #5047 ) ;
#666 = CARTESIAN_POINT ( 'NONE',  ( 0.6345754462906857407, 2.799999999999999822, -2.955705469896669602 ) ) ;
#667 = CARTESIAN_POINT ( 'NONE',  ( 4.700423660576400486, 2.801000000000000156, -2.331449517515717051 ) ) ;
#668 = EDGE_CURVE ( 'NONE', #43, #430, #567, .T. ) ;
#669 = UNCERTAINTY_MEASURE_WITH_UNIT (LENGTH_MEASURE( 1.000000000000000082E-05 ), #3909, 'distance_accuracy_value', 'NONE');
#670 = ORIENTED_EDGE ( 'NONE', *, *, #1340, .F. ) ;
#671 = EDGE_LOOP ( 'NONE', ( #732, #483, #5031, #2241 ) ) ;
#672 = CARTESIAN_POINT ( 'NONE',  ( 1.000000000000000000, 0.2000000000000000111, -4.099999999999999645 ) ) ;
#673 = B_SPLINE_CURVE_WITH_KNOTS ( 'NONE', 3,
 ( #3518, #5226, #3462, #2261, #2686, #479, #45 ),
 .UNSPECIFIED., .F., .F.,
 ( 4, 1, 1, 1, 4 ),
 ( 0.000000000000000000, 0.2678360697616103958, 0.5159771041735196073, 0.7584203312451209822, 1.000000000000000000 ),
 .UNSPECIFIED. ) ;
#674 = DIRECTION ( 'NONE',  ( 0.000000000000000000, -0.000000000000000000, 1.000000000000000000 ) ) ;
#675 = UNCERTAINTY_MEASURE_WITH_UNIT (LENGTH_MEASURE( 1.000000000000000082E-05 ), #4510, 'distance_accuracy_value', 'NONE');
#676 = COLOUR_RGB ( '',0.7529411764705882248, 0.7529411764705882248, 0.7529411764705882248 ) ;
#677 = CARTESIAN_POINT ( 'NONE',  ( 2.729813541528781418, 2.799999999999999822, -3.379068565134765390 ) ) ;
#678 = CARTESIAN_POINT ( 'NONE',  ( 6.599999999999999645, 1.200000000000000178, -2.499999999999999556 ) ) ;
#679 = COLOUR_RGB ( '',0.5019607843137254832, 0.5019607843137254832, 0.5019607843137254832 ) ;
#680 = DIRECTION ( 'NONE',  ( 0.000000000000000000, 0.000000000000000000, -1.000000000000000000 ) ) ;
#681 = EDGE_LOOP ( 'NONE', ( #2560, #3637, #512, #3279, #4687, #3065, #2664, #4823, #2433, #755 ) ) ;
#682 = B_SPLINE_CURVE_WITH_KNOTS ( 'NONE', 3,
 ( #4146, #298, #4539, #686, #5349, #3723, #4899 ),
 .UNSPECIFIED., .F., .F.,
 ( 4, 1, 1, 1, 4 ),
 ( 0.000000000000000000, 0.2737648384649696287, 0.5229696271363800664, 0.7627532405691028750, 1.000000000000000000 ),
 .UNSPECIFIED. ) ;
#683 = CARTESIAN_POINT ( 'NONE',  ( 5.777064836100493039, 2.800000000000000711, -4.173625998928968350 ) ) ;
#684 = COLOUR_RGB ( '',0.7529411764705882248, 0.7529411764705882248, 0.7529411764705882248 ) ;
#685 = SURFACE_STYLE_FILL_AREA ( #2386 ) ;
#686 = CARTESIAN_POINT ( 'NONE',  ( 2.114893904336113017, 2.801000000000000156, -3.020256505071769126 ) ) ;
#687 = EDGE_CURVE ( 'NONE', #3157, #1145, #1863, .T. ) ;
#688 = CARTESIAN_POINT ( 'NONE',  ( 1.700441955805445549, 2.799999999999999822, -4.197317442038422719 ) ) ;
#689 =( NAMED_UNIT ( * ) PLANE_ANGLE_UNIT ( ) SI_UNIT ( $, .RADIAN. ) );
#690 = PRESENTATION_STYLE_ASSIGNMENT (( #4542 ) ) ;
#691 = ORIENTED_EDGE ( 'NONE', *, *, #4720, .T. ) ;
#692 = LINE ( 'NONE', #3999, #4681 ) ;
#693 = CARTESIAN_POINT ( 'NONE',  ( 1.199999999999999956, 0.000000000000000000, -2.399999999999999911 ) ) ;
#694 = ORIENTED_EDGE ( 'NONE', *, *, #2469, .F. ) ;
#695 = VERTEX_POINT ( 'NONE', #4293 ) ;
#696 = CARTESIAN_POINT ( 'NONE',  ( 0.5000000000000000000, 0.000000000000000000, -0.5000000000000000000 ) ) ;
#697 = ADVANCED_FACE ( 'NONE', ( #5156, #2646, #4792, #3478 ), #3531, .F. ) ;
#698 = ORIENTED_EDGE ( 'NONE', *, *, #3159, .T. ) ;
#699 = VECTOR ( 'NONE', #1489, 1000.000000000000000 ) ;
#700 = CARTESIAN_POINT ( 'NONE',  ( 0.5000000000000000000, 2.799999999999999822, -6.599999999999999645 ) ) ;
#701 = CARTESIAN_POINT ( 'NONE',  ( 3.959352232004971661, 2.801000000000000156, -2.367907850849050977 ) ) ;
#702 = SURFACE_STYLE_FILL_AREA ( #4558 ) ;
#703 = FILL_AREA_STYLE ('',( #151 ) ) ;
#704 = CARTESIAN_POINT ( 'NONE',  ( 2.729813541528781418, 2.801000000000000156, -4.093354279420479358 ) ) ;
#705 = FILL_AREA_STYLE_COLOUR ( '', #3796 ) ;
#706 = FILL_AREA_STYLE ('',( #5063 ) ) ;
#707 =( NAMED_UNIT ( * ) SI_UNIT ( $, .STERADIAN. ) SOLID_ANGLE_UNIT ( ) );
#708 = EDGE_CURVE ( 'NONE', #4513, #4935, #3509, .T. ) ;
#709 = CARTESIAN_POINT ( 'NONE',  ( 4.431450446290686074, 2.801000000000000156, -4.257416779420479358 ) ) ;
#710 =( NAMED_UNIT ( * ) PLANE_ANGLE_UNIT ( ) SI_UNIT ( $, .RADIAN. ) );
#711 = CARTESIAN_POINT ( 'NONE',  ( 3.838410104913845267, 2.799999999999998934, -2.261260972005612047 ) ) ;
#712 = VERTEX_POINT ( 'NONE', #1779 ) ;
#713 = CARTESIAN_POINT ( 'NONE',  ( 2.660917066550931853, 2.801000000000000156, -2.262819676841926420 ) ) ;
#714 = CARTESIAN_POINT ( 'NONE',  ( 0.7011677081954477142, 2.801000000000000156, -2.879068565134764945 ) ) ;
#715 = CARTESIAN_POINT ( 'NONE',  ( 3.725721279624019111, 2.801000000000000156, -3.305407850849050533 ) ) ;
#716 = ORIENTED_EDGE ( 'NONE', *, *, #4616, .F. ) ;
#717 = UNCERTAINTY_MEASURE_WITH_UNIT (LENGTH_MEASURE( 1.000000000000000082E-05 ), #1177, 'distance_accuracy_value', 'NONE');
#718 =( LENGTH_UNIT ( ) NAMED_UNIT ( * ) SI_UNIT ( .MILLI., .METRE. ) );
#719 = ORIENTED_EDGE ( 'NONE', *, *, #1973, .T. ) ;
#720 = ORIENTED_EDGE ( 'NONE', *, *, #4356, .F. ) ;
#721 = COLOUR_RGB ( '',0.5019607843137254832, 0.5019607843137254832, 0.5019607843137254832 ) ;
#722 = EDGE_LOOP ( 'NONE', ( #554, #5525, #3458, #2907 ) ) ;
#723 = SURFACE_STYLE_FILL_AREA ( #5000 ) ;
#724 = CARTESIAN_POINT ( 'NONE',  ( 4.733996893773372960, 2.800999999999999268, -2.271928927771828644 ) ) ;
#725 = UNCERTAINTY_MEASURE_WITH_UNIT (LENGTH_MEASURE( 1.000000000000000082E-05 ), #903, 'distance_accuracy_value', 'NONE');
#726 = EDGE_CURVE ( 'NONE', #5235, #5086, #1480, .T. ) ;
#727 = CARTESIAN_POINT ( 'NONE',  ( 6.599999999999999645, 1.399999999999999911, -4.099999999999999645 ) ) ;
#728 = DIRECTION ( 'NONE',  ( -0.000000000000000000, -1.000000000000000000, -0.000000000000000000 ) ) ;
#729 = ORIENTED_EDGE ( 'NONE', *, *, #2059, .F. ) ;
#730 = CARTESIAN_POINT ( 'NONE',  ( 1.515908167376854410, 2.800000000000000266, -2.336503267312573406 ) ) ;
#731 = STYLED_ITEM ( 'NONE', ( #4597 ), #1138 ) ;
#732 = ORIENTED_EDGE ( 'NONE', *, *, #4284, .F. ) ;
#733 = SURFACE_STYLE_USAGE ( .BOTH. , #2468 ) ;
#734 = B_SPLINE_SURFACE_WITH_KNOTS ( 'NONE', 3, 1, ( 
 ( #2171, #5199 ),
 ( #3080, #1257 ),
 ( #44, #4330 ),
 ( #2996, #1737 ),
 ( #834, #3461 ),
 ( #5173, #1315 ),
 ( #477, #2573 ) ),
 .UNSPECIFIED., .F., .F., .F.,
 ( 4, 1, 1, 1, 4 ),
 ( 2, 2 ),
 ( 0.000000000000000000, 0.2516299943263789474, 0.4977254570802126521, 0.7460012995929592439, 0.9999999999999998890 ),
 ( 0.000000000000000000, 1.000000000000000000 ),
 .UNSPECIFIED. ) ;
#735 = EDGE_CURVE ( 'NONE', #353, #4322, #4260, .T. ) ;
#736 =( NAMED_UNIT ( * ) SI_UNIT ( $, .STERADIAN. ) SOLID_ANGLE_UNIT ( ) );
#737 = LINE ( 'NONE', #1160, #3748 ) ;
#738 = LINE ( 'NONE', #3421, #5256 ) ;
#739 = VECTOR ( 'NONE', #1267, 1000.000000000000114 ) ;
#740 = PRESENTATION_LAYER_ASSIGNMENT (  '', '', ( #225 ) ) ;
#741 = MECHANICAL_DESIGN_GEOMETRIC_PRESENTATION_REPRESENTATION (  '', ( #1278 ), #1643 ) ;
#742 = DIRECTION ( 'NONE',  ( -0.000000000000000000, -1.000000000000000000, -0.000000000000000000 ) ) ;
#743 = COLOUR_RGB ( '',0.5019607843137254832, 0.5019607843137254832, 0.5019607843137254832 ) ;
#744 = VERTEX_POINT ( 'NONE', #522 ) ;
#745 =( LENGTH_UNIT ( ) NAMED_UNIT ( * ) SI_UNIT ( .MILLI., .METRE. ) );
#746 = VECTOR ( 'NONE', #5476, 1000.000000000000000 ) ;
#747 = STYLED_ITEM ( 'NONE', ( #3214 ), #5174 ) ;
#748 = DIRECTION ( 'NONE',  ( 0.000000000000000000, 0.000000000000000000, -1.000000000000000000 ) ) ;
#749 = SURFACE_STYLE_USAGE ( .BOTH. , #3402 ) ;
#750 = B_SPLINE_CURVE_WITH_KNOTS ( 'NONE', 3,
 ( #1121, #4860, #2405, #218, #2799 ),
 .UNSPECIFIED., .F., .F.,
 ( 4, 1, 4 ),
 ( 0.000000000000000000, 0.4477928089330873163, 0.9999999999999998890 ),
 .UNSPECIFIED. ) ;
#751 = ORIENTED_EDGE ( 'NONE', *, *, #2531, .F. ) ;
#752 = FILL_AREA_STYLE ('',( #5414 ) ) ;
#753 = PRESENTATION_LAYER_ASSIGNMENT (  '', '', ( #1550 ) ) ;
#754 = CARTESIAN_POINT ( 'NONE',  ( 3.959352232004971661, 2.801000000000000156, -2.367907850849050977 ) ) ;
#755 = ORIENTED_EDGE ( 'NONE', *, *, #530, .F. ) ;
#756 = ORIENTED_EDGE ( 'NONE', *, *, #1638, .T. ) ;
#757 = COLOUR_RGB ( '',0.5019607843137254832, 0.5019607843137254832, 0.5019607843137254832 ) ;
#758 =( NAMED_UNIT ( * ) PLANE_ANGLE_UNIT ( ) SI_UNIT ( $, .RADIAN. ) );
#759 = CARTESIAN_POINT ( 'NONE',  ( 4.768282383111858813, 2.800000000000000266, -2.261282685411779347 ) ) ;
#760 = ADVANCED_FACE ( 'NONE', ( #2133 ), #2093, .T. ) ;
#761 = LINE ( 'NONE', #2493, #2555 ) ;
#762 = DIRECTION ( 'NONE',  ( 0.000000000000000000, 0.000000000000000000, -1.000000000000000000 ) ) ;
#763 = ORIENTED_EDGE ( 'NONE', *, *, #3613, .T. ) ;
#764 = CARTESIAN_POINT ( 'NONE',  ( 3.758459374862114455, 2.801000000000000156, -3.324009041325241220 ) ) ;
#765 = ORIENTED_EDGE ( 'NONE', *, *, #3427, .F. ) ;
#766 = SURFACE_STYLE_FILL_AREA ( #2127 ) ;
#767 = CARTESIAN_POINT ( 'NONE',  ( 1.704918107026146545, 2.801000000000000600, -4.172424589528856309 ) ) ;
#768 = COLOUR_RGB ( '',0.6901960784313725394, 0.6117647058823529882, 0.5294117647058823595 ) ;
#769 = LINE ( 'NONE', #447, #250 ) ;
#770 = ADVANCED_FACE ( 'NONE', ( #4589 ), #2927, .T. ) ;
#771 = CIRCLE ( 'NONE', #167, 0.2000000000000000111 ) ;
#772 = LINE ( 'NONE', #3808, #4876 ) ;
#773 = ORIENTED_EDGE ( 'NONE', *, *, #4221, .F. ) ;
#774 =( NAMED_UNIT ( * ) SI_UNIT ( $, .STERADIAN. ) SOLID_ANGLE_UNIT ( ) );
#775 = COLOUR_RGB ( '',0.5019607843137254832, 0.5019607843137254832, 0.5019607843137254832 ) ;
#776 = FILL_AREA_STYLE ('',( #1851 ) ) ;
#777 = DIRECTION ( 'NONE',  ( -1.000000000000000000, -0.000000000000000000, -0.000000000000000000 ) ) ;
#778 = CARTESIAN_POINT ( 'NONE',  ( 2.585096279624019111, 2.801000000000000156, -4.253324517515717496 ) ) ;
#779 = ORIENTED_EDGE ( 'NONE', *, *, #4093, .T. ) ;
#780 = B_SPLINE_SURFACE_WITH_KNOTS ( 'NONE', 3, 1, ( 
 ( #1830, #2788 ),
 ( #633, #235 ),
 ( #801, #302 ),
 ( #2017, #2963 ),
 ( #1250, #3426 ),
 ( #2987, #1615 ),
 ( #4235, #3812 ),
 ( #3340, #4679 ),
 ( #1701, #2048 ),
 ( #5124, #3399 ),
 ( #5096, #4567 ) ),
 .UNSPECIFIED., .F., .F., .F.,
 ( 4, 1, 1, 1, 1, 1, 1, 1, 4 ),
 ( 2, 2 ),
 ( 0.000000000000000000, 0.1202036566462952732, 0.2298345270030796861, 0.3340911648708980719, 0.4394841484333852355, 0.5542118829606235142, 0.6854080667072435240, 0.8314489468124192095, 1.000000000000000000 ),
 ( 0.000000000000000000, 1.000000000000000000 ),
 .UNSPECIFIED. ) ;
#781 = ADVANCED_FACE ( 'NONE', ( #4647 ), #3687, .F. ) ;
#782 = ORIENTED_EDGE ( 'NONE', *, *, #5543, .F. ) ;
#783 = PRESENTATION_STYLE_ASSIGNMENT (( #5481 ) ) ;
#784 = FACE_OUTER_BOUND ( 'NONE', #220, .T. ) ;
#785 = UNCERTAINTY_MEASURE_WITH_UNIT (LENGTH_MEASURE( 1.000000000000000082E-05 ), #2186, 'distance_accuracy_value', 'NONE');
#786 = CARTESIAN_POINT ( 'NONE',  ( 0.6423879462906858517, 2.801000000000000156, -2.995884041325241220 ) ) ;
#787 = SURFACE_STYLE_FILL_AREA ( #3327 ) ;
#788 = CARTESIAN_POINT ( 'NONE',  ( 1.515527827243066783, 2.801000000000000156, -2.342982255610955633 ) ) ;
#789 = ORIENTED_EDGE ( 'NONE', *, *, #4342, .T. ) ;
#790 = PLANE ( 'NONE',  #314 ) ;
#791 = CARTESIAN_POINT ( 'NONE',  ( 4.776316517719257249, 2.799999999999999822, -2.260020946087145877 ) ) ;
#792 = AXIS2_PLACEMENT_3D ( 'NONE', #4529, #2379, #247 ) ;
#793 = CARTESIAN_POINT ( 'NONE',  ( 3.777432589147828867, 2.801000000000000156, -3.805407850849050533 ) ) ;
#794 = SURFACE_STYLE_FILL_AREA ( #2162 ) ;
#795 = FILL_AREA_STYLE ('',( #2070 ) ) ;
#796 = DIRECTION ( 'NONE',  ( 1.000000000000000000, 0.000000000000000000, 0.000000000000000000 ) ) ;
#797 = EDGE_CURVE ( 'NONE', #4995, #3256, #1723, .T. ) ;
#798 = CARTESIAN_POINT ( 'NONE',  ( 2.114966826957825674, 2.801000000000000600, -2.907047299514552652 ) ) ;
#799 = EDGE_CURVE ( 'NONE', #4777, #593, #2119, .T. ) ;
#800 = VERTEX_POINT ( 'NONE', #401 ) ;
#801 = CARTESIAN_POINT ( 'NONE',  ( 3.966761416929488249, 2.800999999999999712, -2.320371747994886213 ) ) ;
#802 = CARTESIAN_POINT ( 'NONE',  ( 2.591767435263476749, 2.801000000000000156, -2.265358656083073186 ) ) ;
#803 = CARTESIAN_POINT ( 'NONE',  ( 4.402088474662425810, 2.799999999999999378, -4.105200676967601048 ) ) ;
#804 =( NAMED_UNIT ( * ) SI_UNIT ( $, .STERADIAN. ) SOLID_ANGLE_UNIT ( ) );
#805 = ORIENTED_EDGE ( 'NONE', *, *, #601, .T. ) ;
#806 = CARTESIAN_POINT ( 'NONE',  ( 3.777432589147828867, 2.801000000000000156, -3.667014993706193327 ) ) ;
#807 = EDGE_CURVE ( 'NONE', #3090, #630, #4956, .T. ) ;
#808 = CARTESIAN_POINT ( 'NONE',  ( 4.350137072708878172, 2.801000000000001044, -4.195238588631160503 ) ) ;
#809 = CARTESIAN_POINT ( 'NONE',  ( 0.8711825891478286454, 2.801000000000000156, -3.045735231801431908 ) ) ;
#810 = VERTEX_POINT ( 'NONE', #4171 ) ;
#811 = DIRECTION ( 'NONE',  ( 0.9540524688959124422, 0.000000000000000000, -0.2996395945024855623 ) ) ;
#812 = ORIENTED_EDGE ( 'NONE', *, *, #5154, .T. ) ;
#813 = ORIENTED_EDGE ( 'NONE', *, *, #5101, .F. ) ;
#814 = FILL_AREA_STYLE ('',( #2521 ) ) ;
#815 = DIRECTION ( 'NONE',  ( 0.000000000000000000, 0.000000000000000000, -1.000000000000000000 ) ) ;
#816 = FILL_AREA_STYLE_COLOUR ( '', #3446 ) ;
#817 = CARTESIAN_POINT ( 'NONE',  ( 3.758459374862114455, 2.799999999999999822, -3.324009041325241220 ) ) ;
#818 = PRESENTATION_STYLE_ASSIGNMENT (( #4649 ) ) ;
#819 = ORIENTED_EDGE ( 'NONE', *, *, #5427, .T. ) ;
#820 = CARTESIAN_POINT ( 'NONE',  ( 6.599999999999999645, 2.799999999999999822, -0.5000000000000000000 ) ) ;
#821 = COLOUR_RGB ( '',0.5019607843137254832, 0.5019607843137254832, 0.5019607843137254832 ) ;
#822 = SURFACE_SIDE_STYLE ('',( #4998 ) ) ;
#823 = PRESENTATION_LAYER_ASSIGNMENT (  '', '', ( #1368 ) ) ;
#824 = CARTESIAN_POINT ( 'NONE',  ( 4.390398464091894049, 2.801000000000000156, -4.249689746275731927 ) ) ;
#825 = CARTESIAN_POINT ( 'NONE',  ( 5.751796657424226744, 2.800999999999999268, -4.227046572677298109 ) ) ;
#826 = MECHANICAL_DESIGN_GEOMETRIC_PRESENTATION_REPRESENTATION (  '', ( #4070 ), #138 ) ;
#827 = PRESENTATION_STYLE_ASSIGNMENT (( #1388 ) ) ;
#828 = AXIS2_PLACEMENT_3D ( 'NONE', #2541, #3325, #4219 ) ;
#829 = CARTESIAN_POINT ( 'NONE',  ( 3.883480011779744334, 2.800999999999999712, -2.260437927328754260 ) ) ;
#830 = VECTOR ( 'NONE', #2258, 1000.000000000000000 ) ;
#831 = COLOUR_RGB ( '',0.5019607843137254832, 0.5019607843137254832, 0.5019607843137254832 ) ;
#832 = VECTOR ( 'NONE', #1198, 1000.000000000000000 ) ;
#833 = ORIENTED_EDGE ( 'NONE', *, *, #2033, .F. ) ;
#834 = CARTESIAN_POINT ( 'NONE',  ( 1.587403897108575102, 2.800999999999999712, -4.258953195750789789 ) ) ;
#835 = EDGE_CURVE ( 'NONE', #1314, #4802, #3193, .T. ) ;
#836 = PRESENTATION_LAYER_ASSIGNMENT (  '', '', ( #5151 ) ) ;
#837 = COLOUR_RGB ( '',0.5019607843137254832, 0.5019607843137254832, 0.5019607843137254832 ) ;
#838 = DIRECTION ( 'NONE',  ( -0.5671818520460240043, 0.000000000000000000, 0.8235925853901563398 ) ) ;
#839 = CARTESIAN_POINT ( 'NONE',  ( 6.799999999999999822, -0.1000000000000000056, -2.499999999999999556 ) ) ;
#840 = UNCERTAINTY_MEASURE_WITH_UNIT (LENGTH_MEASURE( 1.000000000000000082E-05 ), #4625, 'distance_accuracy_value', 'NONE');
#841 = LINE ( 'NONE', #2149, #2377 ) ;
#842 = ORIENTED_EDGE ( 'NONE', *, *, #226, .T. ) ;
#843 = SURFACE_SIDE_STYLE ('',( #2179 ) ) ;
#844 = PRESENTATION_LAYER_ASSIGNMENT (  '', '', ( #2301 ) ) ;
#845 = MECHANICAL_DESIGN_GEOMETRIC_PRESENTATION_REPRESENTATION (  '', ( #3550 ), #5420 ) ;
#846 = VERTEX_POINT ( 'NONE', #5535 ) ;
#847 = SURFACE_STYLE_USAGE ( .BOTH. , #2693 ) ;
#848 = ORIENTED_EDGE ( 'NONE', *, *, #4243, .F. ) ;
#849 = CARTESIAN_POINT ( 'NONE',  ( 4.410245089147829312, 2.799999999999999822, -4.103398922277621708 ) ) ;
#850 = AXIS2_PLACEMENT_3D ( 'NONE', #1530, #674, #5361 ) ;
#851 = DIRECTION ( 'NONE',  ( -1.000000000000000000, 0.000000000000000000, 0.000000000000000000 ) ) ;
#852 = CARTESIAN_POINT ( 'NONE',  ( 1.646546911779459332, 2.799999999999999822, -2.267103602654754635 ) ) ;
#853 = CARTESIAN_POINT ( 'NONE',  ( 2.125863858405380391, 2.800000000000000711, -2.922847516790792799 ) ) ;
#854 = CARTESIAN_POINT ( 'NONE',  ( 5.547893898671638624, 2.799999999999999822, -4.098190588944288670 ) ) ;
#855 = AXIS2_PLACEMENT_3D ( 'NONE', #1582, #4622, #3363 ) ;
#856 = CARTESIAN_POINT ( 'NONE',  ( 5.667685565338305587, 2.801000000000000156, -4.260020946087146321 ) ) ;
#857 = ORIENTED_EDGE ( 'NONE', *, *, #5262, .T. ) ;
#858 = SURFACE_STYLE_USAGE ( .BOTH. , #2594 ) ;
#859 = CARTESIAN_POINT ( 'NONE',  ( 1.646546911779459332, 2.801000000000000156, -2.267103602654754635 ) ) ;
#860 = EDGE_CURVE ( 'NONE', #1992, #4933, #5508, .T. ) ;
#861 = CARTESIAN_POINT ( 'NONE',  ( 4.359862670921538452, 2.801000000000000600, -4.220403295735041027 ) ) ;
#862 = COLOUR_RGB ( '',0.5019607843137254832, 0.5019607843137254832, 0.5019607843137254832 ) ;
#863 = CARTESIAN_POINT ( 'NONE',  ( 3.758459374862114455, 2.801000000000000156, -3.324009041325241220 ) ) ;
#864 = CARTESIAN_POINT ( 'NONE',  ( 2.542047864030056559, 2.799999999999999822, -4.205093748468748949 ) ) ;
#865 = LINE ( 'NONE', #4409, #1920 ) ;
#866 = MECHANICAL_DESIGN_GEOMETRIC_PRESENTATION_REPRESENTATION (  '', ( #3376 ), #2758 ) ;
#867 = CARTESIAN_POINT ( 'NONE',  ( 0.6825686534422932272, 2.799999999999999822, -2.883519837222107363 ) ) ;
#868 = CARTESIAN_POINT ( 'NONE',  ( 2.721022540655751776, 2.801000000000000600, -2.297873664242195080 ) ) ;
#869 = CARTESIAN_POINT ( 'NONE',  ( 5.776328015424156526, 2.799999999999999822, -4.185380886348441187 ) ) ;
#870 =( NAMED_UNIT ( * ) PLANE_ANGLE_UNIT ( ) SI_UNIT ( $, .RADIAN. ) );
#871 = ORIENTED_EDGE ( 'NONE', *, *, #1007, .F. ) ;
#872 = EDGE_CURVE ( 'NONE', #4999, #2501, #652, .T. ) ;
#873 = DIRECTION ( 'NONE',  ( 0.000000000000000000, 0.000000000000000000, 1.000000000000000000 ) ) ;
#874 = VERTEX_POINT ( 'NONE', #4279 ) ;
#875 = PRESENTATION_STYLE_ASSIGNMENT (( #847 ) ) ;
#876 = ORIENTED_EDGE ( 'NONE', *, *, #1166, .T. ) ;
#877 = FACE_OUTER_BOUND ( 'NONE', #4532, .T. ) ;
#878 = B_SPLINE_SURFACE_WITH_KNOTS ( 'NONE', 3, 1, ( 
 ( #2681, #4682 ),
 ( #825, #11 ),
 ( #2565, #1704 ),
 ( #231, #2311 ),
 ( #659, #253 ),
 ( #1930, #1414 ),
 ( #2728, #179 ) ),
 .UNSPECIFIED., .F., .F., .F.,
 ( 4, 1, 1, 1, 4 ),
 ( 2, 2 ),
 ( 0.000000000000000000, 0.2678360697616103958, 0.5159771041735196073, 0.7584203312451209822, 1.000000000000000000 ),
 ( 0.000000000000000000, 1.000000000000000000 ),
 .UNSPECIFIED. ) ;
#879 =( NAMED_UNIT ( * ) SI_UNIT ( $, .STERADIAN. ) SOLID_ANGLE_UNIT ( ) );
#880 = SURFACE_STYLE_USAGE ( .BOTH. , #4735 ) ;
#881 =( GEOMETRIC_REPRESENTATION_CONTEXT ( 3 ) GLOBAL_UNCERTAINTY_ASSIGNED_CONTEXT ( ( #347 ) ) GLOBAL_UNIT_ASSIGNED_CONTEXT ( ( #1274, #3128, #1356 ) ) REPRESENTATION_CONTEXT ( 'NONE', 'WORKASPACE' ) );
#882 = CARTESIAN_POINT ( 'NONE',  ( 5.675527750649441039, 2.799999999999999822, -4.259656985542381591 ) ) ;
#883 = STYLED_ITEM ( 'NONE', ( #2691 ), #3447 ) ;
#884 = EDGE_CURVE ( 'NONE', #4935, #962, #4187, .T. ) ;
#885 =( LENGTH_UNIT ( ) NAMED_UNIT ( * ) SI_UNIT ( .MILLI., .METRE. ) );
#886 = ORIENTED_EDGE ( 'NONE', *, *, #364, .F. ) ;
#887 = FILL_AREA_STYLE ('',( #1309 ) ) ;
#888 = CARTESIAN_POINT ( 'NONE',  ( 3.798048230643385814, 2.799999999999999378, -2.295357851069772526 ) ) ;
#889 = CARTESIAN_POINT ( 'NONE',  ( 1.619789629494861716, 2.801000000000000600, -4.259201823537455134 ) ) ;
#890 = CARTESIAN_POINT ( 'NONE',  ( 4.410245089147829312, 2.801000000000000156, -4.103398922277621708 ) ) ;
#891 = CARTESIAN_POINT ( 'NONE',  ( 3.866346279624019555, 2.801000000000000156, -4.042014993706193771 ) ) ;
#892 = CARTESIAN_POINT ( 'NONE',  ( 3.725721279624019111, 2.799999999999999822, -3.305407850849050533 ) ) ;
#893 = SURFACE_STYLE_USAGE ( .BOTH. , #2213 ) ;
#894 = UNCERTAINTY_MEASURE_WITH_UNIT (LENGTH_MEASURE( 1.000000000000000082E-05 ), #647, 'distance_accuracy_value', 'NONE');
#895 = ORIENTED_EDGE ( 'NONE', *, *, #3288, .T. ) ;
#896 = PRESENTATION_STYLE_ASSIGNMENT (( #3794 ) ) ;
#897 = DIRECTION ( 'NONE',  ( 0.9950371902099885979, 0.000000000000000000, -0.09950371902100402233 ) ) ;
#898 = ORIENTED_EDGE ( 'NONE', *, *, #2300, .F. ) ;
#899 = DIRECTION ( 'NONE',  ( 0.000000000000000000, 1.000000000000000000, 0.000000000000000000 ) ) ;
#900 = VERTEX_POINT ( 'NONE', #2147 ) ;
#901 = FILL_AREA_STYLE ('',( #2616 ) ) ;
#902 = EDGE_CURVE ( 'NONE', #1706, #43, #1659, .T. ) ;
#903 =( LENGTH_UNIT ( ) NAMED_UNIT ( * ) SI_UNIT ( .MILLI., .METRE. ) );
#904 = LINE ( 'NONE', #2130, #636 ) ;
#905 = B_SPLINE_CURVE_WITH_KNOTS ( 'NONE', 3,
 ( #3953, #2250, #3451, #4712, #3098 ),
 .UNSPECIFIED., .F., .F.,
 ( 4, 1, 4 ),
 ( 0.000000000000000000, 0.4700705686705716202, 1.000000000000000000 ),
 .UNSPECIFIED. ) ;
#906 = CARTESIAN_POINT ( 'NONE',  ( 2.729813541528781418, 2.799999999999999822, -4.093354279420479358 ) ) ;
#907 = CARTESIAN_POINT ( 'NONE',  ( 4.700715090377487471, 2.799999999999999822, -2.312437825962322169 ) ) ;
#908 = EDGE_CURVE ( 'NONE', #593, #632, #1897, .T. ) ;
#909 = CARTESIAN_POINT ( 'NONE',  ( 2.120066517719257693, 2.801000000000000156, -2.912178684182384014 ) ) ;
#910 = CARTESIAN_POINT ( 'NONE',  ( 6.599999999999999645, 1.399999999999999911, -2.499999999999999556 ) ) ;
#911 = CARTESIAN_POINT ( 'NONE',  ( 2.136803533547675826, 2.799999999999999822, -2.986541802393994249 ) ) ;
#912 = AXIS2_PLACEMENT_3D ( 'NONE', #4056, #1976, #1917 ) ;
#913 = CARTESIAN_POINT ( 'NONE',  ( 0.6533457329910382638, 2.799999999999999378, -2.904117367797359517 ) ) ;
#914 = CARTESIAN_POINT ( 'NONE',  ( 0.000000000000000000, 0.2000000000000000944, -4.099999999999999645 ) ) ;
#915 = CARTESIAN_POINT ( 'NONE',  ( 1.671738794043749587, 2.800999999999999712, -4.237634341255246184 ) ) ;
#916 = ORIENTED_EDGE ( 'NONE', *, *, #2420, .T. ) ;
#917 = CIRCLE ( 'NONE', #912, 0.1999999999999996503 ) ;
#918 = FILL_AREA_STYLE ('',( #5133 ) ) ;
#919 = COLOUR_RGB ( '',0.7529411764705882248, 0.7529411764705882248, 0.7529411764705882248 ) ;
#920 = STYLED_ITEM ( 'NONE', ( #2515 ), #555 ) ;
#921 =( NAMED_UNIT ( * ) SI_UNIT ( $, .STERADIAN. ) SOLID_ANGLE_UNIT ( ) );
#922 = ORIENTED_EDGE ( 'NONE', *, *, #640, .F. ) ;
#923 = SURFACE_STYLE_USAGE ( .BOTH. , #959 ) ;
#924 = COLOUR_RGB ( '',0.5019607843137254832, 0.5019607843137254832, 0.5019607843137254832 ) ;
#925 = EDGE_LOOP ( 'NONE', ( #5502, #5359, #2689, #876 ) ) ;
#926 =( GEOMETRIC_REPRESENTATION_CONTEXT ( 3 ) GLOBAL_UNCERTAINTY_ASSIGNED_CONTEXT ( ( #3941 ) ) GLOBAL_UNIT_ASSIGNED_CONTEXT ( ( #3650, #184, #3188 ) ) REPRESENTATION_CONTEXT ( 'NONE', 'WORKASPACE' ) );
#927 = FILL_AREA_STYLE_COLOUR ( '', #3212 ) ;
#928 = EDGE_CURVE ( 'NONE', #5512, #1478, #761, .T. ) ;
#929 = ORIENTED_EDGE ( 'NONE', *, *, #1546, .F. ) ;
#930 = PRESENTATION_STYLE_ASSIGNMENT (( #3921 ) ) ;
#931 = AXIS2_PLACEMENT_3D ( 'NONE', #1494, #4844, #1059 ) ;
#932 = PRESENTATION_LAYER_ASSIGNMENT (  '', '', ( #4612 ) ) ;
#933 = DIRECTION ( 'NONE',  ( -0.000000000000000000, -1.000000000000000000, -0.000000000000000000 ) ) ;
#934 =( NAMED_UNIT ( * ) SI_UNIT ( $, .STERADIAN. ) SOLID_ANGLE_UNIT ( ) );
#935 = MECHANICAL_DESIGN_GEOMETRIC_PRESENTATION_REPRESENTATION (  '', ( #3086 ), #3184 ) ;
#936 = CARTESIAN_POINT ( 'NONE',  ( 5.747298660576400486, 2.799999999999999822, -4.231747136563336120 ) ) ;
#937 = VECTOR ( 'NONE', #2066, 1000.000000000000114 ) ;
#938 =( NAMED_UNIT ( * ) PLANE_ANGLE_UNIT ( ) SI_UNIT ( $, .RADIAN. ) );
#939 = ADVANCED_FACE ( 'NONE', ( #784 ), #4662, .F. ) ;
#940 = PRESENTATION_STYLE_ASSIGNMENT (( #858 ) ) ;
#941 = EDGE_CURVE ( 'NONE', #3306, #20, #2925, .T. ) ;
#942 = PLANE ( 'NONE',  #2768 ) ;
#943 = CARTESIAN_POINT ( 'NONE',  ( 2.577655803433543280, 2.801000000000000156, -2.270437612753812839 ) ) ;
#944 = CARTESIAN_POINT ( 'NONE',  ( 3.749530803433542836, 2.801000000000000156, -4.155482255610955633 ) ) ;
#945 = VECTOR ( 'NONE', #4027, 1000.000000000000000 ) ;
#946 = CARTESIAN_POINT ( 'NONE',  ( 2.547007230695034874, 2.799999999999998934, -4.218268856468283090 ) ) ;
#947 = CARTESIAN_POINT ( 'NONE',  ( 5.667685565338305587, 2.801000000000000156, -4.260020946087146321 ) ) ;
#948 = CARTESIAN_POINT ( 'NONE',  ( 1.590132328685944341, 2.800999999999999712, -2.260104022991765049 ) ) ;
#949 = VERTEX_POINT ( 'NONE', #4333 ) ;
#950 = STYLED_ITEM ( 'NONE', ( #495 ), #4000 ) ;
#951 =( NAMED_UNIT ( * ) SI_UNIT ( $, .STERADIAN. ) SOLID_ANGLE_UNIT ( ) );
#952 = DIRECTION ( 'NONE',  ( 0.5508529942087444509, 0.000000000000000000, 0.8346022877821872576 ) ) ;
#953 = CARTESIAN_POINT ( 'NONE',  ( 1.515527827243066783, 2.799999999999999822, -2.342982255610955633 ) ) ;
#954 = UNCERTAINTY_MEASURE_WITH_UNIT (LENGTH_MEASURE( 1.000000000000000082E-05 ), #203, 'distance_accuracy_value', 'NONE');
#955 = AXIS2_PLACEMENT_3D ( 'NONE', #5385, #1529, #4831 ) ;
#956 = VERTEX_POINT ( 'NONE', #953 ) ;
#957 = PLANE ( 'NONE',  #1455 ) ;
#958 = EDGE_CURVE ( 'NONE', #1306, #744, #5138, .T. ) ;
#959 = SURFACE_SIDE_STYLE ('',( #4338 ) ) ;
#960 = VERTEX_POINT ( 'NONE', #1769 ) ;
#961 = SURFACE_STYLE_FILL_AREA ( #4732 ) ;
#962 = VERTEX_POINT ( 'NONE', #3058 ) ;
#963 = PLANE ( 'NONE',  #850 ) ;
#964 = CARTESIAN_POINT ( 'NONE',  ( 2.114893904336113017, 2.799999999999999822, -3.020256505071769126 ) ) ;
#965 = CARTESIAN_POINT ( 'NONE',  ( 5.712178860026249083, 2.799999999999999822, -4.253775425639221730 ) ) ;
#966 = CARTESIAN_POINT ( 'NONE',  ( 5.741996857812476485, 2.799999999999999822, -4.236069886122718842 ) ) ;
#967 = DIRECTION ( 'NONE',  ( -1.000000000000000000, 0.000000000000000000, 0.000000000000000000 ) ) ;
#968 = STYLED_ITEM ( 'NONE', ( #176 ), #3176 ) ;
#969 = LINE ( 'NONE', #526, #3282 ) ;
#970 = ADVANCED_FACE ( 'NONE', ( #1394 ), #3055, .T. ) ;
#971 = CARTESIAN_POINT ( 'NONE',  ( 1.515527827243066783, 2.801000000000000156, -2.342982255610955633 ) ) ;
#972 = ADVANCED_FACE ( 'NONE', ( #4369 ), #481, .T. ) ;
#973 = LINE ( 'NONE', #4843, #5383 ) ;
#974 = CARTESIAN_POINT ( 'NONE',  ( 1.545363580360915590, 2.800000000000000711, -2.276889338386461681 ) ) ;
#975 = ORIENTED_EDGE ( 'NONE', *, *, #908, .T. ) ;
#976 = CARTESIAN_POINT ( 'NONE',  ( 0.6423879462906858517, 2.801000000000000156, -2.995884041325241220 ) ) ;
#977 = CARTESIAN_POINT ( 'NONE',  ( 0.6453641367668763174, 2.799999999999999822, -2.919619160372859845 ) ) ;
#978 =( NAMED_UNIT ( * ) SI_UNIT ( $, .STERADIAN. ) SOLID_ANGLE_UNIT ( ) );
#979 = DIRECTION ( 'NONE',  ( 0.4563166475962743829, 0.000000000000000000, -0.8898174628127375474 ) ) ;
#980 = CARTESIAN_POINT ( 'NONE',  ( 4.872298660576400486, 2.799999999999999822, -2.298711422277621708 ) ) ;
#981 = ORIENTED_EDGE ( 'NONE', *, *, #2597, .F. ) ;
#982 = VERTEX_POINT ( 'NONE', #3578 ) ;
#983 = FILL_AREA_STYLE_COLOUR ( '', #3570 ) ;
#984 = ORIENTED_EDGE ( 'NONE', *, *, #1321, .F. ) ;
#985 = PLANE ( 'NONE',  #3028 ) ;
#986 = EDGE_CURVE ( 'NONE', #3916, #102, #3216, .T. ) ;
#987 = SURFACE_STYLE_FILL_AREA ( #3527 ) ;
#988 = CARTESIAN_POINT ( 'NONE',  ( 3.699307589147828867, 2.799999999999999822, -3.520437612753812395 ) ) ;
#989 = DIRECTION ( 'NONE',  ( -0.4563166475962743829, 0.000000000000000000, 0.8898174628127375474 ) ) ;
#990 =( NAMED_UNIT ( * ) SI_UNIT ( $, .STERADIAN. ) SOLID_ANGLE_UNIT ( ) );
#991 = LINE ( 'NONE', #4092, #4709 ) ;
#992 =( GEOMETRIC_REPRESENTATION_CONTEXT ( 3 ) GLOBAL_UNCERTAINTY_ASSIGNED_CONTEXT ( ( #675 ) ) GLOBAL_UNIT_ASSIGNED_CONTEXT ( ( #4510, #2314, #5274 ) ) REPRESENTATION_CONTEXT ( 'NONE', 'WORKASPACE' ) );
#993 = PLANE ( 'NONE',  #4031 ) ;
#994 = CARTESIAN_POINT ( 'NONE',  ( 2.582088531646553164, 2.800999999999999712, -2.268842217210734091 ) ) ;
#995 = ORIENTED_EDGE ( 'NONE', *, *, #1548, .F. ) ;
#996 = EDGE_CURVE ( 'NONE', #900, #5313, #157, .T. ) ;
#997 =( NAMED_UNIT ( * ) PLANE_ANGLE_UNIT ( ) SI_UNIT ( $, .RADIAN. ) );
#998 = DIRECTION ( 'NONE',  ( 0.000000000000000000, 0.000000000000000000, 1.000000000000000000 ) ) ;
#999 = FILL_AREA_STYLE_COLOUR ( '', #2562 ) ;
#1000 = ORIENTED_EDGE ( 'NONE', *, *, #4730, .T. ) ;
#1001 = COLOUR_RGB ( '',0.5019607843137254832, 0.5019607843137254832, 0.5019607843137254832 ) ;
#1002 = CARTESIAN_POINT ( 'NONE',  ( 3.961185761176879261, 2.800000000000000711, -2.361327728568180628 ) ) ;
#1003 = CARTESIAN_POINT ( 'NONE',  ( 1.564664680775396999, 2.801000000000000600, -2.264838804352808488 ) ) ;
#1004 = STYLED_ITEM ( 'NONE', ( #1887 ), #278 ) ;
#1005 = CARTESIAN_POINT ( 'NONE',  ( 4.831723230831157956, 2.800999999999998824, -2.268623343895895594 ) ) ;
#1006 = ORIENTED_EDGE ( 'NONE', *, *, #3253, .T. ) ;
#1007 = EDGE_CURVE ( 'NONE', #536, #3701, #3438, .T. ) ;
#1008 = STYLED_ITEM ( 'NONE', ( #3467 ), #2864 ) ;
#1009 = ORIENTED_EDGE ( 'NONE', *, *, #4180, .F. ) ;
#1010 =( GEOMETRIC_REPRESENTATION_CONTEXT ( 3 ) GLOBAL_UNCERTAINTY_ASSIGNED_CONTEXT ( ( #4172 ) ) GLOBAL_UNIT_ASSIGNED_CONTEXT ( ( #3364, #4708, #1189 ) ) REPRESENTATION_CONTEXT ( 'NONE', 'WORKASPACE' ) );
#1011 = DIRECTION ( 'NONE',  ( -0.000000000000000000, 1.000000000000000000, -0.000000000000000000 ) ) ;
#1012 = ORIENTED_EDGE ( 'NONE', *, *, #3353, .F. ) ;
#1013 = VECTOR ( 'NONE', #4246, 1000.000000000000000 ) ;
#1014 = FILL_AREA_STYLE ('',( #594 ) ) ;
#1015 = CARTESIAN_POINT ( 'NONE',  ( 4.776316517719257249, 2.799999999999999822, -2.260020946087145877 ) ) ;
#1016 = PLANE ( 'NONE',  #5131 ) ;
#1017 = LINE ( 'NONE', #2327, #3700 ) ;
#1018 = MECHANICAL_DESIGN_GEOMETRIC_PRESENTATION_REPRESENTATION (  '', ( #2739 ), #3118 ) ;
#1019 = CARTESIAN_POINT ( 'NONE',  ( 3.959352232004971661, 2.799999999999999822, -2.367907850849050977 ) ) ;
#1020 = CARTESIAN_POINT ( 'NONE',  ( 2.577655803433543280, 2.799999999999999822, -2.270437612753812839 ) ) ;
#1021 =( GEOMETRIC_REPRESENTATION_CONTEXT ( 3 ) GLOBAL_UNCERTAINTY_ASSIGNED_CONTEXT ( ( #3272 ) ) GLOBAL_UNIT_ASSIGNED_CONTEXT ( ( #4511, #1900, #2731 ) ) REPRESENTATION_CONTEXT ( 'NONE', 'WORKASPACE' ) );
#1022 = B_SPLINE_CURVE_WITH_KNOTS ( 'NONE', 3,
 ( #4199, #2035, #1184, #2089, #352 ),
 .UNSPECIFIED., .F., .F.,
 ( 4, 1, 4 ),
 ( 0.000000000000000000, 0.4071624802286769595, 1.000000000000000000 ),
 .UNSPECIFIED. ) ;
#1023 = COLOUR_RGB ( '',0.7529411764705882248, 0.7529411764705882248, 0.7529411764705882248 ) ;
#1024 = SURFACE_STYLE_USAGE ( .BOTH. , #145 ) ;
#1025 = FILL_AREA_STYLE ('',( #201 ) ) ;
#1026 = CARTESIAN_POINT ( 'NONE',  ( 1.678846279624019111, 2.799999999999999822, -4.233607255610955633 ) ) ;
#1027 = FILL_AREA_STYLE_COLOUR ( '', #4537 ) ;
#1028 = CARTESIAN_POINT ( 'NONE',  ( 1.515527827243066783, 2.800000000000000266, -2.342982255610955633 ) ) ;
#1029 = CARTESIAN_POINT ( 'NONE',  ( 4.711956398671637736, 2.799999999999999822, -2.374232255610955633 ) ) ;
#1030 = STYLED_ITEM ( 'NONE', ( #1775 ), #4949 ) ;
#1031 = ORIENTED_EDGE ( 'NONE', *, *, #198, .F. ) ;
#1032 =( GEOMETRIC_REPRESENTATION_CONTEXT ( 3 ) GLOBAL_UNCERTAINTY_ASSIGNED_CONTEXT ( ( #1066 ) ) GLOBAL_UNIT_ASSIGNED_CONTEXT ( ( #4576, #2027, #2457 ) ) REPRESENTATION_CONTEXT ( 'NONE', 'WORKASPACE' ) );
#1033 = CARTESIAN_POINT ( 'NONE',  ( 3.396852232004971661, 2.801000000000000156, -3.379068565134765390 ) ) ;
#1034 = SURFACE_SIDE_STYLE ('',( #257 ) ) ;
#1035 = STYLED_ITEM ( 'NONE', ( #2782 ), #3728 ) ;
#1036 = VERTEX_POINT ( 'NONE', #4024 ) ;
#1037 = DIRECTION ( 'NONE',  ( 1.000000000000000000, 0.000000000000000000, 0.000000000000000000 ) ) ;
#1038 = ORIENTED_EDGE ( 'NONE', *, *, #5348, .F. ) ;
#1039 = PLANE ( 'NONE',  #2036 ) ;
#1040 = SURFACE_STYLE_FILL_AREA ( #4114 ) ;
#1041 = VECTOR ( 'NONE', #4911, 1000.000000000000000 ) ;
#1042 = EDGE_CURVE ( 'NONE', #3398, #2178, #1087, .T. ) ;
#1043 = DIRECTION ( 'NONE',  ( 0.000000000000000000, -0.000000000000000000, 1.000000000000000000 ) ) ;
#1044 = EDGE_CURVE ( 'NONE', #1154, #5515, #1444, .T. ) ;
#1045 = VECTOR ( 'NONE', #3865, 1000.000000000000000 ) ;
#1046 = FILL_AREA_STYLE ('',( #2353 ) ) ;
#1047 = CARTESIAN_POINT ( 'NONE',  ( 0.000000000000000000, 2.799999999999999822, 0.000000000000000000 ) ) ;
#1048 = DIRECTION ( 'NONE',  ( -1.000000000000000000, 0.000000000000000000, 0.000000000000000000 ) ) ;
#1049 =( NAMED_UNIT ( * ) PLANE_ANGLE_UNIT ( ) SI_UNIT ( $, .RADIAN. ) );
#1050 = B_SPLINE_CURVE_WITH_KNOTS ( 'NONE', 3,
 ( #1291, #4727, #5205, #2610, #4308 ),
 .UNSPECIFIED., .F., .F.,
 ( 4, 1, 4 ),
 ( 0.000000000000000000, 0.4958388241544888775, 1.000000000000000000 ),
 .UNSPECIFIED. ) ;
#1051 = LINE ( 'NONE', #4869, #1293 ) ;
#1052 = FILL_AREA_STYLE ('',( #4898 ) ) ;
#1053 = CARTESIAN_POINT ( 'NONE',  ( 1.515527827243066783, 2.801000000000000156, -2.342982255610955633 ) ) ;
#1054 = CARTESIAN_POINT ( 'NONE',  ( 1.516629534458912687, 2.800000000000001599, -2.324214979886934263 ) ) ;
#1055 = ADVANCED_FACE ( 'NONE', ( #187, #1420 ), #4105, .F. ) ;
#1056 = FACE_OUTER_BOUND ( 'NONE', #4005, .T. ) ;
#1057 = DIRECTION ( 'NONE',  ( -0.4380496185896152195, 0.000000000000000000, 0.8989507949011962262 ) ) ;
#1058 = B_SPLINE_CURVE_WITH_KNOTS ( 'NONE', 3,
 ( #3703, #2343, #3294, #1005, #2740, #4049, #3601 ),
 .UNSPECIFIED., .F., .F.,
 ( 4, 1, 1, 1, 4 ),
 ( 0.000000000000000000, 0.2319038929630343471, 0.4705984142078326049, 0.7200705938274238882, 1.000000000000000000 ),
 .UNSPECIFIED. ) ;
#1059 = DIRECTION ( 'NONE',  ( -1.000000000000000000, 0.000000000000000000, 0.000000000000000000 ) ) ;
#1060 = VERTEX_POINT ( 'NONE', #1525 ) ;
#1061 = VECTOR ( 'NONE', #3178, 1000.000000000000114 ) ;
#1062 = SURFACE_STYLE_FILL_AREA ( #236 ) ;
#1063 = PRESENTATION_STYLE_ASSIGNMENT (( #209 ) ) ;
#1064 = MECHANICAL_DESIGN_GEOMETRIC_PRESENTATION_REPRESENTATION (  '', ( #1597 ), #4917 ) ;
#1065 = CARTESIAN_POINT ( 'NONE',  ( 1.706004017719257471, 2.801000000000000156, -2.325125112753812839 ) ) ;
#1066 = UNCERTAINTY_MEASURE_WITH_UNIT (LENGTH_MEASURE( 1.000000000000000082E-05 ), #4576, 'distance_accuracy_value', 'NONE');
#1067 = CARTESIAN_POINT ( 'NONE',  ( 3.396852232004971661, 2.799999999999999822, -3.379068565134765390 ) ) ;
#1068 = ORIENTED_EDGE ( 'NONE', *, *, #2697, .T. ) ;
#1069 = FILL_AREA_STYLE_COLOUR ( '', #448 ) ;
#1070 = VERTEX_POINT ( 'NONE', #2767 ) ;
#1071 = SURFACE_STYLE_USAGE ( .BOTH. , #3201 ) ;
#1072 = CARTESIAN_POINT ( 'NONE',  ( 4.348861160576400486, 2.801000000000000156, -4.167014993706193771 ) ) ;
#1073 = CARTESIAN_POINT ( 'NONE',  ( 2.608527998915330492, 2.799999999999999822, -2.262134312470514441 ) ) ;
#1074 = SURFACE_STYLE_USAGE ( .BOTH. , #4036 ) ;
#1075 =( NAMED_UNIT ( * ) SI_UNIT ( $, .STERADIAN. ) SOLID_ANGLE_UNIT ( ) );
#1076 = LINE ( 'NONE', #3125, #3981 ) ;
#1077 = LINE ( 'NONE', #626, #5418 ) ;
#1078 = CARTESIAN_POINT ( 'NONE',  ( 0.7011677081954477142, 2.801000000000000156, -2.879068565134764945 ) ) ;
#1079 = CARTESIAN_POINT ( 'NONE',  ( 5.667685565338305587, 2.801000000000000156, -4.260020946087146321 ) ) ;
#1080 = EDGE_CURVE ( 'NONE', #4467, #2087, #3013, .T. ) ;
#1081 = SURFACE_STYLE_USAGE ( .BOTH. , #204 ) ;
#1082 = FILL_AREA_STYLE ('',( #999 ) ) ;
#1083 = VERTEX_POINT ( 'NONE', #1115 ) ;
#1084 =( NAMED_UNIT ( * ) PLANE_ANGLE_UNIT ( ) SI_UNIT ( $, .RADIAN. ) );
#1085 = B_SPLINE_CURVE_WITH_KNOTS ( 'NONE', 3,
 ( #408, #2436, #3743, #3768, #4141, #730, #3799 ),
 .UNSPECIFIED., .F., .F.,
 ( 4, 1, 1, 1, 4 ),
 ( 0.000000000000000000, 0.2387597408372023056, 0.4775194816744000037, 0.7245226249102039162, 1.000000000000000000 ),
 .UNSPECIFIED. ) ;
#1086 = ORIENTED_EDGE ( 'NONE', *, *, #1577, .T. ) ;
#1087 = LINE ( 'NONE', #4470, #1809 ) ;
#1088 = CARTESIAN_POINT ( 'NONE',  ( 6.599999999999999645, 0.2000000000000000111, -4.200000000000000178 ) ) ;
#1089 = ORIENTED_EDGE ( 'NONE', *, *, #4267, .F. ) ;
#1090 = ORIENTED_EDGE ( 'NONE', *, *, #5120, .F. ) ;
#1091 = LINE ( 'NONE', #592, #4102 ) ;
#1092 = EDGE_CURVE ( 'NONE', #3235, #5478, #4591, .T. ) ;
#1093 = ORIENTED_EDGE ( 'NONE', *, *, #5374, .T. ) ;
#1094 = CARTESIAN_POINT ( 'NONE',  ( 1.602209374862114455, 2.799999999999999822, -4.260020946087146321 ) ) ;
#1095 = STYLED_ITEM ( 'NONE', ( #4710 ), #760 ) ;
#1096 = EDGE_CURVE ( 'NONE', #536, #1297, #692, .T. ) ;
#1097 = STYLED_ITEM ( 'NONE', ( #2701 ), #1684 ) ;
#1098 = DIRECTION ( 'NONE',  ( -0.8694565573927688362, 0.000000000000000000, 0.4940094076095261633 ) ) ;
#1099 = VECTOR ( 'NONE', #2517, 1000.000000000000000 ) ;
#1100 = PRESENTATION_LAYER_ASSIGNMENT (  '', '', ( #3102 ) ) ;
#1101 = PRESENTATION_STYLE_ASSIGNMENT (( #434 ) ) ;
#1102 = CARTESIAN_POINT ( 'NONE',  ( 0.000000000000000000, 2.799999999999999822, -6.099999999999999645 ) ) ;
#1103 = CARTESIAN_POINT ( 'NONE',  ( 1.619789629494861716, 2.801000000000000600, -4.259201823537455134 ) ) ;
#1104 = AXIS2_PLACEMENT_3D ( 'NONE', #127, #1370, #979 ) ;
#1105 = CARTESIAN_POINT ( 'NONE',  ( 1.678846279624019111, 2.799999999999999822, -4.233607255610955633 ) ) ;
#1106 = CARTESIAN_POINT ( 'NONE',  ( 4.386574830310309814, 2.800999999999999712, -4.108627562168577718 ) ) ;
#1107 = ADVANCED_FACE ( 'NONE', ( #2738 ), #3626, .T. ) ;
#1108 = ORIENTED_EDGE ( 'NONE', *, *, #1299, .F. ) ;
#1109 = STYLED_ITEM ( 'NONE', ( #2109 ), #4683 ) ;
#1110 = PRESENTATION_STYLE_ASSIGNMENT (( #3674 ) ) ;
#1111 = CARTESIAN_POINT ( 'NONE',  ( 0.000000000000000000, 0.000000000000000000, -2.399999999999999467 ) ) ;
#1113 = VECTOR ( 'NONE', #4784, 1000.000000000000000 ) ;
#1112 = VECTOR ( 'NONE', #3485, 1000.000000000000000 ) ;
#1114 = ORIENTED_EDGE ( 'NONE', *, *, #1796, .F. ) ;
#1115 = CARTESIAN_POINT ( 'NONE',  ( 2.729813541528781418, 2.799999999999999822, -3.212401898468098427 ) ) ;
#1116 = UNCERTAINTY_MEASURE_WITH_UNIT (LENGTH_MEASURE( 1.000000000000000082E-05 ), #590, 'distance_accuracy_value', 'NONE');
#1117 =( NAMED_UNIT ( * ) SI_UNIT ( $, .STERADIAN. ) SOLID_ANGLE_UNIT ( ) );
#1118 = ORIENTED_EDGE ( 'NONE', *, *, #70, .T. ) ;
#1119 = VERTEX_POINT ( 'NONE', #2423 ) ;
#1120 = CARTESIAN_POINT ( 'NONE',  ( 2.540216631500571420, 2.801000000000001933, -2.318344031251358572 ) ) ;
#1121 = CARTESIAN_POINT ( 'NONE',  ( 0.6345754462906857407, 2.801000000000000156, -2.955705469896669602 ) ) ;
#1122 = UNCERTAINTY_MEASURE_WITH_UNIT (LENGTH_MEASURE( 1.000000000000000082E-05 ), #5546, 'distance_accuracy_value', 'NONE');
#1123 = VECTOR ( 'NONE', #4380, 1000.000000000000000 ) ;
#1124 = EDGE_CURVE ( 'NONE', #4678, #982, #3403, .T. ) ;
#1125 = FILL_AREA_STYLE ('',( #2406 ) ) ;
#1126 = EDGE_LOOP ( 'NONE', ( #1622, #2114, #2287, #4497 ) ) ;
#1127 = FACE_OUTER_BOUND ( 'NONE', #4410, .T. ) ;
#1128 = DIRECTION ( 'NONE',  ( 0.6942143843682679893, 0.000000000000000000, -0.7197682880873446098 ) ) ;
#1129 = CARTESIAN_POINT ( 'NONE',  ( 2.729813541528781418, 2.801000000000000156, -4.093354279420479358 ) ) ;
#1130 = CARTESIAN_POINT ( 'NONE',  ( 3.967908779624019111, 2.799999999999999822, -3.835541779420479358 ) ) ;
#1131 = CARTESIAN_POINT ( 'NONE',  ( 2.539337351052590730, 2.801000000000000156, -2.339634041325241220 ) ) ;
#1132 = CARTESIAN_POINT ( 'NONE',  ( 3.639039732004971661, 2.799999999999999822, -4.019321541325241220 ) ) ;
#1133 = SURFACE_STYLE_USAGE ( .BOTH. , #4983 ) ;
#1134 = SURFACE_STYLE_FILL_AREA ( #2478 ) ;
#1135 = CARTESIAN_POINT ( 'NONE',  ( 2.104601419374838134, 2.801000000000000600, -2.896617472288671724 ) ) ;
#1136 = ORIENTED_EDGE ( 'NONE', *, *, #5545, .F. ) ;
#1137 = DIRECTION ( 'NONE',  ( -0.5894221488658042407, 0.000000000000000000, 0.8078251855608475918 ) ) ;
#1138 = ADVANCED_FACE ( 'NONE', ( #1200 ), #3444, .T. ) ;
#1139 = ADVANCED_FACE ( 'NONE', ( #4214 ), #367, .T. ) ;
#1140 = DIRECTION ( 'NONE',  ( -1.000000000000000000, -0.000000000000000000, -0.000000000000000000 ) ) ;
#1141 = ORIENTED_EDGE ( 'NONE', *, *, #2357, .T. ) ;
#1142 = FILL_AREA_STYLE ('',( #5499 ) ) ;
#1143 = LINE ( 'NONE', #5073, #746 ) ;
#1144 =( GEOMETRIC_REPRESENTATION_CONTEXT ( 3 ) GLOBAL_UNCERTAINTY_ASSIGNED_CONTEXT ( ( #5509 ) ) GLOBAL_UNIT_ASSIGNED_CONTEXT ( ( #745, #3753, #774 ) ) REPRESENTATION_CONTEXT ( 'NONE', 'WORKASPACE' ) );
#1145 = VERTEX_POINT ( 'NONE', #426 ) ;
#1146 = ORIENTED_EDGE ( 'NONE', *, *, #198, .T. ) ;
#1147 = ORIENTED_EDGE ( 'NONE', *, *, #58, .T. ) ;
#1148 = B_SPLINE_CURVE_WITH_KNOTS ( 'NONE', 3,
 ( #4193, #5504, #400, #2539, #1657 ),
 .UNSPECIFIED., .F., .F.,
 ( 4, 1, 4 ),
 ( 0.000000000000000000, 0.4700705686705716202, 1.000000000000000000 ),
 .UNSPECIFIED. ) ;
#1149 = EDGE_CURVE ( 'NONE', #2873, #1845, #4657, .T. ) ;
#1150 = STYLED_ITEM ( 'NONE', ( #3970 ), #3497 ) ;
#1151 =( NAMED_UNIT ( * ) PLANE_ANGLE_UNIT ( ) SI_UNIT ( $, .RADIAN. ) );
#1152 = CARTESIAN_POINT ( 'NONE',  ( 2.120066517719257693, 2.799999999999999822, -2.912178684182384014 ) ) ;
#1153 = DIRECTION ( 'NONE',  ( -0.000000000000000000, 1.000000000000000000, -0.000000000000000000 ) ) ;
#1154 = VERTEX_POINT ( 'NONE', #914 ) ;
#1155 = CARTESIAN_POINT ( 'NONE',  ( 1.678846279624019111, 2.799999999999999822, -4.233607255610955633 ) ) ;
#1156 = ADVANCED_FACE ( 'NONE', ( #5129 ), #2566, .T. ) ;
#1157 = LINE ( 'NONE', #441, #937 ) ;
#1158 = DIRECTION ( 'NONE',  ( 0.000000000000000000, -1.000000000000000000, 0.000000000000000000 ) ) ;
#1159 =( NAMED_UNIT ( * ) PLANE_ANGLE_UNIT ( ) SI_UNIT ( $, .RADIAN. ) );
#1160 = CARTESIAN_POINT ( 'NONE',  ( 1.199999999999999956, 0.2000000000000000111, -2.399999999999999911 ) ) ;
#1161 = CARTESIAN_POINT ( 'NONE',  ( 1.678846279624019111, 2.801000000000000156, -4.233607255610955633 ) ) ;
#1162 = CARTESIAN_POINT ( 'NONE',  ( 1.683089982016794606, 2.800000000000000266, -4.228577958790639357 ) ) ;
#1163 = CARTESIAN_POINT ( 'NONE',  ( 3.798048230643385814, 2.800999999999999712, -2.295357851069772526 ) ) ;
#1164 = ORIENTED_EDGE ( 'NONE', *, *, #2482, .T. ) ;
#1165 = SURFACE_STYLE_USAGE ( .BOTH. , #1587 ) ;
#1166 = EDGE_CURVE ( 'NONE', #3770, #102, #3543, .T. ) ;
#1167 = DIRECTION ( 'NONE',  ( -1.000000000000000000, 0.000000000000000000, -0.000000000000000000 ) ) ;
#1168 = CARTESIAN_POINT ( 'NONE',  ( 4.410245089147829312, 2.799999999999999822, -4.103398922277621708 ) ) ;
#1169 = ORIENTED_EDGE ( 'NONE', *, *, #5217, .F. ) ;
#1170 = CARTESIAN_POINT ( 'NONE',  ( 3.777432589147828867, 2.801000000000000156, -3.667014993706193327 ) ) ;
#1171 = UNCERTAINTY_MEASURE_WITH_UNIT (LENGTH_MEASURE( 1.000000000000000082E-05 ), #328, 'distance_accuracy_value', 'NONE');
#1172 = SURFACE_STYLE_USAGE ( .BOTH. , #1254 ) ;
#1173 = B_SPLINE_CURVE_WITH_KNOTS ( 'NONE', 3,
 ( #1817, #502, #4742, #2141, #3844, #888, #2627 ),
 .UNSPECIFIED., .F., .F.,
 ( 4, 1, 1, 1, 4 ),
 ( 0.000000000000000000, 0.2585252519374028335, 0.4943401226552890937, 0.7343883582397736642, 1.000000000000000000 ),
 .UNSPECIFIED. ) ;
#1174 = ORIENTED_EDGE ( 'NONE', *, *, #83, .T. ) ;
#1175 = COLOUR_RGB ( '',0.5019607843137254832, 0.5019607843137254832, 0.5019607843137254832 ) ;
#1176 = ORIENTED_EDGE ( 'NONE', *, *, #570, .T. ) ;
#1177 =( LENGTH_UNIT ( ) NAMED_UNIT ( * ) SI_UNIT ( .MILLI., .METRE. ) );
#1178 = DIRECTION ( 'NONE',  ( 0.000000000000000000, 0.000000000000000000, 1.000000000000000000 ) ) ;
#1179 = UNCERTAINTY_MEASURE_WITH_UNIT (LENGTH_MEASURE( 1.000000000000000082E-05 ), #1399, 'distance_accuracy_value', 'NONE');
#1180 = CARTESIAN_POINT ( 'NONE',  ( 2.031524851052590730, 2.799999999999999822, -2.879068565134764945 ) ) ;
#1181 = EDGE_CURVE ( 'NONE', #1478, #2518, #1173, .T. ) ;
#1182 = VERTEX_POINT ( 'NONE', #3024 ) ;
#1183 = VECTOR ( 'NONE', #3286, 1000.000000000000000 ) ;
#1184 = CARTESIAN_POINT ( 'NONE',  ( 4.700715090377487471, 2.801000000000000156, -2.312437825962322169 ) ) ;
#1185 = STYLED_ITEM ( 'NONE', ( #4749 ), #970 ) ;
#1186 = ORIENTED_EDGE ( 'NONE', *, *, #1977, .T. ) ;
#1187 = FACE_OUTER_BOUND ( 'NONE', #4365, .T. ) ;
#1188 = CARTESIAN_POINT ( 'NONE',  ( 2.137233611856485638, 2.799999999999998934, -2.943771247676421066 ) ) ;
#1189 =( NAMED_UNIT ( * ) SI_UNIT ( $, .STERADIAN. ) SOLID_ANGLE_UNIT ( ) );
#1190 =( GEOMETRIC_REPRESENTATION_CONTEXT ( 3 ) GLOBAL_UNCERTAINTY_ASSIGNED_CONTEXT ( ( #1572 ) ) GLOBAL_UNIT_ASSIGNED_CONTEXT ( ( #3495, #377, #2611 ) ) REPRESENTATION_CONTEXT ( 'NONE', 'WORKASPACE' ) );
#1191 = VECTOR ( 'NONE', #3464, 1000.000000000000114 ) ;
#1192 = SURFACE_SIDE_STYLE ('',( #3312 ) ) ;
#1193 = CARTESIAN_POINT ( 'NONE',  ( 2.083727131607533423, 2.800999999999999712, -2.885946693388429019 ) ) ;
#1194 = CIRCLE ( 'NONE', #561, 0.1999999999999996503 ) ;
#1195 = VECTOR ( 'NONE', #5381, 1000.000000000000114 ) ;
#1196 = PRESENTATION_LAYER_ASSIGNMENT (  '', '', ( #5323 ) ) ;
#1197 = CARTESIAN_POINT ( 'NONE',  ( 4.710096279624019999, 2.799999999999999822, -2.298711422277621708 ) ) ;
#1198 = DIRECTION ( 'NONE',  ( 0.000000000000000000, -1.000000000000000000, 0.000000000000000000 ) ) ;
#1199 = MECHANICAL_DESIGN_GEOMETRIC_PRESENTATION_REPRESENTATION (  '', ( #2928 ), #4440 ) ;
#1200 = FACE_OUTER_BOUND ( 'NONE', #1591, .T. ) ;
#1201 = MECHANICAL_DESIGN_GEOMETRIC_PRESENTATION_REPRESENTATION (  '', ( #1550 ), #4795 ) ;
#1202 = EDGE_CURVE ( 'NONE', #313, #4571, #4269, .T. ) ;
#1203 = DIRECTION ( 'NONE',  ( 0.000000000000000000, 1.000000000000000000, 0.000000000000000000 ) ) ;
#1204 = ORIENTED_EDGE ( 'NONE', *, *, #4148, .F. ) ;
#1205 = ORIENTED_EDGE ( 'NONE', *, *, #397, .T. ) ;
#1206 = MECHANICAL_DESIGN_GEOMETRIC_PRESENTATION_REPRESENTATION (  '', ( #1109 ), #5157 ) ;
#1207 = FACE_OUTER_BOUND ( 'NONE', #1363, .T. ) ;
#1208 = CARTESIAN_POINT ( 'NONE',  ( 4.712873085298820541, 2.801000000000000156, -2.293608184447571308 ) ) ;
#1209 = CARTESIAN_POINT ( 'NONE',  ( 2.560392111261009962, 2.799999999999999822, -2.282288673255089329 ) ) ;
#1210 = COLOUR_RGB ( '',0.5019607843137254832, 0.5019607843137254832, 0.5019607843137254832 ) ;
#1211 = LINE ( 'NONE', #4642, #1539 ) ;
#1212 = PRESENTATION_STYLE_ASSIGNMENT (( #2977 ) ) ;
#1213 = ORIENTED_EDGE ( 'NONE', *, *, #170, .F. ) ;
#1214 =( NAMED_UNIT ( * ) SI_UNIT ( $, .STERADIAN. ) SOLID_ANGLE_UNIT ( ) );
#1215 = EDGE_CURVE ( 'NONE', #4810, #630, #1493, .T. ) ;
#1216 = CARTESIAN_POINT ( 'NONE',  ( 1.691977144327057703, 2.801000000000000156, -4.218045604489658373 ) ) ;
#1217 = AXIS2_PLACEMENT_3D ( 'NONE', #2673, #2719, #3477 ) ;
#1218 = FACE_OUTER_BOUND ( 'NONE', #5184, .T. ) ;
#1219 = PRESENTATION_STYLE_ASSIGNMENT (( #1670 ) ) ;
#1220 = CARTESIAN_POINT ( 'NONE',  ( 6.599999999999999645, 0.09999999999999997780, 0.000000000000000000 ) ) ;
#1221 = VECTOR ( 'NONE', #3885, 1000.000000000000114 ) ;
#1222 = SURFACE_SIDE_STYLE ('',( #1134 ) ) ;
#1223 = SURFACE_SIDE_STYLE ('',( #4183 ) ) ;
#1224 = VERTEX_POINT ( 'NONE', #1899 ) ;
#1225 = CARTESIAN_POINT ( 'NONE',  ( 5.599999999999999645, -0.1000000000000000194, -4.099999999999999645 ) ) ;
#1226 = DIRECTION ( 'NONE',  ( -0.000000000000000000, -1.000000000000000000, -0.000000000000000000 ) ) ;
#1227 = EDGE_CURVE ( 'NONE', #5503, #3375, #5375, .T. ) ;
#1228 = CARTESIAN_POINT ( 'NONE',  ( 1.602209374862114455, 2.801000000000000156, -4.260020946087146321 ) ) ;
#1229 = SURFACE_SIDE_STYLE ('',( #4992 ) ) ;
#1230 = FILL_AREA_STYLE_COLOUR ( '', #2471 ) ;
#1231 = ORIENTED_EDGE ( 'NONE', *, *, #2121, .F. ) ;
#1232 = B_SPLINE_SURFACE_WITH_KNOTS ( 'NONE', 3, 1, ( 
 ( #90, #2230 ),
 ( #545, #2281 ),
 ( #2679, #3987 ),
 ( #1434, #1844 ),
 ( #1412, #1334 ),
 ( #994, #3569 ),
 ( #5272, #3150 ) ),
 .UNSPECIFIED., .F., .F., .F.,
 ( 4, 1, 1, 1, 4 ),
 ( 2, 2 ),
 ( 0.000000000000000000, 0.3149680076775209225, 0.5859588863041572671, 0.8103781379931508377, 1.000000000000000000 ),
 ( 0.000000000000000000, 1.000000000000000000 ),
 .UNSPECIFIED. ) ;
#1233 = ORIENTED_EDGE ( 'NONE', *, *, #1977, .F. ) ;
#1234 = FACE_OUTER_BOUND ( 'NONE', #3292, .T. ) ;
#1235 = CARTESIAN_POINT ( 'NONE',  ( 4.718551971326768069, 2.801000000000001489, -2.283171477884576195 ) ) ;
#1236 = CARTESIAN_POINT ( 'NONE',  ( 1.560174136846237847, 2.799999999999999378, -4.248026806912011288 ) ) ;
#1237 = UNCERTAINTY_MEASURE_WITH_UNIT (LENGTH_MEASURE( 1.000000000000000082E-05 ), #3452, 'distance_accuracy_value', 'NONE');
#1238 =( NAMED_UNIT ( * ) SI_UNIT ( $, .STERADIAN. ) SOLID_ANGLE_UNIT ( ) );
#1239 = SURFACE_STYLE_FILL_AREA ( #4693 ) ;
#1240 = CARTESIAN_POINT ( 'NONE',  ( -0.2000000000000000111, 0.09999999999999997780, 0.000000000000000000 ) ) ;
#1241 = ORIENTED_EDGE ( 'NONE', *, *, #3966, .T. ) ;
#1242 = CARTESIAN_POINT ( 'NONE',  ( 0.6947193783525157373, 2.801000000000000156, -2.880611830156604380 ) ) ;
#1243 = ORIENTED_EDGE ( 'NONE', *, *, #2452, .F. ) ;
#1244 = CARTESIAN_POINT ( 'NONE',  ( 3.699307589147828867, 2.801000000000000156, -3.520437612753812395 ) ) ;
#1245 = CARTESIAN_POINT ( 'NONE',  ( 1.702903705241341159, 2.799999999999999822, -2.318068994664077120 ) ) ;
#1246 = DIRECTION ( 'NONE',  ( 0.000000000000000000, 0.000000000000000000, -1.000000000000000000 ) ) ;
#1247 = CARTESIAN_POINT ( 'NONE',  ( 4.390398464091894049, 2.799999999999999822, -4.249689746275731927 ) ) ;
#1248 = PLANE ( 'NONE',  #2295 ) ;
#1249 = VERTEX_POINT ( 'NONE', #4043 ) ;
#1250 = CARTESIAN_POINT ( 'NONE',  ( 3.953170142648216867, 2.801000000000001933, -2.289995659071200951 ) ) ;
#1251 = EDGE_CURVE ( 'NONE', #4343, #2877, #5327, .T. ) ;
#1252 =( NAMED_UNIT ( * ) PLANE_ANGLE_UNIT ( ) SI_UNIT ( $, .RADIAN. ) );
#1253 = DIRECTION ( 'NONE',  ( -1.000000000000000000, 0.000000000000000000, 0.000000000000000000 ) ) ;
#1254 = SURFACE_SIDE_STYLE ('',( #4272 ) ) ;
#1255 = EDGE_LOOP ( 'NONE', ( #848, #609, #4628, #5413 ) ) ;
#1256 = VERTEX_POINT ( 'NONE', #3671 ) ;
#1257 = CARTESIAN_POINT ( 'NONE',  ( 1.552758844162163587, 2.799999999999999378, -4.241661572115978274 ) ) ;
#1258 = SURFACE_STYLE_USAGE ( .BOTH. , #4245 ) ;
#1259 = CARTESIAN_POINT ( 'NONE',  ( 5.770617570352512438, 2.800000000000000266, -4.202459187454548939 ) ) ;
#1260 = FILL_AREA_STYLE_COLOUR ( '', #132 ) ;
#1261 = MECHANICAL_DESIGN_GEOMETRIC_PRESENTATION_REPRESENTATION (  '', ( #2991 ), #4323 ) ;
#1262 = ORIENTED_EDGE ( 'NONE', *, *, #520, .T. ) ;
#1263 = CARTESIAN_POINT ( 'NONE',  ( 4.397968303433543724, 2.799999999999999822, -4.254068565134764945 ) ) ;
#1264 = CARTESIAN_POINT ( 'NONE',  ( 4.710096279624019999, 2.799999999999999822, -2.298711422277621708 ) ) ;
#1265 = VERTEX_POINT ( 'NONE', #5351 ) ;
#1266 = ORIENTED_EDGE ( 'NONE', *, *, #2380, .T. ) ;
#1267 = DIRECTION ( 'NONE',  ( -0.4563166475962743829, 0.000000000000000000, 0.8898174628127375474 ) ) ;
#1268 = VECTOR ( 'NONE', #1959, 1000.000000000000000 ) ;
#1269 = COLOUR_RGB ( '',0.5019607843137254832, 0.5019607843137254832, 0.5019607843137254832 ) ;
#1270 =( NAMED_UNIT ( * ) SI_UNIT ( $, .STERADIAN. ) SOLID_ANGLE_UNIT ( ) );
#1271 = VECTOR ( 'NONE', #5150, 1000.000000000000000 ) ;
#1272 = PRESENTATION_STYLE_ASSIGNMENT (( #3504 ) ) ;
#1273 = ORIENTED_EDGE ( 'NONE', *, *, #1346, .F. ) ;
#1274 =( LENGTH_UNIT ( ) NAMED_UNIT ( * ) SI_UNIT ( .MILLI., .METRE. ) );
#1275 = PRESENTATION_LAYER_ASSIGNMENT (  '', '', ( #4070 ) ) ;
#1276 = STYLED_ITEM ( 'NONE', ( #1219 ), #770 ) ;
#1277 = CARTESIAN_POINT ( 'NONE',  ( 1.646546911779459332, 2.799999999999999822, -2.267103602654754635 ) ) ;
#1278 = STYLED_ITEM ( 'NONE', ( #569 ), #1590 ) ;
#1279 = SURFACE_STYLE_FILL_AREA ( #3510 ) ;
#1280 = EDGE_CURVE ( 'NONE', #1083, #430, #2391, .T. ) ;
#1281 = VECTOR ( 'NONE', #2561, 1000.000000000000000 ) ;
#1282 = CARTESIAN_POINT ( 'NONE',  ( 5.756599255814495386, 2.801000000000000156, -4.113443565134764945 ) ) ;
#1283 = PRESENTATION_STYLE_ASSIGNMENT (( #2286 ) ) ;
#1284 = MECHANICAL_DESIGN_GEOMETRIC_PRESENTATION_REPRESENTATION (  '', ( #5505 ), #4257 ) ;
#1285 = ORIENTED_EDGE ( 'NONE', *, *, #1905, .F. ) ;
#1286 =( GEOMETRIC_REPRESENTATION_CONTEXT ( 3 ) GLOBAL_UNCERTAINTY_ASSIGNED_CONTEXT ( ( #4774 ) ) GLOBAL_UNIT_ASSIGNED_CONTEXT ( ( #2014, #3313, #2559 ) ) REPRESENTATION_CONTEXT ( 'NONE', 'WORKASPACE' ) );
#1287 = CARTESIAN_POINT ( 'NONE',  ( 3.867478852849364657, 2.800000000000000266, -2.260166415708768195 ) ) ;
#1288 = SURFACE_STYLE_FILL_AREA ( #5177 ) ;
#1289 = UNCERTAINTY_MEASURE_WITH_UNIT (LENGTH_MEASURE( 1.000000000000000082E-05 ), #5308, 'distance_accuracy_value', 'NONE');
#1290 = CARTESIAN_POINT ( 'NONE',  ( 5.751796657424226744, 2.799999999999998934, -4.227046572677298109 ) ) ;
#1291 = CARTESIAN_POINT ( 'NONE',  ( 4.700423660576400486, 2.801000000000000156, -2.331449517515717051 ) ) ;
#1292 = ORIENTED_EDGE ( 'NONE', *, *, #266, .F. ) ;
#1293 = VECTOR ( 'NONE', #2723, 1000.000000000000000 ) ;
#1294 = CARTESIAN_POINT ( 'NONE',  ( 5.777432589147828423, 2.801000000000000156, -4.167759041325241220 ) ) ;
#1295 = ORIENTED_EDGE ( 'NONE', *, *, #1947, .T. ) ;
#1296 = CARTESIAN_POINT ( 'NONE',  ( 2.540216631500571420, 2.801000000000001933, -2.318344031251358572 ) ) ;
#1297 = VERTEX_POINT ( 'NONE', #576 ) ;
#1298 = FILL_AREA_STYLE_COLOUR ( '', #831 ) ;
#1299 = EDGE_CURVE ( 'NONE', #2520, #1962, #2802, .T. ) ;
#1301 = COLOUR_RGB ( '',0.5019607843137254832, 0.5019607843137254832, 0.5019607843137254832 ) ;
#1300 = VECTOR ( 'NONE', #1360, 1000.000000000000000 ) ;
#1302 = PLANE ( 'NONE',  #2651 ) ;
#1303 = FILL_AREA_STYLE ('',( #496 ) ) ;
#1304 = DIRECTION ( 'NONE',  ( 0.000000000000000000, 0.000000000000000000, -1.000000000000000000 ) ) ;
#1305 = STYLED_ITEM ( 'NONE', ( #5489 ), #3805 ) ;
#1306 = VERTEX_POINT ( 'NONE', #153 ) ;
#1307 = CYLINDRICAL_SURFACE ( 'NONE', #5092, 0.5000000000000000000 ) ;
#1308 = PRESENTATION_STYLE_ASSIGNMENT (( #4266 ) ) ;
#1309 = FILL_AREA_STYLE_COLOUR ( '', #238 ) ;
#1310 = VECTOR ( 'NONE', #1506, 1000.000000000000000 ) ;
#1311 = DIRECTION ( 'NONE',  ( -0.7173120011257666517, 0.000000000000000000, -0.6967521030043239971 ) ) ;
#1312 =( NAMED_UNIT ( * ) SI_UNIT ( $, .STERADIAN. ) SOLID_ANGLE_UNIT ( ) );
#1313 = EDGE_CURVE ( 'NONE', #5198, #5086, #3593, .T. ) ;
#1314 = VERTEX_POINT ( 'NONE', #3208 ) ;
#1315 = CARTESIAN_POINT ( 'NONE',  ( 1.597236870358634153, 2.799999999999999822, -4.259662336021026618 ) ) ;
#1316 = CARTESIAN_POINT ( 'NONE',  ( 5.747298660576400486, 2.799999999999999822, -4.231747136563336120 ) ) ;
#1317 = LINE ( 'NONE', #3876, #3342 ) ;
#1318 = DIRECTION ( 'NONE',  ( -1.000000000000000000, 0.000000000000000000, -0.000000000000000000 ) ) ;
#1319 = ORIENTED_EDGE ( 'NONE', *, *, #4355, .F. ) ;
#1320 = CARTESIAN_POINT ( 'NONE',  ( 3.725721279624019111, 2.801000000000000156, -3.305407850849050533 ) ) ;
#1321 = EDGE_CURVE ( 'NONE', #2501, #3235, #973, .T. ) ;
#1322 = ORIENTED_EDGE ( 'NONE', *, *, #3417, .F. ) ;
#1323 = VERTEX_POINT ( 'NONE', #3154 ) ;
#1324 =( NAMED_UNIT ( * ) SI_UNIT ( $, .STERADIAN. ) SOLID_ANGLE_UNIT ( ) );
#1325 = B_SPLINE_SURFACE_WITH_KNOTS ( 'NONE', 3, 1, ( 
 ( #4801, #2170 ),
 ( #948, #2204 ),
 ( #2682, #4388 ),
 ( #1338, #5251 ),
 ( #5169, #527 ),
 ( #3432, #974 ),
 ( #3935, #39 ) ),
 .UNSPECIFIED., .F., .F., .F.,
 ( 4, 1, 1, 1, 4 ),
 ( 2, 2 ),
 ( 0.000000000000000000, 0.2905126225486743263, 0.5458839394679423362, 0.7770088105218684316, 1.000000000000000000 ),
 ( 0.000000000000000000, 1.000000000000000000 ),
 .UNSPECIFIED. ) ;
#1326 = SURFACE_SIDE_STYLE ('',( #987 ) ) ;
#1327 = COLOUR_RGB ( '',0.5019607843137254832, 0.5019607843137254832, 0.5019607843137254832 ) ;
#1328 = LINE ( 'NONE', #5186, #2762 ) ;
#1329 = CARTESIAN_POINT ( 'NONE',  ( 4.707381832405038047, 2.800000000000000266, -2.302683157345468690 ) ) ;
#1330 =( GEOMETRIC_REPRESENTATION_CONTEXT ( 3 ) GLOBAL_UNCERTAINTY_ASSIGNED_CONTEXT ( ( #2369 ) ) GLOBAL_UNIT_ASSIGNED_CONTEXT ( ( #2638, #5181, #5539 ) ) REPRESENTATION_CONTEXT ( 'NONE', 'WORKASPACE' ) );
#1331 = CARTESIAN_POINT ( 'NONE',  ( 2.539337351052590730, 2.801000000000000156, -2.339634041325241220 ) ) ;
#1332 = CARTESIAN_POINT ( 'NONE',  ( 5.731348746205365607, 2.799999999999999378, -4.244751672640896700 ) ) ;
#1333 = CARTESIAN_POINT ( 'NONE',  ( 6.099999999999999645, 2.799999999999999822, -0.5000000000000000000 ) ) ;
#1334 = CARTESIAN_POINT ( 'NONE',  ( 2.591767435263476749, 2.799999999999999822, -2.265358656083073186 ) ) ;
#1335 = CARTESIAN_POINT ( 'NONE',  ( 5.400000000000000355, 0.2000000000000000111, -2.399999999999999911 ) ) ;
#1336 = LINE ( 'NONE', #3105, #1749 ) ;
#1337 =( NAMED_UNIT ( * ) SI_UNIT ( $, .STERADIAN. ) SOLID_ANGLE_UNIT ( ) );
#1338 = CARTESIAN_POINT ( 'NONE',  ( 1.564664680775396999, 2.801000000000000600, -2.264838804352808488 ) ) ;
#1339 = ORIENTED_EDGE ( 'NONE', *, *, #70, .F. ) ;
#1340 = EDGE_CURVE ( 'NONE', #1452, #2639, #4902, .T. ) ;
#1341 = ORIENTED_EDGE ( 'NONE', *, *, #1227, .T. ) ;
#1342 = FILL_AREA_STYLE_COLOUR ( '', #3627 ) ;
#1343 = DIRECTION ( 'NONE',  ( 1.000000000000000000, 0.000000000000000000, 0.000000000000000000 ) ) ;
#1344 = DIRECTION ( 'NONE',  ( -0.000000000000000000, -1.000000000000000000, -0.000000000000000000 ) ) ;
#1345 = UNCERTAINTY_MEASURE_WITH_UNIT (LENGTH_MEASURE( 1.000000000000000082E-05 ), #3595, 'distance_accuracy_value', 'NONE');
#1346 = EDGE_CURVE ( 'NONE', #962, #1503, #2729, .T. ) ;
#1347 = DIRECTION ( 'NONE',  ( 1.000000000000000000, 0.000000000000000000, -0.000000000000000000 ) ) ;
#1348 = ORIENTED_EDGE ( 'NONE', *, *, #884, .T. ) ;
#1349 = ORIENTED_EDGE ( 'NONE', *, *, #5362, .T. ) ;
#1350 =( NAMED_UNIT ( * ) SI_UNIT ( $, .STERADIAN. ) SOLID_ANGLE_UNIT ( ) );
#1351 = ORIENTED_EDGE ( 'NONE', *, *, #1546, .T. ) ;
#1352 = STYLED_ITEM ( 'NONE', ( #827 ), #1156 ) ;
#1353 = EDGE_CURVE ( 'NONE', #4565, #4375, #1871, .T. ) ;
#1354 = DIRECTION ( 'NONE',  ( -0.000000000000000000, 1.000000000000000000, -0.000000000000000000 ) ) ;
#1355 = DIRECTION ( 'NONE',  ( -0.000000000000000000, -1.000000000000000000, -0.000000000000000000 ) ) ;
#1356 =( NAMED_UNIT ( * ) SI_UNIT ( $, .STERADIAN. ) SOLID_ANGLE_UNIT ( ) );
#1357 = MECHANICAL_DESIGN_GEOMETRIC_PRESENTATION_REPRESENTATION (  '', ( #1446 ), #2366 ) ;
#1358 = CARTESIAN_POINT ( 'NONE',  ( 0.6453641367668763174, 2.801000000000000156, -2.919619160372859845 ) ) ;
#1359 = PRESENTATION_LAYER_ASSIGNMENT (  '', '', ( #120 ) ) ;
#1360 = DIRECTION ( 'NONE',  ( -0.8694565573927688362, 0.000000000000000000, 0.4940094076095261633 ) ) ;
#1361 = ADVANCED_FACE ( 'NONE', ( #4925 ), #4018, .T. ) ;
#1362 = FACE_OUTER_BOUND ( 'NONE', #3948, .T. ) ;
#1363 = EDGE_LOOP ( 'NONE', ( #1438, #5075, #323, #4886 ) ) ;
#1364 = ORIENTED_EDGE ( 'NONE', *, *, #1181, .T. ) ;
#1365 = COLOUR_RGB ( '',0.5019607843137254832, 0.5019607843137254832, 0.5019607843137254832 ) ;
#1366 = CARTESIAN_POINT ( 'NONE',  ( 3.389039732004971661, 2.801000000000000156, -3.212401898468098427 ) ) ;
#1367 =( GEOMETRIC_REPRESENTATION_CONTEXT ( 3 ) GLOBAL_UNCERTAINTY_ASSIGNED_CONTEXT ( ( #3765 ) ) GLOBAL_UNIT_ASSIGNED_CONTEXT ( ( #2998, #5002, #5080 ) ) REPRESENTATION_CONTEXT ( 'NONE', 'WORKASPACE' ) );
#1368 = STYLED_ITEM ( 'NONE', ( #2293 ), #1841 ) ;
#1369 = SURFACE_SIDE_STYLE ('',( #1288 ) ) ;
#1370 = DIRECTION ( 'NONE',  ( 0.8898174628127375474, -0.000000000000000000, 0.4563166475962743829 ) ) ;
#1371 = EDGE_LOOP ( 'NONE', ( #2371, #3629, #3466, #4028 ) ) ;
#1372 = CARTESIAN_POINT ( 'NONE',  ( 1.706004017719257471, 2.801000000000000156, -3.045735231801431908 ) ) ;
#1373 = MECHANICAL_DESIGN_GEOMETRIC_PRESENTATION_REPRESENTATION (  '', ( #5145 ), #53 ) ;
#1374 = EDGE_LOOP ( 'NONE', ( #1339, #2028, #4991, #2487 ) ) ;
#1375 = STYLED_ITEM ( 'NONE', ( #5018 ), #4485 ) ;
#1376 = CARTESIAN_POINT ( 'NONE',  ( 5.777432589147828423, 2.799999999999999822, -4.167759041325241220 ) ) ;
#1377 = ORIENTED_EDGE ( 'NONE', *, *, #3528, .T. ) ;
#1378 = LINE ( 'NONE', #4399, #1840 ) ;
#1379 = CARTESIAN_POINT ( 'NONE',  ( 3.639039732004971661, 2.801000000000000156, -4.019321541325241220 ) ) ;
#1380 = VECTOR ( 'NONE', #661, 1000.000000000000000 ) ;
#1381 = VECTOR ( 'NONE', #5395, 1000.000000000000227 ) ;
#1382 = CARTESIAN_POINT ( 'NONE',  ( 2.114966826957825674, 2.800000000000000266, -2.907047299514552652 ) ) ;
#1383 = ADVANCED_FACE ( 'NONE', ( #1436 ), #1931, .T. ) ;
#1384 =( NAMED_UNIT ( * ) SI_UNIT ( $, .STERADIAN. ) SOLID_ANGLE_UNIT ( ) );
#1385 = EDGE_CURVE ( 'NONE', #5197, #4241, #4149, .T. ) ;
#1386 = CARTESIAN_POINT ( 'NONE',  ( 2.139783779624019555, 2.800000000000000266, -2.979142969896670046 ) ) ;
#1387 = COLOUR_RGB ( '',0.6901960784313725394, 0.6117647058823529882, 0.5294117647058823595 ) ;
#1388 = SURFACE_STYLE_USAGE ( .BOTH. , #5167 ) ;
#1389 = ORIENTED_EDGE ( 'NONE', *, *, #3323, .T. ) ;
#1390 = PRESENTATION_LAYER_ASSIGNMENT (  '', '', ( #3822 ) ) ;
#1391 = EDGE_CURVE ( 'NONE', #4130, #1969, #2200, .T. ) ;
#1392 = CARTESIAN_POINT ( 'NONE',  ( 0.6364277728264925438, 2.800999999999999268, -2.975455279462416947 ) ) ;
#1393 = LINE ( 'NONE', #2238, #395 ) ;
#1394 = FACE_OUTER_BOUND ( 'NONE', #4644, .T. ) ;
#1395 = UNCERTAINTY_MEASURE_WITH_UNIT (LENGTH_MEASURE( 1.000000000000000082E-05 ), #5366, 'distance_accuracy_value', 'NONE');
#1396 = VECTOR ( 'NONE', #2887, 1000.000000000000000 ) ;
#1397 = CARTESIAN_POINT ( 'NONE',  ( 0.000000000000000000, 2.799999999999999822, -6.599999999999999645 ) ) ;
#1398 = ORIENTED_EDGE ( 'NONE', *, *, #726, .T. ) ;
#1399 =( LENGTH_UNIT ( ) NAMED_UNIT ( * ) SI_UNIT ( .MILLI., .METRE. ) );
#1400 = DIRECTION ( 'NONE',  ( 0.000000000000000000, 0.000000000000000000, -1.000000000000000000 ) ) ;
#1401 = EDGE_LOOP ( 'NONE', ( #1665, #2581, #3579, #2480 ) ) ;
#1402 = CARTESIAN_POINT ( 'NONE',  ( 3.863742112957352592, 2.801000000000000156, -3.428547731801431464 ) ) ;
#1403 = ORIENTED_EDGE ( 'NONE', *, *, #708, .F. ) ;
#1404 = DIRECTION ( 'NONE',  ( 0.9511415455483078762, 0.000000000000000000, -0.3087551786318347147 ) ) ;
#1405 = SURFACE_STYLE_FILL_AREA ( #5265 ) ;
#1406 = CARTESIAN_POINT ( 'NONE',  ( 2.139783779624019555, 2.800000000000000266, -2.979142969896670046 ) ) ;
#1407 = B_SPLINE_CURVE_WITH_KNOTS ( 'NONE', 3,
 ( #4805, #75, #508, #5200, #1825, #3056, #3489 ),
 .UNSPECIFIED., .F., .F.,
 ( 4, 1, 1, 1, 4 ),
 ( 0.000000000000000000, 0.3029226852852355267, 0.5605547205714402903, 0.7851243818459056056, 1.000000000000000000 ),
 .UNSPECIFIED. ) ;
#1408 = EDGE_CURVE ( 'NONE', #3439, #3038, #2044, .T. ) ;
#1409 = CARTESIAN_POINT ( 'NONE',  ( 6.599999999999999645, 1.399999999999999911, -4.099999999999999645 ) ) ;
#1410 =( NAMED_UNIT ( * ) PLANE_ANGLE_UNIT ( ) SI_UNIT ( $, .RADIAN. ) );
#1411 = B_SPLINE_CURVE_WITH_KNOTS ( 'NONE', 3,
 ( #2549, #1242, #5541, #4225, #1576, #5085, #291 ),
 .UNSPECIFIED., .F., .F.,
 ( 4, 1, 1, 1, 4 ),
 ( 0.000000000000000000, 0.2756850104068567786, 0.5194791217135447114, 0.7580884968773092814, 1.000000000000000000 ),
 .UNSPECIFIED. ) ;
#1412 = CARTESIAN_POINT ( 'NONE',  ( 2.591767435263476749, 2.801000000000000156, -2.265358656083073186 ) ) ;
#1413 = MECHANICAL_DESIGN_GEOMETRIC_PRESENTATION_REPRESENTATION (  '', ( #968 ), #2511 ) ;
#1414 = CARTESIAN_POINT ( 'NONE',  ( 5.777064836100493039, 2.800000000000000711, -4.173625998928968350 ) ) ;
#1415 = CARTESIAN_POINT ( 'NONE',  ( 2.729813541528781418, 2.801000000000000156, -3.212401898468098427 ) ) ;
#1416 = ADVANCED_FACE ( 'NONE', ( #5037 ), #2071, .T. ) ;
#1417 = ORIENTED_EDGE ( 'NONE', *, *, #2587, .F. ) ;
#1418 = SURFACE_STYLE_FILL_AREA ( #2812 ) ;
#1419 = CARTESIAN_POINT ( 'NONE',  ( 1.590132328685944341, 2.800999999999999712, -2.260104022991765049 ) ) ;
#1420 = FACE_BOUND ( 'NONE', #681, .T. ) ;
#1421 = FILL_AREA_STYLE_COLOUR ( '', #486 ) ;
#1422 = VERTEX_POINT ( 'NONE', #2867 ) ;
#1423 = LINE ( 'NONE', #3140, #3586 ) ;
#1424 = ORIENTED_EDGE ( 'NONE', *, *, #2234, .T. ) ;
#1425 = CARTESIAN_POINT ( 'NONE',  ( 2.729813541528781418, 2.801000000000000156, -3.379068565134765390 ) ) ;
#1426 = CARTESIAN_POINT ( 'NONE',  ( 2.539638109037174907, 2.801000000000000600, -2.332351790780141432 ) ) ;
#1427 =( NAMED_UNIT ( * ) SI_UNIT ( $, .STERADIAN. ) SOLID_ANGLE_UNIT ( ) );
#1428 =( NAMED_UNIT ( * ) SI_UNIT ( $, .STERADIAN. ) SOLID_ANGLE_UNIT ( ) );
#1429 = CYLINDRICAL_SURFACE ( 'NONE', #424, 0.5000000000000004441 ) ;
#1430 = EDGE_CURVE ( 'NONE', #800, #2726, #3777, .T. ) ;
#1431 = CARTESIAN_POINT ( 'NONE',  ( 4.786287184393336780, 2.801000000000000600, -2.260515401984990014 ) ) ;
#1432 = STYLED_ITEM ( 'NONE', ( #4434 ), #1361 ) ;
#1433 = LINE ( 'NONE', #4462, #91 ) ;
#1434 = CARTESIAN_POINT ( 'NONE',  ( 2.608527998915330492, 2.801000000000000156, -2.262134312470514441 ) ) ;
#1435 = CARTESIAN_POINT ( 'NONE',  ( 1.521449393661624461, 2.799999999999999378, -2.306792017588400245 ) ) ;
#1436 = FACE_OUTER_BOUND ( 'NONE', #2949, .T. ) ;
#1437 = CARTESIAN_POINT ( 'NONE',  ( 0.000000000000000000, 0.2000000000000000111, 0.000000000000000000 ) ) ;
#1438 = ORIENTED_EDGE ( 'NONE', *, *, #3232, .F. ) ;
#1439 = STYLED_ITEM ( 'NONE', ( #2444 ), #35 ) ;
#1440 =( GEOMETRIC_REPRESENTATION_CONTEXT ( 3 ) GLOBAL_UNCERTAINTY_ASSIGNED_CONTEXT ( ( #3059 ) ) GLOBAL_UNIT_ASSIGNED_CONTEXT ( ( #4307, #2240, #2174 ) ) REPRESENTATION_CONTEXT ( 'NONE', 'WORKASPACE' ) );
#1441 = EDGE_CURVE ( 'NONE', #3545, #4809, #1584, .T. ) ;
#1442 = EDGE_CURVE ( 'NONE', #1774, #744, #905, .T. ) ;
#1443 = FILL_AREA_STYLE ('',( #3599 ) ) ;
#1444 = LINE ( 'NONE', #2792, #2811 ) ;
#1445 = UNCERTAINTY_MEASURE_WITH_UNIT (LENGTH_MEASURE( 1.000000000000000082E-05 ), #2778, 'distance_accuracy_value', 'NONE');
#1446 = STYLED_ITEM ( 'NONE', ( #4344 ), #444 ) ;
#1447 = CARTESIAN_POINT ( 'NONE',  ( 1.515527827243066783, 2.801000000000000156, -2.342982255610955633 ) ) ;
#1448 = ORIENTED_EDGE ( 'NONE', *, *, #1353, .T. ) ;
#1449 = CARTESIAN_POINT ( 'NONE',  ( 2.729813541528781418, 2.801000000000000156, -3.212401898468098427 ) ) ;
#1450 = EDGE_LOOP ( 'NONE', ( #3704, #5446, #2243, #3415 ) ) ;
#1451 = DIRECTION ( 'NONE',  ( -0.000000000000000000, -1.000000000000000000, -0.000000000000000000 ) ) ;
#1452 = VERTEX_POINT ( 'NONE', #4263 ) ;
#1453 =( LENGTH_UNIT ( ) NAMED_UNIT ( * ) SI_UNIT ( .MILLI., .METRE. ) );
#1454 = CARTESIAN_POINT ( 'NONE',  ( 1.619789629494861716, 2.800000000000000266, -4.259201823537455134 ) ) ;
#1455 = AXIS2_PLACEMENT_3D ( 'NONE', #1991, #3257, #1137 ) ;
#1456 = CARTESIAN_POINT ( 'NONE',  ( 2.582088531646553164, 2.799999999999999378, -2.268842217210734091 ) ) ;
#1457 = SURFACE_STYLE_USAGE ( .BOTH. , #3639 ) ;
#1458 = EDGE_CURVE ( 'NONE', #1992, #1224, #3423, .T. ) ;
#1459 = CARTESIAN_POINT ( 'NONE',  ( 0.000000000000000000, 0.2000000000000000944, -2.499999999999999556 ) ) ;
#1460 = COLOUR_RGB ( '',0.5019607843137254832, 0.5019607843137254832, 0.5019607843137254832 ) ;
#1461 =( NAMED_UNIT ( * ) PLANE_ANGLE_UNIT ( ) SI_UNIT ( $, .RADIAN. ) );
#1462 = SURFACE_STYLE_USAGE ( .BOTH. , #5318 ) ;
#1463 = LINE ( 'NONE', #3149, #4475 ) ;
#1464 = VECTOR ( 'NONE', #2199, 1000.000000000000000 ) ;
#1465 = PRESENTATION_STYLE_ASSIGNMENT (( #4982 ) ) ;
#1466 =( NAMED_UNIT ( * ) PLANE_ANGLE_UNIT ( ) SI_UNIT ( $, .RADIAN. ) );
#1467 = CARTESIAN_POINT ( 'NONE',  ( 5.747298660576400486, 2.801000000000000156, -4.231747136563336120 ) ) ;
#1468 = CARTESIAN_POINT ( 'NONE',  ( 0.000000000000000000, 0.000000000000000000, 0.000000000000000000 ) ) ;
#1469 = EDGE_LOOP ( 'NONE', ( #1742, #351, #1575, #2954 ) ) ;
#1470 = B_SPLINE_CURVE_WITH_KNOTS ( 'NONE', 3,
 ( #4717, #5164, #472, #861, #2530, #824, #4763 ),
 .UNSPECIFIED., .F., .F.,
 ( 4, 1, 1, 1, 4 ),
 ( 0.000000000000000000, 0.2759300792207734498, 0.5210073219011515100, 0.7540400476450355161, 1.000000000000000000 ),
 .UNSPECIFIED. ) ;
#1472 = PRESENTATION_LAYER_ASSIGNMENT (  '', '', ( #4182 ) ) ;
#1471 = CARTESIAN_POINT ( 'NONE',  ( 0.6402675781685208678, 2.801000000000000600, -2.988616384487825073 ) ) ;
#1473 = FACE_OUTER_BOUND ( 'NONE', #399, .T. ) ;
#1474 = ORIENTED_EDGE ( 'NONE', *, *, #4295, .T. ) ;
#1475 = FILL_AREA_STYLE ('',( #5333 ) ) ;
#1476 = CARTESIAN_POINT ( 'NONE',  ( 3.777432589147828867, 2.801000000000000156, -3.667014993706193327 ) ) ;
#1477 = EDGE_LOOP ( 'NONE', ( #2323, #4783, #2137, #1604, #1205, #2749, #4479, #691, #2294, #1595, #5095, #3520, #4030, #5382, #1364, #4082, #1262, #1888, #1164, #4534, #975, #2458, #4893, #2684 ) ) ;
#1478 = VERTEX_POINT ( 'NONE', #4758 ) ;
#1479 = LINE ( 'NONE', #4029, #3476 ) ;
#1480 = B_SPLINE_CURVE_WITH_KNOTS ( 'NONE', 3,
 ( #4817, #882, #5215, #965, #4319, #3095, #936 ),
 .UNSPECIFIED., .F., .F.,
 ( 4, 1, 1, 1, 4 ),
 ( 0.000000000000000000, 0.2719906798524851510, 0.5245972286631804815, 0.7632921385451736374, 1.000000000000000000 ),
 .UNSPECIFIED. ) ;
#1481 =( GEOMETRIC_REPRESENTATION_CONTEXT ( 3 ) GLOBAL_UNCERTAINTY_ASSIGNED_CONTEXT ( ( #1562 ) ) GLOBAL_UNIT_ASSIGNED_CONTEXT ( ( #5342, #5365, #4582 ) ) REPRESENTATION_CONTEXT ( 'NONE', 'WORKASPACE' ) );
#1482 = FILL_AREA_STYLE ('',( #2326 ) ) ;
#1483 = CARTESIAN_POINT ( 'NONE',  ( 2.130811173945234671, 2.800999999999999712, -3.001418582306268679 ) ) ;
#1484 = EDGE_CURVE ( 'NONE', #3433, #1265, #3395, .T. ) ;
#1485 = FILL_AREA_STYLE_COLOUR ( '', #679 ) ;
#1486 = LINE ( 'NONE', #5317, #4244 ) ;
#1487 = LINE ( 'NONE', #3280, #1381 ) ;
#1488 = LINE ( 'NONE', #3228, #4516 ) ;
#1489 = DIRECTION ( 'NONE',  ( 0.000000000000000000, 0.000000000000000000, 1.000000000000000000 ) ) ;
#1490 = DIRECTION ( 'NONE',  ( 0.6942143843682679893, 0.000000000000000000, -0.7197682880873446098 ) ) ;
#1491 = MANIFOLD_SOLID_BREP ( 'Boss-Extrude4', #4059 ) ;
#1492 = FILL_AREA_STYLE_COLOUR ( '', #2222 ) ;
#1493 = LINE ( 'NONE', #4820, #5303 ) ;
#1494 = CARTESIAN_POINT ( 'NONE',  ( 6.599999999999999645, 1.200000000000000178, 0.000000000000000000 ) ) ;
#1495 = AXIS2_PLACEMENT_3D ( 'NONE', #1333, #3506, #4922 ) ;
#1496 = EDGE_CURVE ( 'NONE', #3800, #2639, #417, .T. ) ;
#1497 = EDGE_CURVE ( 'NONE', #4658, #874, #3017, .T. ) ;
#1498 =( NAMED_UNIT ( * ) SI_UNIT ( $, .STERADIAN. ) SOLID_ANGLE_UNIT ( ) );
#1499 = CARTESIAN_POINT ( 'NONE',  ( 4.710096279624019999, 2.799999999999999822, -2.298711422277621708 ) ) ;
#1500 = STYLED_ITEM ( 'NONE', ( #1886 ), #3354 ) ;
#1501 = ORIENTED_EDGE ( 'NONE', *, *, #3574, .T. ) ;
#1502 = UNCERTAINTY_MEASURE_WITH_UNIT (LENGTH_MEASURE( 1.000000000000000082E-05 ), #4450, 'distance_accuracy_value', 'NONE');
#1503 = VERTEX_POINT ( 'NONE', #854 ) ;
#1504 = DIRECTION ( 'NONE',  ( 0.000000000000000000, 0.000000000000000000, -1.000000000000000000 ) ) ;
#1505 = ORIENTED_EDGE ( 'NONE', *, *, #468, .T. ) ;
#1506 = DIRECTION ( 'NONE',  ( 0.000000000000000000, -0.000000000000000000, -1.000000000000000000 ) ) ;
#1507 = SURFACE_STYLE_USAGE ( .BOTH. , #1950 ) ;
#1508 = CARTESIAN_POINT ( 'NONE',  ( 1.602209374862114455, 2.799999999999999822, -4.260020946087146321 ) ) ;
#1509 = UNCERTAINTY_MEASURE_WITH_UNIT (LENGTH_MEASURE( 1.000000000000000082E-05 ), #3480, 'distance_accuracy_value', 'NONE');
#1510 = FACE_OUTER_BOUND ( 'NONE', #2831, .T. ) ;
#1511 = DIRECTION ( 'NONE',  ( -0.4363068549005887364, 0.000000000000000000, 0.8997979375208395858 ) ) ;
#1512 =( NAMED_UNIT ( * ) PLANE_ANGLE_UNIT ( ) SI_UNIT ( $, .RADIAN. ) );
#1513 = DIRECTION ( 'NONE',  ( -0.6820481926597027345, 0.000000000000000000, -0.7313072287962377738 ) ) ;
#1514 = DIRECTION ( 'NONE',  ( -0.000000000000000000, -1.000000000000000000, -0.000000000000000000 ) ) ;
#1515 = CARTESIAN_POINT ( 'NONE',  ( 1.658329540763395116, 2.799999999999998934, -4.245231994571049938 ) ) ;
#1516 =( NAMED_UNIT ( * ) SI_UNIT ( $, .STERADIAN. ) SOLID_ANGLE_UNIT ( ) );
#1517 = DIRECTION ( 'NONE',  ( 0.000000000000000000, 0.000000000000000000, 1.000000000000000000 ) ) ;
#1518 = CARTESIAN_POINT ( 'NONE',  ( 4.353724974016608407, 2.801000000000000600, -4.142729324797942425 ) ) ;
#1519 = ORIENTED_EDGE ( 'NONE', *, *, #530, .T. ) ;
#1520 = SURFACE_SIDE_STYLE ('',( #338 ) ) ;
#1521 = EDGE_CURVE ( 'NONE', #4809, #2849, #4875, .T. ) ;
#1522 =( LENGTH_UNIT ( ) NAMED_UNIT ( * ) SI_UNIT ( .MILLI., .METRE. ) );
#1523 = ADVANCED_BREP_SHAPE_REPRESENTATION ( 'APH0630T', ( #1491, #4003 ), #5519 ) ;
#1524 = ORIENTED_EDGE ( 'NONE', *, *, #1759, .F. ) ;
#1525 = CARTESIAN_POINT ( 'NONE',  ( 4.397968303433543724, 2.801000000000000156, -4.254068565134764945 ) ) ;
#1526 = CARTESIAN_POINT ( 'NONE',  ( 3.429590327243067005, 2.801000000000000156, -3.212401898468098427 ) ) ;
#1527 = VERTEX_POINT ( 'NONE', #3896 ) ;
#1528 = VERTEX_POINT ( 'NONE', #817 ) ;
#1529 = DIRECTION ( 'NONE',  ( -1.000000000000000000, 0.000000000000000000, 0.000000000000000000 ) ) ;
#1530 = CARTESIAN_POINT ( 'NONE',  ( 3.411361160576400042, 2.801000000000000156, -4.093354279420479358 ) ) ;
#1531 = PRESENTATION_LAYER_ASSIGNMENT (  '', '', ( #1004 ) ) ;
#1532 = CARTESIAN_POINT ( 'NONE',  ( 3.838410104913845267, 2.800999999999999268, -2.261260972005612047 ) ) ;
#1533 = ORIENTED_EDGE ( 'NONE', *, *, #2805, .T. ) ;
#1534 = CARTESIAN_POINT ( 'NONE',  ( 0.000000000000000000, -0.1000000000000000056, -2.499999999999999556 ) ) ;
#1535 = VECTOR ( 'NONE', #4940, 1000.000000000000000 ) ;
#1536 = PRESENTATION_LAYER_ASSIGNMENT (  '', '', ( #1276 ) ) ;
#1537 = MECHANICAL_DESIGN_GEOMETRIC_PRESENTATION_REPRESENTATION (  '', ( #1368 ), #4161 ) ;
#1538 = CARTESIAN_POINT ( 'NONE',  ( 3.411361160576400042, 2.799999999999999822, -4.093354279420479358 ) ) ;
#1539 = VECTOR ( 'NONE', #1153, 1000.000000000000000 ) ;
#1540 = AXIS2_PLACEMENT_3D ( 'NONE', #2083, #5456, #5052 ) ;
#1541 = B_SPLINE_CURVE_WITH_KNOTS ( 'NONE', 3,
 ( #5038, #798, #1135, #1193, #4151, #3726, #5094 ),
 .UNSPECIFIED., .F., .F.,
 ( 4, 1, 1, 1, 4 ),
 ( 0.000000000000000000, 0.2214517596424097623, 0.4501131256866103825, 0.7091781800638705668, 1.000000000000000000 ),
 .UNSPECIFIED. ) ;
#1542 = VECTOR ( 'NONE', #1968, 1000.000000000000114 ) ;
#1543 =( LENGTH_UNIT ( ) NAMED_UNIT ( * ) SI_UNIT ( .MILLI., .METRE. ) );
#1544 = VECTOR ( 'NONE', #777, 1000.000000000000000 ) ;
#1545 = LINE ( 'NONE', #326, #4414 ) ;
#1546 = EDGE_CURVE ( 'NONE', #3398, #2613, #4, .T. ) ;
#1547 = SURFACE_STYLE_FILL_AREA ( #5398 ) ;
#1548 = EDGE_CURVE ( 'NONE', #3855, #4802, #62, .T. ) ;
#1549 = FACE_OUTER_BOUND ( 'NONE', #671, .T. ) ;
#1550 = STYLED_ITEM ( 'NONE', ( #1683 ), #4439 ) ;
#1551 = LINE ( 'NONE', #4098, #1268 ) ;
#1552 = CARTESIAN_POINT ( 'NONE',  ( 4.397968303433543724, 2.801000000000000156, -4.254068565134764945 ) ) ;
#1553 = PRESENTATION_STYLE_ASSIGNMENT (( #5404 ) ) ;
#1554 = ORIENTED_EDGE ( 'NONE', *, *, #1096, .F. ) ;
#1555 = VECTOR ( 'NONE', #1128, 1000.000000000000114 ) ;
#1556 = FACE_OUTER_BOUND ( 'NONE', #2986, .T. ) ;
#1557 = LINE ( 'NONE', #3291, #1839 ) ;
#1559 = PRESENTATION_LAYER_ASSIGNMENT (  '', '', ( #4004 ) ) ;
#1558 = PRESENTATION_LAYER_ASSIGNMENT (  '', '', ( #5424 ) ) ;
#1560 = ORIENTED_EDGE ( 'NONE', *, *, #3622, .T. ) ;
#1561 = CARTESIAN_POINT ( 'NONE',  ( 2.570027104826073217, 2.800999999999999712, -4.247377856847483812 ) ) ;
#1562 = UNCERTAINTY_MEASURE_WITH_UNIT (LENGTH_MEASURE( 1.000000000000000082E-05 ), #5342, 'distance_accuracy_value', 'NONE');
#1563 = DIRECTION ( 'NONE',  ( 0.000000000000000000, 0.000000000000000000, -1.000000000000000000 ) ) ;
#1564 = ORIENTED_EDGE ( 'NONE', *, *, #4091, .T. ) ;
#1565 = EDGE_CURVE ( 'NONE', #3123, #1969, #3479, .T. ) ;
#1566 = FILL_AREA_STYLE_COLOUR ( '', #5166 ) ;
#1567 = ORIENTED_EDGE ( 'NONE', *, *, #5240, .F. ) ;
#1568 =( NAMED_UNIT ( * ) PLANE_ANGLE_UNIT ( ) SI_UNIT ( $, .RADIAN. ) );
#1569 = DIRECTION ( 'NONE',  ( 1.000000000000000000, 0.000000000000000000, 0.000000000000000000 ) ) ;
#1570 = CARTESIAN_POINT ( 'NONE',  ( 2.570027104826073217, 2.800999999999999712, -4.247377856847483812 ) ) ;
#1571 = CARTESIAN_POINT ( 'NONE',  ( 2.139783779624019555, 2.800000000000000266, -2.979142969896670046 ) ) ;
#1572 = UNCERTAINTY_MEASURE_WITH_UNIT (LENGTH_MEASURE( 1.000000000000000082E-05 ), #3495, 'distance_accuracy_value', 'NONE');
#1573 = ORIENTED_EDGE ( 'NONE', *, *, #5139, .F. ) ;
#1574 = CARTESIAN_POINT ( 'NONE',  ( 0.000000000000000000, -0.1000000000000000056, -2.499999999999999556 ) ) ;
#1575 = ORIENTED_EDGE ( 'NONE', *, *, #4600, .T. ) ;
#1576 = CARTESIAN_POINT ( 'NONE',  ( 0.6533457329910382638, 2.800999999999999712, -2.904117367797359517 ) ) ;
#1577 = EDGE_CURVE ( 'NONE', #5471, #632, #4737, .T. ) ;
#1578 = CARTESIAN_POINT ( 'NONE',  ( 2.031524851052590730, 2.799999999999999822, -2.879068565134764945 ) ) ;
#1579 =( GEOMETRIC_REPRESENTATION_CONTEXT ( 3 ) GLOBAL_UNCERTAINTY_ASSIGNED_CONTEXT ( ( #188 ) ) GLOBAL_UNIT_ASSIGNED_CONTEXT ( ( #3130, #5297, #3483 ) ) REPRESENTATION_CONTEXT ( 'NONE', 'WORKASPACE' ) );
#1580 = EDGE_CURVE ( 'NONE', #322, #2344, #3072, .T. ) ;
#1581 = CARTESIAN_POINT ( 'NONE',  ( 2.729813541528781418, 2.799999999999999822, -2.319172731801431464 ) ) ;
#1582 = CARTESIAN_POINT ( 'NONE',  ( 0.000000000000000000, 0.09999999999999997780, -2.499999999999999556 ) ) ;
#1583 = DIRECTION ( 'NONE',  ( 0.000000000000000000, 0.000000000000000000, -1.000000000000000000 ) ) ;
#1584 = LINE ( 'NONE', #2960, #3079 ) ;
#1585 = B_SPLINE_SURFACE_WITH_KNOTS ( 'NONE', 3, 1, ( 
 ( #5059, #2269 ),
 ( #3121, #1716 ),
 ( #2668, #4313 ),
 ( #4782, #515 ),
 ( #1296, #1773 ),
 ( #3856, #3917 ),
 ( #3500, #2156 ) ),
 .UNSPECIFIED., .F., .F., .F.,
 ( 4, 1, 1, 1, 4 ),
 ( 2, 2 ),
 ( 0.000000000000000000, 0.2559082980792789508, 0.4965165406871204223, 0.7382527385271006048, 1.000000000000000000 ),
 ( 0.000000000000000000, 1.000000000000000000 ),
 .UNSPECIFIED. ) ;
#1586 = VERTEX_POINT ( 'NONE', #4381 ) ;
#1587 = SURFACE_SIDE_STYLE ('',( #2934 ) ) ;
#1588 = CARTESIAN_POINT ( 'NONE',  ( 2.643128532563066457, 2.801000000000000156, -2.260183167766947943 ) ) ;
#1589 = SURFACE_STYLE_FILL_AREA ( #1676 ) ;
#1590 = ADVANCED_FACE ( 'NONE', ( #524 ), #5268, .T. ) ;
#1591 = EDGE_LOOP ( 'NONE', ( #3825, #4728, #1147, #5055 ) ) ;
#1592 = CARTESIAN_POINT ( 'NONE',  ( 4.702060496554778091, 2.801000000000000156, -2.353885705692968511 ) ) ;
#1593 = CIRCLE ( 'NONE', #1495, 0.5000000000000000000 ) ;
#1594 = ORIENTED_EDGE ( 'NONE', *, *, #5440, .T. ) ;
#1595 = ORIENTED_EDGE ( 'NONE', *, *, #2922, .T. ) ;
#1596 = EDGE_LOOP ( 'NONE', ( #4374, #1747, #2636, #984 ) ) ;
#1597 = STYLED_ITEM ( 'NONE', ( #3440 ), #3367 ) ;
#1598 = CARTESIAN_POINT ( 'NONE',  ( 4.733996893773372960, 2.799999999999998934, -2.271928927771828644 ) ) ;
#1599 = CARTESIAN_POINT ( 'NONE',  ( 2.125863858405380391, 2.800000000000000266, -2.922847516790792799 ) ) ;
#1600 = DIRECTION ( 'NONE',  ( -0.000000000000000000, -1.000000000000000000, -0.000000000000000000 ) ) ;
#1601 = ORIENTED_EDGE ( 'NONE', *, *, #4096, .T. ) ;
#1602 = LINE ( 'NONE', #4139, #1535 ) ;
#1603 = CARTESIAN_POINT ( 'NONE',  ( 6.599999999999999645, 2.799999999999999822, -6.099999999999999645 ) ) ;
#1604 = ORIENTED_EDGE ( 'NONE', *, *, #2313, .T. ) ;
#1605 = DIRECTION ( 'NONE',  ( 0.000000000000000000, 0.000000000000000000, -1.000000000000000000 ) ) ;
#1606 = B_SPLINE_CURVE_WITH_KNOTS ( 'NONE', 3,
 ( #2348, #2378, #2430, #4135, #1120, #1426, #4054 ),
 .UNSPECIFIED., .F., .F.,
 ( 4, 1, 1, 1, 4 ),
 ( 0.000000000000000000, 0.2559082980792789508, 0.4965165406871204223, 0.7382527385271006048, 1.000000000000000000 ),
 .UNSPECIFIED. ) ;
#1607 =( NAMED_UNIT ( * ) PLANE_ANGLE_UNIT ( ) SI_UNIT ( $, .RADIAN. ) );
#1608 = DIRECTION ( 'NONE',  ( -0.9540524688959124422, 0.000000000000000000, 0.2996395945024855623 ) ) ;
#1609 = CARTESIAN_POINT ( 'NONE',  ( 1.706004017719257471, 2.799999999999999822, -4.144693565134764945 ) ) ;
#1610 = EDGE_CURVE ( 'NONE', #1249, #2079, #1076, .T. ) ;
#1611 = SHAPE_DEFINITION_REPRESENTATION ( #42, #1523 ) ;
#1612 = CARTESIAN_POINT ( 'NONE',  ( 1.595884970100209799, 2.801000000000000600, -2.260020946087146321 ) ) ;
#1613 = CARTESIAN_POINT ( 'NONE',  ( 3.794545684385924211, 2.801000000000000156, -2.301687612753812839 ) ) ;
#1614 = ORIENTED_EDGE ( 'NONE', *, *, #4546, .T. ) ;
#1615 = CARTESIAN_POINT ( 'NONE',  ( 3.940719600290354396, 2.799999999999999378, -2.278943158040126260 ) ) ;
#1616 = FILL_AREA_STYLE_COLOUR ( '', #3636 ) ;
#1617 = CARTESIAN_POINT ( 'NONE',  ( 1.515527827243066783, 2.801000000000000156, -2.879068565134764945 ) ) ;
#1618 = VECTOR ( 'NONE', #4207, 1000.000000000000000 ) ;
#1619 = SURFACE_SIDE_STYLE ('',( #2451 ) ) ;
#1620 = UNCERTAINTY_MEASURE_WITH_UNIT (LENGTH_MEASURE( 1.000000000000000082E-05 ), #1881, 'distance_accuracy_value', 'NONE');
#1621 = CARTESIAN_POINT ( 'NONE',  ( 3.967908779624019111, 2.801000000000000156, -2.338145946087145877 ) ) ;
#1622 = ORIENTED_EDGE ( 'NONE', *, *, #4864, .F. ) ;
#1623 = ORIENTED_EDGE ( 'NONE', *, *, #1987, .F. ) ;
#1624 = VECTOR ( 'NONE', #270, 1000.000000000000000 ) ;
#1625 = DIRECTION ( 'NONE',  ( 3.614007241618349757E-16, 0.000000000000000000, -1.000000000000000000 ) ) ;
#1626 = FILL_AREA_STYLE_COLOUR ( '', #2472 ) ;
#1627 = CARTESIAN_POINT ( 'NONE',  ( 4.702060496554778091, 2.799999999999999822, -2.353885705692968511 ) ) ;
#1628 = UNCERTAINTY_MEASURE_WITH_UNIT (LENGTH_MEASURE( 1.000000000000000082E-05 ), #4094, 'distance_accuracy_value', 'NONE');
#1629 = PRESENTATION_LAYER_ASSIGNMENT (  '', '', ( #1439 ) ) ;
#1630 = PLANE ( 'NONE',  #300 ) ;
#1631 = ORIENTED_EDGE ( 'NONE', *, *, #4837, .T. ) ;
#1632 = AXIS2_PLACEMENT_3D ( 'NONE', #1437, #1158, #382 ) ;
#1633 = CARTESIAN_POINT ( 'NONE',  ( 1.678846279624019111, 2.801000000000000156, -4.233607255610955633 ) ) ;
#1634 = ORIENTED_EDGE ( 'NONE', *, *, #5362, .F. ) ;
#1635 = CARTESIAN_POINT ( 'NONE',  ( 0.6423879462906858517, 2.799999999999999822, -2.995884041325241220 ) ) ;
#1636 = VECTOR ( 'NONE', #2589, 1000.000000000000000 ) ;
#1637 = LINE ( 'NONE', #4123, #1624 ) ;
#1638 = EDGE_CURVE ( 'NONE', #3680, #1910, #3148, .T. ) ;
#1639 = CARTESIAN_POINT ( 'NONE',  ( 2.138945009230705185, 2.799999999999999822, -2.967508930075220874 ) ) ;
#1640 = CARTESIAN_POINT ( 'NONE',  ( 1.704918107026146545, 2.800000000000000266, -4.172424589528856309 ) ) ;
#1641 = PRESENTATION_LAYER_ASSIGNMENT (  '', '', ( #2554 ) ) ;
#1642 = VECTOR ( 'NONE', #989, 1000.000000000000114 ) ;
#1643 =( GEOMETRIC_REPRESENTATION_CONTEXT ( 3 ) GLOBAL_UNCERTAINTY_ASSIGNED_CONTEXT ( ( #77 ) ) GLOBAL_UNIT_ASSIGNED_CONTEXT ( ( #3533, #1049, #990 ) ) REPRESENTATION_CONTEXT ( 'NONE', 'WORKASPACE' ) );
#1644 =( NAMED_UNIT ( * ) SI_UNIT ( $, .STERADIAN. ) SOLID_ANGLE_UNIT ( ) );
#1645 = FACE_OUTER_BOUND ( 'NONE', #5402, .T. ) ;
#1646 = VERTEX_POINT ( 'NONE', #2721 ) ;
#1647 = CARTESIAN_POINT ( 'NONE',  ( 2.585096279624019111, 2.801000000000000156, -4.253324517515717496 ) ) ;
#1648 = PRESENTATION_LAYER_ASSIGNMENT (  '', '', ( #2205 ) ) ;
#1649 = MECHANICAL_DESIGN_GEOMETRIC_PRESENTATION_REPRESENTATION (  '', ( #747 ), #926 ) ;
#1650 = DIRECTION ( 'NONE',  ( 0.000000000000000000, -1.000000000000000000, 0.000000000000000000 ) ) ;
#1651 = PRESENTATION_STYLE_ASSIGNMENT (( #749 ) ) ;
#1652 = SURFACE_STYLE_USAGE ( .BOTH. , #1229 ) ;
#1653 = ORIENTED_EDGE ( 'NONE', *, *, #3622, .F. ) ;
#1654 = ORIENTED_EDGE ( 'NONE', *, *, #1042, .T. ) ;
#1655 = ORIENTED_EDGE ( 'NONE', *, *, #3153, .F. ) ;
#1656 = VECTOR ( 'NONE', #3716, 1000.000000000000000 ) ;
#1657 = CARTESIAN_POINT ( 'NONE',  ( 0.6345754462906857407, 2.801000000000000156, -2.955705469896669602 ) ) ;
#1658 =( NAMED_UNIT ( * ) PLANE_ANGLE_UNIT ( ) SI_UNIT ( $, .RADIAN. ) );
#1659 = LINE ( 'NONE', #3410, #3986 ) ;
#1660 = CARTESIAN_POINT ( 'NONE',  ( 6.599999999999999645, 0.2000000000000000111, -2.499999999999999556 ) ) ;
#1661 = CARTESIAN_POINT ( 'NONE',  ( 5.547893898671638624, 2.801000000000000156, -4.098190588944288670 ) ) ;
#1662 = STYLED_ITEM ( 'NONE', ( #2807 ), #5523 ) ;
#1663 = ORIENTED_EDGE ( 'NONE', *, *, #3151, .T. ) ;
#1664 = CARTESIAN_POINT ( 'NONE',  ( 6.599999999999999645, 0.2000000000000000111, -2.399999999999999467 ) ) ;
#1665 = ORIENTED_EDGE ( 'NONE', *, *, #1734, .F. ) ;
#1666 = DIRECTION ( 'NONE',  ( -0.000000000000000000, -1.000000000000000000, -0.000000000000000000 ) ) ;
#1667 =( GEOMETRIC_REPRESENTATION_CONTEXT ( 3 ) GLOBAL_UNCERTAINTY_ASSIGNED_CONTEXT ( ( #954 ) ) GLOBAL_UNIT_ASSIGNED_CONTEXT ( ( #203, #2806, #5118 ) ) REPRESENTATION_CONTEXT ( 'NONE', 'WORKASPACE' ) );
#1668 = EDGE_CURVE ( 'NONE', #4802, #4754, #329, .T. ) ;
#1669 = VECTOR ( 'NONE', #3612, 1000.000000000000000 ) ;
#1670 = SURFACE_STYLE_USAGE ( .BOTH. , #3335 ) ;
#1671 = CARTESIAN_POINT ( 'NONE',  ( 3.777432589147828867, 2.801000000000000156, -3.667014993706193327 ) ) ;
#1672 = FILL_AREA_STYLE ('',( #3368 ) ) ;
#1673 = LINE ( 'NONE', #820, #1281 ) ;
#1674 = LINE ( 'NONE', #2167, #1045 ) ;
#1675 = SURFACE_SIDE_STYLE ('',( #4268 ) ) ;
#1676 = FILL_AREA_STYLE ('',( #2019 ) ) ;
#1677 = CARTESIAN_POINT ( 'NONE',  ( 2.580198604880716839, 2.801000000000000156, -4.251391776662132749 ) ) ;
#1678 = LINE ( 'NONE', #2077, #4872 ) ;
#1679 = B_SPLINE_CURVE_WITH_KNOTS ( 'NONE', 3,
 ( #4103, #1588, #3697, #2481, #802, #2845, #4545 ),
 .UNSPECIFIED., .F., .F.,
 ( 4, 1, 1, 1, 4 ),
 ( 0.000000000000000000, 0.3149680076775209225, 0.5859588863041572671, 0.8103781379931508377, 1.000000000000000000 ),
 .UNSPECIFIED. ) ;
#1680 = ORIENTED_EDGE ( 'NONE', *, *, #4887, .F. ) ;
#1681 = B_SPLINE_SURFACE_WITH_KNOTS ( 'NONE', 3, 1, ( 
 ( #5111, #1264 ),
 ( #3006, #4698 ),
 ( #52, #4888 ),
 ( #244, #556 ),
 ( #641, #2373 ) ),
 .UNSPECIFIED., .F., .F., .F.,
 ( 4, 1, 4 ),
 ( 2, 2 ),
 ( 0.000000000000000000, 0.4071624802286769595, 1.000000000000000000 ),
 ( 0.000000000000000000, 1.000000000000000000 ),
 .UNSPECIFIED. ) ;
#1682 = ORIENTED_EDGE ( 'NONE', *, *, #2769, .T. ) ;
#1683 = PRESENTATION_STYLE_ASSIGNMENT (( #4721 ) ) ;
#1684 = ADVANCED_FACE ( 'NONE', ( #174 ), #541, .T. ) ;
#1685 =( LENGTH_UNIT ( ) NAMED_UNIT ( * ) SI_UNIT ( .MILLI., .METRE. ) );
#1686 = CARTESIAN_POINT ( 'NONE',  ( 4.700423660576400486, 2.799999999999999822, -2.331449517515717051 ) ) ;
#1687 = UNCERTAINTY_MEASURE_WITH_UNIT (LENGTH_MEASURE( 1.000000000000000082E-05 ), #1543, 'distance_accuracy_value', 'NONE');
#1688 = DIRECTION ( 'NONE',  ( 0.000000000000000000, 0.000000000000000000, -1.000000000000000000 ) ) ;
#1689 = ORIENTED_EDGE ( 'NONE', *, *, #1181, .F. ) ;
#1690 =( NAMED_UNIT ( * ) SI_UNIT ( $, .STERADIAN. ) SOLID_ANGLE_UNIT ( ) );
#1691 = CARTESIAN_POINT ( 'NONE',  ( 0.000000000000000000, 1.200000000000000178, -4.099999999999999645 ) ) ;
#1692 = STYLED_ITEM ( 'NONE', ( #940 ), #3129 ) ;
#1693 = CARTESIAN_POINT ( 'NONE',  ( 6.599999999999999645, 0.2000000000000000111, -4.200000000000000178 ) ) ;
#1694 = VERTEX_POINT ( 'NONE', #5344 ) ;
#1695 = DIRECTION ( 'NONE',  ( 0.000000000000000000, 0.000000000000000000, -1.000000000000000000 ) ) ;
#1696 = EDGE_CURVE ( 'NONE', #2344, #1728, #1488, .T. ) ;
#1697 = SURFACE_STYLE_FILL_AREA ( #3 ) ;
#1698 = CARTESIAN_POINT ( 'NONE',  ( 4.349302929949122820, 2.799999999999999822, -4.176787077150359906 ) ) ;
#1699 = CARTESIAN_POINT ( 'NONE',  ( 4.872298660576400486, 2.801000000000000156, -2.298711422277621708 ) ) ;
#1700 = ORIENTED_EDGE ( 'NONE', *, *, #4704, .T. ) ;
#1701 = CARTESIAN_POINT ( 'NONE',  ( 3.883480011779744334, 2.800999999999999712, -2.260437927328754260 ) ) ;
#1702 = CARTESIAN_POINT ( 'NONE',  ( 1.696778889988206140, 2.801000000000000600, -2.304129296645964331 ) ) ;
#1703 = CARTESIAN_POINT ( 'NONE',  ( 1.538277549377794706, 2.801000000000000156, -2.284039264785138634 ) ) ;
#1704 = CARTESIAN_POINT ( 'NONE',  ( 5.760461895792568399, 2.799999999999999822, -4.217991095780332600 ) ) ;
#1705 = CARTESIAN_POINT ( 'NONE',  ( 1.000000000000000000, 0.2000000000000000111, -2.499999999999999556 ) ) ;
#1706 = VERTEX_POINT ( 'NONE', #2277 ) ;
#1707 = EDGE_CURVE ( 'NONE', #4449, #5022, #841, .T. ) ;
#1708 = CARTESIAN_POINT ( 'NONE',  ( 4.753415315379232453, 2.800000000000000266, -2.263617518585094412 ) ) ;
#1709 = FILL_AREA_STYLE_COLOUR ( '', #4858 ) ;
#1710 = CARTESIAN_POINT ( 'NONE',  ( 2.660917066550931853, 2.801000000000000156, -2.262819676841926420 ) ) ;
#1711 = CARTESIAN_POINT ( 'NONE',  ( 3.959352232004971661, 2.799999999999999822, -2.367907850849050977 ) ) ;
#1712 = ORIENTED_EDGE ( 'NONE', *, *, #25, .T. ) ;
#1713 = CARTESIAN_POINT ( 'NONE',  ( 2.539337351052590730, 2.799999999999999822, -4.197892969896670046 ) ) ;
#1714 = SURFACE_SIDE_STYLE ('',( #4311 ) ) ;
#1715 = ORIENTED_EDGE ( 'NONE', *, *, #2081, .F. ) ;
#1716 = CARTESIAN_POINT ( 'NONE',  ( 2.571784224167658284, 2.800000000000000711, -2.274468294048555883 ) ) ;
#1717 = EDGE_LOOP ( 'NONE', ( #4780, #3264, #23, #1788 ) ) ;
#1718 = FACE_OUTER_BOUND ( 'NONE', #4394, .T. ) ;
#1719 = LINE ( 'NONE', #2067, #1271 ) ;
#1720 = CARTESIAN_POINT ( 'NONE',  ( 4.397968303433543724, 2.801000000000000156, -4.254068565134764945 ) ) ;
#1721 = VECTOR ( 'NONE', #3435, 1000.000000000000000 ) ;
#1722 = CARTESIAN_POINT ( 'NONE',  ( 6.599999999999999645, 0.2000000000000000111, -4.200000000000000178 ) ) ;
#1723 = LINE ( 'NONE', #1379, #3537 ) ;
#1724 = DIRECTION ( 'NONE',  ( 1.000000000000000000, 0.000000000000000000, 0.000000000000000000 ) ) ;
#1725 = B_SPLINE_SURFACE_WITH_KNOTS ( 'NONE', 3, 1, ( 
 ( #3583, #4032 ),
 ( #263, #5290 ),
 ( #4476, #2824 ),
 ( #2775, #5386 ),
 ( #1916, #621 ),
 ( #3607, #3269 ),
 ( #246, #2798 ) ),
 .UNSPECIFIED., .F., .F., .F.,
 ( 4, 1, 1, 1, 4 ),
 ( 2, 2 ),
 ( 0.000000000000000000, 0.1362224709609783369, 0.3446027822469294732, 0.6294348157194437077, 1.000000000000000000 ),
 ( 0.000000000000000000, 1.000000000000000000 ),
 .UNSPECIFIED. ) ;
#1726 = FILL_AREA_STYLE_COLOUR ( '', #4611 ) ;
#1727 = EDGE_CURVE ( 'NONE', #1256, #1154, #2411, .T. ) ;
#1728 = VERTEX_POINT ( 'NONE', #1660 ) ;
#1729 = CARTESIAN_POINT ( 'NONE',  ( 0.6353928817005070062, 2.801000000000000156, -2.935848536519559904 ) ) ;
#1730 = PRESENTATION_LAYER_ASSIGNMENT (  '', '', ( #1008 ) ) ;
#1731 = AXIS2_PLACEMENT_3D ( 'NONE', #3155, #2730, #181 ) ;
#1732 = LINE ( 'NONE', #1995, #3465 ) ;
#1733 = CARTESIAN_POINT ( 'NONE',  ( 1.515527827243066783, 2.801000000000000156, -2.342982255610955633 ) ) ;
#1734 = EDGE_CURVE ( 'NONE', #5086, #4210, #2, .T. ) ;
#1735 = PRESENTATION_LAYER_ASSIGNMENT (  '', '', ( #3709 ) ) ;
#1736 = ORIENTED_EDGE ( 'NONE', *, *, #570, .F. ) ;
#1737 = CARTESIAN_POINT ( 'NONE',  ( 1.572966157112099639, 2.799999999999999822, -4.255494614415725074 ) ) ;
#1738 =( GEOMETRIC_REPRESENTATION_CONTEXT ( 3 ) GLOBAL_UNCERTAINTY_ASSIGNED_CONTEXT ( ( #1345 ) ) GLOBAL_UNIT_ASSIGNED_CONTEXT ( ( #3595, #689, #2416 ) ) REPRESENTATION_CONTEXT ( 'NONE', 'WORKASPACE' ) );
#1739 = DIRECTION ( 'NONE',  ( -0.5508529942087444509, 0.000000000000000000, -0.8346022877821873687 ) ) ;
#1740 = AXIS2_PLACEMENT_3D ( 'NONE', #891, #2658, #2209 ) ;
#1741 = CARTESIAN_POINT ( 'NONE',  ( 3.962062705107192606, 2.799999999999998490, -2.303842519916061260 ) ) ;
#1742 = ORIENTED_EDGE ( 'NONE', *, *, #4096, .F. ) ;
#1743 = DIRECTION ( 'NONE',  ( 0.000000000000000000, -1.000000000000000000, 0.000000000000000000 ) ) ;
#1744 = VECTOR ( 'NONE', #3991, 1000.000000000000000 ) ;
#1745 = ORIENTED_EDGE ( 'NONE', *, *, #1565, .T. ) ;
#1746 = CARTESIAN_POINT ( 'NONE',  ( 3.389039732004971661, 2.799999999999999822, -3.212401898468098427 ) ) ;
#1747 = ORIENTED_EDGE ( 'NONE', *, *, #2769, .F. ) ;
#1748 = CARTESIAN_POINT ( 'NONE',  ( 3.777432589147828867, 2.800999999995461121, -3.805407850849050533 ) ) ;
#1749 = VECTOR ( 'NONE', #1784, 1000.000000000000000 ) ;
#1750 = FACE_OUTER_BOUND ( 'NONE', #2797, .T. ) ;
#1751 = FILL_AREA_STYLE_COLOUR ( '', #5486 ) ;
#1752 = FILL_AREA_STYLE ('',( #2275 ) ) ;
#1753 = EDGE_CURVE ( 'NONE', #1980, #1829, #5108, .T. ) ;
#1754 = CARTESIAN_POINT ( 'NONE',  ( 4.375656642977042488, 2.799999999999999378, -4.241162251648592729 ) ) ;
#1755 = COLOUR_RGB ( '',0.6901960784313725394, 0.6117647058823529882, 0.5294117647058823595 ) ;
#1756 =( NAMED_UNIT ( * ) SI_UNIT ( $, .STERADIAN. ) SOLID_ANGLE_UNIT ( ) );
#1757 = ORIENTED_EDGE ( 'NONE', *, *, #1080, .T. ) ;
#1758 = CARTESIAN_POINT ( 'NONE',  ( 1.521449393661624461, 2.800999999999999268, -2.306792017588400245 ) ) ;
#1759 = EDGE_CURVE ( 'NONE', #4366, #2764, #2101, .T. ) ;
#1760 =( GEOMETRIC_REPRESENTATION_CONTEXT ( 3 ) GLOBAL_UNCERTAINTY_ASSIGNED_CONTEXT ( ( #2485 ) ) GLOBAL_UNIT_ASSIGNED_CONTEXT ( ( #3008, #5514, #1350 ) ) REPRESENTATION_CONTEXT ( 'NONE', 'WORKASPACE' ) );
#1761 = CARTESIAN_POINT ( 'NONE',  ( 2.539337351052590730, 2.799999999999999822, -4.197892969896670046 ) ) ;
#1762 = ORIENTED_EDGE ( 'NONE', *, *, #1945, .T. ) ;
#1763 = COLOUR_RGB ( '',0.7529411764705882248, 0.7529411764705882248, 0.7529411764705882248 ) ;
#1764 = ORIENTED_EDGE ( 'NONE', *, *, #902, .F. ) ;
#1765 = DIRECTION ( 'NONE',  ( -1.000000000000000000, 0.000000000000000000, 2.409338161078898687E-16 ) ) ;
#1766 = EDGE_CURVE ( 'NONE', #4052, #2878, #3874, .T. ) ;
#1767 =( NAMED_UNIT ( * ) PLANE_ANGLE_UNIT ( ) SI_UNIT ( $, .RADIAN. ) );
#1768 = FILL_AREA_STYLE ('',( #2575 ) ) ;
#1769 = CARTESIAN_POINT ( 'NONE',  ( 3.638667708195447936, 2.799999999999999822, -3.457565588944288670 ) ) ;
#1770 = VERTEX_POINT ( 'NONE', #3383 ) ;
#1771 = LINE ( 'NONE', #4753, #2870 ) ;
#1772 = VERTEX_POINT ( 'NONE', #3003 ) ;
#1773 = CARTESIAN_POINT ( 'NONE',  ( 2.540216631500571420, 2.800000000000002487, -2.318344031251358572 ) ) ;
#1774 = VERTEX_POINT ( 'NONE', #3690 ) ;
#1775 = PRESENTATION_STYLE_ASSIGNMENT (( #3974 ) ) ;
#1776 = B_SPLINE_SURFACE_WITH_KNOTS ( 'NONE', 3, 1, ( 
 ( #714, #5222 ),
 ( #4237, #1783 ),
 ( #2596, #423 ),
 ( #2139, #3843 ),
 ( #3931, #913 ),
 ( #2625, #3508 ),
 ( #1358, #67 ) ),
 .UNSPECIFIED., .F., .F., .F.,
 ( 4, 1, 1, 1, 4 ),
 ( 2, 2 ),
 ( 0.000000000000000000, 0.2756850104068567786, 0.5194791217135447114, 0.7580884968773092814, 1.000000000000000000 ),
 ( 0.000000000000000000, 1.000000000000000000 ),
 .UNSPECIFIED. ) ;
#1777 =( LENGTH_UNIT ( ) NAMED_UNIT ( * ) SI_UNIT ( .MILLI., .METRE. ) );
#1778 = ADVANCED_FACE ( 'NONE', ( #5081 ), #4979, .T. ) ;
#1779 = CARTESIAN_POINT ( 'NONE',  ( 3.967908779624019111, 2.801000000000000156, -3.631672731801431908 ) ) ;
#1780 = PRESENTATION_LAYER_ASSIGNMENT (  '', '', ( #1597 ) ) ;
#1781 = CARTESIAN_POINT ( 'NONE',  ( 5.712178860026249083, 2.801000000000000156, -4.253775425639221730 ) ) ;
#1782 = CARTESIAN_POINT ( 'NONE',  ( 1.551574909257631418, 2.799999999999999822, -2.270330068343447305 ) ) ;
#1783 = CARTESIAN_POINT ( 'NONE',  ( 0.6947193783525157373, 2.799999999999999822, -2.880611830156604380 ) ) ;
#1784 = DIRECTION ( 'NONE',  ( -0.000000000000000000, -1.000000000000000000, -0.000000000000000000 ) ) ;
#1785 =( LENGTH_UNIT ( ) NAMED_UNIT ( * ) SI_UNIT ( .MILLI., .METRE. ) );
#1786 = CARTESIAN_POINT ( 'NONE',  ( 5.747298660576400486, 2.801000000000000156, -4.231747136563336120 ) ) ;
#1787 =( LENGTH_UNIT ( ) NAMED_UNIT ( * ) SI_UNIT ( .MILLI., .METRE. ) );
#1788 = ORIENTED_EDGE ( 'NONE', *, *, #4040, .T. ) ;
#1789 = ORIENTED_EDGE ( 'NONE', *, *, #5387, .F. ) ;
#1790 = CARTESIAN_POINT ( 'NONE',  ( 1.542313541528781196, 2.801000000000000600, -2.280110231801431908 ) ) ;
#1791 = CARTESIAN_POINT ( 'NONE',  ( 0.6947193783525157373, 2.799999999999999822, -2.880611830156604380 ) ) ;
#1792 = CARTESIAN_POINT ( 'NONE',  ( 3.777432589147828867, 2.799999999999999822, -3.667014993706193327 ) ) ;
#1793 = CARTESIAN_POINT ( 'NONE',  ( 3.963956672391431013, 2.801000000000000156, -2.351383553749171629 ) ) ;
#1794 = UNCERTAINTY_MEASURE_WITH_UNIT (LENGTH_MEASURE( 1.000000000000000082E-05 ), #500, 'distance_accuracy_value', 'NONE');
#1795 = PLANE ( 'NONE',  #4077 ) ;
#1796 = EDGE_CURVE ( 'NONE', #2087, #4165, #2545, .T. ) ;
#1797 = ORIENTED_EDGE ( 'NONE', *, *, #4262, .T. ) ;
#1798 =( NAMED_UNIT ( * ) PLANE_ANGLE_UNIT ( ) SI_UNIT ( $, .RADIAN. ) );
#1799 = CARTESIAN_POINT ( 'NONE',  ( 1.706004017719257471, 2.799999999999999822, -2.879068565134764945 ) ) ;
#1800 = ORIENTED_EDGE ( 'NONE', *, *, #708, .T. ) ;
#1801 = LINE ( 'NONE', #4286, #4460 ) ;
#1802 =( NAMED_UNIT ( * ) PLANE_ANGLE_UNIT ( ) SI_UNIT ( $, .RADIAN. ) );
#1803 = STYLED_ITEM ( 'NONE', ( #1272 ), #1491 ) ;
#1804 = STYLED_ITEM ( 'NONE', ( #4564 ), #2410 ) ;
#1805 = CARTESIAN_POINT ( 'NONE',  ( 6.599999999999999645, -0.1000000000000000056, -2.499999999999999556 ) ) ;
#1806 = B_SPLINE_CURVE_WITH_KNOTS ( 'NONE', 3,
 ( #3848, #15, #1708, #3434, #156, #3624, #1499 ),
 .UNSPECIFIED., .F., .F.,
 ( 4, 1, 1, 1, 4 ),
 ( 0.000000000000000000, 0.3029226852852355267, 0.5605547205714402903, 0.7851243818459056056, 1.000000000000000000 ),
 .UNSPECIFIED. ) ;
#1807 = SURFACE_STYLE_FILL_AREA ( #1925 ) ;
#1808 = MECHANICAL_DESIGN_GEOMETRIC_PRESENTATION_REPRESENTATION (  '', ( #2454 ), #2278 ) ;
#1809 = VECTOR ( 'NONE', #2814, 1000.000000000000000 ) ;
#1810 = EDGE_CURVE ( 'NONE', #2122, #4995, #3823, .T. ) ;
#1811 = DIRECTION ( 'NONE',  ( 1.000000000000000000, 0.000000000000000000, 0.000000000000000000 ) ) ;
#1812 = CARTESIAN_POINT ( 'NONE',  ( 0.6353928817005070062, 2.799999999999999378, -2.935848536519559904 ) ) ;
#1813 = CARTESIAN_POINT ( 'NONE',  ( 2.077965438176976321, 2.799999999999999822, -3.042239568028099139 ) ) ;
#1814 = EDGE_LOOP ( 'NONE', ( #14, #2974, #663, #3298 ) ) ;
#1815 =( GEOMETRIC_REPRESENTATION_CONTEXT ( 3 ) GLOBAL_UNCERTAINTY_ASSIGNED_CONTEXT ( ( #725 ) ) GLOBAL_UNIT_ASSIGNED_CONTEXT ( ( #903, #5212, #3889 ) ) REPRESENTATION_CONTEXT ( 'NONE', 'WORKASPACE' ) );
#1816 =( LENGTH_UNIT ( ) NAMED_UNIT ( * ) SI_UNIT ( .MILLI., .METRE. ) );
#1817 = CARTESIAN_POINT ( 'NONE',  ( 3.858905803433542836, 2.799999999999999822, -2.260020946087145877 ) ) ;
#1818 = CARTESIAN_POINT ( 'NONE',  ( 5.712178860026249083, 2.801000000000000156, -4.253775425639221730 ) ) ;
#1819 = SURFACE_SIDE_STYLE ('',( #71 ) ) ;
#1820 = ORIENTED_EDGE ( 'NONE', *, *, #1166, .F. ) ;
#1821 = PRESENTATION_LAYER_ASSIGNMENT (  '', '', ( #1095 ) ) ;
#1822 = COLOUR_RGB ( '',0.5019607843137254832, 0.5019607843137254832, 0.5019607843137254832 ) ;
#1823 = ORIENTED_EDGE ( 'NONE', *, *, #4631, .T. ) ;
#1824 = CARTESIAN_POINT ( 'NONE',  ( 0.6351483587249874274, 2.799999999999999822, -2.961813956309070850 ) ) ;
#1825 = CARTESIAN_POINT ( 'NONE',  ( 4.718551971326768069, 2.801000000000001489, -2.283171477884576195 ) ) ;
#1826 =( GEOMETRIC_REPRESENTATION_CONTEXT ( 3 ) GLOBAL_UNCERTAINTY_ASSIGNED_CONTEXT ( ( #1967 ) ) GLOBAL_UNIT_ASSIGNED_CONTEXT ( ( #3887, #1802, #1324 ) ) REPRESENTATION_CONTEXT ( 'NONE', 'WORKASPACE' ) );
#1827 = DIRECTION ( 'NONE',  ( 0.000000000000000000, 0.000000000000000000, -1.000000000000000000 ) ) ;
#1828 = SURFACE_SIDE_STYLE ('',( #2607 ) ) ;
#1829 = VERTEX_POINT ( 'NONE', #1130 ) ;
#1830 = CARTESIAN_POINT ( 'NONE',  ( 3.967908779624019111, 2.801000000000000156, -2.338145946087145877 ) ) ;
#1831 = VECTOR ( 'NONE', #1203, 1000.000000000000000 ) ;
#1832 = EDGE_LOOP ( 'NONE', ( #3487, #642, #1186, #1700 ) ) ;
#1833 = AXIS2_PLACEMENT_3D ( 'NONE', #454, #1765, #4389 ) ;
#1834 = ORIENTED_EDGE ( 'NONE', *, *, #1458, .T. ) ;
#1835 = CARTESIAN_POINT ( 'NONE',  ( 4.386574830310309814, 2.800999999999999712, -4.108627562168577718 ) ) ;
#1836 = AXIS2_PLACEMENT_3D ( 'NONE', #1468, #4903, #3337 ) ;
#1837 =( LENGTH_UNIT ( ) NAMED_UNIT ( * ) SI_UNIT ( .MILLI., .METRE. ) );
#1838 = PLANE ( 'NONE',  #1217 ) ;
#1840 = VECTOR ( 'NONE', #1404, 1000.000000000000000 ) ;
#1839 = VECTOR ( 'NONE', #1140, 1000.000000000000000 ) ;
#1841 = ADVANCED_FACE ( 'NONE', ( #4536 ), #2861, .F. ) ;
#1842 = FILL_AREA_STYLE ('',( #4482 ) ) ;
#1843 = FILL_AREA_STYLE ('',( #2307 ) ) ;
#1844 = CARTESIAN_POINT ( 'NONE',  ( 2.608527998915330492, 2.799999999999999822, -2.262134312470514441 ) ) ;
#1845 = VERTEX_POINT ( 'NONE', #1855 ) ;
#1846 = LINE ( 'NONE', #116, #1555 ) ;
#1847 = FILL_AREA_STYLE_COLOUR ( '', #4447 ) ;
#1848 = CARTESIAN_POINT ( 'NONE',  ( 0.000000000000000000, 1.200000000000000178, -2.499999999999999556 ) ) ;
#1849 = SURFACE_STYLE_FILL_AREA ( #3255 ) ;
#1850 = ORIENTED_EDGE ( 'NONE', *, *, #4756, .F. ) ;
#1851 = FILL_AREA_STYLE_COLOUR ( '', #3807 ) ;
#1852 = DIRECTION ( 'NONE',  ( 0.000000000000000000, 0.000000000000000000, -1.000000000000000000 ) ) ;
#1853 = DIRECTION ( 'NONE',  ( 0.9484456225331719947, 0.000000000000000000, 0.3169399013971949119 ) ) ;
#1854 = UNCERTAINTY_MEASURE_WITH_UNIT (LENGTH_MEASURE( 1.000000000000000082E-05 ), #629, 'distance_accuracy_value', 'NONE');
#1855 = CARTESIAN_POINT ( 'NONE',  ( 2.585096279624019111, 2.799999999999999822, -4.253324517515717496 ) ) ;
#1856 = EDGE_LOOP ( 'NONE', ( #4969, #670, #54, #1879 ) ) ;
#1857 = ORIENTED_EDGE ( 'NONE', *, *, #2912, .T. ) ;
#1858 = ADVANCED_FACE ( 'NONE', ( #3060 ), #1795, .T. ) ;
#1859 = ORIENTED_EDGE ( 'NONE', *, *, #2284, .T. ) ;
#1860 = SURFACE_STYLE_USAGE ( .BOTH. , #2642 ) ;
#1861 = CARTESIAN_POINT ( 'NONE',  ( 2.040977803226887044, 2.801000000000000156, -2.879528197688983937 ) ) ;
#1862 = SURFACE_STYLE_FILL_AREA ( #1046 ) ;
#1863 = LINE ( 'NONE', #3588, #1636 ) ;
#1864 = MECHANICAL_DESIGN_GEOMETRIC_PRESENTATION_REPRESENTATION (  '', ( #2779 ), #446 ) ;
#1865 = DIRECTION ( 'NONE',  ( -1.000000000000000000, 0.000000000000000000, 0.000000000000000000 ) ) ;
#1866 = PLANE ( 'NONE',  #210 ) ;
#1867 =( NAMED_UNIT ( * ) PLANE_ANGLE_UNIT ( ) SI_UNIT ( $, .RADIAN. ) );
#1868 = ADVANCED_FACE ( 'NONE', ( #511 ), #101, .T. ) ;
#1869 = MECHANICAL_DESIGN_GEOMETRIC_PRESENTATION_REPRESENTATION (  '', ( #1150 ), #501 ) ;
#1870 = CARTESIAN_POINT ( 'NONE',  ( 1.538277549377794706, 2.801000000000000156, -2.284039264785138634 ) ) ;
#1871 = LINE ( 'NONE', #1960, #281 ) ;
#1872 = SURFACE_SIDE_STYLE ('',( #1849 ) ) ;
#1873 = ORIENTED_EDGE ( 'NONE', *, *, #178, .T. ) ;
#1874 = SURFACE_STYLE_USAGE ( .BOTH. , #2393 ) ;
#1875 = FILL_AREA_STYLE ('',( #5354 ) ) ;
#1876 = LINE ( 'NONE', #1792, #2460 ) ;
#1877 = DIRECTION ( 'NONE',  ( 0.000000000000000000, 0.000000000000000000, -1.000000000000000000 ) ) ;
#1878 = FACE_OUTER_BOUND ( 'NONE', #5074, .T. ) ;
#1879 = ORIENTED_EDGE ( 'NONE', *, *, #5062, .T. ) ;
#1880 = EDGE_CURVE ( 'NONE', #4845, #5058, #2321, .T. ) ;
#1881 =( LENGTH_UNIT ( ) NAMED_UNIT ( * ) SI_UNIT ( .MILLI., .METRE. ) );
#1882 = VERTEX_POINT ( 'NONE', #1088 ) ;
#1883 = LINE ( 'NONE', #619, #1951 ) ;
#1884 = ORIENTED_EDGE ( 'NONE', *, *, #1796, .T. ) ;
#1885 = SURFACE_STYLE_USAGE ( .BOTH. , #195 ) ;
#1886 = PRESENTATION_STYLE_ASSIGNMENT (( #1071 ) ) ;
#1887 = PRESENTATION_STYLE_ASSIGNMENT (( #3273 ) ) ;
#1888 = ORIENTED_EDGE ( 'NONE', *, *, #1280, .T. ) ;
#1889 = CARTESIAN_POINT ( 'NONE',  ( 2.077965438176976321, 2.799999999999999822, -3.042239568028099139 ) ) ;
#1890 =( LENGTH_UNIT ( ) NAMED_UNIT ( * ) SI_UNIT ( .MILLI., .METRE. ) );
#1891 = COLOUR_RGB ( '',0.5019607843137254832, 0.5019607843137254832, 0.5019607843137254832 ) ;
#1892 = CARTESIAN_POINT ( 'NONE',  ( 1.199999999999999956, 0.2000000000000000111, -2.399999999999999911 ) ) ;
#1893 = SURFACE_STYLE_FILL_AREA ( #1025 ) ;
#1894 = LINE ( 'NONE', #2332, #1061 ) ;
#1895 = FILL_AREA_STYLE ('',( #1027 ) ) ;
#1896 = CARTESIAN_POINT ( 'NONE',  ( 3.858905803433542836, 2.801000000000000156, -2.260020946087145877 ) ) ;
#1897 = B_SPLINE_CURVE_WITH_KNOTS ( 'NONE', 3,
 ( #2911, #4608, #1209, #2944, #318, #4641, #3850 ),
 .UNSPECIFIED., .F., .F.,
 ( 4, 1, 1, 1, 4 ),
 ( 0.000000000000000000, 0.2559082980792789508, 0.4965165406871204223, 0.7382527385271006048, 1.000000000000000000 ),
 .UNSPECIFIED. ) ;
#1898 = EDGE_CURVE ( 'NONE', #1503, #4853, #5357, .T. ) ;
#1899 = CARTESIAN_POINT ( 'NONE',  ( 3.777432589147828867, 2.799999999999999822, -3.667014993706193327 ) ) ;
#1900 =( NAMED_UNIT ( * ) PLANE_ANGLE_UNIT ( ) SI_UNIT ( $, .RADIAN. ) );
#1901 = EDGE_LOOP ( 'NONE', ( #2417, #3852, #1141, #3501 ) ) ;
#1902 = STYLED_ITEM ( 'NONE', ( #4825 ), #972 ) ;
#1903 = CARTESIAN_POINT ( 'NONE',  ( 3.963956672391431013, 2.801000000000000156, -2.351383553749171629 ) ) ;
#1904 = PLANE ( 'NONE',  #3270 ) ;
#1905 = EDGE_CURVE ( 'NONE', #2079, #3916, #1909, .T. ) ;
#1906 = SURFACE_STYLE_USAGE ( .BOTH. , #583 ) ;
#1907 = DIRECTION ( 'NONE',  ( 0.000000000000000000, -1.000000000000000000, 0.000000000000000000 ) ) ;
#1908 = VECTOR ( 'NONE', #851, 1000.000000000000000 ) ;
#1909 = LINE ( 'NONE', #4494, #141 ) ;
#1910 = VERTEX_POINT ( 'NONE', #693 ) ;
#1911 = SURFACE_STYLE_USAGE ( .BOTH. , #130 ) ;
#1912 = ORIENTED_EDGE ( 'NONE', *, *, #2891, .F. ) ;
#1913 =( GEOMETRIC_REPRESENTATION_CONTEXT ( 3 ) GLOBAL_UNCERTAINTY_ASSIGNED_CONTEXT ( ( #2148 ) ) GLOBAL_UNIT_ASSIGNED_CONTEXT ( ( #49, #4750, #375 ) ) REPRESENTATION_CONTEXT ( 'NONE', 'WORKASPACE' ) );
#1914 = SURFACE_SIDE_STYLE ('',( #4084 ) ) ;
#1915 = VECTOR ( 'NONE', #2675, 1000.000000000000000 ) ;
#1916 = CARTESIAN_POINT ( 'NONE',  ( 1.610665363030090225, 2.800999999999998380, -2.260205112780352188 ) ) ;
#1917 = DIRECTION ( 'NONE',  ( 1.000000000000000000, 0.000000000000000000, 0.000000000000000000 ) ) ;
#1918 =( GEOMETRIC_REPRESENTATION_CONTEXT ( 3 ) GLOBAL_UNCERTAINTY_ASSIGNED_CONTEXT ( ( #3326 ) ) GLOBAL_UNIT_ASSIGNED_CONTEXT ( ( #274, #3944, #1935 ) ) REPRESENTATION_CONTEXT ( 'NONE', 'WORKASPACE' ) );
#1919 = EDGE_LOOP ( 'NONE', ( #1653, #1623, #2550, #1614 ) ) ;
#1920 = VECTOR ( 'NONE', #3133, 1000.000000000000000 ) ;
#1921 =( GEOMETRIC_REPRESENTATION_CONTEXT ( 3 ) GLOBAL_UNCERTAINTY_ASSIGNED_CONTEXT ( ( #2711 ) ) GLOBAL_UNIT_ASSIGNED_CONTEXT ( ( #98, #1767, #4722 ) ) REPRESENTATION_CONTEXT ( 'NONE', 'WORKASPACE' ) );
#1922 = PRESENTATION_STYLE_ASSIGNMENT (( #1074 ) ) ;
#1923 = CARTESIAN_POINT ( 'NONE',  ( 0.6453641367668763174, 2.801000000000000156, -2.919619160372859845 ) ) ;
#1924 = COLOUR_RGB ( '',0.5019607843137254832, 0.5019607843137254832, 0.5019607843137254832 ) ;
#1925 = FILL_AREA_STYLE ('',( #228 ) ) ;
#1926 = DIRECTION ( 'NONE',  ( 1.000000000000000000, 0.000000000000000000, 0.000000000000000000 ) ) ;
#1927 = VECTOR ( 'NONE', #1226, 1000.000000000000000 ) ;
#1928 = LINE ( 'NONE', #2010, #1943 ) ;
#1929 = EDGE_CURVE ( 'NONE', #1182, #3256, #3192, .T. ) ;
#1930 = CARTESIAN_POINT ( 'NONE',  ( 5.777064836100493039, 2.801000000000001044, -4.173625998928968350 ) ) ;
#1931 = PLANE ( 'NONE',  #3249 ) ;
#1932 =( GEOMETRIC_REPRESENTATION_CONTEXT ( 3 ) GLOBAL_UNCERTAINTY_ASSIGNED_CONTEXT ( ( #1854 ) ) GLOBAL_UNIT_ASSIGNED_CONTEXT ( ( #629, #997, #3645 ) ) REPRESENTATION_CONTEXT ( 'NONE', 'WORKASPACE' ) );
#1933 = CARTESIAN_POINT ( 'NONE',  ( 4.367114214721804721, 2.801000000000000156, -4.122629567965042874 ) ) ;
#1934 = EDGE_LOOP ( 'NONE', ( #516, #4828, #5005, #5538 ) ) ;
#1935 =( NAMED_UNIT ( * ) SI_UNIT ( $, .STERADIAN. ) SOLID_ANGLE_UNIT ( ) );
#1937 =( GEOMETRIC_REPRESENTATION_CONTEXT ( 3 ) GLOBAL_UNCERTAINTY_ASSIGNED_CONTEXT ( ( #4598 ) ) GLOBAL_UNIT_ASSIGNED_CONTEXT ( ( #312, #5163, #4680 ) ) REPRESENTATION_CONTEXT ( 'NONE', 'WORKASPACE' ) );
#1936 = SURFACE_SIDE_STYLE ('',( #1062 ) ) ;
#1938 = DIRECTION ( 'NONE',  ( -0.3087551786318347147, 0.000000000000000000, -0.9511415455483078762 ) ) ;
#1939 = ORIENTED_EDGE ( 'NONE', *, *, #3596, .T. ) ;
#1940 =( NAMED_UNIT ( * ) PLANE_ANGLE_UNIT ( ) SI_UNIT ( $, .RADIAN. ) );
#1941 = FILL_AREA_STYLE ('',( #2425 ) ) ;
#1942 = ORIENTED_EDGE ( 'NONE', *, *, #3776, .F. ) ;
#1943 = VECTOR ( 'NONE', #1490, 1000.000000000000114 ) ;
#1944 = VERTEX_POINT ( 'NONE', #3654 ) ;
#1945 = EDGE_CURVE ( 'NONE', #949, #3320, #5309, .T. ) ;
#1946 = PLANE ( 'NONE',  #5443 ) ;
#1947 = EDGE_CURVE ( 'NONE', #313, #2866, #3679, .T. ) ;
#1948 = ORIENTED_EDGE ( 'NONE', *, *, #5427, .F. ) ;
#1949 = CARTESIAN_POINT ( 'NONE',  ( 4.431450446290686074, 2.799999999999999822, -4.257416779420479358 ) ) ;
#1950 = SURFACE_SIDE_STYLE ('',( #1040 ) ) ;
#1951 = VECTOR ( 'NONE', #4006, 1000.000000000000000 ) ;
#1952 = DIRECTION ( 'NONE',  ( 0.9999810322923269323, 0.000000000000000000, 0.006159144061632659990 ) ) ;
#1953 = CARTESIAN_POINT ( 'NONE',  ( 4.431450446290686074, 2.799999999999999822, -4.257416779420479358 ) ) ;
#1954 = CARTESIAN_POINT ( 'NONE',  ( 6.099999999999999645, 2.799999999999999822, -6.099999999999999645 ) ) ;
#1955 = DIRECTION ( 'NONE',  ( -1.000000000000000000, 0.000000000000000000, 0.000000000000000000 ) ) ;
#1956 = DIRECTION ( 'NONE',  ( 0.000000000000000000, 0.000000000000000000, 1.000000000000000000 ) ) ;
#1957 = CARTESIAN_POINT ( 'NONE',  ( 1.602209374862114455, 2.801000000000000156, -4.260020946087146321 ) ) ;
#1958 = ADVANCED_FACE ( 'NONE', ( #1878 ), #4884, .T. ) ;
#1959 = DIRECTION ( 'NONE',  ( 0.000000000000000000, -1.000000000000000000, 0.000000000000000000 ) ) ;
#1960 = CARTESIAN_POINT ( 'NONE',  ( 5.756599255814495386, 2.801000000000000156, -4.113443565134764945 ) ) ;
#1961 = FACE_OUTER_BOUND ( 'NONE', #2962, .T. ) ;
#1962 = VERTEX_POINT ( 'NONE', #4471 ) ;
#1963 =( NAMED_UNIT ( * ) SI_UNIT ( $, .STERADIAN. ) SOLID_ANGLE_UNIT ( ) );
#1964 = STYLED_ITEM ( 'NONE', ( #5220 ), #3127 ) ;
#1965 = FILL_AREA_STYLE ('',( #1616 ) ) ;
#1966 = SURFACE_STYLE_USAGE ( .BOTH. , #4492 ) ;
#1967 = UNCERTAINTY_MEASURE_WITH_UNIT (LENGTH_MEASURE( 1.000000000000000082E-05 ), #3887, 'distance_accuracy_value', 'NONE');
#1968 = DIRECTION ( 'NONE',  ( -0.9999895204101237889, 0.000000000000000000, -0.004578107680098164947 ) ) ;
#1969 = VERTEX_POINT ( 'NONE', #4551 ) ;
#1970 = CARTESIAN_POINT ( 'NONE',  ( 1.638667708195447714, 2.801000000000000156, -2.264113207991907739 ) ) ;
#1971 = VERTEX_POINT ( 'NONE', #4445 ) ;
#1972 = PLANE ( 'NONE',  #955 ) ;
#1973 = EDGE_CURVE ( 'NONE', #1980, #712, #2770, .T. ) ;
#1974 = FILL_AREA_STYLE_COLOUR ( '', #2783 ) ;
#1975 = UNCERTAINTY_MEASURE_WITH_UNIT (LENGTH_MEASURE( 1.000000000000000082E-05 ), #3552, 'distance_accuracy_value', 'NONE');
#1976 = DIRECTION ( 'NONE',  ( 0.000000000000000000, -0.000000000000000000, -1.000000000000000000 ) ) ;
#1977 = EDGE_CURVE ( 'NONE', #4375, #115, #1058, .T. ) ;
#1978 = DIRECTION ( 'NONE',  ( 1.000000000000000000, 0.000000000000000000, 0.000000000000000000 ) ) ;
#1979 = CARTESIAN_POINT ( 'NONE',  ( 4.711956398671637736, 2.801000000000000156, -2.374232255610955633 ) ) ;
#1980 = VERTEX_POINT ( 'NONE', #213 ) ;
#1981 = CARTESIAN_POINT ( 'NONE',  ( 1.678846279624019111, 2.801000000000000156, -4.233607255610955633 ) ) ;
#1982 = DIRECTION ( 'NONE',  ( 0.000000000000000000, 0.000000000000000000, 1.000000000000000000 ) ) ;
#1983 = CARTESIAN_POINT ( 'NONE',  ( 3.794545684385924211, 2.799999999999999822, -2.301687612753812839 ) ) ;
#1984 = CARTESIAN_POINT ( 'NONE',  ( 1.678846279624019111, 2.801000000000000156, -4.233607255610955633 ) ) ;
#1985 = SURFACE_SIDE_STYLE ('',( #5321 ) ) ;
#1986 = CARTESIAN_POINT ( 'NONE',  ( 0.000000000000000000, 0.000000000000000000, 0.000000000000000000 ) ) ;
#1987 = EDGE_CURVE ( 'NONE', #2400, #2126, #586, .T. ) ;
#1988 = PRESENTATION_LAYER_ASSIGNMENT (  '', '', ( #1352 ) ) ;
#1989 = COLOUR_RGB ( '',0.5019607843137254832, 0.5019607843137254832, 0.5019607843137254832 ) ;
#1990 = ORIENTED_EDGE ( 'NONE', *, *, #996, .T. ) ;
#1991 = CARTESIAN_POINT ( 'NONE',  ( 0.6423879462906858517, 2.801000000000000156, -2.995884041325241220 ) ) ;
#1992 = VERTEX_POINT ( 'NONE', #1476 ) ;
#1993 = VECTOR ( 'NONE', #2535, 1000.000000000000000 ) ;
#1994 = ORIENTED_EDGE ( 'NONE', *, *, #941, .T. ) ;
#1995 = CARTESIAN_POINT ( 'NONE',  ( 3.777432589147828867, 2.801000000000000156, -3.805407850849050533 ) ) ;
#1996 = VERTEX_POINT ( 'NONE', #1067 ) ;
#1997 = FILL_AREA_STYLE_COLOUR ( '', #2929 ) ;
#1998 =( GEOMETRIC_REPRESENTATION_CONTEXT ( 3 ) GLOBAL_UNCERTAINTY_ASSIGNED_CONTEXT ( ( #1289 ) ) GLOBAL_UNIT_ASSIGNED_CONTEXT ( ( #5308, #2239, #4882 ) ) REPRESENTATION_CONTEXT ( 'NONE', 'WORKASPACE' ) );
#1999 = EDGE_CURVE ( 'NONE', #3306, #4052, #4080, .T. ) ;
#2000 = CARTESIAN_POINT ( 'NONE',  ( 2.547007230695034874, 2.800999999999999268, -4.218268856468283090 ) ) ;
#2001 = DIRECTION ( 'NONE',  ( -0.000000000000000000, -1.000000000000000000, -0.000000000000000000 ) ) ;
#2002 = VECTOR ( 'NONE', #4282, 1000.000000000000000 ) ;
#2003 = PRESENTATION_LAYER_ASSIGNMENT (  '', '', ( #1097 ) ) ;
#2004 = DIRECTION ( 'NONE',  ( -0.000000000000000000, -1.000000000000000000, -0.000000000000000000 ) ) ;
#2005 = SURFACE_SIDE_STYLE ('',( #5246 ) ) ;
#2006 = PRESENTATION_LAYER_ASSIGNMENT (  '', '', ( #4696 ) ) ;
#2007 = CARTESIAN_POINT ( 'NONE',  ( 3.706004017719257249, 2.801000000000000156, -3.947520946087145433 ) ) ;
#2008 = COLOUR_RGB ( '',0.5019607843137254832, 0.5019607843137254832, 0.5019607843137254832 ) ;
#2009 = FILL_AREA_STYLE_COLOUR ( '', #2053 ) ;
#2010 = CARTESIAN_POINT ( 'NONE',  ( 3.638667708195447936, 2.799999999999999822, -3.457565588944288670 ) ) ;
#2011 = PRESENTATION_LAYER_ASSIGNMENT (  '', '', ( #5412 ) ) ;
#2012 = VECTOR ( 'NONE', #1650, 1000.000000000000000 ) ;
#2013 = CARTESIAN_POINT ( 'NONE',  ( 3.777432589147828867, 2.799999999999999822, -3.805407850849050533 ) ) ;
#2014 =( LENGTH_UNIT ( ) NAMED_UNIT ( * ) SI_UNIT ( .MILLI., .METRE. ) );
#2015 = ORIENTED_EDGE ( 'NONE', *, *, #336, .F. ) ;
#2016 = MECHANICAL_DESIGN_GEOMETRIC_PRESENTATION_REPRESENTATION (  '', ( #3998 ), #2216 ) ;
#2017 = CARTESIAN_POINT ( 'NONE',  ( 3.962062705107192606, 2.800999999999998824, -2.303842519916061260 ) ) ;
#2018 = PRESENTATION_STYLE_ASSIGNMENT (( #2421 ) ) ;
#2019 = FILL_AREA_STYLE_COLOUR ( '', #2008 ) ;
#2020 = COLOUR_RGB ( '',0.5019607843137254832, 0.5019607843137254832, 0.5019607843137254832 ) ;
#2021 = ORIENTED_EDGE ( 'NONE', *, *, #5101, .T. ) ;
#2022 = PRESENTATION_STYLE_ASSIGNMENT (( #2903 ) ) ;
#2023 = UNCERTAINTY_MEASURE_WITH_UNIT (LENGTH_MEASURE( 1.000000000000000082E-05 ), #5247, 'distance_accuracy_value', 'NONE');
#2024 = LINE ( 'NONE', #1705, #1831 ) ;
#2025 = ORIENTED_EDGE ( 'NONE', *, *, #4704, .F. ) ;
#2026 = VECTOR ( 'NONE', #574, 1000.000000000000000 ) ;
#2027 =( NAMED_UNIT ( * ) PLANE_ANGLE_UNIT ( ) SI_UNIT ( $, .RADIAN. ) );
#2028 = ORIENTED_EDGE ( 'NONE', *, *, #1947, .F. ) ;
#2029 = PRESENTATION_STYLE_ASSIGNMENT (( #315 ) ) ;
#2030 = SURFACE_STYLE_FILL_AREA ( #2973 ) ;
#2031 = UNCERTAINTY_MEASURE_WITH_UNIT (LENGTH_MEASURE( 1.000000000000000082E-05 ), #3529, 'distance_accuracy_value', 'NONE');
#2032 = LINE ( 'NONE', #4533, #224 ) ;
#2033 = EDGE_CURVE ( 'NONE', #4449, #962, #1678, .T. ) ;
#2034 = ORIENTED_EDGE ( 'NONE', *, *, #797, .T. ) ;
#2035 = CARTESIAN_POINT ( 'NONE',  ( 4.707381832405038047, 2.801000000000000600, -2.302683157345468690 ) ) ;
#2036 = AXIS2_PLACEMENT_3D ( 'NONE', #4216, #1625, #4638 ) ;
#2037 = ORIENTED_EDGE ( 'NONE', *, *, #735, .F. ) ;
#2038 = LINE ( 'NONE', #3801, #3025 ) ;
#2039 = STYLED_ITEM ( 'NONE', ( #282 ), #3567 ) ;
#2040 = SURFACE_SIDE_STYLE ('',( #2412 ) ) ;
#2041 = FACE_OUTER_BOUND ( 'NONE', #1450, .T. ) ;
#2042 =( NAMED_UNIT ( * ) SI_UNIT ( $, .STERADIAN. ) SOLID_ANGLE_UNIT ( ) );
#2043 =( NAMED_UNIT ( * ) SI_UNIT ( $, .STERADIAN. ) SOLID_ANGLE_UNIT ( ) );
#2044 = LINE ( 'NONE', #1612, #5029 ) ;
#2045 = DIRECTION ( 'NONE',  ( 0.4413836821704756885, 0.000000000000000000, 0.8973184747421801832 ) ) ;
#2046 = EDGE_CURVE ( 'NONE', #4421, #1772, #2024, .T. ) ;
#2047 = ORIENTED_EDGE ( 'NONE', *, *, #4864, .T. ) ;
#2048 = CARTESIAN_POINT ( 'NONE',  ( 3.883480011779744334, 2.799999999999999822, -2.260437927328754260 ) ) ;
#2049 = LINE ( 'NONE', #5445, #1544 ) ;
#2050 = ORIENTED_EDGE ( 'NONE', *, *, #1753, .F. ) ;
#2051 =( NAMED_UNIT ( * ) PLANE_ANGLE_UNIT ( ) SI_UNIT ( $, .RADIAN. ) );
#2052 = CARTESIAN_POINT ( 'NONE',  ( 4.702060496554778091, 2.799999999999999822, -2.353885705692968511 ) ) ;
#2053 = COLOUR_RGB ( '',0.5019607843137254832, 0.5019607843137254832, 0.5019607843137254832 ) ;
#2054 = VERTEX_POINT ( 'NONE', #2904 ) ;
#2055 = ORIENTED_EDGE ( 'NONE', *, *, #2983, .T. ) ;
#2056 = COLOUR_RGB ( '',0.5019607843137254832, 0.5019607843137254832, 0.5019607843137254832 ) ;
#2057 = PLANE ( 'NONE',  #654 ) ;
#2058 = CARTESIAN_POINT ( 'NONE',  ( 2.138945009230705185, 2.799999999999999378, -2.967508930075220874 ) ) ;
#2059 = EDGE_CURVE ( 'NONE', #20, #5512, #589, .T. ) ;
#2060 = LINE ( 'NONE', #265, #4240 ) ;
#2061 = ORIENTED_EDGE ( 'NONE', *, *, #4730, .F. ) ;
#2062 = DIRECTION ( 'NONE',  ( -0.000000000000000000, -1.000000000000000000, -0.000000000000000000 ) ) ;
#2063 = ORIENTED_EDGE ( 'NONE', *, *, #3675, .T. ) ;
#2064 = CARTESIAN_POINT ( 'NONE',  ( 1.542313541528781196, 2.800000000000000266, -2.280110231801431908 ) ) ;
#2065 = EDGE_LOOP ( 'NONE', ( #461, #1682, #1038, #2104 ) ) ;
#2066 = DIRECTION ( 'NONE',  ( 0.9950371902099885979, 0.000000000000000000, -0.09950371902100402233 ) ) ;
#2067 = CARTESIAN_POINT ( 'NONE',  ( -4.336808689942017736E-16, 0.000000000000000000, -4.200000000000000178 ) ) ;
#2068 = CARTESIAN_POINT ( 'NONE',  ( 2.721022540655751776, 2.800000000000000266, -2.297873664242195080 ) ) ;
#2069 = CARTESIAN_POINT ( 'NONE',  ( 0.8711825891478286454, 2.799999999999999822, -3.045735231801431908 ) ) ;
#2070 = FILL_AREA_STYLE_COLOUR ( '', #4866 ) ;
#2071 = PLANE ( 'NONE',  #3962 ) ;
#2072 = ORIENTED_EDGE ( 'NONE', *, *, #3341, .F. ) ;
#2073 = DIRECTION ( 'NONE',  ( 0.7045948802682433509, -0.000000000000000000, 0.7096097904480882512 ) ) ;
#2074 =( NAMED_UNIT ( * ) SI_UNIT ( $, .STERADIAN. ) SOLID_ANGLE_UNIT ( ) );
#2075 = DIRECTION ( 'NONE',  ( -0.3581218616476107841, 0.000000000000000000, 0.9336748535812933181 ) ) ;
#2076 = SURFACE_STYLE_FILL_AREA ( #1142 ) ;
#2077 = CARTESIAN_POINT ( 'NONE',  ( 4.711956398671637736, 2.801000000000000156, -2.374232255610955633 ) ) ;
#2078 = ORIENTED_EDGE ( 'NONE', *, *, #1044, .F. ) ;
#2079 = VERTEX_POINT ( 'NONE', #5530 ) ;
#2080 =( NAMED_UNIT ( * ) SI_UNIT ( $, .STERADIAN. ) SOLID_ANGLE_UNIT ( ) );
#2081 = EDGE_CURVE ( 'NONE', #4877, #2268, #4160, .T. ) ;
#2082 = CARTESIAN_POINT ( 'NONE',  ( 3.905909851181637471, 2.800000000000000266, -2.264177776885031967 ) ) ;
#2083 = CARTESIAN_POINT ( 'NONE',  ( 6.099999999999999645, 0.000000000000000000, -6.099999999999999645 ) ) ;
#2084 = UNCERTAINTY_MEASURE_WITH_UNIT (LENGTH_MEASURE( 1.000000000000000082E-05 ), #4033, 'distance_accuracy_value', 'NONE');
#2085 = MECHANICAL_DESIGN_GEOMETRIC_PRESENTATION_REPRESENTATION (  '', ( #1439 ), #4768 ) ;
#2086 = FILL_AREA_STYLE ('',( #21 ) ) ;
#2087 = VERTEX_POINT ( 'NONE', #5021 ) ;
#2088 = PRESENTATION_LAYER_ASSIGNMENT (  '', '', ( #3007 ) ) ;
#2089 = CARTESIAN_POINT ( 'NONE',  ( 4.700532127710252972, 2.801000000000000156, -2.324373564113520807 ) ) ;
#2090 = MECHANICAL_DESIGN_GEOMETRIC_PRESENTATION_REPRESENTATION (  '', ( #120 ), #3975 ) ;
#2091 = ORIENTED_EDGE ( 'NONE', *, *, #4372, .F. ) ;
#2092 = PLANE ( 'NONE',  #3989 ) ;
#2093 = B_SPLINE_SURFACE_WITH_KNOTS ( 'NONE', 3, 1, ( 
 ( #1161, #2524 ),
 ( #5437, #4259 ),
 ( #2892, #299 ),
 ( #4204, #5468 ),
 ( #3775, #1640 ),
 ( #5520, #5012 ),
 ( #4675, #1609 ) ),
 .UNSPECIFIED., .F., .F., .F.,
 ( 4, 1, 1, 1, 4 ),
 ( 2, 2 ),
 ( 0.000000000000000000, 0.2062517654139579548, 0.4319324840339132110, 0.6946932877821256902, 1.000000000000000000 ),
 ( 0.000000000000000000, 1.000000000000000000 ),
 .UNSPECIFIED. ) ;
#2094 = CARTESIAN_POINT ( 'NONE',  ( 1.623033104938706561, 2.801000000000000600, -2.261071190629064365 ) ) ;
#2095 =( GEOMETRIC_REPRESENTATION_CONTEXT ( 3 ) GLOBAL_UNCERTAINTY_ASSIGNED_CONTEXT ( ( #4725 ) ) GLOBAL_UNIT_ASSIGNED_CONTEXT ( ( #5119, #5239, #1270 ) ) REPRESENTATION_CONTEXT ( 'NONE', 'WORKASPACE' ) );
#2096 = DIRECTION ( 'NONE',  ( 0.000000000000000000, 0.000000000000000000, 1.000000000000000000 ) ) ;
#2097 =( NAMED_UNIT ( * ) PLANE_ANGLE_UNIT ( ) SI_UNIT ( $, .RADIAN. ) );
#2098 = SURFACE_SIDE_STYLE ('',( #4232 ) ) ;
#2099 = COLOUR_RGB ( '',0.5019607843137254832, 0.5019607843137254832, 0.5019607843137254832 ) ;
#2100 = MECHANICAL_DESIGN_GEOMETRIC_PRESENTATION_REPRESENTATION (  '', ( #2291 ), #1367 ) ;
#2101 = CIRCLE ( 'NONE', #47, 0.2000000000000000111 ) ;
#2102 =( GEOMETRIC_REPRESENTATION_CONTEXT ( 3 ) GLOBAL_UNCERTAINTY_ASSIGNED_CONTEXT ( ( #717 ) ) GLOBAL_UNIT_ASSIGNED_CONTEXT ( ( #1177, #1151, #4606 ) ) REPRESENTATION_CONTEXT ( 'NONE', 'WORKASPACE' ) );
#2103 = CARTESIAN_POINT ( 'NONE',  ( 3.804716225687599263, 2.801000000000000600, -2.283307526409447785 ) ) ;
#2104 = ORIENTED_EDGE ( 'NONE', *, *, #2803, .T. ) ;
#2105 = CARTESIAN_POINT ( 'NONE',  ( 2.702739394285250452, 2.801000000000000600, -2.281398828088374575 ) ) ;
#2106 = VECTOR ( 'NONE', #5449, 1000.000000000000000 ) ;
#2107 = MECHANICAL_DESIGN_GEOMETRIC_PRESENTATION_REPRESENTATION (  '', ( #1375 ), #5152 ) ;
#2108 = ADVANCED_FACE ( 'NONE', ( #4634 ), #2193, .T. ) ;
#2109 = PRESENTATION_STYLE_ASSIGNMENT (( #452 ) ) ;
#2110 =( NAMED_UNIT ( * ) PLANE_ANGLE_UNIT ( ) SI_UNIT ( $, .RADIAN. ) );
#2111 = COLOUR_RGB ( '',0.5019607843137254832, 0.5019607843137254832, 0.5019607843137254832 ) ;
#2112 = CARTESIAN_POINT ( 'NONE',  ( 2.069471279624019111, 2.799999999999999822, -3.045735231801431908 ) ) ;
#2113 = ORIENTED_EDGE ( 'NONE', *, *, #4209, .F. ) ;
#2114 = ORIENTED_EDGE ( 'NONE', *, *, #2552, .F. ) ;
#2115 = PRESENTATION_LAYER_ASSIGNMENT (  '', '', ( #3460 ) ) ;
#2116 = DIRECTION ( 'NONE',  ( -0.000000000000000000, -0.000000000000000000, -1.000000000000000000 ) ) ;
#2117 = SURFACE_SIDE_STYLE ('',( #4639 ) ) ;
#2118 = CARTESIAN_POINT ( 'NONE',  ( 4.776316517719257249, 2.801000000000000156, -2.260020946087145877 ) ) ;
#2119 = LINE ( 'NONE', #3352, #4250 ) ;
#2120 = CARTESIAN_POINT ( 'NONE',  ( 0.000000000000000000, 0.09999999999999997780, -2.499999999999999556 ) ) ;
#2121 = EDGE_CURVE ( 'NONE', #4283, #4583, #1143, .T. ) ;
#2122 = VERTEX_POINT ( 'NONE', #394 ) ;
#2123 = EDGE_CURVE ( 'NONE', #4375, #2268, #310, .T. ) ;
#2124 = ORIENTED_EDGE ( 'NONE', *, *, #620, .F. ) ;
#2125 = FILL_AREA_STYLE ('',( #4254 ) ) ;
#2126 = VERTEX_POINT ( 'NONE', #2112 ) ;
#2127 = FILL_AREA_STYLE ('',( #2979 ) ) ;
#2128 = AXIS2_PLACEMENT_3D ( 'NONE', #1, #2474, #4292 ) ;
#2129 = CARTESIAN_POINT ( 'NONE',  ( 1.632164192889483889, 2.801000000000000600, -2.261660866179399321 ) ) ;
#2130 = CARTESIAN_POINT ( 'NONE',  ( 1.515527827243066783, 2.801000000000000156, -2.342982255610955633 ) ) ;
#2131 = MECHANICAL_DESIGN_GEOMETRIC_PRESENTATION_REPRESENTATION (  '', ( #3822 ), #1481 ) ;
#2132 = DIRECTION ( 'NONE',  ( -0.000000000000000000, -1.000000000000000000, -0.000000000000000000 ) ) ;
#2133 = FACE_OUTER_BOUND ( 'NONE', #5425, .T. ) ;
#2134 = VECTOR ( 'NONE', #3827, 1000.000000000000000 ) ;
#2135 = EDGE_CURVE ( 'NONE', #2054, #4754, #4239, .T. ) ;
#2136 =( NAMED_UNIT ( * ) SI_UNIT ( $, .STERADIAN. ) SOLID_ANGLE_UNIT ( ) );
#2137 = ORIENTED_EDGE ( 'NONE', *, *, #4398, .T. ) ;
#2138 = CARTESIAN_POINT ( 'NONE',  ( 2.726924089993672862, 2.801000000000000156, -2.312172092813415958 ) ) ;
#2139 = CARTESIAN_POINT ( 'NONE',  ( 0.6667631864263182662, 2.801000000000000600, -2.892688970215091082 ) ) ;
#2140 = FACE_OUTER_BOUND ( 'NONE', #1401, .T. ) ;
#2141 = CARTESIAN_POINT ( 'NONE',  ( 3.819941713549071416, 2.800000000000000266, -2.269677156376753935 ) ) ;
#2142 = ORIENTED_EDGE ( 'NONE', *, *, #5496, .F. ) ;
#2143 =( NAMED_UNIT ( * ) PLANE_ANGLE_UNIT ( ) SI_UNIT ( $, .RADIAN. ) );
#2144 = CARTESIAN_POINT ( 'NONE',  ( 6.599999999999999645, 0.2000000000000000111, -2.399999999999999467 ) ) ;
#2145 = COLOUR_RGB ( '',0.7529411764705882248, 0.7529411764705882248, 0.7529411764705882248 ) ;
#2146 = CARTESIAN_POINT ( 'NONE',  ( 1.572966157112099639, 2.799999999999999822, -4.255494614415725074 ) ) ;
#2147 = CARTESIAN_POINT ( 'NONE',  ( 3.866346279624019555, 2.801000000000000156, -4.042014993706193771 ) ) ;
#2148 = UNCERTAINTY_MEASURE_WITH_UNIT (LENGTH_MEASURE( 1.000000000000000082E-05 ), #49, 'distance_accuracy_value', 'NONE');
#2149 = CARTESIAN_POINT ( 'NONE',  ( 4.711956398671637736, 2.801000000000000156, -2.374232255610955633 ) ) ;
#2150 = CARTESIAN_POINT ( 'NONE',  ( 3.639039732004971661, 2.801000000000000156, -4.019321541325241220 ) ) ;
#2151 = EDGE_LOOP ( 'NONE', ( #560, #4081, #2593, #4226, #3906, #56, #1789, #2969, #3918, #1169, #245, #4007, #5048, #283, #436, #3441, #4285, #1204, #487, #1243 ) ) ;
#2152 = LINE ( 'NONE', #3853, #3100 ) ;
#2153 =( NAMED_UNIT ( * ) SI_UNIT ( $, .STERADIAN. ) SOLID_ANGLE_UNIT ( ) );
#2154 =( GEOMETRIC_REPRESENTATION_CONTEXT ( 3 ) GLOBAL_UNCERTAINTY_ASSIGNED_CONTEXT ( ( #4220 ) ) GLOBAL_UNIT_ASSIGNED_CONTEXT ( ( #3074, #2229, #3898 ) ) REPRESENTATION_CONTEXT ( 'NONE', 'WORKASPACE' ) );
#2155 = VERTEX_POINT ( 'NONE', #3512 ) ;
#2156 = CARTESIAN_POINT ( 'NONE',  ( 2.539337351052590730, 2.800000000000000711, -2.339634041325241220 ) ) ;
#2157 = ORIENTED_EDGE ( 'NONE', *, *, #1898, .F. ) ;
#2158 = ADVANCED_FACE ( 'NONE', ( #1362 ), #1325, .T. ) ;
#2159 = EDGE_CURVE ( 'NONE', #4242, #2978, #865, .T. ) ;
#2160 = LINE ( 'NONE', #3859, #4340 ) ;
#2161 = CARTESIAN_POINT ( 'NONE',  ( 2.069471279624019111, 2.801000000000000156, -3.045735231801431908 ) ) ;
#2162 = FILL_AREA_STYLE ('',( #3774 ) ) ;
#2163 = EDGE_CURVE ( 'NONE', #1452, #353, #5130, .T. ) ;
#2164 = CARTESIAN_POINT ( 'NONE',  ( 5.712178860026249083, 2.799999999999999822, -4.253775425639221730 ) ) ;
#2165 = ORIENTED_EDGE ( 'NONE', *, *, #4568, .T. ) ;
#2166 = FACE_OUTER_BOUND ( 'NONE', #3752, .T. ) ;
#2167 = CARTESIAN_POINT ( 'NONE',  ( 6.599999999999999645, 0.2000000000000000111, -2.399999999999999467 ) ) ;
#2168 = ADVANCED_FACE ( 'NONE', ( #5196 ), #442, .T. ) ;
#2169 = CARTESIAN_POINT ( 'NONE',  ( 4.710096279624019999, 2.801000000000000156, -2.298711422277621708 ) ) ;
#2170 = CARTESIAN_POINT ( 'NONE',  ( 1.595884970100209577, 2.800000000000000266, -2.260020946087145877 ) ) ;
#2171 = CARTESIAN_POINT ( 'NONE',  ( 1.549009970100209577, 2.801000000000000156, -4.238443565134764945 ) ) ;
#2172 = CARTESIAN_POINT ( 'NONE',  ( 0.6667631864263182662, 2.800000000000000266, -2.892688970215091082 ) ) ;
#2173 = CARTESIAN_POINT ( 'NONE',  ( 1.597236870358634153, 2.799999999999999822, -4.259662336021026618 ) ) ;
#2174 =( NAMED_UNIT ( * ) SI_UNIT ( $, .STERADIAN. ) SOLID_ANGLE_UNIT ( ) );
#2175 = DIRECTION ( 'NONE',  ( 0.000000000000000000, -0.000000000000000000, 1.000000000000000000 ) ) ;
#2176 = FILL_AREA_STYLE ('',( #3384 ) ) ;
#2177 = MECHANICAL_DESIGN_GEOMETRIC_PRESENTATION_REPRESENTATION (  '', ( #1432 ), #992 ) ;
#2178 = VERTEX_POINT ( 'NONE', #5328 ) ;
#2179 = SURFACE_STYLE_FILL_AREA ( #2086 ) ;
#2180 = STYLED_ITEM ( 'NONE', ( #5010 ), #2435 ) ;
#2181 = DIRECTION ( 'NONE',  ( -1.000000000000000000, 0.000000000000000000, 0.000000000000000000 ) ) ;
#2182 = ORIENTED_EDGE ( 'NONE', *, *, #668, .T. ) ;
#2183 = LINE ( 'NONE', #2582, #3132 ) ;
#2184 = ADVANCED_FACE ( 'NONE', ( #1961 ), #2315, .T. ) ;
#2185 = ORIENTED_EDGE ( 'NONE', *, *, #807, .T. ) ;
#2186 =( LENGTH_UNIT ( ) NAMED_UNIT ( * ) SI_UNIT ( .MILLI., .METRE. ) );
#2187 = LINE ( 'NONE', #3475, #4764 ) ;
#2188 = AXIS2_PLACEMENT_3D ( 'NONE', #5281, #3652, #4930 ) ;
#2189 = FACE_OUTER_BOUND ( 'NONE', #3715, .T. ) ;
#2190 = SURFACE_STYLE_USAGE ( .BOTH. , #3015 ) ;
#2191 = COLOUR_RGB ( '',0.7529411764705882248, 0.7529411764705882248, 0.7529411764705882248 ) ;
#2192 =( NAMED_UNIT ( * ) SI_UNIT ( $, .STERADIAN. ) SOLID_ANGLE_UNIT ( ) );
#2193 = B_SPLINE_SURFACE_WITH_KNOTS ( 'NONE', 3, 1, ( 
 ( #4190, #2453 ),
 ( #3845, #341 ),
 ( #1592, #2052 ),
 ( #2966, #3760 ),
 ( #3374, #2536 ) ),
 .UNSPECIFIED., .F., .F., .F.,
 ( 4, 1, 4 ),
 ( 2, 2 ),
 ( 0.000000000000000000, 0.4958388241544888775, 1.000000000000000000 ),
 ( 0.000000000000000000, 1.000000000000000000 ),
 .UNSPECIFIED. ) ;
#2194 = DIRECTION ( 'NONE',  ( 0.000000000000000000, 0.000000000000000000, -1.000000000000000000 ) ) ;
#2195 = EDGE_CURVE ( 'NONE', #5335, #3706, #3572, .T. ) ;
#2196 =( GEOMETRIC_REPRESENTATION_CONTEXT ( 3 ) GLOBAL_UNCERTAINTY_ASSIGNED_CONTEXT ( ( #287 ) ) GLOBAL_UNIT_ASSIGNED_CONTEXT ( ( #3741, #5459, #5483 ) ) REPRESENTATION_CONTEXT ( 'NONE', 'WORKASPACE' ) );
#2197 = VECTOR ( 'NONE', #2577, 1000.000000000000000 ) ;
#2198 = CARTESIAN_POINT ( 'NONE',  ( 2.114893904336113017, 2.799999999999999822, -3.020256505071769126 ) ) ;
#2199 = DIRECTION ( 'NONE',  ( -0.000000000000000000, -1.000000000000000000, -0.000000000000000000 ) ) ;
#2200 = B_SPLINE_CURVE_WITH_KNOTS ( 'NONE', 3,
 ( #1105, #1162, #2841, #688, #5014, #2445, #4648 ),
 .UNSPECIFIED., .F., .F.,
 ( 4, 1, 1, 1, 4 ),
 ( 0.000000000000000000, 0.2062517654139579548, 0.4319324840339132110, 0.6946932877821256902, 1.000000000000000000 ),
 .UNSPECIFIED. ) ;
#2201 = FILL_AREA_STYLE_COLOUR ( '', #1210 ) ;
#2202 = STYLED_ITEM ( 'NONE', ( #4185 ), #3073 ) ;
#2203 = CARTESIAN_POINT ( 'NONE',  ( 1.587403897108575102, 2.800999999999999712, -4.258953195750789789 ) ) ;
#2204 = CARTESIAN_POINT ( 'NONE',  ( 1.590132328685944341, 2.799999999999999822, -2.260104022991765049 ) ) ;
#2205 = STYLED_ITEM ( 'NONE', ( #4573 ), #2108 ) ;
#2206 = ORIENTED_EDGE ( 'NONE', *, *, #3662, .F. ) ;
#2207 = AXIS2_PLACEMENT_3D ( 'NONE', #5421, #1569, #3300 ) ;
#2208 = VERTEX_POINT ( 'NONE', #4044 ) ;
#2209 = DIRECTION ( 'NONE',  ( -0.4413836821704756885, 0.000000000000000000, -0.8973184747421801832 ) ) ;
#2210 =( GEOMETRIC_REPRESENTATION_CONTEXT ( 3 ) GLOBAL_UNCERTAINTY_ASSIGNED_CONTEXT ( ( #3492 ) ) GLOBAL_UNIT_ASSIGNED_CONTEXT ( ( #154, #2629, #3904 ) ) REPRESENTATION_CONTEXT ( 'NONE', 'WORKASPACE' ) );
#2211 = DIRECTION ( 'NONE',  ( 1.000000000000000000, 0.000000000000000000, 0.000000000000000000 ) ) ;
#2212 = PRESENTATION_LAYER_ASSIGNMENT (  '', '', ( #3900 ) ) ;
#2213 = SURFACE_SIDE_STYLE ('',( #3791 ) ) ;
#2214 = UNCERTAINTY_MEASURE_WITH_UNIT (LENGTH_MEASURE( 1.000000000000000082E-05 ), #3217, 'distance_accuracy_value', 'NONE');
#2215 = VERTEX_POINT ( 'NONE', #2786 ) ;
#2216 =( GEOMETRIC_REPRESENTATION_CONTEXT ( 3 ) GLOBAL_UNCERTAINTY_ASSIGNED_CONTEXT ( ( #1395 ) ) GLOBAL_UNIT_ASSIGNED_CONTEXT ( ( #5366, #1512, #1075 ) ) REPRESENTATION_CONTEXT ( 'NONE', 'WORKASPACE' ) );
#2217 = LINE ( 'NONE', #3854, #3498 ) ;
#2218 = EDGE_LOOP ( 'NONE', ( #2667, #5429, #3369, #5102 ) ) ;
#2219 =( NAMED_UNIT ( * ) SI_UNIT ( $, .STERADIAN. ) SOLID_ANGLE_UNIT ( ) );
#2220 = EDGE_LOOP ( 'NONE', ( #4575, #2025, #3742, #842 ) ) ;
#2221 =( NAMED_UNIT ( * ) SI_UNIT ( $, .STERADIAN. ) SOLID_ANGLE_UNIT ( ) );
#2222 = COLOUR_RGB ( '',0.6901960784313725394, 0.6117647058823529882, 0.5294117647058823595 ) ;
#2223 = DIRECTION ( 'NONE',  ( 0.5894221488658041297, 0.000000000000000000, -0.8078251855608475918 ) ) ;
#2224 = PRESENTATION_STYLE_ASSIGNMENT (( #4816 ) ) ;
#2225 = CARTESIAN_POINT ( 'NONE',  ( 4.700423660576400486, 2.799999999999999822, -2.331449517515717051 ) ) ;
#2226 = FILL_AREA_STYLE_COLOUR ( '', #2272 ) ;
#2227 = AXIS2_PLACEMENT_3D ( 'NONE', #1722, #4318, #467 ) ;
#2228 = CARTESIAN_POINT ( 'NONE',  ( 5.667685565338305587, 2.799999999999999822, -4.260020946087146321 ) ) ;
#2229 =( NAMED_UNIT ( * ) PLANE_ANGLE_UNIT ( ) SI_UNIT ( $, .RADIAN. ) );
#2230 = CARTESIAN_POINT ( 'NONE',  ( 2.650944493909733524, 2.799999999999999822, -2.260020946087145877 ) ) ;
#2231 =( LENGTH_UNIT ( ) NAMED_UNIT ( * ) SI_UNIT ( .MILLI., .METRE. ) );
#2232 = AXIS2_PLACEMENT_3D ( 'NONE', #5261, #899, #4396 ) ;
#2233 = FACE_OUTER_BOUND ( 'NONE', #3631, .T. ) ;
#2234 = EDGE_CURVE ( 'NONE', #1706, #1083, #5275, .T. ) ;
#2235 = CARTESIAN_POINT ( 'NONE',  ( 1.560174136846237847, 2.800999999999999712, -4.248026806912011288 ) ) ;
#2236 = CARTESIAN_POINT ( 'NONE',  ( 4.402088474662425810, 2.799999999999999822, -4.105200676967601048 ) ) ;
#2237 = ORIENTED_EDGE ( 'NONE', *, *, #1580, .T. ) ;
#2238 = CARTESIAN_POINT ( 'NONE',  ( 3.429962351052590730, 2.801000000000000156, -3.169991184182384014 ) ) ;
#2239 =( NAMED_UNIT ( * ) PLANE_ANGLE_UNIT ( ) SI_UNIT ( $, .RADIAN. ) );
#2240 =( NAMED_UNIT ( * ) PLANE_ANGLE_UNIT ( ) SI_UNIT ( $, .RADIAN. ) );
#2241 = ORIENTED_EDGE ( 'NONE', *, *, #4356, .T. ) ;
#2242 = DIRECTION ( 'NONE',  ( -0.000000000000000000, 0.000000000000000000, 1.000000000000000000 ) ) ;
#2243 = ORIENTED_EDGE ( 'NONE', *, *, #5387, .T. ) ;
#2244 = ORIENTED_EDGE ( 'NONE', *, *, #251, .F. ) ;
#2245 = CARTESIAN_POINT ( 'NONE',  ( 4.410245089147829312, 2.801000000000000156, -4.103398922277621708 ) ) ;
#2246 = ADVANCED_FACE ( 'NONE', ( #4926 ), #4019, .T. ) ;
#2247 = CARTESIAN_POINT ( 'NONE',  ( 1.661767483029236381, 2.799999999999999378, -2.272880267078448480 ) ) ;
#2248 = VECTOR ( 'NONE', #3482, 1000.000000000000000 ) ;
#2249 = FILL_AREA_STYLE ('',( #2619 ) ) ;
#2250 = CARTESIAN_POINT ( 'NONE',  ( 0.6421757227959428160, 2.799999999999999822, -2.924808674561520494 ) ) ;
#2251 = SURFACE_STYLE_USAGE ( .BOTH. , #5218 ) ;
#2252 = FACE_OUTER_BOUND ( 'NONE', #3946, .T. ) ;
#2253 = CARTESIAN_POINT ( 'NONE',  ( 1.542313541528781196, 2.800000000000000266, -2.280110231801431908 ) ) ;
#2254 = DIRECTION ( 'NONE',  ( 0.5508529942087444509, 0.000000000000000000, 0.8346022877821872576 ) ) ;
#2255 = PRESENTATION_STYLE_ASSIGNMENT (( #4741 ) ) ;
#2256 = DIRECTION ( 'NONE',  ( 0.8989507949011962262, -0.000000000000000000, 0.4380496185896152750 ) ) ;
#2257 = CARTESIAN_POINT ( 'NONE',  ( 3.396852232004971661, 2.801000000000000156, -3.379068565134765390 ) ) ;
#2258 = DIRECTION ( 'NONE',  ( 0.000000000000000000, 0.000000000000000000, -1.000000000000000000 ) ) ;
#2259 = ORIENTED_EDGE ( 'NONE', *, *, #2159, .F. ) ;
#2260 = SURFACE_SIDE_STYLE ('',( #2604 ) ) ;
#2261 = CARTESIAN_POINT ( 'NONE',  ( 5.770617570352512438, 2.801000000000000600, -4.202459187454548939 ) ) ;
#2262 = DIRECTION ( 'NONE',  ( -1.000000000000000000, 0.000000000000000000, -0.000000000000000000 ) ) ;
#2263 =( NAMED_UNIT ( * ) PLANE_ANGLE_UNIT ( ) SI_UNIT ( $, .RADIAN. ) );
#2264 = UNCERTAINTY_MEASURE_WITH_UNIT (LENGTH_MEASURE( 1.000000000000000082E-05 ), #2889, 'distance_accuracy_value', 'NONE');
#2265 = DIRECTION ( 'NONE',  ( 1.000000000000000000, 0.000000000000000000, 0.000000000000000000 ) ) ;
#2266 = CARTESIAN_POINT ( 'NONE',  ( 3.204143898671638624, 2.801000000000000156, -3.212401898468098427 ) ) ;
#2267 = EDGE_CURVE ( 'NONE', #3855, #2054, #1541, .T. ) ;
#2268 = VERTEX_POINT ( 'NONE', #5524 ) ;
#2269 = CARTESIAN_POINT ( 'NONE',  ( 2.577655803433543280, 2.800000000000000711, -2.270437612753812839 ) ) ;
#2270 = ORIENTED_EDGE ( 'NONE', *, *, #1391, .F. ) ;
#2271 = CARTESIAN_POINT ( 'NONE',  ( 4.348861160576400486, 2.801000000000000156, -4.167014993706193771 ) ) ;
#2272 = COLOUR_RGB ( '',0.7529411764705882248, 0.7529411764705882248, 0.7529411764705882248 ) ;
#2273 = CARTESIAN_POINT ( 'NONE',  ( 3.452283779624019555, 2.801000000000000156, -4.254812612753813283 ) ) ;
#2274 =( NAMED_UNIT ( * ) PLANE_ANGLE_UNIT ( ) SI_UNIT ( $, .RADIAN. ) );
#2275 = FILL_AREA_STYLE_COLOUR ( '', #1755 ) ;
#2276 = LINE ( 'NONE', #600, #4509 ) ;
#2277 = CARTESIAN_POINT ( 'NONE',  ( 2.729813541528781418, 2.801000000000000156, -3.212401898468098427 ) ) ;
#2278 =( GEOMETRIC_REPRESENTATION_CONTEXT ( 3 ) GLOBAL_UNCERTAINTY_ASSIGNED_CONTEXT ( ( #402 ) ) GLOBAL_UNIT_ASSIGNED_CONTEXT ( ( #5079, #4023, #978 ) ) REPRESENTATION_CONTEXT ( 'NONE', 'WORKASPACE' ) );
#2279 = AXIS2_PLACEMENT_3D ( 'NONE', #1170, #1253, #308 ) ;
#2280 = CARTESIAN_POINT ( 'NONE',  ( 2.125863858405380391, 2.801000000000000600, -2.922847516790792799 ) ) ;
#2281 = CARTESIAN_POINT ( 'NONE',  ( 2.643128532563066457, 2.799999999999999822, -2.260183167766947943 ) ) ;
#2282 = VECTOR ( 'NONE', #1600, 1000.000000000000000 ) ;
#2283 = DIRECTION ( 'NONE',  ( 0.006159144061632660858, 0.000000000000000000, -0.9999810322923270434 ) ) ;
#2284 = EDGE_CURVE ( 'NONE', #4810, #1586, #5068, .T. ) ;
#2285 = CARTESIAN_POINT ( 'NONE',  ( 1.602209374862114455, 2.801000000000000156, -4.260020946087146321 ) ) ;
#2286 = SURFACE_STYLE_USAGE ( .BOTH. , #1819 ) ;
#2287 = ORIENTED_EDGE ( 'NONE', *, *, #3427, .T. ) ;
#2288 = EDGE_CURVE ( 'NONE', #810, #1996, #4208, .T. ) ;
#2289 = STYLED_ITEM ( 'NONE', ( #1110 ), #2968 ) ;
#2290 = DIRECTION ( 'NONE',  ( 0.000000000000000000, -1.000000000000000000, 0.000000000000000000 ) ) ;
#2291 = STYLED_ITEM ( 'NONE', ( #5106 ), #939 ) ;
#2292 = VECTOR ( 'NONE', #4932, 1000.000000000000000 ) ;
#2293 = PRESENTATION_STYLE_ASSIGNMENT (( #3554 ) ) ;
#2294 = ORIENTED_EDGE ( 'NONE', *, *, #5078, .T. ) ;
#2295 = AXIS2_PLACEMENT_3D ( 'NONE', #3954, #3534, #1811 ) ;
#2296 = ORIENTED_EDGE ( 'NONE', *, *, #381, .T. ) ;
#2297 = DIRECTION ( 'NONE',  ( 0.9999977812725502346, 0.000000000000000000, -0.002106525569938934306 ) ) ;
#2298 = EDGE_LOOP ( 'NONE', ( #3797, #2037, #5284 ) ) ;
#2299 = PLANE ( 'NONE',  #4684 ) ;
#2300 = EDGE_CURVE ( 'NONE', #3085, #1249, #772, .T. ) ;
#2301 = STYLED_ITEM ( 'NONE', ( #175 ), #2392 ) ;
#2302 = MECHANICAL_DESIGN_GEOMETRIC_PRESENTATION_REPRESENTATION (  '', ( #61 ), #2388 ) ;
#2303 = CARTESIAN_POINT ( 'NONE',  ( 2.083727131607533423, 2.799999999999999378, -2.885946693388429019 ) ) ;
#2304 = LINE ( 'NONE', #906, #4377 ) ;
#2305 = CARTESIAN_POINT ( 'NONE',  ( 2.729813541528781418, 2.801000000000000156, -2.319172731801431464 ) ) ;
#2306 = CARTESIAN_POINT ( 'NONE',  ( 1.515527827243066783, 2.801000000000000156, -3.045735231801431908 ) ) ;
#2307 = FILL_AREA_STYLE_COLOUR ( '', #3281 ) ;
#2308 = PRESENTATION_LAYER_ASSIGNMENT (  '', '', ( #2503 ) ) ;
#2309 =( NAMED_UNIT ( * ) SI_UNIT ( $, .STERADIAN. ) SOLID_ANGLE_UNIT ( ) );
#2310 = CARTESIAN_POINT ( 'NONE',  ( 1.564664680775396999, 2.800000000000000266, -2.264838804352808488 ) ) ;
#2311 = CARTESIAN_POINT ( 'NONE',  ( 5.770617570352512438, 2.800000000000000266, -4.202459187454548939 ) ) ;
#2312 = COLOUR_RGB ( '',0.7529411764705882248, 0.7529411764705882248, 0.7529411764705882248 ) ;
#2313 = EDGE_CURVE ( 'NONE', #5313, #1829, #4677, .T. ) ;
#2314 =( NAMED_UNIT ( * ) PLANE_ANGLE_UNIT ( ) SI_UNIT ( $, .RADIAN. ) );
#2315 = CYLINDRICAL_SURFACE ( 'NONE', #931, 0.1999999999999996503 ) ;
#2316 = ORIENTED_EDGE ( 'NONE', *, *, #2754, .T. ) ;
#2317 = CARTESIAN_POINT ( 'NONE',  ( 3.863742112957352592, 2.799999999999999822, -3.428547731801431464 ) ) ;
#2318 = CARTESIAN_POINT ( 'NONE',  ( 0.5000000000000000000, 2.799999999999999822, -6.099999999999999645 ) ) ;
#2319 = UNCERTAINTY_MEASURE_WITH_UNIT (LENGTH_MEASURE( 1.000000000000000082E-05 ), #1777, 'distance_accuracy_value', 'NONE');
#2320 = STYLED_ITEM ( 'NONE', ( #4762 ), #3678 ) ;
#2321 = LINE ( 'NONE', #4131, #4520 ) ;
#2322 = CARTESIAN_POINT ( 'NONE',  ( 0.000000000000000000, 2.799999999999999822, 0.000000000000000000 ) ) ;
#2323 = ORIENTED_EDGE ( 'NONE', *, *, #1905, .T. ) ;
#2324 = DIRECTION ( 'NONE',  ( 0.000000000000000000, 0.000000000000000000, -1.000000000000000000 ) ) ;
#2325 = ORIENTED_EDGE ( 'NONE', *, *, #5285, .F. ) ;
#2326 = FILL_AREA_STYLE_COLOUR ( '', #2548 ) ;
#2327 = CARTESIAN_POINT ( 'NONE',  ( 1.515527827243066783, 2.801000000000000156, -2.879068565134764945 ) ) ;
#2328 =( NAMED_UNIT ( * ) PLANE_ANGLE_UNIT ( ) SI_UNIT ( $, .RADIAN. ) );
#2329 = ADVANCED_FACE ( 'NONE', ( #272 ), #5189, .T. ) ;
#2330 = CARTESIAN_POINT ( 'NONE',  ( 2.083727131607533423, 2.799999999999999378, -2.885946693388429019 ) ) ;
#2331 = SURFACE_STYLE_FILL_AREA ( #1843 ) ;
#2332 = CARTESIAN_POINT ( 'NONE',  ( 2.585096279624019111, 2.799999999999999822, -4.253324517515717496 ) ) ;
#2333 = ADVANCED_FACE ( 'NONE', ( #1645 ), #1248, .F. ) ;
#2334 = CIRCLE ( 'NONE', #5463, 0.2000000000000000111 ) ;
#2335 = PRESENTATION_STYLE_ASSIGNMENT (( #4842 ) ) ;
#2336 = FILL_AREA_STYLE_COLOUR ( '', #721 ) ;
#2337 = FILL_AREA_STYLE_COLOUR ( '', #126 ) ;
#2338 = SURFACE_STYLE_USAGE ( .BOTH. , #5301 ) ;
#2339 = ORIENTED_EDGE ( 'NONE', *, *, #3849, .T. ) ;
#2340 = FILL_AREA_STYLE_COLOUR ( '', #3113 ) ;
#2341 = FILL_AREA_STYLE_COLOUR ( '', #4335 ) ;
#2342 = CARTESIAN_POINT ( 'NONE',  ( 1.702903705241341159, 2.801000000000000156, -2.318068994664077120 ) ) ;
#2343 = CARTESIAN_POINT ( 'NONE',  ( 4.866480787899728710, 2.801000000000000600, -2.292806550480329442 ) ) ;
#2344 = VERTEX_POINT ( 'NONE', #910 ) ;
#2345 = FILL_AREA_STYLE_COLOUR ( '', #3643 ) ;
#2346 = EDGE_LOOP ( 'NONE', ( #3651, #1398, #3194, #261, #3359, #3210, #3108, #1800, #1348, #2704, #3040, #405, #3786, #2047 ) ) ;
#2347 = CARTESIAN_POINT ( 'NONE',  ( 4.872298660576400486, 2.801000000000000156, -2.298711422277621708 ) ) ;
#2348 = CARTESIAN_POINT ( 'NONE',  ( 2.577655803433543280, 2.801000000000000156, -2.270437612753812839 ) ) ;
#2349 = ADVANCED_FACE ( 'NONE', ( #4759 ), #4150, .T. ) ;
#2350 = CARTESIAN_POINT ( 'NONE',  ( 3.798048230643385814, 2.800999999999999712, -2.295357851069772526 ) ) ;
#2351 = CARTESIAN_POINT ( 'NONE',  ( 2.650944493909733524, 2.799999999999999822, -2.260020946087145877 ) ) ;
#2352 = ADVANCED_FACE ( 'NONE', ( #5 ), #4997, .T. ) ;
#2353 = FILL_AREA_STYLE_COLOUR ( '', #676 ) ;
#2354 = DIRECTION ( 'NONE',  ( -0.000000000000000000, -1.000000000000000000, -0.000000000000000000 ) ) ;
#2355 = VECTOR ( 'NONE', #5066, 1000.000000000000000 ) ;
#2356 = CARTESIAN_POINT ( 'NONE',  ( 2.058851476960513960, 2.800000000000000266, -2.880397272466893810 ) ) ;
#2357 = EDGE_CURVE ( 'NONE', #846, #3855, #5367, .T. ) ;
#2358 = DIRECTION ( 'NONE',  ( -1.000000000000000000, -0.000000000000000000, -0.000000000000000000 ) ) ;
#2359 = VECTOR ( 'NONE', #933, 1000.000000000000000 ) ;
#2360 = AXIS2_PLACEMENT_3D ( 'NONE', #4487, #332, #4001 ) ;
#2361 = SURFACE_STYLE_FILL_AREA ( #4099 ) ;
#2362 = EDGE_CURVE ( 'NONE', #5022, #1503, #1077, .T. ) ;
#2363 = EDGE_CURVE ( 'NONE', #4678, #1256, #991, .T. ) ;
#2364 = ORIENTED_EDGE ( 'NONE', *, *, #4320, .T. ) ;
#2365 = DIRECTION ( 'NONE',  ( -1.000000000000000000, 0.000000000000000000, 0.000000000000000000 ) ) ;
#2366 =( GEOMETRIC_REPRESENTATION_CONTEXT ( 3 ) GLOBAL_UNCERTAINTY_ASSIGNED_CONTEXT ( ( #4938 ) ) GLOBAL_UNIT_ASSIGNED_CONTEXT ( ( #3584, #5291, #879 ) ) REPRESENTATION_CONTEXT ( 'NONE', 'WORKASPACE' ) );
#2367 = ORIENTED_EDGE ( 'NONE', *, *, #3594, .T. ) ;
#2368 = DIRECTION ( 'NONE',  ( 0.000000000000000000, 0.000000000000000000, -1.000000000000000000 ) ) ;
#2369 = UNCERTAINTY_MEASURE_WITH_UNIT (LENGTH_MEASURE( 1.000000000000000082E-05 ), #2638, 'distance_accuracy_value', 'NONE');
#2370 = CARTESIAN_POINT ( 'NONE',  ( 3.967908779624019111, 2.801000000000000156, -3.835541779420479358 ) ) ;
#2371 = ORIENTED_EDGE ( 'NONE', *, *, #884, .F. ) ;
#2372 = ORIENTED_EDGE ( 'NONE', *, *, #4560, .T. ) ;
#2373 = CARTESIAN_POINT ( 'NONE',  ( 4.700423660576400486, 2.799999999999999822, -2.331449517515717051 ) ) ;
#2374 = MECHANICAL_DESIGN_GEOMETRIC_PRESENTATION_REPRESENTATION (  '', ( #4156 ), #5400 ) ;
#2375 = ORIENTED_EDGE ( 'NONE', *, *, #3982, .T. ) ;
#2376 = PRESENTATION_LAYER_ASSIGNMENT (  '', '', ( #2291 ) ) ;
#2377 = VECTOR ( 'NONE', #5433, 1000.000000000000114 ) ;
#2378 = CARTESIAN_POINT ( 'NONE',  ( 2.571784224167658284, 2.801000000000000156, -2.274468294048555883 ) ) ;
#2379 = DIRECTION ( 'NONE',  ( 0.000000000000000000, 1.000000000000000000, 0.000000000000000000 ) ) ;
#2380 = EDGE_CURVE ( 'NONE', #5352, #1297, #1051, .T. ) ;
#2381 = SURFACE_SIDE_STYLE ('',( #196 ) ) ;
#2382 = PRESENTATION_LAYER_ASSIGNMENT (  '', '', ( #747 ) ) ;
#2383 = DIRECTION ( 'NONE',  ( 0.000000000000000000, 0.000000000000000000, 1.000000000000000000 ) ) ;
#2384 = MECHANICAL_DESIGN_GEOMETRIC_PRESENTATION_REPRESENTATION (  '', ( #5057 ), #4438 ) ;
#2385 = CARTESIAN_POINT ( 'NONE',  ( 4.805143676895623273, 2.800000000000001155, -2.261450515376618231 ) ) ;
#2386 = FILL_AREA_STYLE ('',( #4508 ) ) ;
#2388 =( GEOMETRIC_REPRESENTATION_CONTEXT ( 3 ) GLOBAL_UNCERTAINTY_ASSIGNED_CONTEXT ( ( #2264 ) ) GLOBAL_UNIT_ASSIGNED_CONTEXT ( ( #2889, #3010, #3360 ) ) REPRESENTATION_CONTEXT ( 'NONE', 'WORKASPACE' ) );
#2387 = COLOUR_RGB ( '',0.5019607843137254832, 0.5019607843137254832, 0.5019607843137254832 ) ;
#2389 = FILL_AREA_STYLE ('',( #3617 ) ) ;
#2390 = ORIENTED_EDGE ( 'NONE', *, *, #4746, .F. ) ;
#2391 = LINE ( 'NONE', #4466, #3869 ) ;
#2392 = ADVANCED_FACE ( 'NONE', ( #3983 ), #4430, .T. ) ;
#2394 = PRESENTATION_LAYER_ASSIGNMENT (  '', '', ( #4011 ) ) ;
#2393 = SURFACE_SIDE_STYLE ('',( #1418 ) ) ;
#2395 = EDGE_CURVE ( 'NONE', #1527, #1694, #4839, .T. ) ;
#2396 = SURFACE_STYLE_FILL_AREA ( #1875 ) ;
#2397 = ORIENTED_EDGE ( 'NONE', *, *, #2983, .F. ) ;
#2398 = DIRECTION ( 'NONE',  ( 0.000000000000000000, 1.000000000000000000, 0.000000000000000000 ) ) ;
#2399 = ORIENTED_EDGE ( 'NONE', *, *, #207, .F. ) ;
#2400 = VERTEX_POINT ( 'NONE', #4015 ) ;
#2401 = FACE_OUTER_BOUND ( 'NONE', #2888, .T. ) ;
#2402 = EDGE_LOOP ( 'NONE', ( #4134, #4309, #1564, #2583 ) ) ;
#2403 = PRESENTATION_STYLE_ASSIGNMENT (( #3605 ) ) ;
#2404 = STYLED_ITEM ( 'NONE', ( #875 ), #4197 ) ;
#2405 = CARTESIAN_POINT ( 'NONE',  ( 0.6364277728264925438, 2.800999999999999268, -2.975455279462416947 ) ) ;
#2406 = FILL_AREA_STYLE_COLOUR ( '', #2191 ) ;
#2407 = ORIENTED_EDGE ( 'NONE', *, *, #3050, .T. ) ;
#2408 = SURFACE_STYLE_USAGE ( .BOTH. , #2950 ) ;
#2409 = ORIENTED_EDGE ( 'NONE', *, *, #941, .F. ) ;
#2410 = ADVANCED_FACE ( 'NONE', ( #571 ), #1866, .T. ) ;
#2411 = LINE ( 'NONE', #4281, #4951 ) ;
#2412 = SURFACE_STYLE_FILL_AREA ( #706 ) ;
#2413 = CARTESIAN_POINT ( 'NONE',  ( 1.638132667970813694, 2.800000000000000266, -4.253195911743896218 ) ) ;
#2414 = FILL_AREA_STYLE_COLOUR ( '', #4501 ) ;
#2415 =( LENGTH_UNIT ( ) NAMED_UNIT ( * ) SI_UNIT ( .MILLI., .METRE. ) );
#2416 =( NAMED_UNIT ( * ) SI_UNIT ( $, .STERADIAN. ) SOLID_ANGLE_UNIT ( ) );
#2417 = ORIENTED_EDGE ( 'NONE', *, *, #835, .F. ) ;
#2418 = CARTESIAN_POINT ( 'NONE',  ( 1.636825199053092650, 2.800000000000000266, -2.263418435703822063 ) ) ;
#2419 = VECTOR ( 'NONE', #2703, 1000.000000000000000 ) ;
#2420 = EDGE_CURVE ( 'NONE', #4322, #1452, #1545, .T. ) ;
#2421 = SURFACE_STYLE_USAGE ( .BOTH. , #4154 ) ;
#2422 = EDGE_LOOP ( 'NONE', ( #4162, #3018, #2995, #439 ) ) ;
#2423 = CARTESIAN_POINT ( 'NONE',  ( 3.725721279624019111, 2.801000000000000156, -3.305407850849050533 ) ) ;
#2424 = UNCERTAINTY_MEASURE_WITH_UNIT (LENGTH_MEASURE( 1.000000000000000082E-05 ), #1453, 'distance_accuracy_value', 'NONE');
#2425 = FILL_AREA_STYLE_COLOUR ( '', #3107 ) ;
#2426 = ORIENTED_EDGE ( 'NONE', *, *, #207, .T. ) ;
#2427 = DIRECTION ( 'NONE',  ( 0.000000000000000000, -1.000000000000000000, 0.000000000000000000 ) ) ;
#2428 = ORIENTED_EDGE ( 'NONE', *, *, #3689, .T. ) ;
#2429 = DIRECTION ( 'NONE',  ( -0.8391008346511822369, 0.000000000000000000, 0.5439759087383277958 ) ) ;
#2430 = CARTESIAN_POINT ( 'NONE',  ( 2.560392111261009962, 2.801000000000000156, -2.282288673255089329 ) ) ;
#2431 = CARTESIAN_POINT ( 'NONE',  ( 2.606673660576400486, 2.801000000000000156, -4.260020946087146321 ) ) ;
#2432 = UNCERTAINTY_MEASURE_WITH_UNIT (LENGTH_MEASURE( 1.000000000000000082E-05 ), #885, 'distance_accuracy_value', 'NONE');
#2433 = ORIENTED_EDGE ( 'NONE', *, *, #381, .F. ) ;
#2434 = SURFACE_STYLE_USAGE ( .BOTH. , #5426 ) ;
#2435 = ADVANCED_FACE ( 'NONE', ( #1187 ), #3332, .T. ) ;
#2436 = CARTESIAN_POINT ( 'NONE',  ( 1.538277549377794706, 2.799999999999999822, -2.284039264785138634 ) ) ;
#2437 = PLANE ( 'NONE',  #2933 ) ;
#2438 = CARTESIAN_POINT ( 'NONE',  ( 4.831723230831157956, 2.799999999999998490, -2.268623343895895594 ) ) ;
#2439 = DIRECTION ( 'NONE',  ( 1.000000000000000000, 0.000000000000000000, 0.000000000000000000 ) ) ;
#2440 = FILL_AREA_STYLE ('',( #705 ) ) ;
#2441 = DIRECTION ( 'NONE',  ( -1.000000000000000000, 0.000000000000000000, 0.000000000000000000 ) ) ;
#2442 =( NAMED_UNIT ( * ) PLANE_ANGLE_UNIT ( ) SI_UNIT ( $, .RADIAN. ) );
#2443 =( LENGTH_UNIT ( ) NAMED_UNIT ( * ) SI_UNIT ( .MILLI., .METRE. ) );
#2444 = PRESENTATION_STYLE_ASSIGNMENT (( #1133 ) ) ;
#2445 = CARTESIAN_POINT ( 'NONE',  ( 1.705624414322709725, 2.800000000000000266, -4.154387540078127827 ) ) ;
#2446 =( GEOMETRIC_REPRESENTATION_CONTEXT ( 3 ) GLOBAL_UNCERTAINTY_ASSIGNED_CONTEXT ( ( #2494 ) ) GLOBAL_UNIT_ASSIGNED_CONTEXT ( ( #3106, #3871, #1337 ) ) REPRESENTATION_CONTEXT ( 'NONE', 'WORKASPACE' ) );
#2447 = SURFACE_STYLE_FILL_AREA ( #1672 ) ;
#2448 = CARTESIAN_POINT ( 'NONE',  ( 2.650944493909733524, 2.801000000000000156, -2.260020946087145877 ) ) ;
#2449 = DIRECTION ( 'NONE',  ( -0.000000000000000000, -1.000000000000000000, -0.000000000000000000 ) ) ;
#2450 = DIRECTION ( 'NONE',  ( 1.000000000000000000, 0.000000000000000000, 0.000000000000000000 ) ) ;
#2451 = SURFACE_STYLE_FILL_AREA ( #1475 ) ;
#2452 = EDGE_CURVE ( 'NONE', #4108, #3123, #3837, .T. ) ;
#2453 = CARTESIAN_POINT ( 'NONE',  ( 4.700423660576400486, 2.799999999999999822, -2.331449517515717051 ) ) ;
#2454 = STYLED_ITEM ( 'NONE', ( #4640 ), #152 ) ;
#2455 = AXIS2_PLACEMENT_3D ( 'NONE', #839, #346, #2462 ) ;
#2456 = ORIENTED_EDGE ( 'NONE', *, *, #3341, .T. ) ;
#2457 =( NAMED_UNIT ( * ) SI_UNIT ( $, .STERADIAN. ) SOLID_ANGLE_UNIT ( ) );
#2458 = ORIENTED_EDGE ( 'NONE', *, *, #3757, .T. ) ;
#2459 = SURFACE_SIDE_STYLE ('',( #723 ) ) ;
#2460 = VECTOR ( 'NONE', #1852, 1000.000000000000000 ) ;
#2461 = CARTESIAN_POINT ( 'NONE',  ( 2.580198604880716839, 2.801000000000000156, -4.251391776662132749 ) ) ;
#2462 = DIRECTION ( 'NONE',  ( 0.000000000000000000, -0.000000000000000000, 1.000000000000000000 ) ) ;
#2463 = ORIENTED_EDGE ( 'NONE', *, *, #4091, .F. ) ;
#2464 = DIRECTION ( 'NONE',  ( -0.8997979375208395858, 0.000000000000000000, -0.4363068549005887364 ) ) ;
#2465 = VECTOR ( 'NONE', #624, 1000.000000000000000 ) ;
#2466 = PRESENTATION_LAYER_ASSIGNMENT (  '', '', ( #1278 ) ) ;
#2467 = SURFACE_SIDE_STYLE ('',( #5428 ) ) ;
#2468 = SURFACE_SIDE_STYLE ('',( #5087 ) ) ;
#2469 = EDGE_CURVE ( 'NONE', #1944, #2215, #2504, .T. ) ;
#2470 = MECHANICAL_DESIGN_GEOMETRIC_PRESENTATION_REPRESENTATION (  '', ( #2202 ), #1144 ) ;
#2471 = COLOUR_RGB ( '',0.5019607843137254832, 0.5019607843137254832, 0.5019607843137254832 ) ;
#2472 = COLOUR_RGB ( '',0.5019607843137254832, 0.5019607843137254832, 0.5019607843137254832 ) ;
#2473 =( LENGTH_UNIT ( ) NAMED_UNIT ( * ) SI_UNIT ( .MILLI., .METRE. ) );
#2474 = DIRECTION ( 'NONE',  ( -0.000000000000000000, 1.000000000000000000, -0.000000000000000000 ) ) ;
#2475 = FILL_AREA_STYLE ('',( #816 ) ) ;
#2476 = PRESENTATION_LAYER_ASSIGNMENT (  '', '', ( #143 ) ) ;
#2477 = STYLED_ITEM ( 'NONE', ( #2970 ), #4404 ) ;
#2478 = FILL_AREA_STYLE ('',( #4566 ) ) ;
#2479 = CARTESIAN_POINT ( 'NONE',  ( 3.396852232004971661, 2.801000000000000156, -3.379068565134765390 ) ) ;
#2480 = ORIENTED_EDGE ( 'NONE', *, *, #3392, .T. ) ;
#2481 = CARTESIAN_POINT ( 'NONE',  ( 2.608527998915330492, 2.801000000000000156, -2.262134312470514441 ) ) ;
#2482 = EDGE_CURVE ( 'NONE', #430, #1694, #3910, .T. ) ;
#2483 = PLANE ( 'NONE',  #2572 ) ;
#2484 = AXIS2_PLACEMENT_3D ( 'NONE', #1220, #2930, #3749 ) ;
#2485 = UNCERTAINTY_MEASURE_WITH_UNIT (LENGTH_MEASURE( 1.000000000000000082E-05 ), #3008, 'distance_accuracy_value', 'NONE');
#2486 = CARTESIAN_POINT ( 'NONE',  ( 3.940719600290354396, 2.800999999999999268, -2.278943158040126260 ) ) ;
#2487 = ORIENTED_EDGE ( 'NONE', *, *, #5307, .T. ) ;
#2488 = ORIENTED_EDGE ( 'NONE', *, *, #5480, .F. ) ;
#2489 = AXIS2_PLACEMENT_3D ( 'NONE', #696, #2427, #3538 ) ;
#2490 = ORIENTED_EDGE ( 'NONE', *, *, #4040, .F. ) ;
#2491 =( NAMED_UNIT ( * ) PLANE_ANGLE_UNIT ( ) SI_UNIT ( $, .RADIAN. ) );
#2492 = CARTESIAN_POINT ( 'NONE',  ( 4.712873085298820541, 2.799999999999999822, -2.293608184447571308 ) ) ;
#2493 = CARTESIAN_POINT ( 'NONE',  ( 3.858905803433542836, 2.801000000000000156, -2.260020946087145877 ) ) ;
#2494 = UNCERTAINTY_MEASURE_WITH_UNIT (LENGTH_MEASURE( 1.000000000000000082E-05 ), #3106, 'distance_accuracy_value', 'NONE');
#2495 = PRESENTATION_LAYER_ASSIGNMENT (  '', '', ( #1305 ) ) ;
#2496 = CARTESIAN_POINT ( 'NONE',  ( 4.349302929949122820, 2.801000000000000156, -4.176787077150359906 ) ) ;
#2497 = LINE ( 'NONE', #3766, #4428 ) ;
#2498 = ORIENTED_EDGE ( 'NONE', *, *, #1810, .T. ) ;
#2499 = DIRECTION ( 'NONE',  ( -1.000000000000000000, 0.000000000000000000, 0.000000000000000000 ) ) ;
#2500 = AXIS2_PLACEMENT_3D ( 'NONE', #764, #5484, #2519 ) ;
#2501 = VERTEX_POINT ( 'NONE', #1102 ) ;
#2502 = PRESENTATION_STYLE_ASSIGNMENT (( #3745 ) ) ;
#2503 = STYLED_ITEM ( 'NONE', ( #1465 ), #3686 ) ;
#2504 = LINE ( 'NONE', #4645, #4057 ) ;
#2505 = DIRECTION ( 'NONE',  ( 0.9999895204101237889, 0.000000000000000000, 0.004578107680098164080 ) ) ;
#2506 = ORIENTED_EDGE ( 'NONE', *, *, #4791, .F. ) ;
#2507 = EDGE_CURVE ( 'NONE', #4754, #3375, #1637, .T. ) ;
#2508 = CARTESIAN_POINT ( 'NONE',  ( 5.777432589147828423, 2.801000000000000156, -4.167759041325241220 ) ) ;
#2509 = CARTESIAN_POINT ( 'NONE',  ( 2.557686773900425425, 2.801000000000000600, -4.234854824222548331 ) ) ;
#2510 =( NAMED_UNIT ( * ) PLANE_ANGLE_UNIT ( ) SI_UNIT ( $, .RADIAN. ) );
#2511 =( GEOMETRIC_REPRESENTATION_CONTEXT ( 3 ) GLOBAL_UNCERTAINTY_ASSIGNED_CONTEXT ( ( #1628 ) ) GLOBAL_UNIT_ASSIGNED_CONTEXT ( ( #4094, #1867, #2309 ) ) REPRESENTATION_CONTEXT ( 'NONE', 'WORKASPACE' ) );
#2512 = ORIENTED_EDGE ( 'NONE', *, *, #3832, .F. ) ;
#2513 = VECTOR ( 'NONE', #4729, 1000.000000000000000 ) ;
#2514 = DIRECTION ( 'NONE',  ( -0.000000000000000000, -1.000000000000000000, -0.000000000000000000 ) ) ;
#2515 = PRESENTATION_STYLE_ASSIGNMENT (( #3880 ) ) ;
#2516 = CARTESIAN_POINT ( 'NONE',  ( 0.000000000000000000, 2.799999999999999822, -0.5000000000000000000 ) ) ;
#2517 = DIRECTION ( 'NONE',  ( -0.000000000000000000, -1.000000000000000000, -0.000000000000000000 ) ) ;
#2518 = VERTEX_POINT ( 'NONE', #1983 ) ;
#2519 = DIRECTION ( 'NONE',  ( 0.8694565573927688362, 0.000000000000000000, -0.4940094076095261633 ) ) ;
#2520 = VERTEX_POINT ( 'NONE', #59 ) ;
#2521 = FILL_AREA_STYLE_COLOUR ( '', #2834 ) ;
#2522 = EDGE_CURVE ( 'NONE', #3712, #5260, #904, .T. ) ;
#2523 = LINE ( 'NONE', #3334, #3646 ) ;
#2524 = CARTESIAN_POINT ( 'NONE',  ( 1.678846279624019111, 2.799999999999999822, -4.233607255610955633 ) ) ;
#2525 = PRODUCT_CONTEXT ( 'NONE', #4457, 'mechanical' ) ;
#2526 = FILL_AREA_STYLE ('',( #3694 ) ) ;
#2527 = CARTESIAN_POINT ( 'NONE',  ( 3.794545684385924211, 2.799999999999999822, -2.301687612753812839 ) ) ;
#2528 = ORIENTED_EDGE ( 'NONE', *, *, #5062, .F. ) ;
#2529 = DIRECTION ( 'NONE',  ( 0.000000000000000000, 8.470329472543004931E-18, 1.000000000000000000 ) ) ;
#2530 = CARTESIAN_POINT ( 'NONE',  ( 4.375656642977042488, 2.800999999999999712, -4.241162251648592729 ) ) ;
#2531 = EDGE_CURVE ( 'NONE', #5224, #1528, #2187, .T. ) ;
#2532 = CARTESIAN_POINT ( 'NONE',  ( 4.350540666537528800, 2.799999999999999822, -4.158628996545153278 ) ) ;
#2533 = MECHANICAL_DESIGN_GEOMETRIC_PRESENTATION_REPRESENTATION (  '', ( #1803 ), #543 ) ;
#2534 = PRESENTATION_LAYER_ASSIGNMENT (  '', '', ( #2180 ) ) ;
#2535 = DIRECTION ( 'NONE',  ( 0.000000000000000000, -1.000000000000000000, 0.000000000000000000 ) ) ;
#2536 = CARTESIAN_POINT ( 'NONE',  ( 4.711956398671637736, 2.799999999999999822, -2.374232255610955633 ) ) ;
#2537 = B_SPLINE_CURVE_WITH_KNOTS ( 'NONE', 3,
 ( #4454, #4915, #1532, #4117, #2777, #2350, #4034 ),
 .UNSPECIFIED., .F., .F.,
 ( 4, 1, 1, 1, 4 ),
 ( 0.000000000000000000, 0.2585252519374028335, 0.4943401226552890937, 0.7343883582397736642, 1.000000000000000000 ),
 .UNSPECIFIED. ) ;
#2538 = ORIENTED_EDGE ( 'NONE', *, *, #2657, .T. ) ;
#2539 = CARTESIAN_POINT ( 'NONE',  ( 0.6348585855473105610, 2.801000000000000156, -2.948827522981605664 ) ) ;
#2540 = SURFACE_STYLE_FILL_AREA ( #2574 ) ;
#2541 = CARTESIAN_POINT ( 'NONE',  ( 0.5000000000000000000, 2.799999999999999822, -6.099999999999999645 ) ) ;
#2542 = UNCERTAINTY_MEASURE_WITH_UNIT (LENGTH_MEASURE( 1.000000000000000082E-05 ), #5255, 'distance_accuracy_value', 'NONE');
#2543 = MECHANICAL_DESIGN_GEOMETRIC_PRESENTATION_REPRESENTATION (  '', ( #4859 ), #3001 ) ;
#2544 = CARTESIAN_POINT ( 'NONE',  ( 4.359862670921538452, 2.800000000000000266, -4.220403295735041027 ) ) ;
#2545 = LINE ( 'NONE', #3665, #1013 ) ;
#2546 = ORIENTED_EDGE ( 'NONE', *, *, #735, .T. ) ;
#2547 = FACE_OUTER_BOUND ( 'NONE', #1717, .T. ) ;
#2548 = COLOUR_RGB ( '',0.5019607843137254832, 0.5019607843137254832, 0.5019607843137254832 ) ;
#2549 = CARTESIAN_POINT ( 'NONE',  ( 0.7011677081954477142, 2.801000000000000156, -2.879068565134764945 ) ) ;
#2550 = ORIENTED_EDGE ( 'NONE', *, *, #3698, .T. ) ;
#2551 = LINE ( 'NONE', #4227, #2753 ) ;
#2552 = EDGE_CURVE ( 'NONE', #1060, #2849, #2586, .T. ) ;
#2553 = VECTOR ( 'NONE', #5536, 1000.000000000000000 ) ;
#2554 = STYLED_ITEM ( 'NONE', ( #2618 ), #2633 ) ;
#2555 = VECTOR ( 'NONE', #4194, 1000.000000000000000 ) ;
#2556 = MECHANICAL_DESIGN_GEOMETRIC_PRESENTATION_REPRESENTATION (  '', ( #5162 ), #5250 ) ;
#2557 = PRESENTATION_LAYER_ASSIGNMENT (  '', '', ( #142 ) ) ;
#2558 = DIRECTION ( 'NONE',  ( -0.000000000000000000, -1.000000000000000000, -0.000000000000000000 ) ) ;
#2559 =( NAMED_UNIT ( * ) SI_UNIT ( $, .STERADIAN. ) SOLID_ANGLE_UNIT ( ) );
#2560 = ORIENTED_EDGE ( 'NONE', *, *, #1810, .F. ) ;
#2561 = DIRECTION ( 'NONE',  ( 0.000000000000000000, -1.000000000000000000, 0.000000000000000000 ) ) ;
#2562 = COLOUR_RGB ( '',0.7529411764705882248, 0.7529411764705882248, 0.7529411764705882248 ) ;
#2563 =( GEOMETRIC_REPRESENTATION_CONTEXT ( 3 ) GLOBAL_UNCERTAINTY_ASSIGNED_CONTEXT ( ( #509 ) ) GLOBAL_UNIT_ASSIGNED_CONTEXT ( ( #3649, #1084, #1498 ) ) REPRESENTATION_CONTEXT ( 'NONE', 'WORKASPACE' ) );
#2564 =( NAMED_UNIT ( * ) SI_UNIT ( $, .STERADIAN. ) SOLID_ANGLE_UNIT ( ) );
#2565 = CARTESIAN_POINT ( 'NONE',  ( 5.760461895792568399, 2.801000000000000156, -4.217991095780332600 ) ) ;
#2566 = PLANE ( 'NONE',  #3516 ) ;
#2567 = PRESENTATION_LAYER_ASSIGNMENT (  '', '', ( #61 ) ) ;
#2568 = CARTESIAN_POINT ( 'NONE',  ( 3.858905803433542836, 2.801000000000000156, -2.260020946087145877 ) ) ;
#2569 = EDGE_LOOP ( 'NONE', ( #289, #2512, #2498, #2034 ) ) ;
#2570 = ADVANCED_FACE ( 'NONE', ( #3860 ), #1302, .T. ) ;
#2571 = ORIENTED_EDGE ( 'NONE', *, *, #2362, .T. ) ;
#2572 = AXIS2_PLACEMENT_3D ( 'NONE', #4570, #3699, #5411 ) ;
#2573 = CARTESIAN_POINT ( 'NONE',  ( 1.602209374862114455, 2.799999999999999822, -4.260020946087146321 ) ) ;
#2574 = FILL_AREA_STYLE ('',( #1626 ) ) ;
#2575 = FILL_AREA_STYLE_COLOUR ( '', #3693 ) ;
#2576 = CARTESIAN_POINT ( 'NONE',  ( 3.966909766306168095, 2.799999999999999378, -2.341492147384976796 ) ) ;
#2577 = DIRECTION ( 'NONE',  ( -1.000000000000000000, 0.000000000000000000, 0.000000000000000000 ) ) ;
#2578 = ORIENTED_EDGE ( 'NONE', *, *, #4400, .F. ) ;
#2579 = FILL_AREA_STYLE ('',( #4752 ) ) ;
#2580 =( LENGTH_UNIT ( ) NAMED_UNIT ( * ) SI_UNIT ( .MILLI., .METRE. ) );
#2581 = ORIENTED_EDGE ( 'NONE', *, *, #1313, .F. ) ;
#2582 = CARTESIAN_POINT ( 'NONE',  ( 0.000000000000000000, 0.2000000000000000111, -2.399999999999999467 ) ) ;
#2583 = ORIENTED_EDGE ( 'NONE', *, *, #3473, .T. ) ;
#2584 = CARTESIAN_POINT ( 'NONE',  ( 0.6364277728264925438, 2.799999999999998934, -2.975455279462416947 ) ) ;
#2585 =( GEOMETRIC_REPRESENTATION_CONTEXT ( 3 ) GLOBAL_UNCERTAINTY_ASSIGNED_CONTEXT ( ( #1171 ) ) GLOBAL_UNIT_ASSIGNED_CONTEXT ( ( #328, #2097, #2042 ) ) REPRESENTATION_CONTEXT ( 'NONE', 'WORKASPACE' ) );
#2586 = LINE ( 'NONE', #1720, #2359 ) ;
#2587 = EDGE_CURVE ( 'NONE', #712, #1070, #5116, .T. ) ;
#2588 = LINE ( 'NONE', #5035, #4186 ) ;
#2589 = DIRECTION ( 'NONE',  ( 1.000000000000000000, -0.000000000000000000, -0.000000000000000000 ) ) ;
#2590 = MECHANICAL_DESIGN_GEOMETRIC_PRESENTATION_REPRESENTATION (  '', ( #3923 ), #1760 ) ;
#2591 = DIRECTION ( 'NONE',  ( -0.000000000000000000, -0.000000000000000000, 1.000000000000000000 ) ) ;
#2592 = FILL_AREA_STYLE ('',( #3424 ) ) ;
#2593 = ORIENTED_EDGE ( 'NONE', *, *, #4560, .F. ) ;
#2594 = SURFACE_SIDE_STYLE ('',( #4761 ) ) ;
#2595 = FILL_AREA_STYLE ('',( #1566 ) ) ;
#2596 = CARTESIAN_POINT ( 'NONE',  ( 0.6825686534422932272, 2.801000000000000156, -2.883519837222107363 ) ) ;
#2597 = EDGE_CURVE ( 'NONE', #874, #4473, #3012, .T. ) ;
#2598 = EDGE_CURVE ( 'NONE', #695, #4165, #5099, .T. ) ;
#2599 = SURFACE_STYLE_FILL_AREA ( #3901 ) ;
#2600 = PRESENTATION_STYLE_ASSIGNMENT (( #3456 ) ) ;
#2601 = EDGE_CURVE ( 'NONE', #13, #2866, #3951, .T. ) ;
#2602 = ORIENTED_EDGE ( 'NONE', *, *, #2046, .F. ) ;
#2603 = B_SPLINE_SURFACE_WITH_KNOTS ( 'NONE', 3, 1, ( 
 ( #4857, #5454 ),
 ( #5050, #759 ),
 ( #5077, #4579 ),
 ( #724, #1598 ),
 ( #1235, #3324 ),
 ( #1208, #2492 ),
 ( #2883, #4168 ) ),
 .UNSPECIFIED., .F., .F., .F.,
 ( 4, 1, 1, 1, 4 ),
 ( 2, 2 ),
 ( 0.000000000000000000, 0.3029226852852355267, 0.5605547205714402903, 0.7851243818459056056, 1.000000000000000000 ),
 ( 0.000000000000000000, 1.000000000000000000 ),
 .UNSPECIFIED. ) ;
#2604 = SURFACE_STYLE_FILL_AREA ( #529 ) ;
#2605 = DIRECTION ( 'NONE',  ( -0.9540524688959124422, 0.000000000000000000, 0.2996395945024855623 ) ) ;
#2606 = CARTESIAN_POINT ( 'NONE',  ( 3.858905803433542836, 2.799999999999999822, -2.260020946087145877 ) ) ;
#2607 = SURFACE_STYLE_FILL_AREA ( #3114 ) ;
#2608 = UNCERTAINTY_MEASURE_WITH_UNIT (LENGTH_MEASURE( 1.000000000000000082E-05 ), #3669, 'distance_accuracy_value', 'NONE');
#2609 = SURFACE_SIDE_STYLE ('',( #2712 ) ) ;
#2610 = CARTESIAN_POINT ( 'NONE',  ( 4.708639513667952414, 2.801000000000000600, -2.367412547260694833 ) ) ;
#2611 =( NAMED_UNIT ( * ) SI_UNIT ( $, .STERADIAN. ) SOLID_ANGLE_UNIT ( ) );
#2612 = DIRECTION ( 'NONE',  ( 0.000000000000000000, 0.000000000000000000, -1.000000000000000000 ) ) ;
#2613 = VERTEX_POINT ( 'NONE', #1805 ) ;
#2614 = DIRECTION ( 'NONE',  ( 0.000000000000000000, 0.000000000000000000, -1.000000000000000000 ) ) ;
#2615 = ORIENTED_EDGE ( 'NONE', *, *, #3596, .F. ) ;
#2616 = FILL_AREA_STYLE_COLOUR ( '', #411 ) ;
#2617 = EDGE_CURVE ( 'NONE', #1145, #1882, #4291, .T. ) ;
#2618 = PRESENTATION_STYLE_ASSIGNMENT (( #880 ) ) ;
#2619 = FILL_AREA_STYLE_COLOUR ( '', #2312 ) ;
#2620 = CARTESIAN_POINT ( 'NONE',  ( 4.700532127710252972, 2.799999999999999822, -2.324373564113520807 ) ) ;
#2621 = DIRECTION ( 'NONE',  ( -0.000000000000000000, -1.000000000000000000, -0.000000000000000000 ) ) ;
#2622 = VERTEX_POINT ( 'NONE', #85 ) ;
#2623 = CARTESIAN_POINT ( 'NONE',  ( 0.6348585855473105610, 2.799999999999999378, -2.948827522981605664 ) ) ;
#2624 = FACE_OUTER_BOUND ( 'NONE', #1814, .T. ) ;
#2625 = CARTESIAN_POINT ( 'NONE',  ( 0.6480368297269276656, 2.801000000000000156, -2.914428277406455159 ) ) ;
#2626 = DIRECTION ( 'NONE',  ( -0.000000000000000000, -1.000000000000000000, -0.000000000000000000 ) ) ;
#2627 = CARTESIAN_POINT ( 'NONE',  ( 3.794545684385924211, 2.799999999999999822, -2.301687612753812839 ) ) ;
#2628 = CARTESIAN_POINT ( 'NONE',  ( 1.658329540763395116, 2.800999999999999268, -4.245231994571049938 ) ) ;
#2629 =( NAMED_UNIT ( * ) PLANE_ANGLE_UNIT ( ) SI_UNIT ( $, .RADIAN. ) );
#2630 = ORIENTED_EDGE ( 'NONE', *, *, #336, .T. ) ;
#2631 = STYLED_ITEM ( 'NONE', ( #2931 ), #1416 ) ;
#2632 = PRESENTATION_STYLE_ASSIGNMENT (( #5254 ) ) ;
#2633 = ADVANCED_FACE ( 'NONE', ( #445 ), #3488, .T. ) ;
#2634 =( NAMED_UNIT ( * ) SI_UNIT ( $, .STERADIAN. ) SOLID_ANGLE_UNIT ( ) );
#2635 = LINE ( 'NONE', #1661, #5044 ) ;
#2636 = ORIENTED_EDGE ( 'NONE', *, *, #1092, .F. ) ;
#2637 =( GEOMETRIC_REPRESENTATION_CONTEXT ( 3 ) GLOBAL_UNCERTAINTY_ASSIGNED_CONTEXT ( ( #5457 ) ) GLOBAL_UNIT_ASSIGNED_CONTEXT ( ( #5397, #1159, #5465 ) ) REPRESENTATION_CONTEXT ( 'NONE', 'WORKASPACE' ) );
#2638 =( LENGTH_UNIT ( ) NAMED_UNIT ( * ) SI_UNIT ( .MILLI., .METRE. ) );
#2639 = VERTEX_POINT ( 'NONE', #4087 ) ;
#2640 = DIRECTION ( 'NONE',  ( 0.000000000000000000, -1.000000000000000000, 0.000000000000000000 ) ) ;
#2641 = ORIENTED_EDGE ( 'NONE', *, *, #4791, .T. ) ;
#2642 = SURFACE_SIDE_STYLE ('',( #1405 ) ) ;
#2643 = CARTESIAN_POINT ( 'NONE',  ( 3.967908779624019111, 2.801000000000000156, -3.631672731801431908 ) ) ;
#2644 = PRESENTATION_LAYER_ASSIGNMENT (  '', '', ( #1902 ) ) ;
#2645 = EDGE_CURVE ( 'NONE', #1694, #593, #2748, .T. ) ;
#2646 = FACE_BOUND ( 'NONE', #1477, .T. ) ;
#2647 = VECTOR ( 'NONE', #3519, 1000.000000000000000 ) ;
#2648 = DIRECTION ( 'NONE',  ( -0.000000000000000000, -1.000000000000000000, -0.000000000000000000 ) ) ;
#2649 = B_SPLINE_SURFACE_WITH_KNOTS ( 'NONE', 3, 1, ( 
 ( #4871, #3308 ),
 ( #4203, #1639 ),
 ( #3014, #1188 ),
 ( #385, #853 ),
 ( #3834, #3393 ) ),
 .UNSPECIFIED., .F., .F., .F.,
 ( 4, 1, 4 ),
 ( 2, 2 ),
 ( 0.000000000000000000, 0.4901084961030835463, 1.000000000000000000 ),
 ( 0.000000000000000000, 1.000000000000000000 ),
 .UNSPECIFIED. ) ;
#2650 = FILL_AREA_STYLE ('',( #3864 ) ) ;
#2651 = AXIS2_PLACEMENT_3D ( 'NONE', #413, #3833, #4757 ) ;
#2652 = COLOUR_RGB ( '',0.5019607843137254832, 0.5019607843137254832, 0.5019607843137254832 ) ;
#2653 = CARTESIAN_POINT ( 'NONE',  ( 4.431450446290686074, 2.801000000000000156, -4.257416779420479358 ) ) ;
#2654 = DIRECTION ( 'NONE',  ( 0.4380496185896152750, 0.000000000000000000, -0.8989507949011962262 ) ) ;
#2655 = ORIENTED_EDGE ( 'NONE', *, *, #4907, .F. ) ;
#2656 = VECTOR ( 'NONE', #2605, 1000.000000000000114 ) ;
#2657 = EDGE_CURVE ( 'NONE', #5260, #800, #1017, .T. ) ;
#2658 = DIRECTION ( 'NONE',  ( 0.8973184747421801832, 0.000000000000000000, -0.4413836821704756885 ) ) ;
#2659 = DIRECTION ( 'NONE',  ( -0.000000000000000000, -1.000000000000000000, -0.000000000000000000 ) ) ;
#2660 = PRESENTATION_LAYER_ASSIGNMENT (  '', '', ( #5057 ) ) ;
#2661 = CARTESIAN_POINT ( 'NONE',  ( 2.726924089993672862, 2.799999999999999378, -2.312172092813415958 ) ) ;
#2662 = UNCERTAINTY_MEASURE_WITH_UNIT (LENGTH_MEASURE( 1.000000000000000082E-05 ), #371, 'distance_accuracy_value', 'NONE');
#2663 = SURFACE_SIDE_STYLE ('',( #3965 ) ) ;
#2664 = ORIENTED_EDGE ( 'NONE', *, *, #5324, .F. ) ;
#2665 = CARTESIAN_POINT ( 'NONE',  ( -4.336808689942017736E-16, 0.2000000000000000111, -4.200000000000000178 ) ) ;
#2666 = VECTOR ( 'NONE', #3307, 1000.000000000000000 ) ;
#2667 = ORIENTED_EDGE ( 'NONE', *, *, #5271, .T. ) ;
#2668 = CARTESIAN_POINT ( 'NONE',  ( 2.560392111261009962, 2.801000000000000156, -2.282288673255089329 ) ) ;
#2669 = ORIENTED_EDGE ( 'NONE', *, *, #726, .F. ) ;
#2670 = DIRECTION ( 'NONE',  ( -9.831386636054299278E-14, 1.000000000000000000, 4.539284072598344049E-13 ) ) ;
#2671 = DIRECTION ( 'NONE',  ( 1.000000000000000000, 0.000000000000000000, -0.000000000000000000 ) ) ;
#2672 = PRESENTATION_STYLE_ASSIGNMENT (( #5153 ) ) ;
#2673 = CARTESIAN_POINT ( 'NONE',  ( -0.2000000000000000111, 0.000000000000000000, 0.000000000000000000 ) ) ;
#2674 = DIRECTION ( 'NONE',  ( -0.5671818520460240043, 0.000000000000000000, 0.8235925853901563398 ) ) ;
#2675 = DIRECTION ( 'NONE',  ( -0.000000000000000000, -0.000000000000000000, 1.000000000000000000 ) ) ;
#2676 =( GEOMETRIC_REPRESENTATION_CONTEXT ( 3 ) GLOBAL_UNCERTAINTY_ASSIGNED_CONTEXT ( ( #4826 ) ) GLOBAL_UNIT_ASSIGNED_CONTEXT ( ( #5371, #2442, #1516 ) ) REPRESENTATION_CONTEXT ( 'NONE', 'WORKASPACE' ) );
#2677 = CARTESIAN_POINT ( 'NONE',  ( 5.675527750649441039, 2.801000000000000156, -4.259656985542381591 ) ) ;
#2678 = CARTESIAN_POINT ( 'NONE',  ( 2.031524851052590730, 2.801000000000000156, -2.879068565134764945 ) ) ;
#2679 = CARTESIAN_POINT ( 'NONE',  ( 2.628587906548825792, 2.801000000000000600, -2.260484961068218279 ) ) ;
#2680 = LINE ( 'NONE', #1538, #2666 ) ;
#2681 = CARTESIAN_POINT ( 'NONE',  ( 5.747298660576400486, 2.801000000000000156, -4.231747136563336120 ) ) ;
#2682 = CARTESIAN_POINT ( 'NONE',  ( 1.579322903160761182, 2.801000000000000156, -2.260260127561592558 ) ) ;
#2683 = ADVANCED_FACE ( 'NONE', ( #140 ), #2908, .T. ) ;
#2684 = ORIENTED_EDGE ( 'NONE', *, *, #3153, .T. ) ;
#2685 = FACE_OUTER_BOUND ( 'NONE', #1374, .T. ) ;
#2686 = CARTESIAN_POINT ( 'NONE',  ( 5.776328015424156526, 2.801000000000000156, -4.185380886348441187 ) ) ;
#2687 = LINE ( 'NONE', #4391, #3180 ) ;
#2688 =( NAMED_UNIT ( * ) PLANE_ANGLE_UNIT ( ) SI_UNIT ( $, .RADIAN. ) );
#2689 = ORIENTED_EDGE ( 'NONE', *, *, #4907, .T. ) ;
#2690 = SURFACE_SIDE_STYLE ('',( #4515 ) ) ;
#2691 = PRESENTATION_STYLE_ASSIGNMENT (( #923 ) ) ;
#2692 = ORIENTED_EDGE ( 'NONE', *, *, #3181, .T. ) ;
#2693 = SURFACE_SIDE_STYLE ('',( #961 ) ) ;
#2694 = ORIENTED_EDGE ( 'NONE', *, *, #3050, .F. ) ;
#2695 = SURFACE_STYLE_FILL_AREA ( #4894 ) ;
#2696 = PRESENTATION_LAYER_ASSIGNMENT (  '', '', ( #968 ) ) ;
#2697 = EDGE_CURVE ( 'NONE', #4467, #695, #2032, .T. ) ;
#2698 = LINE ( 'NONE', #4402, #4812 ) ;
#2699 = CARTESIAN_POINT ( 'NONE',  ( 0.000000000000000000, 0.000000000000000000, -0.5000000000000000000 ) ) ;
#2700 = EDGE_CURVE ( 'NONE', #4078, #2344, #3266, .T. ) ;
#2701 = PRESENTATION_STYLE_ASSIGNMENT (( #4037 ) ) ;
#2702 = CARTESIAN_POINT ( 'NONE',  ( 2.139783779624019555, 2.801000000000000600, -2.979142969896670046 ) ) ;
#2703 = DIRECTION ( 'NONE',  ( 0.000000000000000000, 0.000000000000000000, 1.000000000000000000 ) ) ;
#2704 = ORIENTED_EDGE ( 'NONE', *, *, #1346, .T. ) ;
#2705 = LINE ( 'NONE', #2859, #4176 ) ;
#2706 = DIRECTION ( 'NONE',  ( 0.4363068549005886809, 0.000000000000000000, -0.8997979375208394748 ) ) ;
#2707 = ORIENTED_EDGE ( 'NONE', *, *, #580, .T. ) ;
#2708 = CARTESIAN_POINT ( 'NONE',  ( 4.711956398671637736, 2.801000000000000156, -2.374232255610955633 ) ) ;
#2709 = PLANE ( 'NONE',  #4701 ) ;
#2710 = CARTESIAN_POINT ( 'NONE',  ( 2.721022540655751776, 2.799999999999999822, -2.297873664242195080 ) ) ;
#2711 = UNCERTAINTY_MEASURE_WITH_UNIT (LENGTH_MEASURE( 1.000000000000000082E-05 ), #98, 'distance_accuracy_value', 'NONE');
#2712 = SURFACE_STYLE_FILL_AREA ( #3116 ) ;
#2713 = ORIENTED_EDGE ( 'NONE', *, *, #1880, .F. ) ;
#2714 = CARTESIAN_POINT ( 'NONE',  ( 1.000000000000000000, 0.2000000000000000111, -4.099999999999999645 ) ) ;
#2715 = ORIENTED_EDGE ( 'NONE', *, *, #4320, .F. ) ;
#2716 = DIRECTION ( 'NONE',  ( 1.000000000000000000, 0.000000000000000000, 0.000000000000000000 ) ) ;
#2717 = VECTOR ( 'NONE', #3229, 1000.000000000000000 ) ;
#2718 = CARTESIAN_POINT ( 'NONE',  ( 2.114893904336113017, 2.801000000000000156, -3.020256505071769126 ) ) ;
#2719 = DIRECTION ( 'NONE',  ( -1.000000000000000000, 0.000000000000000000, 0.000000000000000000 ) ) ;
#2720 = EDGE_CURVE ( 'NONE', #4322, #3800, #2497, .T. ) ;
#2721 = CARTESIAN_POINT ( 'NONE',  ( 2.539337351052590730, 2.801000000000000156, -4.197892969896670046 ) ) ;
#2722 = VECTOR ( 'NONE', #1853, 1000.000000000000114 ) ;
#2723 = DIRECTION ( 'NONE',  ( 1.000000000000000000, -0.000000000000000000, 3.614007241618349264E-16 ) ) ;
#2724 = CARTESIAN_POINT ( 'NONE',  ( 5.599999999999999645, 0.2000000000000000111, -4.099999999999999645 ) ) ;
#2725 = LINE ( 'NONE', #4841, #4733 ) ;
#2726 = VERTEX_POINT ( 'NONE', #2913 ) ;
#2727 = VECTOR ( 'NONE', #4972, 1000.000000000000000 ) ;
#2728 = CARTESIAN_POINT ( 'NONE',  ( 5.777432589147828423, 2.801000000000000156, -4.167759041325241220 ) ) ;
#2729 = LINE ( 'NONE', #1029, #3170 ) ;
#2730 = DIRECTION ( 'NONE',  ( 0.9336748535812933181, -0.000000000000000000, 0.3581218616476107286 ) ) ;
#2731 =( NAMED_UNIT ( * ) SI_UNIT ( $, .STERADIAN. ) SOLID_ANGLE_UNIT ( ) );
#2732 = EDGE_LOOP ( 'NONE', ( #1567, #3215, #106, #3908 ) ) ;
#2733 = VECTOR ( 'NONE', #3719, 1000.000000000000000 ) ;
#2734 = AXIS2_PLACEMENT_3D ( 'NONE', #4060, #5294, #3642 ) ;
#2735 = MECHANICAL_DESIGN_GEOMETRIC_PRESENTATION_REPRESENTATION (  '', ( #4696 ), #1918 ) ;
#2736 = CARTESIAN_POINT ( 'NONE',  ( 1.551574909257631418, 2.801000000000000156, -2.270330068343447305 ) ) ;
#2737 = DIRECTION ( 'NONE',  ( 1.000000000000000000, -0.000000000000000000, -0.000000000000000000 ) ) ;
#2738 = FACE_OUTER_BOUND ( 'NONE', #5485, .T. ) ;
#2739 = STYLED_ITEM ( 'NONE', ( #1651 ), #5364 ) ;
#2740 = CARTESIAN_POINT ( 'NONE',  ( 4.805143676895623273, 2.801000000000001489, -2.261450515376618231 ) ) ;
#2741 = ORIENTED_EDGE ( 'NONE', *, *, #4372, .T. ) ;
#2742 = EDGE_CURVE ( 'NONE', #2764, #5197, #4610, .T. ) ;
#2743 = SURFACE_STYLE_FILL_AREA ( #3603 ) ;
#2744 = PRESENTATION_LAYER_ASSIGNMENT (  '', '', ( #148 ) ) ;
#2745 = ORIENTED_EDGE ( 'NONE', *, *, #3168, .T. ) ;
#2746 = VECTOR ( 'NONE', #3259, 1000.000000000000000 ) ;
#2747 = CARTESIAN_POINT ( 'NONE',  ( -0.2000000000000000111, 0.1000000000000000472, -4.099999999999999645 ) ) ;
#2748 = B_SPLINE_CURVE_WITH_KNOTS ( 'NONE', 3,
 ( #2351, #3611, #3225, #1073, #3563, #1456, #3202 ),
 .UNSPECIFIED., .F., .F.,
 ( 4, 1, 1, 1, 4 ),
 ( 0.000000000000000000, 0.3149680076775209225, 0.5859588863041572671, 0.8103781379931508377, 1.000000000000000000 ),
 .UNSPECIFIED. ) ;
#2749 = ORIENTED_EDGE ( 'NONE', *, *, #640, .T. ) ;
#2750 = SURFACE_STYLE_FILL_AREA ( #1014 ) ;
#2751 = SURFACE_STYLE_FILL_AREA ( #3710 ) ;
#2752 = DIRECTION ( 'NONE',  ( 0.000000000000000000, 0.000000000000000000, -1.000000000000000000 ) ) ;
#2753 = VECTOR ( 'NONE', #2919, 1000.000000000000114 ) ;
#2754 = EDGE_CURVE ( 'NONE', #5082, #639, #3246, .T. ) ;
#2755 = FILL_AREA_STYLE_COLOUR ( '', #768 ) ;
#2756 = MECHANICAL_DESIGN_GEOMETRIC_PRESENTATION_REPRESENTATION (  '', ( #1030 ), #4974 ) ;
#2757 = CARTESIAN_POINT ( 'NONE',  ( 4.854674683134848401, 2.801000000000000156, -2.280823899959022683 ) ) ;
#2758 =( GEOMETRIC_REPRESENTATION_CONTEXT ( 3 ) GLOBAL_UNCERTAINTY_ASSIGNED_CONTEXT ( ( #1620 ) ) GLOBAL_UNIT_ASSIGNED_CONTEXT ( ( #1881, #191, #5336 ) ) REPRESENTATION_CONTEXT ( 'NONE', 'WORKASPACE' ) );
#2759 = LINE ( 'NONE', #5347, #699 ) ;
#2760 = SURFACE_STYLE_FILL_AREA ( #1895 ) ;
#2761 = SURFACE_STYLE_FILL_AREA ( #4924 ) ;
#2762 = VECTOR ( 'NONE', #3503, 1000.000000000000114 ) ;
#2763 = DIRECTION ( 'NONE',  ( -0.000000000000000000, -1.000000000000000000, -0.000000000000000000 ) ) ;
#2764 = VERTEX_POINT ( 'NONE', #1574 ) ;
#2765 = VECTOR ( 'NONE', #284, 1000.000000000000114 ) ;
#2766 = FACE_OUTER_BOUND ( 'NONE', #2771, .T. ) ;
#2767 = CARTESIAN_POINT ( 'NONE',  ( 3.863742112957352592, 2.801000000000000156, -3.428547731801431464 ) ) ;
#2768 = AXIS2_PLACEMENT_3D ( 'NONE', #4923, #4950, #628 ) ;
#2769 = EDGE_CURVE ( 'NONE', #5478, #4999, #1211, .T. ) ;
#2770 = LINE ( 'NONE', #2370, #4963 ) ;
#2771 = EDGE_LOOP ( 'NONE', ( #2795, #4636, #5070, #2630 ) ) ;
#2772 = CARTESIAN_POINT ( 'NONE',  ( 4.348861160576400486, 2.801000000000000156, -4.167014993706193771 ) ) ;
#2773 = ORIENTED_EDGE ( 'NONE', *, *, #2313, .F. ) ;
#2774 = FILL_AREA_STYLE_COLOUR ( '', #684 ) ;
#2775 = CARTESIAN_POINT ( 'NONE',  ( 1.623033104938706561, 2.801000000000000600, -2.261071190629064365 ) ) ;
#2776 = CARTESIAN_POINT ( 'NONE',  ( 0.000000000000000000, 0.000000000000000000, 0.000000000000000000 ) ) ;
#2777 = CARTESIAN_POINT ( 'NONE',  ( 3.804716225687599263, 2.801000000000000600, -2.283307526409447785 ) ) ;
#2778 =( LENGTH_UNIT ( ) NAMED_UNIT ( * ) SI_UNIT ( .MILLI., .METRE. ) );
#2779 = STYLED_ITEM ( 'NONE', ( #4064 ), #3241 ) ;
#2780 = CARTESIAN_POINT ( 'NONE',  ( 4.831723230831157956, 2.800999999999998824, -2.268623343895895594 ) ) ;
#2781 = SURFACE_STYLE_FILL_AREA ( #1052 ) ;
#2782 = PRESENTATION_STYLE_ASSIGNMENT (( #605 ) ) ;
#2783 = COLOUR_RGB ( '',0.5019607843137254832, 0.5019607843137254832, 0.5019607843137254832 ) ;
#2784 = CARTESIAN_POINT ( 'NONE',  ( 1.538277549377794706, 2.800000000000000266, -2.284039264785138634 ) ) ;
#2785 = DIRECTION ( 'NONE',  ( -0.7313072287962378848, 0.000000000000000000, 0.6820481926597028455 ) ) ;
#2786 = CARTESIAN_POINT ( 'NONE',  ( 0.5000000000000000000, 0.000000000000000000, 0.000000000000000000 ) ) ;
#2787 = ORIENTED_EDGE ( 'NONE', *, *, #2195, .F. ) ;
#2788 = CARTESIAN_POINT ( 'NONE',  ( 3.967908779624019111, 2.800000000000000266, -2.338145946087145877 ) ) ;
#2789 = PRESENTATION_STYLE_ASSIGNMENT (( #1874 ) ) ;
#2790 = ADVANCED_FACE ( 'NONE', ( #3713 ), #1630, .T. ) ;
#2791 = DIRECTION ( 'NONE',  ( -0.9509883811643093932, 0.000000000000000000, -0.3092266141367625010 ) ) ;
#2792 = CARTESIAN_POINT ( 'NONE',  ( 0.000000000000000000, 1.399999999999999911, -4.099999999999999645 ) ) ;
#2793 = CARTESIAN_POINT ( 'NONE',  ( 1.549009970100209577, 2.801000000000000156, -4.238443565134764945 ) ) ;
#2794 = ORIENTED_EDGE ( 'NONE', *, *, #398, .T. ) ;
#2795 = ORIENTED_EDGE ( 'NONE', *, *, #4913, .F. ) ;
#2796 = DIRECTION ( 'NONE',  ( -0.000000000000000000, -0.000000000000000000, -1.000000000000000000 ) ) ;
#2797 = EDGE_LOOP ( 'NONE', ( #4755, #4574, #33, #1424 ) ) ;
#2798 = CARTESIAN_POINT ( 'NONE',  ( 1.595884970100209799, 2.800000000000000266, -2.260020946087146321 ) ) ;
#2799 = CARTESIAN_POINT ( 'NONE',  ( 0.6423879462906858517, 2.801000000000000156, -2.995884041325241220 ) ) ;
#2800 = DIRECTION ( 'NONE',  ( 0.000000000000000000, 0.000000000000000000, -1.000000000000000000 ) ) ;
#2801 = LINE ( 'NONE', #4503, #3370 ) ;
#2802 = CIRCLE ( 'NONE', #29, 0.2000000000000000111 ) ;
#2803 = EDGE_CURVE ( 'NONE', #5263, #3090, #1602, .T. ) ;
#2804 = FACE_OUTER_BOUND ( 'NONE', #3735, .T. ) ;
#2805 = EDGE_CURVE ( 'NONE', #4329, #1992, #5030, .T. ) ;
#2806 =( NAMED_UNIT ( * ) PLANE_ANGLE_UNIT ( ) SI_UNIT ( $, .RADIAN. ) );
#2807 = PRESENTATION_STYLE_ASSIGNMENT (( #1081 ) ) ;
#2808 = CARTESIAN_POINT ( 'NONE',  ( 2.729813541528781418, 2.801000000000000156, -3.379068565134765390 ) ) ;
#2809 = PRESENTATION_STYLE_ASSIGNMENT (( #2338 ) ) ;
#2810 = VERTEX_POINT ( 'NONE', #1094 ) ;
#2811 = VECTOR ( 'NONE', #2398, 1000.000000000000000 ) ;
#2812 = FILL_AREA_STYLE ('',( #3158 ) ) ;
#2813 = ORIENTED_EDGE ( 'NONE', *, *, #5154, .F. ) ;
#2814 = DIRECTION ( 'NONE',  ( -1.000000000000000000, -0.000000000000000000, -0.000000000000000000 ) ) ;
#2815 = UNCERTAINTY_MEASURE_WITH_UNIT (LENGTH_MEASURE( 1.000000000000000082E-05 ), #5026, 'distance_accuracy_value', 'NONE');
#2816 = VECTOR ( 'NONE', #2674, 1000.000000000000341 ) ;
#2817 = DIRECTION ( 'NONE',  ( -1.000000000000000000, 0.000000000000000000, 0.000000000000000000 ) ) ;
#2818 = ORIENTED_EDGE ( 'NONE', *, *, #3159, .F. ) ;
#2819 = ADVANCED_FACE ( 'NONE', ( #1127 ), #5390, .T. ) ;
#2820 = CARTESIAN_POINT ( 'NONE',  ( 0.000000000000000000, 2.799999999999999822, 0.000000000000000000 ) ) ;
#2821 = ORIENTED_EDGE ( 'NONE', *, *, #1092, .T. ) ;
#2822 = MECHANICAL_DESIGN_GEOMETRIC_PRESENTATION_REPRESENTATION (  '', ( #46 ), #4514 ) ;
#2823 = COLOUR_RGB ( '',0.5019607843137254832, 0.5019607843137254832, 0.5019607843137254832 ) ;
#2824 = CARTESIAN_POINT ( 'NONE',  ( 1.632164192889483889, 2.800000000000000266, -2.261660866179399321 ) ) ;
#2825 = CARTESIAN_POINT ( 'NONE',  ( 1.607829635796314216, 2.800000000000000266, -4.259759079432622997 ) ) ;
#2826 = UNCERTAINTY_MEASURE_WITH_UNIT (LENGTH_MEASURE( 1.000000000000000082E-05 ), #718, 'distance_accuracy_value', 'NONE');
#2827 = LINE ( 'NONE', #677, #5491 ) ;
#2828 = DIRECTION ( 'NONE',  ( 0.4703557148957978051, 0.000000000000000000, -0.8824769127092577659 ) ) ;
#2829 = PRESENTATION_LAYER_ASSIGNMENT (  '', '', ( #5505 ) ) ;
#2830 = CARTESIAN_POINT ( 'NONE',  ( -0.2000000000000000111, -0.1000000000000000056, -2.499999999999999556 ) ) ;
#2831 = EDGE_LOOP ( 'NONE', ( #1031, #190, #3453, #1823 ) ) ;
#2832 = CARTESIAN_POINT ( 'NONE',  ( 6.799999999999999822, 1.200000000000000178, -2.499999999999999556 ) ) ;
#2833 = VECTOR ( 'NONE', #3234, 1000.000000000000000 ) ;
#2834 = COLOUR_RGB ( '',0.6901960784313725394, 0.6117647058823529882, 0.5294117647058823595 ) ;
#2835 = DIRECTION ( 'NONE',  ( 1.000000000000000000, 0.000000000000000000, -0.000000000000000000 ) ) ;
#2836 =( LENGTH_UNIT ( ) NAMED_UNIT ( * ) SI_UNIT ( .MILLI., .METRE. ) );
#2837 = CARTESIAN_POINT ( 'NONE',  ( 1.671738794043749587, 2.799999999999999378, -4.237634341255246184 ) ) ;
#2838 = PRESENTATION_LAYER_ASSIGNMENT (  '', '', ( #1030 ) ) ;
#2839 = PLANE ( 'NONE',  #418 ) ;
#2840 = LINE ( 'NONE', #4541, #1183 ) ;
#2841 = CARTESIAN_POINT ( 'NONE',  ( 1.691977144327057703, 2.799999999999999822, -4.218045604489658373 ) ) ;
#2842 = CARTESIAN_POINT ( 'NONE',  ( 4.353724974016608407, 2.800000000000000711, -4.142729324797942425 ) ) ;
#2843 = EDGE_LOOP ( 'NONE', ( #1736, #2787, #765, #4751, #5209, #3026, #361, #4548, #3143, #378, #1233, #258, #1634, #1573 ) ) ;
#2844 = CARTESIAN_POINT ( 'NONE',  ( 1.623033104938706561, 2.800000000000000266, -2.261071190629064365 ) ) ;
#2846 = VECTOR ( 'NONE', #1608, 1000.000000000000114 ) ;
#2845 = CARTESIAN_POINT ( 'NONE',  ( 2.582088531646553164, 2.800999999999999712, -2.268842217210734091 ) ) ;
#2847 = EDGE_CURVE ( 'NONE', #4565, #4877, #2152, .T. ) ;
#2848 = CARTESIAN_POINT ( 'NONE',  ( 3.963543014156453825, 2.801000000000000156, -2.353001556876392453 ) ) ;
#2849 = VERTEX_POINT ( 'NONE', #1263 ) ;
#2850 = PRESENTATION_LAYER_ASSIGNMENT (  '', '', ( #587 ) ) ;
#2851 = ORIENTED_EDGE ( 'NONE', *, *, #2288, .T. ) ;
#2852 = CARTESIAN_POINT ( 'NONE',  ( 1.696778889988206140, 2.800000000000000266, -2.304129296645964331 ) ) ;
#2853 = ORIENTED_EDGE ( 'NONE', *, *, #799, .F. ) ;
#2854 = PLANE ( 'NONE',  #5415 ) ;
#2855 = PRESENTATION_STYLE_ASSIGNMENT (( #1507 ) ) ;
#2856 =( NAMED_UNIT ( * ) PLANE_ANGLE_UNIT ( ) SI_UNIT ( $, .RADIAN. ) );
#2857 = SURFACE_STYLE_FILL_AREA ( #1125 ) ;
#2858 = ORIENTED_EDGE ( 'NONE', *, *, #1727, .T. ) ;
#2859 = CARTESIAN_POINT ( 'NONE',  ( 1.000000000000000000, 0.2000000000000000111, -4.099999999999999645 ) ) ;
#2860 = LINE ( 'NONE', #704, #2733 ) ;
#2861 = PLANE ( 'NONE',  #3625 ) ;
#2862 =( NAMED_UNIT ( * ) PLANE_ANGLE_UNIT ( ) SI_UNIT ( $, .RADIAN. ) );
#2863 = SURFACE_SIDE_STYLE ('',( #1547 ) ) ;
#2864 = ADVANCED_FACE ( 'NONE', ( #4778 ), #4310, .T. ) ;
#2865 = PRESENTATION_LAYER_ASSIGNMENT (  '', '', ( #2779 ) ) ;
#2866 = VERTEX_POINT ( 'NONE', #3915 ) ;
#2867 = CARTESIAN_POINT ( 'NONE',  ( 0.6423879462906858517, 2.801000000000000156, -2.995884041325241220 ) ) ;
#2868 = FILL_AREA_STYLE ('',( #2985 ) ) ;
#2869 = LINE ( 'NONE', #1225, #4164 ) ;
#2870 = VECTOR ( 'NONE', #897, 1000.000000000000114 ) ;
#2871 = DIRECTION ( 'NONE',  ( -0.000000000000000000, -0.000000000000000000, 1.000000000000000000 ) ) ;
#2872 = CARTESIAN_POINT ( 'NONE',  ( 1.515527827243066783, 2.801000000000000156, -2.879068565134764945 ) ) ;
#2873 = VERTEX_POINT ( 'NONE', #1713 ) ;
#2874 = SURFACE_STYLE_USAGE ( .BOTH. , #3783 ) ;
#2875 = UNCERTAINTY_MEASURE_WITH_UNIT (LENGTH_MEASURE( 1.000000000000000082E-05 ), #2231, 'distance_accuracy_value', 'NONE');
#2876 = FILL_AREA_STYLE ('',( #1230 ) ) ;
#2877 = VERTEX_POINT ( 'NONE', #462 ) ;
#2878 = VERTEX_POINT ( 'NONE', #484 ) ;
#2879 = CARTESIAN_POINT ( 'NONE',  ( 0.000000000000000000, 2.799999999999999822, 0.000000000000000000 ) ) ;
#2880 = ADVANCED_FACE ( 'NONE', ( #2547 ), #3036, .T. ) ;
#2881 = EDGE_LOOP ( 'NONE', ( #3377, #2578, #4614, #134, #3817, #5406, #2463, #5132 ) ) ;
#2882 =( LENGTH_UNIT ( ) NAMED_UNIT ( * ) SI_UNIT ( .MILLI., .METRE. ) );
#2883 = CARTESIAN_POINT ( 'NONE',  ( 4.710096279624019999, 2.801000000000000156, -2.298711422277621708 ) ) ;
#2884 = UNCERTAINTY_MEASURE_WITH_UNIT (LENGTH_MEASURE( 1.000000000000000082E-05 ), #5083, 'distance_accuracy_value', 'NONE');
#2885 = CARTESIAN_POINT ( 'NONE',  ( 1.549009970100209577, 2.801000000000000156, -4.238443565134764945 ) ) ;
#2886 = EDGE_LOOP ( 'NONE', ( #2456, #1474, #5020, #5084 ) ) ;
#2887 = DIRECTION ( 'NONE',  ( 1.000000000000000000, 0.000000000000000000, 0.000000000000000000 ) ) ;
#2888 = EDGE_LOOP ( 'NONE', ( #3110, #1174, #63 ) ) ;
#2889 =( LENGTH_UNIT ( ) NAMED_UNIT ( * ) SI_UNIT ( .MILLI., .METRE. ) );
#2890 = DIRECTION ( 'NONE',  ( -2.409338161078898687E-16, 0.000000000000000000, -1.000000000000000000 ) ) ;
#2891 = EDGE_CURVE ( 'NONE', #4165, #3038, #456, .T. ) ;
#2892 = CARTESIAN_POINT ( 'NONE',  ( 1.691977144327057703, 2.801000000000000156, -4.218045604489658373 ) ) ;
#2893 = LINE ( 'NONE', #359, #5064 ) ;
#2894 = CARTESIAN_POINT ( 'NONE',  ( 3.967908779624019111, 2.801000000000000156, -2.338145946087145877 ) ) ;
#2895 =( NAMED_UNIT ( * ) PLANE_ANGLE_UNIT ( ) SI_UNIT ( $, .RADIAN. ) );
#2896 = DIRECTION ( 'NONE',  ( -1.000000000000000000, 0.000000000000000000, 0.000000000000000000 ) ) ;
#2897 = PRESENTATION_LAYER_ASSIGNMENT (  '', '', ( #1804 ) ) ;
#2898 = ORIENTED_EDGE ( 'NONE', *, *, #1973, .F. ) ;
#2899 = B_SPLINE_CURVE_WITH_KNOTS ( 'NONE', 3,
 ( #3576, #1419, #4849, #1003, #2736, #4441, #582 ),
 .UNSPECIFIED., .F., .F.,
 ( 4, 1, 1, 1, 4 ),
 ( 0.000000000000000000, 0.2905126225486743263, 0.5458839394679423362, 0.7770088105218684316, 1.000000000000000000 ),
 .UNSPECIFIED. ) ;
#2900 = LINE ( 'NONE', #363, #2012 ) ;
#2901 = CARTESIAN_POINT ( 'NONE',  ( 6.599999999999999645, 0.2000000000000000111, -4.200000000000000178 ) ) ;
#2902 = ORIENTED_EDGE ( 'NONE', *, *, #5013, .T. ) ;
#2903 = SURFACE_STYLE_USAGE ( .BOTH. , #1619 ) ;
#2904 = CARTESIAN_POINT ( 'NONE',  ( 2.031524851052590730, 2.801000000000000156, -2.879068565134764945 ) ) ;
#2905 = PRESENTATION_LAYER_ASSIGNMENT (  '', '', ( #3000 ) ) ;
#2906 = PRESENTATION_LAYER_ASSIGNMENT (  '', '', ( #1185 ) ) ;
#2907 = ORIENTED_EDGE ( 'NONE', *, *, #4746, .T. ) ;
#2908 = B_SPLINE_SURFACE_WITH_KNOTS ( 'NONE', 3, 1, ( 
 ( #168, #249 ),
 ( #221, #1382 ),
 ( #4814, #562 ),
 ( #3171, #2303 ),
 ( #4861, #4010 ),
 ( #1861, #321 ),
 ( #349, #1180 ) ),
 .UNSPECIFIED., .F., .F., .F.,
 ( 4, 1, 1, 1, 4 ),
 ( 2, 2 ),
 ( 0.000000000000000000, 0.2214517596424097623, 0.4501131256866103825, 0.7091781800638705668, 1.000000000000000000 ),
 ( 0.000000000000000000, 1.000000000000000000 ),
 .UNSPECIFIED. ) ;
#2909 = ORIENTED_EDGE ( 'NONE', *, *, #1668, .F. ) ;
#2910 =( GEOMETRIC_REPRESENTATION_CONTEXT ( 3 ) GLOBAL_UNCERTAINTY_ASSIGNED_CONTEXT ( ( #785 ) ) GLOBAL_UNIT_ASSIGNED_CONTEXT ( ( #2186, #4378, #5236 ) ) REPRESENTATION_CONTEXT ( 'NONE', 'WORKASPACE' ) );
#2911 = CARTESIAN_POINT ( 'NONE',  ( 2.577655803433543280, 2.799999999999999822, -2.270437612753812839 ) ) ;
#2912 = EDGE_CURVE ( 'NONE', #1265, #2126, #3969, .T. ) ;
#2913 = CARTESIAN_POINT ( 'NONE',  ( 0.7011677081954477142, 2.799999999999999822, -2.879068565134764945 ) ) ;
#2914 =( GEOMETRIC_REPRESENTATION_CONTEXT ( 3 ) GLOBAL_UNCERTAINTY_ASSIGNED_CONTEXT ( ( #4557 ) ) GLOBAL_UNIT_ASSIGNED_CONTEXT ( ( #1837, #2274, #1428 ) ) REPRESENTATION_CONTEXT ( 'NONE', 'WORKASPACE' ) );
#2915 = MECHANICAL_DESIGN_GEOMETRIC_PRESENTATION_REPRESENTATION (  '', ( #225 ), #649 ) ;
#2916 = VECTOR ( 'NONE', #2648, 1000.000000000000000 ) ;
#2917 = CARTESIAN_POINT ( 'NONE',  ( 5.400000000000000355, 0.2000000000000000111, -2.399999999999999911 ) ) ;
#2918 = ORIENTED_EDGE ( 'NONE', *, *, #2697, .F. ) ;
#2919 = DIRECTION ( 'NONE',  ( 0.9484456225331719947, 0.000000000000000000, 0.3169399013971949119 ) ) ;
#2920 = AXIS2_PLACEMENT_3D ( 'NONE', #2665, #2242, #2265 ) ;
#2921 = LINE ( 'NONE', #443, #3978 ) ;
#2922 = EDGE_CURVE ( 'NONE', #3320, #639, #3236, .T. ) ;
#2923 = MECHANICAL_DESIGN_GEOMETRIC_PRESENTATION_REPRESENTATION (  '', ( #142 ), #2102 ) ;
#2924 = DIRECTION ( 'NONE',  ( 1.000000000000000000, 0.000000000000000000, 0.000000000000000000 ) ) ;
#2925 = B_SPLINE_CURVE_WITH_KNOTS ( 'NONE', 3,
 ( #3738, #4806, #1793, #532, #3491 ),
 .UNSPECIFIED., .F., .F.,
 ( 4, 1, 4 ),
 ( 0.000000000000000000, 0.6617062150086834293, 1.000000000000000000 ),
 .UNSPECIFIED. ) ;
#2926 = CYLINDRICAL_SURFACE ( 'NONE', #855, 0.2000000000000000111 ) ;
#2927 = PLANE ( 'NONE',  #4159 ) ;
#2928 = STYLED_ITEM ( 'NONE', ( #3862 ), #2352 ) ;
#2929 = COLOUR_RGB ( '',0.5019607843137254832, 0.5019607843137254832, 0.5019607843137254832 ) ;
#2930 = DIRECTION ( 'NONE',  ( 0.000000000000000000, -0.000000000000000000, 1.000000000000000000 ) ) ;
#2931 = PRESENTATION_STYLE_ASSIGNMENT (( #4126 ) ) ;
#2932 = CARTESIAN_POINT ( 'NONE',  ( 3.866346279624019555, 2.799999999999999822, -4.042014993706193771 ) ) ;
#2933 = AXIS2_PLACEMENT_3D ( 'NONE', #546, #2283, #4943 ) ;
#2934 = SURFACE_STYLE_FILL_AREA ( #5442 ) ;
#2935 =( NAMED_UNIT ( * ) PLANE_ANGLE_UNIT ( ) SI_UNIT ( $, .RADIAN. ) );
#2936 = DIRECTION ( 'NONE',  ( 0.000000000000000000, -1.000000000000000000, 0.000000000000000000 ) ) ;
#2937 = CARTESIAN_POINT ( 'NONE',  ( 2.570027104826073217, 2.799999999999999822, -4.247377856847483812 ) ) ;
#2938 = CARTESIAN_POINT ( 'NONE',  ( 3.867478852849364657, 2.801000000000000600, -2.260166415708768195 ) ) ;
#2939 = ORIENTED_EDGE ( 'NONE', *, *, #928, .F. ) ;
#2940 = EDGE_CURVE ( 'NONE', #2613, #4658, #1194, .T. ) ;
#2941 = ORIENTED_EDGE ( 'NONE', *, *, #2552, .T. ) ;
#2942 = ADVANCED_FACE ( 'NONE', ( #1556 ), #957, .T. ) ;
#2943 = SURFACE_STYLE_USAGE ( .BOTH. , #5201 ) ;
#2944 = CARTESIAN_POINT ( 'NONE',  ( 2.548343661498726931, 2.799999999999999822, -2.299115127249770296 ) ) ;
#2945 = UNCERTAINTY_MEASURE_WITH_UNIT (LENGTH_MEASURE( 1.000000000000000082E-05 ), #4498, 'distance_accuracy_value', 'NONE');
#2946 = PRESENTATION_LAYER_ASSIGNMENT (  '', '', ( #1035 ) ) ;
#2947 = CARTESIAN_POINT ( 'NONE',  ( 4.390398464091894049, 2.799999999999999822, -4.249689746275731927 ) ) ;
#2948 = CARTESIAN_POINT ( 'NONE',  ( 3.204143898671638624, 2.799999999999999822, -3.212401898468098427 ) ) ;
#2949 = EDGE_LOOP ( 'NONE', ( #4288, #2399, #3522, #5337 ) ) ;
#2950 = SURFACE_SIDE_STYLE ('',( #787 ) ) ;
#2951 = EDGE_LOOP ( 'NONE', ( #3793, #1680, #1533, #1834 ) ) ;
#2952 = CARTESIAN_POINT ( 'NONE',  ( 1.706004017719257471, 2.801000000000000156, -3.045735231801431908 ) ) ;
#2953 =( GEOMETRIC_REPRESENTATION_CONTEXT ( 3 ) GLOBAL_UNCERTAINTY_ASSIGNED_CONTEXT ( ( #3317 ) ) GLOBAL_UNIT_ASSIGNED_CONTEXT ( ( #3142, #3559, #2219 ) ) REPRESENTATION_CONTEXT ( 'NONE', 'WORKASPACE' ) );
#2954 = ORIENTED_EDGE ( 'NONE', *, *, #4144, .T. ) ;
#2955 = SURFACE_STYLE_USAGE ( .BOTH. , #3858 ) ;
#2956 = SURFACE_STYLE_FILL_AREA ( #4619 ) ;
#2957 = CARTESIAN_POINT ( 'NONE',  ( 2.726924089993672862, 2.799999999999999822, -2.312172092813415958 ) ) ;
#2958 = DIRECTION ( 'NONE',  ( -0.000000000000000000, -1.000000000000000000, -0.000000000000000000 ) ) ;
#2959 = DIRECTION ( 'NONE',  ( -0.4490837993463736577, 0.000000000000000000, -0.8934896424495506473 ) ) ;
#2960 = CARTESIAN_POINT ( 'NONE',  ( 4.348861160576400486, 2.801000000000000156, -4.167014993706193771 ) ) ;
#2961 = CARTESIAN_POINT ( 'NONE',  ( 6.599999999999999645, 0.000000000000000000, -4.200000000000000178 ) ) ;
#2962 = EDGE_LOOP ( 'NONE', ( #1292, #2237, #259, #2061 ) ) ;
#2963 = CARTESIAN_POINT ( 'NONE',  ( 3.962062705107192606, 2.799999999999998934, -2.303842519916061260 ) ) ;
#2964 = DIRECTION ( 'NONE',  ( 0.5894221488658041297, 0.000000000000000000, -0.8078251855608475918 ) ) ;
#2965 = CARTESIAN_POINT ( 'NONE',  ( 2.539337351052590730, 2.801000000000000156, -4.197892969896670046 ) ) ;
#2966 = CARTESIAN_POINT ( 'NONE',  ( 4.708639513667952414, 2.801000000000000600, -2.367412547260694833 ) ) ;
#2967 = VECTOR ( 'NONE', #2001, 1000.000000000000000 ) ;
#2968 = ADVANCED_FACE ( 'NONE', ( #4371 ), #780, .T. ) ;
#2969 = ORIENTED_EDGE ( 'NONE', *, *, #2522, .F. ) ;
#2970 = PRESENTATION_STYLE_ASSIGNMENT (( #4660 ) ) ;
#2971 = CARTESIAN_POINT ( 'NONE',  ( 2.585096279624019111, 2.801000000000000156, -4.253324517515717496 ) ) ;
#2972 = CARTESIAN_POINT ( 'NONE',  ( 3.967908779624019111, 2.799999999999999822, -2.338145946087145877 ) ) ;
#2973 = FILL_AREA_STYLE ('',( #3302 ) ) ;
#2974 = ORIENTED_EDGE ( 'NONE', *, *, #1484, .F. ) ;
#2975 =( NAMED_UNIT ( * ) PLANE_ANGLE_UNIT ( ) SI_UNIT ( $, .RADIAN. ) );
#2976 = B_SPLINE_CURVE_WITH_KNOTS ( 'NONE', 3,
 ( #3136, #1791, #867, #2172, #3875, #3112, #977 ),
 .UNSPECIFIED., .F., .F.,
 ( 4, 1, 1, 1, 4 ),
 ( 0.000000000000000000, 0.2756850104068567786, 0.5194791217135447114, 0.7580884968773092814, 1.000000000000000000 ),
 .UNSPECIFIED. ) ;
#2977 = SURFACE_STYLE_USAGE ( .BOTH. , #2467 ) ;
#2978 = VERTEX_POINT ( 'NONE', #5017 ) ;
#2979 = FILL_AREA_STYLE_COLOUR ( '', #4086 ) ;
#2980 = CARTESIAN_POINT ( 'NONE',  ( 1.706004017719257471, 2.799999999999999822, -2.325125112753812839 ) ) ;
#2981 = DIRECTION ( 'NONE',  ( -1.000000000000000000, -0.000000000000000000, -0.000000000000000000 ) ) ;
#2982 = B_SPLINE_CURVE_WITH_KNOTS ( 'NONE', 3,
 ( #1508, #2825, #1454, #3608, #4085, #4115, #596 ),
 .UNSPECIFIED., .F., .F.,
 ( 4, 1, 1, 1, 4 ),
 ( 0.000000000000000000, 0.2051538336259863815, 0.4365702208716481514, 0.7013577902569462230, 1.000000000000000000 ),
 .UNSPECIFIED. ) ;
#2983 = EDGE_CURVE ( 'NONE', #4845, #536, #1673, .T. ) ;
#2984 = CARTESIAN_POINT ( 'NONE',  ( 4.359862670921538452, 2.800000000000000266, -4.220403295735041027 ) ) ;
#2985 = FILL_AREA_STYLE_COLOUR ( '', #2111 ) ;
#2986 = EDGE_LOOP ( 'NONE', ( #3185, #2015, #2372, #1295 ) ) ;
#2987 = CARTESIAN_POINT ( 'NONE',  ( 3.940719600290354396, 2.800999999999999268, -2.278943158040126260 ) ) ;
#2988 = CARTESIAN_POINT ( 'NONE',  ( 1.706004017719257471, 2.801000000000000156, -2.325125112753812839 ) ) ;
#2989 = CARTESIAN_POINT ( 'NONE',  ( 1.542313541528781196, 2.801000000000000600, -2.280110231801431908 ) ) ;
#2990 =( NAMED_UNIT ( * ) PLANE_ANGLE_UNIT ( ) SI_UNIT ( $, .RADIAN. ) );
#2991 = STYLED_ITEM ( 'NONE', ( #5521 ), #1383 ) ;
#2992 =( GEOMETRIC_REPRESENTATION_CONTEXT ( 3 ) GLOBAL_UNCERTAINTY_ASSIGNED_CONTEXT ( ( #5389 ) ) GLOBAL_UNIT_ASSIGNED_CONTEXT ( ( #2836, #2862, #736 ) ) REPRESENTATION_CONTEXT ( 'NONE', 'WORKASPACE' ) );
#2993 = CARTESIAN_POINT ( 'NONE',  ( 1.199999999999999512, 0.2000000000000000111, -4.200000000000000178 ) ) ;
#2994 = CARTESIAN_POINT ( 'NONE',  ( 3.967514773490332658, 2.801000000000000156, -2.332042258819744251 ) ) ;
#2995 = ORIENTED_EDGE ( 'NONE', *, *, #2059, .T. ) ;
#2996 = CARTESIAN_POINT ( 'NONE',  ( 1.572966157112099639, 2.801000000000000156, -4.255494614415725074 ) ) ;
#2997 =( NAMED_UNIT ( * ) SI_UNIT ( $, .STERADIAN. ) SOLID_ANGLE_UNIT ( ) );
#2998 =( LENGTH_UNIT ( ) NAMED_UNIT ( * ) SI_UNIT ( .MILLI., .METRE. ) );
#2999 = UNCERTAINTY_MEASURE_WITH_UNIT (LENGTH_MEASURE( 1.000000000000000082E-05 ), #3942, 'distance_accuracy_value', 'NONE');
#3000 = STYLED_ITEM ( 'NONE', ( #4850 ), #172 ) ;
#3001 =( GEOMETRIC_REPRESENTATION_CONTEXT ( 3 ) GLOBAL_UNCERTAINTY_ASSIGNED_CONTEXT ( ( #4609 ) ) GLOBAL_UNIT_ASSIGNED_CONTEXT ( ( #5447, #4655, #804 ) ) REPRESENTATION_CONTEXT ( 'NONE', 'WORKASPACE' ) );
#3002 = EDGE_CURVE ( 'NONE', #104, #2518, #5071, .T. ) ;
#3003 = CARTESIAN_POINT ( 'NONE',  ( 1.000000000000000000, 0.2000000000000000111, -2.499999999999999556 ) ) ;
#3004 = SURFACE_STYLE_FILL_AREA ( #3824 ) ;
#3005 = EDGE_LOOP ( 'NONE', ( #4026, #2528, #2546, #233 ) ) ;
#3006 = CARTESIAN_POINT ( 'NONE',  ( 4.707381832405038047, 2.801000000000000600, -2.302683157345468690 ) ) ;
#3007 = STYLED_ITEM ( 'NONE', ( #2502 ), #457 ) ;
#3008 =( LENGTH_UNIT ( ) NAMED_UNIT ( * ) SI_UNIT ( .MILLI., .METRE. ) );
#3009 = ORIENTED_EDGE ( 'NONE', *, *, #1280, .F. ) ;
#3010 =( NAMED_UNIT ( * ) PLANE_ANGLE_UNIT ( ) SI_UNIT ( $, .RADIAN. ) );
#3011 = CARTESIAN_POINT ( 'NONE',  ( 3.411361160576400042, 2.801000000000000156, -4.093354279420479358 ) ) ;
#3012 = LINE ( 'NONE', #519, #3355 ) ;
#3013 = B_SPLINE_CURVE_WITH_KNOTS ( 'NONE', 3,
 ( #1065, #2342, #4048, #3261, #584, #4965, #212 ),
 .UNSPECIFIED., .F., .F.,
 ( 4, 1, 1, 1, 4 ),
 ( 0.000000000000000000, 0.2443690132959770722, 0.4827626475364041325, 0.7322427434268926616, 1.000000000000000000 ),
 .UNSPECIFIED. ) ;
#3014 = CARTESIAN_POINT ( 'NONE',  ( 2.137233611856485638, 2.800999999999998824, -2.943771247676421066 ) ) ;
#3015 = SURFACE_SIDE_STYLE ('',( #1697 ) ) ;
#3016 = EDGE_CURVE ( 'NONE', #2178, #4242, #2869, .T. ) ;
#3017 = LINE ( 'NONE', #5093, #3084 ) ;
#3018 = ORIENTED_EDGE ( 'NONE', *, *, #5399, .F. ) ;
#3019 = LINE ( 'NONE', #2678, #4390 ) ;
#3020 = FILL_AREA_STYLE_COLOUR ( '', #1763 ) ;
#3021 = DIRECTION ( 'NONE',  ( 0.6943691738330934893, 0.000000000000000000, 0.7196189619724783215 ) ) ;
#3022 =( NAMED_UNIT ( * ) PLANE_ANGLE_UNIT ( ) SI_UNIT ( $, .RADIAN. ) );
#3023 = MECHANICAL_DESIGN_GEOMETRIC_PRESENTATION_REPRESENTATION (  '', ( #2301 ), #3717 ) ;
#3024 = CARTESIAN_POINT ( 'NONE',  ( 3.706004017719256804, 2.799999999999999822, -3.947520946087145433 ) ) ;
#3025 = VECTOR ( 'NONE', #3771, 1000.000000000000227 ) ;
#3026 = ORIENTED_EDGE ( 'NONE', *, *, #553, .F. ) ;
#3028 = AXIS2_PLACEMENT_3D ( 'NONE', #3949, #2670, #3471 ) ;
#3027 =( GEOMETRIC_REPRESENTATION_CONTEXT ( 3 ) GLOBAL_UNCERTAINTY_ASSIGNED_CONTEXT ( ( #5448 ) ) GLOBAL_UNIT_ASSIGNED_CONTEXT ( ( #1816, #2990, #5128 ) ) REPRESENTATION_CONTEXT ( 'NONE', 'WORKASPACE' ) );
#3029 = EDGE_CURVE ( 'NONE', #956, #800, #5526, .T. ) ;
#3030 = FILL_AREA_STYLE ('',( #1709 ) ) ;
#3031 = SURFACE_STYLE_USAGE ( .BOTH. , #1369 ) ;
#3032 = CARTESIAN_POINT ( 'NONE',  ( 3.963956672391431013, 2.799999999999999822, -2.351383553749171629 ) ) ;
#3033 =( NAMED_UNIT ( * ) SI_UNIT ( $, .STERADIAN. ) SOLID_ANGLE_UNIT ( ) );
#3034 = VECTOR ( 'NONE', #2796, 1000.000000000000000 ) ;
#3035 = ORIENTED_EDGE ( 'NONE', *, *, #4967, .T. ) ;
#3036 = PLANE ( 'NONE',  #2920 ) ;
#3037 = CARTESIAN_POINT ( 'NONE',  ( 6.599999999999999645, -0.1000000000000000056, -4.099999999999999645 ) ) ;
#3038 = VERTEX_POINT ( 'NONE', #389 ) ;
#3039 = CARTESIAN_POINT ( 'NONE',  ( 5.777432589147828423, 2.799999999999999822, -4.167759041325241220 ) ) ;
#3040 = ORIENTED_EDGE ( 'NONE', *, *, #1898, .T. ) ;
#3041 = PRESENTATION_STYLE_ASSIGNMENT (( #3919 ) ) ;
#3042 = SURFACE_STYLE_FILL_AREA ( #3448 ) ;
#3043 = PRESENTATION_LAYER_ASSIGNMENT (  '', '', ( #510 ) ) ;
#3044 =( LENGTH_UNIT ( ) NAMED_UNIT ( * ) SI_UNIT ( .MILLI., .METRE. ) );
#3045 = CARTESIAN_POINT ( 'NONE',  ( 4.710096279624019999, 2.799999999999999822, -2.298711422277621708 ) ) ;
#3046 = PRESENTATION_LAYER_ASSIGNMENT (  '', '', ( #2320 ) ) ;
#3047 = CARTESIAN_POINT ( 'NONE',  ( 6.599999999999999645, -0.1000000000000000056, -2.499999999999999556 ) ) ;
#3048 = ORIENTED_EDGE ( 'NONE', *, *, #3391, .T. ) ;
#3049 = CARTESIAN_POINT ( 'NONE',  ( 6.099999999999999645, 2.799999999999999822, -0.5000000000000000000 ) ) ;
#3050 = EDGE_CURVE ( 'NONE', #43, #1527, #200, .T. ) ;
#3051 = DIRECTION ( 'NONE',  ( -0.000000000000000000, -1.000000000000000000, -0.000000000000000000 ) ) ;
#3052 = CARTESIAN_POINT ( 'NONE',  ( 0.5000000000000000000, 0.000000000000000000, -6.599999999999999645 ) ) ;
#3053 = DIRECTION ( 'NONE',  ( -0.000000000000000000, -1.000000000000000000, -0.000000000000000000 ) ) ;
#3054 = CARTESIAN_POINT ( 'NONE',  ( 1.515527827243066783, 2.801000000000000156, -3.045735231801431908 ) ) ;
#3055 = B_SPLINE_SURFACE_WITH_KNOTS ( 'NONE', 3, 1, ( 
 ( #3912, #4392 ),
 ( #3877, #2661 ),
 ( #868, #2710 ),
 ( #17, #124 ),
 ( #5202, #99 ),
 ( #1710, #3082 ),
 ( #551, #4773 ) ),
 .UNSPECIFIED., .F., .F., .F.,
 ( 4, 1, 1, 1, 4 ),
 ( 2, 2 ),
 ( 0.000000000000000000, 0.2181083517586241416, 0.4454745764988385370, 0.6995429372307081506, 1.000000000000000000 ),
 ( 0.000000000000000000, 1.000000000000000000 ),
 .UNSPECIFIED. ) ;
#3056 = CARTESIAN_POINT ( 'NONE',  ( 4.712873085298820541, 2.801000000000000156, -2.293608184447571308 ) ) ;
#3057 = CARTESIAN_POINT ( 'NONE',  ( 3.749530803433542836, 2.799999999999999822, -4.155482255610955633 ) ) ;
#3058 = CARTESIAN_POINT ( 'NONE',  ( 4.711956398671637736, 2.799999999999999822, -2.374232255610955633 ) ) ;
#3059 = UNCERTAINTY_MEASURE_WITH_UNIT (LENGTH_MEASURE( 1.000000000000000082E-05 ), #4307, 'distance_accuracy_value', 'NONE');
#3060 = FACE_OUTER_BOUND ( 'NONE', #3321, .T. ) ;
#3061 = CARTESIAN_POINT ( 'NONE',  ( 6.599999999999999645, 0.000000000000000000, -0.5000000000000000000 ) ) ;
#3062 = ORIENTED_EDGE ( 'NONE', *, *, #797, .F. ) ;
#3063 = SURFACE_STYLE_FILL_AREA ( #2579 ) ;
#3064 = COLOUR_RGB ( '',0.5019607843137254832, 0.5019607843137254832, 0.5019607843137254832 ) ;
#3065 = ORIENTED_EDGE ( 'NONE', *, *, #580, .F. ) ;
#3066 = CARTESIAN_POINT ( 'NONE',  ( 5.599999999999999645, -0.1000000000000000056, -2.499999999999999556 ) ) ;
#3067 = ORIENTED_EDGE ( 'NONE', *, *, #2645, .F. ) ;
#3068 = FILL_AREA_STYLE_COLOUR ( '', #3884 ) ;
#3069 =( NAMED_UNIT ( * ) SI_UNIT ( $, .STERADIAN. ) SOLID_ANGLE_UNIT ( ) );
#3070 = DIRECTION ( 'NONE',  ( -0.000000000000000000, -1.000000000000000000, -0.000000000000000000 ) ) ;
#3071 = DIRECTION ( 'NONE',  ( 0.000000000000000000, -0.000000000000000000, -1.000000000000000000 ) ) ;
#3072 = LINE ( 'NONE', #4352, #1915 ) ;
#3073 = ADVANCED_FACE ( 'NONE', ( #4152 ), #5472, .T. ) ;
#3074 =( LENGTH_UNIT ( ) NAMED_UNIT ( * ) SI_UNIT ( .MILLI., .METRE. ) );
#3075 = FILL_AREA_STYLE_COLOUR ( '', #775 ) ;
#3076 = CARTESIAN_POINT ( 'NONE',  ( 3.863742112957352592, 2.801000000000000156, -3.428547731801431464 ) ) ;
#3077 = CARTESIAN_POINT ( 'NONE',  ( 1.638132667970813694, 2.801000000000000600, -4.253195911743896218 ) ) ;
#3078 = EDGE_LOOP ( 'NONE', ( #1118, #1389, #440, #819, #1857, #1560, #81, #5416, #3218, #1797, #4252, #4215, #763, #1601, #273, #4577, #2021, #80, #3705, #4713 ) ) ;
#3079 = VECTOR ( 'NONE', #742, 1000.000000000000000 ) ;
#3080 = CARTESIAN_POINT ( 'NONE',  ( 1.552758844162163587, 2.800999999999999712, -4.241661572115978274 ) ) ;
#3081 = LINE ( 'NONE', #4772, #2647 ) ;
#3082 = CARTESIAN_POINT ( 'NONE',  ( 2.660917066550931853, 2.799999999999999378, -2.262819676841926420 ) ) ;
#3083 = SURFACE_STYLE_USAGE ( .BOTH. , #2609 ) ;
#3084 = VECTOR ( 'NONE', #1304, 1000.000000000000000 ) ;
#3085 = VERTEX_POINT ( 'NONE', #1647 ) ;
#3086 = STYLED_ITEM ( 'NONE', ( #2672 ), #2570 ) ;
#3087 = DIRECTION ( 'NONE',  ( 0.5671818520460240043, 0.000000000000000000, -0.8235925853901563398 ) ) ;
#3088 = ORIENTED_EDGE ( 'NONE', *, *, #2300, .T. ) ;
#3089 = DIRECTION ( 'NONE',  ( -1.000000000000000000, 0.000000000000000000, 0.000000000000000000 ) ) ;
#3090 = VERTEX_POINT ( 'NONE', #3371 ) ;
#3091 = MECHANICAL_DESIGN_GEOMETRIC_PRESENTATION_REPRESENTATION (  '', ( #384 ), #3526 ) ;
#3092 = DIRECTION ( 'NONE',  ( 0.000000000000000000, 0.000000000000000000, -1.000000000000000000 ) ) ;
#3093 = PRESENTATION_LAYER_ASSIGNMENT (  '', '', ( #4061 ) ) ;
#3094 = CARTESIAN_POINT ( 'NONE',  ( 3.452283779624019555, 2.799999999999999822, -4.254812612753813283 ) ) ;
#3095 = CARTESIAN_POINT ( 'NONE',  ( 5.741996857812476485, 2.799999999999999822, -4.236069886122718842 ) ) ;
#3096 = EDGE_CURVE ( 'NONE', #2054, #5503, #3019, .T. ) ;
#3097 =( GEOMETRIC_REPRESENTATION_CONTEXT ( 3 ) GLOBAL_UNCERTAINTY_ASSIGNED_CONTEXT ( ( #459 ) ) GLOBAL_UNIT_ASSIGNED_CONTEXT ( ( #4586, #1607, #5464 ) ) REPRESENTATION_CONTEXT ( 'NONE', 'WORKASPACE' ) );
#3098 = CARTESIAN_POINT ( 'NONE',  ( 0.6345754462906857407, 2.799999999999999822, -2.955705469896669602 ) ) ;
#3099 = CARTESIAN_POINT ( 'NONE',  ( 0.6453641367668764284, 2.801000000000000600, -2.919619160372860289 ) ) ;
#3100 = VECTOR ( 'NONE', #79, 1000.000000000000000 ) ;
#3101 = PRESENTATION_STYLE_ASSIGNMENT (( #4432 ) ) ;
#3102 = STYLED_ITEM ( 'NONE', ( #1101 ), #1778 ) ;
#3103 = COLOUR_RGB ( '',0.5019607843137254832, 0.5019607843137254832, 0.5019607843137254832 ) ;
#3104 = CARTESIAN_POINT ( 'NONE',  ( 3.389039732004971661, 2.801000000000000156, -3.212401898468098427 ) ) ;
#3105 = CARTESIAN_POINT ( 'NONE',  ( 4.700423660576400486, 2.801000000000000156, -2.331449517515717051 ) ) ;
#3106 =( LENGTH_UNIT ( ) NAMED_UNIT ( * ) SI_UNIT ( .MILLI., .METRE. ) );
#3107 = COLOUR_RGB ( '',0.5019607843137254832, 0.5019607843137254832, 0.5019607843137254832 ) ;
#3108 = ORIENTED_EDGE ( 'NONE', *, *, #5172, .T. ) ;
#3109 = MECHANICAL_DESIGN_GEOMETRIC_PRESENTATION_REPRESENTATION (  '', ( #3709 ), #5501 ) ;
#3110 = ORIENTED_EDGE ( 'NONE', *, *, #3787, .T. ) ;
#3111 = MECHANICAL_DESIGN_GEOMETRIC_PRESENTATION_REPRESENTATION (  '', ( #3806 ), #1021 ) ;
#3112 = CARTESIAN_POINT ( 'NONE',  ( 0.6480368297269276656, 2.799999999999999822, -2.914428277406455159 ) ) ;
#3113 = COLOUR_RGB ( '',0.5019607843137254832, 0.5019607843137254832, 0.5019607843137254832 ) ;
#3114 = FILL_AREA_STYLE ('',( #3436 ) ) ;
#3115 = UNCERTAINTY_MEASURE_WITH_UNIT (LENGTH_MEASURE( 1.000000000000000082E-05 ), #372, 'distance_accuracy_value', 'NONE');
#3116 = FILL_AREA_STYLE ('',( #1421 ) ) ;
#3117 = ORIENTED_EDGE ( 'NONE', *, *, #1999, .F. ) ;
#3118 =( GEOMETRIC_REPRESENTATION_CONTEXT ( 3 ) GLOBAL_UNCERTAINTY_ASSIGNED_CONTEXT ( ( #4444 ) ) GLOBAL_UNIT_ASSIGNED_CONTEXT ( ( #4654, #2110, #4547 ) ) REPRESENTATION_CONTEXT ( 'NONE', 'WORKASPACE' ) );
#3119 = FILL_AREA_STYLE_COLOUR ( '', #3064 ) ;
#3120 = ORIENTED_EDGE ( 'NONE', *, *, #294, .T. ) ;
#3121 = CARTESIAN_POINT ( 'NONE',  ( 2.571784224167658284, 2.801000000000000156, -2.274468294048555883 ) ) ;
#3122 = EDGE_CURVE ( 'NONE', #311, #4343, #5243, .T. ) ;
#3123 = VERTEX_POINT ( 'NONE', #89 ) ;
#3124 = CARTESIAN_POINT ( 'NONE',  ( 0.000000000000000000, 2.799999999999999822, 0.000000000000000000 ) ) ;
#3125 = CARTESIAN_POINT ( 'NONE',  ( 2.606673660576400486, 2.801000000000000156, -4.260020946087146321 ) ) ;
#3126 =( NAMED_UNIT ( * ) SI_UNIT ( $, .STERADIAN. ) SOLID_ANGLE_UNIT ( ) );
#3127 = ADVANCED_FACE ( 'NONE', ( #2252 ), #4686, .T. ) ;
#3128 =( NAMED_UNIT ( * ) PLANE_ANGLE_UNIT ( ) SI_UNIT ( $, .RADIAN. ) );
#3129 = ADVANCED_FACE ( 'NONE', ( #2166 ), #1307, .T. ) ;
#3130 =( LENGTH_UNIT ( ) NAMED_UNIT ( * ) SI_UNIT ( .MILLI., .METRE. ) );
#3131 = CARTESIAN_POINT ( 'NONE',  ( 4.776316517719257249, 2.801000000000000156, -2.260020946087145877 ) ) ;
#3132 = VECTOR ( 'NONE', #2640, 1000.000000000000000 ) ;
#3133 = DIRECTION ( 'NONE',  ( -0.000000000000000000, 1.000000000000000000, -0.000000000000000000 ) ) ;
#3134 = EDGE_LOOP ( 'NONE', ( #1285, #514, #4856, #4127 ) ) ;
#3135 = SURFACE_STYLE_USAGE ( .BOTH. , #1936 ) ;
#3136 = CARTESIAN_POINT ( 'NONE',  ( 0.7011677081954477142, 2.799999999999999822, -2.879068565134764945 ) ) ;
#3137 = FILL_AREA_STYLE ('',( #2341 ) ) ;
#3138 = SURFACE_STYLE_USAGE ( .BOTH. , #1828 ) ;
#3139 = EDGE_CURVE ( 'NONE', #4241, #4421, #65, .T. ) ;
#3140 = CARTESIAN_POINT ( 'NONE',  ( 5.400000000000000355, 0.2000000000000000111, -4.200000000000000178 ) ) ;
#3141 = ORIENTED_EDGE ( 'NONE', *, *, #3196, .T. ) ;
#3142 =( LENGTH_UNIT ( ) NAMED_UNIT ( * ) SI_UNIT ( .MILLI., .METRE. ) );
#3143 = ORIENTED_EDGE ( 'NONE', *, *, #4093, .F. ) ;
#3144 = SURFACE_STYLE_FILL_AREA ( #107 ) ;
#3145 = CARTESIAN_POINT ( 'NONE',  ( 2.130811173945234671, 2.799999999999999378, -3.001418582306268679 ) ) ;
#3146 = VECTOR ( 'NONE', #4039, 1000.000000000000000 ) ;
#3147 = CARTESIAN_POINT ( 'NONE',  ( 3.389039732004971661, 2.799999999999999822, -3.212401898468098427 ) ) ;
#3148 = LINE ( 'NONE', #1892, #3357 ) ;
#3149 = CARTESIAN_POINT ( 'NONE',  ( 3.794545684385924211, 2.799999999999999822, -2.301687612753812839 ) ) ;
#3150 = CARTESIAN_POINT ( 'NONE',  ( 2.577655803433543280, 2.799999999999999822, -2.270437612753812839 ) ) ;
#3151 = EDGE_CURVE ( 'NONE', #5494, #4845, #1593, .T. ) ;
#3152 = SURFACE_STYLE_FILL_AREA ( #5325 ) ;
#3153 = EDGE_CURVE ( 'NONE', #1845, #2079, #1894, .T. ) ;
#3154 = CARTESIAN_POINT ( 'NONE',  ( 3.967908779624019111, 2.799999999999999822, -3.631672731801431908 ) ) ;
#3155 = CARTESIAN_POINT ( 'NONE',  ( 5.777432589147828423, 2.801000000000000156, -4.167759041325241220 ) ) ;
#3156 = SURFACE_STYLE_FILL_AREA ( #1082 ) ;
#3157 = VERTEX_POINT ( 'NONE', #2724 ) ;
#3158 = FILL_AREA_STYLE_COLOUR ( '', #1924 ) ;
#3159 = EDGE_CURVE ( 'NONE', #618, #1774, #656, .T. ) ;
#3160 = FACE_OUTER_BOUND ( 'NONE', #490, .T. ) ;
#3161 = UNCERTAINTY_MEASURE_WITH_UNIT (LENGTH_MEASURE( 1.000000000000000082E-05 ), #3781, 'distance_accuracy_value', 'NONE');
#3162 = SURFACE_STYLE_USAGE ( .BOTH. , #2663 ) ;
#3163 = ORIENTED_EDGE ( 'NONE', *, *, #2395, .F. ) ;
#3164 = ORIENTED_EDGE ( 'NONE', *, *, #4125, .T. ) ;
#3165 =( NAMED_UNIT ( * ) PLANE_ANGLE_UNIT ( ) SI_UNIT ( $, .RADIAN. ) );
#3166 = ORIENTED_EDGE ( 'NONE', *, *, #2847, .F. ) ;
#3167 = FACE_OUTER_BOUND ( 'NONE', #2220, .T. ) ;
#3168 = EDGE_CURVE ( 'NONE', #5515, #2520, #2759, .T. ) ;
#3169 = CARTESIAN_POINT ( 'NONE',  ( 2.539337351052590730, 2.801000000000000156, -4.197892969896670046 ) ) ;
#3170 = VECTOR ( 'NONE', #2706, 1000.000000000000114 ) ;
#3171 = CARTESIAN_POINT ( 'NONE',  ( 2.083727131607533423, 2.800999999999999712, -2.885946693388429019 ) ) ;
#3172 = FACE_OUTER_BOUND ( 'NONE', #5452, .T. ) ;
#3173 = B_SPLINE_CURVE_WITH_KNOTS ( 'NONE', 3,
 ( #100, #5027, #2000, #4556, #1570, #2461, #4170 ),
 .UNSPECIFIED., .F., .F.,
 ( 4, 1, 1, 1, 4 ),
 ( 0.000000000000000000, 0.3084865870549791111, 0.5644312014559702551, 0.7902694497233303528, 1.000000000000000000 ),
 .UNSPECIFIED. ) ;
#3174 = CARTESIAN_POINT ( 'NONE',  ( 6.599999999999999645, 0.000000000000000000, -6.099999999999999645 ) ) ;
#3175 = CARTESIAN_POINT ( 'NONE',  ( 2.031524851052590730, 2.799999999999999822, -2.879068565134764945 ) ) ;
#3176 = ADVANCED_FACE ( 'NONE', ( #3590 ), #3396, .T. ) ;
#3177 =( LENGTH_UNIT ( ) NAMED_UNIT ( * ) SI_UNIT ( .MILLI., .METRE. ) );
#3178 = DIRECTION ( 'NONE',  ( 0.9550641368112350316, 0.000000000000000000, -0.2963992148724595710 ) ) ;
#3179 = DIRECTION ( 'NONE',  ( -0.002106525569938934306, 0.000000000000000000, -0.9999977812725502346 ) ) ;
#3180 = VECTOR ( 'NONE', #3577, 1000.000000000000000 ) ;
#3181 = EDGE_CURVE ( 'NONE', #949, #5082, #1433, .T. ) ;
#3182 = CARTESIAN_POINT ( 'NONE',  ( 1.515908167376854410, 2.801000000000000600, -2.336503267312573406 ) ) ;
#3183 = DIRECTION ( 'NONE',  ( 0.000000000000000000, 0.000000000000000000, -1.000000000000000000 ) ) ;
#3184 =( GEOMETRIC_REPRESENTATION_CONTEXT ( 3 ) GLOBAL_UNCERTAINTY_ASSIGNED_CONTEXT ( ( #1122 ) ) GLOBAL_UNIT_ASSIGNED_CONTEXT ( ( #5546, #494, #3069 ) ) REPRESENTATION_CONTEXT ( 'NONE', 'WORKASPACE' ) );
#3185 = ORIENTED_EDGE ( 'NONE', *, *, #2601, .F. ) ;
#3186 = MECHANICAL_DESIGN_GEOMETRIC_PRESENTATION_REPRESENTATION (  '', ( #1276 ), #1010 ) ;
#3187 = VECTOR ( 'NONE', #2365, 1000.000000000000000 ) ;
#3188 =( NAMED_UNIT ( * ) SI_UNIT ( $, .STERADIAN. ) SOLID_ANGLE_UNIT ( ) );
#3189 = MECHANICAL_DESIGN_GEOMETRIC_PRESENTATION_REPRESENTATION (  '', ( #3450 ), #3988 ) ;
#3190 = FILL_AREA_STYLE_COLOUR ( '', #1269 ) ;
#3191 = COLOUR_RGB ( '',0.7529411764705882248, 0.7529411764705882248, 0.7529411764705882248 ) ;
#3192 = LINE ( 'NONE', #3240, #1195 ) ;
#3193 = B_SPLINE_CURVE_WITH_KNOTS ( 'NONE', 3,
 ( #1571, #2058, #5482, #1599, #1152 ),
 .UNSPECIFIED., .F., .F.,
 ( 4, 1, 4 ),
 ( 0.000000000000000000, 0.4901084961030835463, 1.000000000000000000 ),
 .UNSPECIFIED. ) ;
#3194 = ORIENTED_EDGE ( 'NONE', *, *, #1734, .T. ) ;
#3195 = FACE_OUTER_BOUND ( 'NONE', #2886, .T. ) ;
#3196 = EDGE_CURVE ( 'NONE', #637, #342, #5319, .T. ) ;
#3197 = ORIENTED_EDGE ( 'NONE', *, *, #4512, .T. ) ;
#3198 = CARTESIAN_POINT ( 'NONE',  ( -0.2000000000000000111, -0.1000000000000000056, -2.499999999999999556 ) ) ;
#3199 = EDGE_LOOP ( 'NONE', ( #1322, #320, #1108, #5123 ) ) ;
#3200 =( NAMED_UNIT ( * ) SI_UNIT ( $, .STERADIAN. ) SOLID_ANGLE_UNIT ( ) );
#3201 = SURFACE_SIDE_STYLE ('',( #2751 ) ) ;
#3202 = CARTESIAN_POINT ( 'NONE',  ( 2.577655803433543280, 2.799999999999999822, -2.270437612753812839 ) ) ;
#3203 =( NAMED_UNIT ( * ) SI_UNIT ( $, .STERADIAN. ) SOLID_ANGLE_UNIT ( ) );
#3204 = CARTESIAN_POINT ( 'NONE',  ( 2.585096279624019111, 2.801000000000000156, -4.253324517515717496 ) ) ;
#3205 = VECTOR ( 'NONE', #3656, 1000.000000000000000 ) ;
#3206 = DIRECTION ( 'NONE',  ( -0.5439759087383276848, 0.000000000000000000, -0.8391008346511821259 ) ) ;
#3207 = CARTESIAN_POINT ( 'NONE',  ( 1.521449393661624461, 2.800999999999999268, -2.306792017588400245 ) ) ;
#3208 = CARTESIAN_POINT ( 'NONE',  ( 2.139783779624019555, 2.800000000000000266, -2.979142969896670046 ) ) ;
#3209 = SURFACE_STYLE_USAGE ( .BOTH. , #1872 ) ;
#3210 = ORIENTED_EDGE ( 'NONE', *, *, #355, .T. ) ;
#3211 = CARTESIAN_POINT ( 'NONE',  ( 1.632164192889483889, 2.800000000000000266, -2.261660866179399321 ) ) ;
#3212 = COLOUR_RGB ( '',0.7529411764705882248, 0.7529411764705882248, 0.7529411764705882248 ) ;
#3213 = PLANE ( 'NONE',  #144 ) ;
#3214 = PRESENTATION_STYLE_ASSIGNMENT (( #4929 ) ) ;
#3215 = ORIENTED_EDGE ( 'NONE', *, *, #4928, .F. ) ;
#3216 = LINE ( 'NONE', #3239, #2722 ) ;
#3217 =( LENGTH_UNIT ( ) NAMED_UNIT ( * ) SI_UNIT ( .MILLI., .METRE. ) );
#3218 = ORIENTED_EDGE ( 'NONE', *, *, #2507, .T. ) ;
#3219 = SURFACE_SIDE_STYLE ('',( #617 ) ) ;
#3220 = ORIENTED_EDGE ( 'NONE', *, *, #4262, .F. ) ;
#3221 = SURFACE_STYLE_USAGE ( .BOTH. , #1914 ) ;
#3222 =( NAMED_UNIT ( * ) PLANE_ANGLE_UNIT ( ) SI_UNIT ( $, .RADIAN. ) );
#3223 = PLANE ( 'NONE',  #792 ) ;
#3224 =( NAMED_UNIT ( * ) PLANE_ANGLE_UNIT ( ) SI_UNIT ( $, .RADIAN. ) );
#3225 = CARTESIAN_POINT ( 'NONE',  ( 2.628587906548825792, 2.800000000000000266, -2.260484961068218279 ) ) ;
#3226 = FILL_AREA_STYLE ('',( #2755 ) ) ;
#3227 =( GEOMETRIC_REPRESENTATION_CONTEXT ( 3 ) GLOBAL_UNCERTAINTY_ASSIGNED_CONTEXT ( ( #2945 ) ) GLOBAL_UNIT_ASSIGNED_CONTEXT ( ( #4498, #2856, #5388 ) ) REPRESENTATION_CONTEXT ( 'NONE', 'WORKASPACE' ) );
#3228 = CARTESIAN_POINT ( 'NONE',  ( 6.599999999999999645, 1.399999999999999911, -2.499999999999999556 ) ) ;
#3229 = DIRECTION ( 'NONE',  ( -0.000000000000000000, -1.000000000000000000, -0.000000000000000000 ) ) ;
#3230 = CARTESIAN_POINT ( 'NONE',  ( 1.638132667970813694, 2.801000000000000600, -4.253195911743896218 ) ) ;
#3231 = CARTESIAN_POINT ( 'NONE',  ( 1.706004017719257471, 2.801000000000000156, -2.879068565134764945 ) ) ;
#3232 = EDGE_CURVE ( 'NONE', #2518, #5533, #1463, .T. ) ;
#3233 = DIRECTION ( 'NONE',  ( 1.000000000000000000, 0.000000000000000000, 0.000000000000000000 ) ) ;
#3234 = DIRECTION ( 'NONE',  ( -0.000000000000000000, -1.000000000000000000, -0.000000000000000000 ) ) ;
#3235 = VERTEX_POINT ( 'NONE', #4840 ) ;
#3236 = LINE ( 'NONE', #534, #3187 ) ;
#3237 = CARTESIAN_POINT ( 'NONE',  ( 0.000000000000000000, -0.1000000000000000056, -4.099999999999999645 ) ) ;
#3238 = VERTEX_POINT ( 'NONE', #1078 ) ;
#3239 = CARTESIAN_POINT ( 'NONE',  ( 3.452283779624019555, 2.799999999999999822, -4.254812612753813283 ) ) ;
#3240 = CARTESIAN_POINT ( 'NONE',  ( 3.706004017719257249, 2.799999999999999822, -3.947520946087145433 ) ) ;
#3241 = ADVANCED_FACE ( 'NONE', ( #2804 ), #993, .T. ) ;
#3242 = EDGE_LOOP ( 'NONE', ( #2909, #995, #3606, #4986 ) ) ;
#3243 = CARTESIAN_POINT ( 'NONE',  ( 5.547893898671638624, 2.801000000000000156, -4.098190588944288670 ) ) ;
#3244 = FACE_OUTER_BOUND ( 'NONE', #3005, .T. ) ;
#3245 = ORIENTED_EDGE ( 'NONE', *, *, #4342, .F. ) ;
#3246 = LINE ( 'NONE', #5056, #1099 ) ;
#3247 = PRESENTATION_STYLE_ASSIGNMENT (( #5392 ) ) ;
#3248 = LINE ( 'NONE', #3131, #5331 ) ;
#3249 = AXIS2_PLACEMENT_3D ( 'NONE', #4181, #5439, #3750 ) ;
#3250 = CARTESIAN_POINT ( 'NONE',  ( 3.967908779624019111, 2.801000000000000156, -3.835541779420479358 ) ) ;
#3251 = CARTESIAN_POINT ( 'NONE',  ( 4.866480787899728710, 2.800000000000000266, -2.292806550480329442 ) ) ;
#3252 =( NAMED_UNIT ( * ) SI_UNIT ( $, .STERADIAN. ) SOLID_ANGLE_UNIT ( ) );
#3253 = EDGE_CURVE ( 'NONE', #3680, #4678, #737, .T. ) ;
#3254 = DIRECTION ( 'NONE',  ( 0.000000000000000000, 0.000000000000000000, 1.000000000000000000 ) ) ;
#3255 = FILL_AREA_STYLE ('',( #3672 ) ) ;
#3256 = VERTEX_POINT ( 'NONE', #1132 ) ;
#3257 = DIRECTION ( 'NONE',  ( -0.8078251855608475918, 0.000000000000000000, -0.5894221488658042407 ) ) ;
#3258 = AXIS2_PLACEMENT_3D ( 'NONE', #211, #1343, #3551 ) ;
#3259 = DIRECTION ( 'NONE',  ( -0.000000000000000000, -1.000000000000000000, -0.000000000000000000 ) ) ;
#3260 = VERTEX_POINT ( 'NONE', #5466 ) ;
#3261 = CARTESIAN_POINT ( 'NONE',  ( 1.680884184700656148, 2.801000000000000156, -2.287171360440050538 ) ) ;
#3262 =( GEOMETRIC_REPRESENTATION_CONTEXT ( 3 ) GLOBAL_UNCERTAINTY_ASSIGNED_CONTEXT ( ( #4334 ) ) GLOBAL_UNIT_ASSIGNED_CONTEXT ( ( #3893, #3309, #2043 ) ) REPRESENTATION_CONTEXT ( 'NONE', 'WORKASPACE' ) );
#3263 =( GEOMETRIC_REPRESENTATION_CONTEXT ( 3 ) GLOBAL_UNCERTAINTY_ASSIGNED_CONTEXT ( ( #1687 ) ) GLOBAL_UNIT_ASSIGNED_CONTEXT ( ( #1543, #4664, #252 ) ) REPRESENTATION_CONTEXT ( 'NONE', 'WORKASPACE' ) );
#3264 = ORIENTED_EDGE ( 'NONE', *, *, #1124, .F. ) ;
#3265 = DIRECTION ( 'NONE',  ( 0.000000000000000000, -0.000000000000000000, -1.000000000000000000 ) ) ;
#3266 = CIRCLE ( 'NONE', #3985, 0.1999999999999996503 ) ;
#3267 = ORIENTED_EDGE ( 'NONE', *, *, #3613, .F. ) ;
#3268 = PRESENTATION_LAYER_ASSIGNMENT (  '', '', ( #46 ) ) ;
#3269 = CARTESIAN_POINT ( 'NONE',  ( 1.601223468878472556, 2.799999999999999822, -2.260087464864511286 ) ) ;
#3270 = AXIS2_PLACEMENT_3D ( 'NONE', #1033, #1938, #5279 ) ;
#3271 = DIRECTION ( 'NONE',  ( 1.000000000000000000, 0.000000000000000000, -0.000000000000000000 ) ) ;
#3272 = UNCERTAINTY_MEASURE_WITH_UNIT (LENGTH_MEASURE( 1.000000000000000082E-05 ), #4511, 'distance_accuracy_value', 'NONE');
#3273 = SURFACE_STYLE_USAGE ( .BOTH. , #2381 ) ;
#3274 = ORIENTED_EDGE ( 'NONE', *, *, #2597, .T. ) ;
#3275 = COLOUR_RGB ( '',0.6901960784313725394, 0.6117647058823529882, 0.5294117647058823595 ) ;
#3276 = VECTOR ( 'NONE', #2871, 1000.000000000000000 ) ;
#3277 = ADVANCED_FACE ( 'NONE', ( #2041 ), #3746, .T. ) ;
#3278 = DIRECTION ( 'NONE',  ( 0.000000000000000000, -1.000000000000000000, -0.000000000000000000 ) ) ;
#3279 = ORIENTED_EDGE ( 'NONE', *, *, #2805, .F. ) ;
#3280 = CARTESIAN_POINT ( 'NONE',  ( 3.794545684385924211, 2.801000000000000156, -2.301687612753812839 ) ) ;
#3281 = COLOUR_RGB ( '',0.6901960784313725394, 0.6117647058823529882, 0.5294117647058823595 ) ;
#3282 = VECTOR ( 'NONE', #2254, 1000.000000000000114 ) ;
#3283 = SURFACE_SIDE_STYLE ('',( #1239 ) ) ;
#3284 = CARTESIAN_POINT ( 'NONE',  ( 1.706004017719257471, 2.801000000000000156, -4.144693565134764945 ) ) ;
#3285 = VECTOR ( 'NONE', #2959, 1000.000000000000227 ) ;
#3286 = DIRECTION ( 'NONE',  ( -1.000000000000000000, -0.000000000000000000, -0.000000000000000000 ) ) ;
#3287 = CARTESIAN_POINT ( 'NONE',  ( 3.819941713549071416, 2.801000000000000600, -2.269677156376753935 ) ) ;
#3288 = EDGE_CURVE ( 'NONE', #1646, #2873, #3634, .T. ) ;
#3289 = CARTESIAN_POINT ( 'NONE',  ( 1.601223468878472556, 2.799999999999999822, -2.260087464864511286 ) ) ;
#3290 = CARTESIAN_POINT ( 'NONE',  ( 0.6423879462906858517, 2.801000000000000156, -2.995884041325241220 ) ) ;
#3291 = CARTESIAN_POINT ( 'NONE',  ( 1.000000000000000000, 0.2000000000000000111, -2.499999999999999556 ) ) ;
#3292 = EDGE_LOOP ( 'NONE', ( #2773, #5379, #805, #276 ) ) ;
#3293 = CARTESIAN_POINT ( 'NONE',  ( 2.585096279624019111, 2.800000000000000266, -4.253324517515717496 ) ) ;
#3294 = CARTESIAN_POINT ( 'NONE',  ( 4.854674683134848401, 2.801000000000000156, -2.280823899959022683 ) ) ;
#3295 = MECHANICAL_DESIGN_GEOMETRIC_PRESENTATION_REPRESENTATION (  '', ( #3828 ), #5438 ) ;
#3296 = ORIENTED_EDGE ( 'NONE', *, *, #3151, .F. ) ;
#3297 = FACE_OUTER_BOUND ( 'NONE', #3407, .T. ) ;
#3298 = ORIENTED_EDGE ( 'NONE', *, *, #1987, .T. ) ;
#3299 = PLANE ( 'NONE',  #1740 ) ;
#3300 = DIRECTION ( 'NONE',  ( 0.000000000000000000, 0.000000000000000000, -1.000000000000000000 ) ) ;
#3301 = VECTOR ( 'NONE', #2004, 1000.000000000000000 ) ;
#3302 = FILL_AREA_STYLE_COLOUR ( '', #139 ) ;
#3303 = EDGE_CURVE ( 'NONE', #1306, #1422, #750, .T. ) ;
#3304 = ORIENTED_EDGE ( 'NONE', *, *, #3122, .T. ) ;
#3305 = PRESENTATION_STYLE_ASSIGNMENT (( #2408 ) ) ;
#3306 = VERTEX_POINT ( 'NONE', #701 ) ;
#3307 = DIRECTION ( 'NONE',  ( -1.000000000000000000, 0.000000000000000000, 0.000000000000000000 ) ) ;
#3308 = CARTESIAN_POINT ( 'NONE',  ( 2.139783779624019111, 2.800000000000000266, -2.979142969896669602 ) ) ;
#3309 =( NAMED_UNIT ( * ) PLANE_ANGLE_UNIT ( ) SI_UNIT ( $, .RADIAN. ) );
#3310 = MECHANICAL_DESIGN_GEOMETRIC_PRESENTATION_REPRESENTATION (  '', ( #1964 ), #881 ) ;
#3311 = SURFACE_STYLE_FILL_AREA ( #3670 ) ;
#3312 = SURFACE_STYLE_FILL_AREA ( #2526 ) ;
#3313 =( NAMED_UNIT ( * ) PLANE_ANGLE_UNIT ( ) SI_UNIT ( $, .RADIAN. ) );
#3314 = DIRECTION ( 'NONE',  ( 0.000000000000000000, 0.000000000000000000, -1.000000000000000000 ) ) ;
#3315 = LINE ( 'NONE', #3290, #4799 ) ;
#3316 = ORIENTED_EDGE ( 'NONE', *, *, #3181, .F. ) ;
#3317 = UNCERTAINTY_MEASURE_WITH_UNIT (LENGTH_MEASURE( 1.000000000000000082E-05 ), #3142, 'distance_accuracy_value', 'NONE');
#3318 = CARTESIAN_POINT ( 'NONE',  ( 3.966761416929488249, 2.800999999999999712, -2.320371747994886213 ) ) ;
#3319 = ORIENTED_EDGE ( 'NONE', *, *, #2922, .F. ) ;
#3320 = VERTEX_POINT ( 'NONE', #4055 ) ;
#3321 = EDGE_LOOP ( 'NONE', ( #3936, #3761, #4184, #1341 ) ) ;
#3322 = FILL_AREA_STYLE_COLOUR ( '', #234 ) ;
#3323 = EDGE_CURVE ( 'NONE', #2810, #4130, #2982, .T. ) ;
#3324 = CARTESIAN_POINT ( 'NONE',  ( 4.718551971326768069, 2.800000000000001155, -2.283171477884576195 ) ) ;
#3325 = DIRECTION ( 'NONE',  ( -0.000000000000000000, 1.000000000000000000, -0.000000000000000000 ) ) ;
#3326 = UNCERTAINTY_MEASURE_WITH_UNIT (LENGTH_MEASURE( 1.000000000000000082E-05 ), #274, 'distance_accuracy_value', 'NONE');
#3327 = FILL_AREA_STYLE ('',( #4976 ) ) ;
#3328 = LINE ( 'NONE', #1664, #595 ) ;
#3329 = VERTEX_POINT ( 'NONE', #1015 ) ;
#3330 =( NAMED_UNIT ( * ) PLANE_ANGLE_UNIT ( ) SI_UNIT ( $, .RADIAN. ) );
#3331 = CARTESIAN_POINT ( 'NONE',  ( 1.638667708195447714, 2.801000000000000156, -2.264113207991907739 ) ) ;
#3332 = PLANE ( 'NONE',  #3338 ) ;
#3333 = MECHANICAL_DESIGN_GEOMETRIC_PRESENTATION_REPRESENTATION (  '', ( #2631 ), #4051 ) ;
#3334 = CARTESIAN_POINT ( 'NONE',  ( 3.758459374862114455, 2.801000000000000156, -3.324009041325241220 ) ) ;
#3335 = SURFACE_SIDE_STYLE ('',( #3835 ) ) ;
#3336 = DIRECTION ( 'NONE',  ( -0.000000000000000000, -1.000000000000000000, -0.000000000000000000 ) ) ;
#3337 = DIRECTION ( 'NONE',  ( 0.000000000000000000, -0.000000000000000000, -1.000000000000000000 ) ) ;
#3338 = AXIS2_PLACEMENT_3D ( 'NONE', #1131, #2441, #2096 ) ;
#3339 = EDGE_LOOP ( 'NONE', ( #2157, #4397, #4889, #4020 ) ) ;
#3340 = CARTESIAN_POINT ( 'NONE',  ( 3.905909851181637471, 2.801000000000000600, -2.264177776885031967 ) ) ;
#3341 = EDGE_CURVE ( 'NONE', #2215, #3701, #5422, .T. ) ;
#3342 = VECTOR ( 'NONE', #838, 1000.000000000000341 ) ;
#3343 = LINE ( 'NONE', #4212, #3276 ) ;
#3344 = CARTESIAN_POINT ( 'NONE',  ( 2.729813541528781418, 2.801000000000000156, -3.379068565134765390 ) ) ;
#3345 = CARTESIAN_POINT ( 'NONE',  ( 2.547007230695034874, 2.799999999999999378, -4.218268856468283090 ) ) ;
#3346 = CARTESIAN_POINT ( 'NONE',  ( 4.872298660576400486, 2.801000000000000156, -2.298711422277621708 ) ) ;
#3347 = VECTOR ( 'NONE', #3677, 1000.000000000000000 ) ;
#3348 = ORIENTED_EDGE ( 'NONE', *, *, #5262, .F. ) ;
#3349 = ORIENTED_EDGE ( 'NONE', *, *, #1408, .F. ) ;
#3350 = PRESENTATION_STYLE_ASSIGNMENT (( #3737 ) ) ;
#3351 = STYLED_ITEM ( 'NONE', ( #219 ), #237 ) ;
#3352 = CARTESIAN_POINT ( 'NONE',  ( 2.577655803433543280, 2.801000000000000156, -2.270437612753812839 ) ) ;
#3353 = EDGE_CURVE ( 'NONE', #1249, #4942, #3683, .T. ) ;
#3354 = ADVANCED_FACE ( 'NONE', ( #4137 ), #3223, .T. ) ;
#3355 = VECTOR ( 'NONE', #1354, 1000.000000000000000 ) ;
#3356 = COLOUR_RGB ( '',0.7529411764705882248, 0.7529411764705882248, 0.7529411764705882248 ) ;
#3357 = VECTOR ( 'NONE', #4838, 1000.000000000000000 ) ;
#3358 = FACE_OUTER_BOUND ( 'NONE', #50, .T. ) ;
#3359 = ORIENTED_EDGE ( 'NONE', *, *, #2081, .T. ) ;
#3360 =( NAMED_UNIT ( * ) SI_UNIT ( $, .STERADIAN. ) SOLID_ANGLE_UNIT ( ) );
#3361 = VECTOR ( 'NONE', #5045, 1000.000000000000000 ) ;
#3362 = AXIS2_PLACEMENT_3D ( 'NONE', #4277, #455, #1739 ) ;
#3363 = DIRECTION ( 'NONE',  ( -1.000000000000000000, 0.000000000000000000, 0.000000000000000000 ) ) ;
#3364 =( LENGTH_UNIT ( ) NAMED_UNIT ( * ) SI_UNIT ( .MILLI., .METRE. ) );
#3365 = MECHANICAL_DESIGN_GEOMETRIC_PRESENTATION_REPRESENTATION (  '', ( #5412 ), #3899 ) ;
#3366 = CARTESIAN_POINT ( 'NONE',  ( 1.515527827243066783, 2.799999999999999822, -2.879068565134764945 ) ) ;
#3367 = ADVANCED_FACE ( 'NONE', ( #3244 ), #3496, .T. ) ;
#3368 = FILL_AREA_STYLE_COLOUR ( '', #3993 ) ;
#3369 = ORIENTED_EDGE ( 'NONE', *, *, #2159, .T. ) ;
#3370 = VECTOR ( 'NONE', #4384, 1000.000000000000000 ) ;
#3371 = CARTESIAN_POINT ( 'NONE',  ( 6.099999999999999645, 0.000000000000000000, -6.599999999999999645 ) ) ;
#3372 = LINE ( 'NONE', #4129, #832 ) ;
#3373 = VECTOR ( 'NONE', #2626, 1000.000000000000000 ) ;
#3374 = CARTESIAN_POINT ( 'NONE',  ( 4.711956398671637736, 2.801000000000000156, -2.374232255610955633 ) ) ;
#3375 = VERTEX_POINT ( 'NONE', #1799 ) ;
#3376 = STYLED_ITEM ( 'NONE', ( #4417 ), #3564 ) ;
#3377 = ORIENTED_EDGE ( 'NONE', *, *, #687, .F. ) ;
#3378 = LINE ( 'NONE', #4166, #2765 ) ;
#3379 = PLANE ( 'NONE',  #2207 ) ;
#3380 = DIRECTION ( 'NONE',  ( 0.000000000000000000, 0.000000000000000000, -1.000000000000000000 ) ) ;
#3381 = UNCERTAINTY_MEASURE_WITH_UNIT (LENGTH_MEASURE( 1.000000000000000082E-05 ), #1785, 'distance_accuracy_value', 'NONE');
#3382 =( GEOMETRIC_REPRESENTATION_CONTEXT ( 3 ) GLOBAL_UNCERTAINTY_ASSIGNED_CONTEXT ( ( #4550 ) ) GLOBAL_UNIT_ASSIGNED_CONTEXT ( ( #3044, #3924, #1384 ) ) REPRESENTATION_CONTEXT ( 'NONE', 'WORKASPACE' ) );
#3383 = CARTESIAN_POINT ( 'NONE',  ( 3.725721279624019111, 2.799999999999999822, -3.305407850849050533 ) ) ;
#3384 = FILL_AREA_STYLE_COLOUR ( '', #2652 ) ;
#3385 = EDGE_LOOP ( 'NONE', ( #588, #4101, #3840, #2941 ) ) ;
#3386 =( NAMED_UNIT ( * ) SI_UNIT ( $, .STERADIAN. ) SOLID_ANGLE_UNIT ( ) );
#3387 = ORIENTED_EDGE ( 'NONE', *, *, #4652, .T. ) ;
#3388 = LINE ( 'NONE', #2952, #1396 ) ;
#3389 =( GEOMETRIC_REPRESENTATION_CONTEXT ( 3 ) GLOBAL_UNCERTAINTY_ASSIGNED_CONTEXT ( ( #1502 ) ) GLOBAL_UNIT_ASSIGNED_CONTEXT ( ( #4450, #3165, #4936 ) ) REPRESENTATION_CONTEXT ( 'NONE', 'WORKASPACE' ) );
#3390 = EDGE_LOOP ( 'NONE', ( #3524, #3348, #3767, #1762 ) ) ;
#3391 = EDGE_CURVE ( 'NONE', #3123, #3433, #2217, .T. ) ;
#3392 = EDGE_CURVE ( 'NONE', #3260, #4210, #22, .T. ) ;
#3393 = CARTESIAN_POINT ( 'NONE',  ( 2.120066517719257693, 2.800000000000000266, -2.912178684182384014 ) ) ;
#3394 = SURFACE_STYLE_USAGE ( .BOTH. , #2098 ) ;
#3395 = LINE ( 'NONE', #5121, #5219 ) ;
#3396 = B_SPLINE_SURFACE_WITH_KNOTS ( 'NONE', 3, 1, ( 
 ( #1957, #3667 ),
 ( #3616, #572 ),
 ( #1103, #5370 ),
 ( #3230, #2413 ),
 ( #271, #1515 ),
 ( #5296, #2837 ),
 ( #1984, #1026 ) ),
 .UNSPECIFIED., .F., .F., .F.,
 ( 4, 1, 1, 1, 4 ),
 ( 2, 2 ),
 ( 0.000000000000000000, 0.2051538336259863815, 0.4365702208716481514, 0.7013577902569462230, 1.000000000000000000 ),
 ( 0.000000000000000000, 1.000000000000000000 ),
 .UNSPECIFIED. ) ;
#3397 = CARTESIAN_POINT ( 'NONE',  ( 3.804716225687599263, 2.800000000000000266, -2.283307526409447785 ) ) ;
#3398 = VERTEX_POINT ( 'NONE', #3037 ) ;
#3399 = CARTESIAN_POINT ( 'NONE',  ( 3.867478852849364657, 2.800000000000000711, -2.260166415708768195 ) ) ;
#3400 = FILL_AREA_STYLE ('',( #3020 ) ) ;
#3401 = EDGE_CURVE ( 'NONE', #3090, #5478, #4373, .T. ) ;
#3402 = SURFACE_SIDE_STYLE ('',( #1589 ) ) ;
#3403 = LINE ( 'NONE', #2993, #1993 ) ;
#3404 = CARTESIAN_POINT ( 'NONE',  ( 3.953170142648216867, 2.801000000000001933, -2.289995659071200951 ) ) ;
#3405 = MECHANICAL_DESIGN_GEOMETRIC_PRESENTATION_REPRESENTATION (  '', ( #1692 ), #2154 ) ;
#3406 = ORIENTED_EDGE ( 'NONE', *, *, #1497, .F. ) ;
#3407 = EDGE_LOOP ( 'NONE', ( #3780, #2918, #1757, #1884 ) ) ;
#3408 =( NAMED_UNIT ( * ) PLANE_ANGLE_UNIT ( ) SI_UNIT ( $, .RADIAN. ) );
#3409 = FACE_OUTER_BOUND ( 'NONE', #3809, .T. ) ;
#3410 = CARTESIAN_POINT ( 'NONE',  ( 2.729813541528781418, 2.801000000000000156, -3.212401898468098427 ) ) ;
#3411 = CARTESIAN_POINT ( 'NONE',  ( 5.760461895792568399, 2.799999999999999822, -4.217991095780332600 ) ) ;
#3412 = ORIENTED_EDGE ( 'NONE', *, *, #103, .T. ) ;
#3413 = SURFACE_STYLE_USAGE ( .BOTH. , #843 ) ;
#3414 = FILL_AREA_STYLE ('',( #3119 ) ) ;
#3415 = ORIENTED_EDGE ( 'NONE', *, *, #3662, .T. ) ;
#3416 = LINE ( 'NONE', #2917, #4543 ) ;
#3417 = EDGE_CURVE ( 'NONE', #4583, #5515, #2334, .T. ) ;
#3418 = ORIENTED_EDGE ( 'NONE', *, *, #2288, .F. ) ;
#3419 = CARTESIAN_POINT ( 'NONE',  ( 0.6345754462906857407, 2.799999999999999822, -2.955705469896669602 ) ) ;
#3420 = CARTESIAN_POINT ( 'NONE',  ( 1.595884970100209799, 2.801000000000000600, -2.260020946087146321 ) ) ;
#3421 = CARTESIAN_POINT ( 'NONE',  ( 3.967908779624019111, 2.801000000000000156, -3.631672731801431908 ) ) ;
#3422 = SURFACE_SIDE_STYLE ('',( #31 ) ) ;
#3423 = LINE ( 'NONE', #1671, #631 ) ;
#3424 = FILL_AREA_STYLE_COLOUR ( '', #1460 ) ;
#3425 = ORIENTED_EDGE ( 'NONE', *, *, #1727, .F. ) ;
#3426 = CARTESIAN_POINT ( 'NONE',  ( 3.953170142648216867, 2.800000000000002043, -2.289995659071200951 ) ) ;
#3427 = EDGE_CURVE ( 'NONE', #1060, #5335, #1771, .T. ) ;
#3428 = CARTESIAN_POINT ( 'NONE',  ( 1.680884184700656148, 2.799999999999999822, -2.287171360440050538 ) ) ;
#3429 =( NAMED_UNIT ( * ) SI_UNIT ( $, .STERADIAN. ) SOLID_ANGLE_UNIT ( ) );
#3430 = COLOUR_RGB ( '',0.5019607843137254832, 0.5019607843137254832, 0.5019607843137254832 ) ;
#3431 =( NAMED_UNIT ( * ) SI_UNIT ( $, .STERADIAN. ) SOLID_ANGLE_UNIT ( ) );
#3432 = CARTESIAN_POINT ( 'NONE',  ( 1.545363580360915590, 2.801000000000000600, -2.276889338386461681 ) ) ;
#3433 = VERTEX_POINT ( 'NONE', #1372 ) ;
#3434 = CARTESIAN_POINT ( 'NONE',  ( 4.733996893773372960, 2.799999999999998934, -2.271928927771828644 ) ) ;
#3435 = DIRECTION ( 'NONE',  ( 0.000000000000000000, 0.000000000000000000, 1.000000000000000000 ) ) ;
#3436 = FILL_AREA_STYLE_COLOUR ( '', #3614 ) ;
#3437 = UNCERTAINTY_MEASURE_WITH_UNIT (LENGTH_MEASURE( 1.000000000000000082E-05 ), #1787, 'distance_accuracy_value', 'NONE');
#3438 = CIRCLE ( 'NONE', #2188, 0.5000000000000000000 ) ;
#3439 = VERTEX_POINT ( 'NONE', #4779 ) ;
#3440 = PRESENTATION_STYLE_ASSIGNMENT (( #4808 ) ) ;
#3441 = ORIENTED_EDGE ( 'NONE', *, *, #2357, .F. ) ;
#3442 = STYLED_ITEM ( 'NONE', ( #930 ), #414 ) ;
#3443 = ORIENTED_EDGE ( 'NONE', *, *, #4500, .F. ) ;
#3444 = B_SPLINE_SURFACE_WITH_KNOTS ( 'NONE', 3, 1, ( 
 ( #2965, #3758 ),
 ( #5475, #4633 ),
 ( #5529, #3345 ),
 ( #2509, #3815 ),
 ( #1561, #2937 ),
 ( #1677, #3702 ),
 ( #778, #3293 ) ),
 .UNSPECIFIED., .F., .F., .F.,
 ( 4, 1, 1, 1, 4 ),
 ( 2, 2 ),
 ( 0.000000000000000000, 0.3084865870549791111, 0.5644312014559702551, 0.7902694497233303528, 1.000000000000000000 ),
 ( 0.000000000000000000, 1.000000000000000000 ),
 .UNSPECIFIED. ) ;
#3445 = CARTESIAN_POINT ( 'NONE',  ( 0.000000000000000000, 0.000000000000000000, -4.200000000000000178 ) ) ;
#3446 = COLOUR_RGB ( '',0.5019607843137254832, 0.5019607843137254832, 0.5019607843137254832 ) ;
#3447 = ADVANCED_FACE ( 'NONE', ( #3882 ), #1681, .T. ) ;
#3448 = FILL_AREA_STYLE ('',( #3502 ) ) ;
#3449 = SURFACE_STYLE_USAGE ( .BOTH. , #566 ) ;
#3450 = STYLED_ITEM ( 'NONE', ( #4415 ), #1868 ) ;
#3451 = CARTESIAN_POINT ( 'NONE',  ( 0.6353928817005070062, 2.799999999999999822, -2.935848536519559904 ) ) ;
#3452 =( LENGTH_UNIT ( ) NAMED_UNIT ( * ) SI_UNIT ( .MILLI., .METRE. ) );
#3453 = ORIENTED_EDGE ( 'NONE', *, *, #4110, .T. ) ;
#3454 = SURFACE_SIDE_STYLE ('',( #4133 ) ) ;
#3455 = LINE ( 'NONE', #3076, #3811 ) ;
#3456 = SURFACE_STYLE_USAGE ( .BOTH. , #4744 ) ;
#3457 = EDGE_LOOP ( 'NONE', ( #4437, #3164, #2713, #2055, #3681, #4370, #2367, #3829, #5302, #280, #4703, #5210 ) ) ;
#3458 = ORIENTED_EDGE ( 'NONE', *, *, #563, .T. ) ;
#3460 = STYLED_ITEM ( 'NONE', ( #3041 ), #4980 ) ;
#3459 = MECHANICAL_DESIGN_GEOMETRIC_PRESENTATION_REPRESENTATION (  '', ( #1662 ), #4973 ) ;
#3461 = CARTESIAN_POINT ( 'NONE',  ( 1.587403897108575102, 2.799999999999999378, -4.258953195750789789 ) ) ;
#3462 = CARTESIAN_POINT ( 'NONE',  ( 5.760461895792568399, 2.801000000000000156, -4.217991095780332600 ) ) ;
#3463 =( NAMED_UNIT ( * ) PLANE_ANGLE_UNIT ( ) SI_UNIT ( $, .RADIAN. ) );
#3464 = DIRECTION ( 'NONE',  ( -0.9509883811643093932, 0.000000000000000000, -0.3092266141367625010 ) ) ;
#3465 = VECTOR ( 'NONE', #5417, 1000.000000000000227 ) ;
#3466 = ORIENTED_EDGE ( 'NONE', *, *, #539, .T. ) ;
#3467 = PRESENTATION_STYLE_ASSIGNMENT (( #3413 ) ) ;
#3468 = ORIENTED_EDGE ( 'NONE', *, *, #5324, .T. ) ;
#3469 = LINE ( 'NONE', #4341, #5266 ) ;
#3470 = ORIENTED_EDGE ( 'NONE', *, *, #2123, .T. ) ;
#3471 = DIRECTION ( 'NONE',  ( 0.000000000000000000, -4.539284072598344049E-13, 1.000000000000000000 ) ) ;
#3472 = CIRCLE ( 'NONE', #2128, 0.5000000000000000000 ) ;
#3473 = EDGE_CURVE ( 'NONE', #2622, #1586, #1423, .T. ) ;
#3474 = SURFACE_STYLE_FILL_AREA ( #3976 ) ;
#3475 = CARTESIAN_POINT ( 'NONE',  ( 3.863742112957352592, 2.799999999999999822, -3.428547731801431464 ) ) ;
#3476 = VECTOR ( 'NONE', #1451, 1000.000000000000000 ) ;
#3477 = DIRECTION ( 'NONE',  ( 0.000000000000000000, 0.000000000000000000, -1.000000000000000000 ) ) ;
#3478 = FACE_BOUND ( 'NONE', #3078, .T. ) ;
#3479 = LINE ( 'NONE', #4294, #2916 ) ;
#3480 =( LENGTH_UNIT ( ) NAMED_UNIT ( * ) SI_UNIT ( .MILLI., .METRE. ) );
#3481 = EDGE_LOOP ( 'NONE', ( #1912, #1114, #3872, #5310 ) ) ;
#3482 = DIRECTION ( 'NONE',  ( 0.000000000000000000, 8.470329472543004931E-18, 1.000000000000000000 ) ) ;
#3483 =( NAMED_UNIT ( * ) SI_UNIT ( $, .STERADIAN. ) SOLID_ANGLE_UNIT ( ) );
#3484 = LINE ( 'NONE', #3104, #3718 ) ;
#3485 = DIRECTION ( 'NONE',  ( 0.000000000000000000, 0.000000000000000000, 1.000000000000000000 ) ) ;
#3486 = FILL_AREA_STYLE_COLOUR ( '', #4605 ) ;
#3487 = ORIENTED_EDGE ( 'NONE', *, *, #355, .F. ) ;
#3488 = B_SPLINE_SURFACE_WITH_KNOTS ( 'NONE', 3, 1, ( 
 ( #2161, #3638 ),
 ( #3585, #1889 ),
 ( #3977, #5341 ),
 ( #2718, #964 ),
 ( #1483, #3145 ),
 ( #538, #4426 ),
 ( #5315, #1406 ) ),
 .UNSPECIFIED., .F., .F., .F.,
 ( 4, 1, 1, 1, 4 ),
 ( 2, 2 ),
 ( 0.000000000000000000, 0.2737648384649696287, 0.5229696271363800664, 0.7627532405691028750, 1.000000000000000000 ),
 ( 0.000000000000000000, 1.000000000000000000 ),
 .UNSPECIFIED. ) ;
#3489 = CARTESIAN_POINT ( 'NONE',  ( 4.710096279624019999, 2.801000000000000156, -2.298711422277621708 ) ) ;
#3490 = SURFACE_STYLE_FILL_AREA ( #1768 ) ;
#3491 = CARTESIAN_POINT ( 'NONE',  ( 3.967908779624019111, 2.801000000000000156, -2.338145946087145877 ) ) ;
#3492 = UNCERTAINTY_MEASURE_WITH_UNIT (LENGTH_MEASURE( 1.000000000000000082E-05 ), #154, 'distance_accuracy_value', 'NONE');
#3493 =( LENGTH_UNIT ( ) NAMED_UNIT ( * ) SI_UNIT ( .MILLI., .METRE. ) );
#3494 = PLANE ( 'NONE',  #1731 ) ;
#3495 =( LENGTH_UNIT ( ) NAMED_UNIT ( * ) SI_UNIT ( .MILLI., .METRE. ) );
#3496 = PLANE ( 'NONE',  #4745 ) ;
#3497 = ADVANCED_FACE ( 'NONE', ( #162 ), #1946, .T. ) ;
#3498 = VECTOR ( 'NONE', #873, 1000.000000000000000 ) ;
#3499 = ORIENTED_EDGE ( 'NONE', *, *, #4221, .T. ) ;
#3500 = CARTESIAN_POINT ( 'NONE',  ( 2.539337351052590730, 2.801000000000000156, -2.339634041325241220 ) ) ;
#3501 = ORIENTED_EDGE ( 'NONE', *, *, #1548, .T. ) ;
#3502 = FILL_AREA_STYLE_COLOUR ( '', #392 ) ;
#3503 = DIRECTION ( 'NONE',  ( 0.7173120011257665407, 0.000000000000000000, 0.6967521030043239971 ) ) ;
#3504 = SURFACE_STYLE_USAGE ( .BOTH. , #5188 ) ;
#3505 = CARTESIAN_POINT ( 'NONE',  ( 5.741996857812476485, 2.801000000000000156, -4.236069886122718842 ) ) ;
#3506 = DIRECTION ( 'NONE',  ( -0.000000000000000000, 1.000000000000000000, -0.000000000000000000 ) ) ;
#3507 = FILL_AREA_STYLE ('',( #177 ) ) ;
#3508 = CARTESIAN_POINT ( 'NONE',  ( 0.6480368297269276656, 2.799999999999999822, -2.914428277406455159 ) ) ;
#3509 = B_SPLINE_CURVE_WITH_KNOTS ( 'NONE', 3,
 ( #3045, #1329, #907, #2620, #2225 ),
 .UNSPECIFIED., .F., .F.,
 ( 4, 1, 4 ),
 ( 0.000000000000000000, 0.4071624802286769595, 1.000000000000000000 ),
 .UNSPECIFIED. ) ;
#3510 = FILL_AREA_STYLE ('',( #38 ) ) ;
#3511 = CARTESIAN_POINT ( 'NONE',  ( 1.572966157112099639, 2.801000000000000156, -4.255494614415725074 ) ) ;
#3512 = CARTESIAN_POINT ( 'NONE',  ( 2.729813541528781418, 2.799999999999999822, -4.093354279420479358 ) ) ;
#3513 = EDGE_LOOP ( 'NONE', ( #3443, #2821, #241, #2185, #3655, #1859, #1146, #1266, #1554, #3604, #2072, #1939, #3744, #2063, #5542, #2794 ) ) ;
#3514 = EDGE_CURVE ( 'NONE', #4297, #5533, #4829, .T. ) ;
#3515 = ORIENTED_EDGE ( 'NONE', *, *, #10, .T. ) ;
#3516 = AXIS2_PLACEMENT_3D ( 'NONE', #1282, #2256, #2654 ) ;
#3517 = FILL_AREA_STYLE_COLOUR ( '', #837 ) ;
#3518 = CARTESIAN_POINT ( 'NONE',  ( 5.747298660576400486, 2.801000000000000156, -4.231747136563336120 ) ) ;
#3519 = DIRECTION ( 'NONE',  ( -0.000000000000000000, -0.000000000000000000, 1.000000000000000000 ) ) ;
#3520 = ORIENTED_EDGE ( 'NONE', *, *, #4803, .T. ) ;
#3521 = CARTESIAN_POINT ( 'NONE',  ( 0.000000000000000000, 0.000000000000000000, -6.599999999999999645 ) ) ;
#3522 = ORIENTED_EDGE ( 'NONE', *, *, #4822, .T. ) ;
#3523 = CARTESIAN_POINT ( 'NONE',  ( 1.000000000000000000, -0.1000000000000000194, -4.099999999999999645 ) ) ;
#3524 = ORIENTED_EDGE ( 'NONE', *, *, #5078, .F. ) ;
#3525 = CARTESIAN_POINT ( 'NONE',  ( 4.353724974016608407, 2.801000000000000600, -4.142729324797942425 ) ) ;
#3526 =( GEOMETRIC_REPRESENTATION_CONTEXT ( 3 ) GLOBAL_UNCERTAINTY_ASSIGNED_CONTEXT ( ( #4663 ) ) GLOBAL_UNIT_ASSIGNED_CONTEXT ( ( #1685, #5176, #16 ) ) REPRESENTATION_CONTEXT ( 'NONE', 'WORKASPACE' ) );
#3527 = FILL_AREA_STYLE ('',( #4425 ) ) ;
#3528 = EDGE_CURVE ( 'NONE', #1962, #4583, #214, .T. ) ;
#3529 =( LENGTH_UNIT ( ) NAMED_UNIT ( * ) SI_UNIT ( .MILLI., .METRE. ) );
#3530 = COLOUR_RGB ( '',0.5019607843137254832, 0.5019607843137254832, 0.5019607843137254832 ) ;
#3531 = PLANE ( 'NONE',  #5233 ) ;
#3532 = PRESENTATION_LAYER_ASSIGNMENT (  '', '', ( #4788 ) ) ;
#3533 =( LENGTH_UNIT ( ) NAMED_UNIT ( * ) SI_UNIT ( .MILLI., .METRE. ) );
#3534 = DIRECTION ( 'NONE',  ( -0.000000000000000000, 0.000000000000000000, 1.000000000000000000 ) ) ;
#3535 = SURFACE_STYLE_USAGE ( .BOTH. , #113 ) ;
#3536 = PRESENTATION_LAYER_ASSIGNMENT (  '', '', ( #4595 ) ) ;
#3537 = VECTOR ( 'NONE', #5490, 1000.000000000000000 ) ;
#3538 = DIRECTION ( 'NONE',  ( 0.000000000000000000, 0.000000000000000000, -1.000000000000000000 ) ) ;
#3539 = VECTOR ( 'NONE', #2558, 1000.000000000000000 ) ;
#3540 = MECHANICAL_DESIGN_GEOMETRIC_PRESENTATION_REPRESENTATION (  '', ( #3895 ), #4961 ) ;
#3541 = LINE ( 'NONE', #1981, #1744 ) ;
#3542 = EDGE_CURVE ( 'NONE', #1944, #5494, #3580, .T. ) ;
#3543 = LINE ( 'NONE', #117, #4231 ) ;
#3544 = COLOUR_RGB ( '',0.5019607843137254832, 0.5019607843137254832, 0.5019607843137254832 ) ;
#3545 = VERTEX_POINT ( 'NONE', #2772 ) ;
#3546 = PRESENTATION_LAYER_ASSIGNMENT (  '', '', ( #2477 ) ) ;
#3547 = CARTESIAN_POINT ( 'NONE',  ( 0.6364277728264925438, 2.799999999999998934, -2.975455279462416947 ) ) ;
#3548 = PRESENTATION_LAYER_ASSIGNMENT (  '', '', ( #568 ) ) ;
#3549 = FACE_OUTER_BOUND ( 'NONE', #1934, .T. ) ;
#3550 = STYLED_ITEM ( 'NONE', ( #4175 ), #4920 ) ;
#3551 = DIRECTION ( 'NONE',  ( 0.000000000000000000, 0.000000000000000000, -1.000000000000000000 ) ) ;
#3552 =( LENGTH_UNIT ( ) NAMED_UNIT ( * ) SI_UNIT ( .MILLI., .METRE. ) );
#3553 = UNCERTAINTY_MEASURE_WITH_UNIT (LENGTH_MEASURE( 1.000000000000000082E-05 ), #324, 'distance_accuracy_value', 'NONE');
#3554 = SURFACE_STYLE_USAGE ( .BOTH. , #3720 ) ;
#3555 = ORIENTED_EDGE ( 'NONE', *, *, #4144, .F. ) ;
#3556 = CARTESIAN_POINT ( 'NONE',  ( 1.595884970100209799, 2.800000000000000266, -2.260020946087146321 ) ) ;
#3557 = VECTOR ( 'NONE', #3958, 1000.000000000000000 ) ;
#3558 = EDGE_LOOP ( 'NONE', ( #1136, #533, #1501, #4274 ) ) ;
#3559 =( NAMED_UNIT ( * ) PLANE_ANGLE_UNIT ( ) SI_UNIT ( $, .RADIAN. ) );
#3560 = ORIENTED_EDGE ( 'NONE', *, *, #58, .F. ) ;
#3561 = CARTESIAN_POINT ( 'NONE',  ( 4.367114214721804721, 2.801000000000000156, -4.122629567965042874 ) ) ;
#3562 = DIRECTION ( 'NONE',  ( -0.9484456225331719947, 0.000000000000000000, -0.3169399013971949119 ) ) ;
#3563 = CARTESIAN_POINT ( 'NONE',  ( 2.591767435263476749, 2.799999999999999822, -2.265358656083073186 ) ) ;
#3564 = ADVANCED_FACE ( 'NONE', ( #3195 ), #4448, .F. ) ;
#3565 = MECHANICAL_DESIGN_GEOMETRIC_PRESENTATION_REPRESENTATION (  '', ( #4011 ), #4896 ) ;
#3566 = FACE_OUTER_BOUND ( 'NONE', #2402, .T. ) ;
#3567 = ADVANCED_FACE ( 'NONE', ( #2401 ), #5527, .F. ) ;
#3568 = CARTESIAN_POINT ( 'NONE',  ( 0.6421757227959428160, 2.801000000000000156, -2.924808674561520494 ) ) ;
#3569 = CARTESIAN_POINT ( 'NONE',  ( 2.582088531646553164, 2.799999999999999378, -2.268842217210734091 ) ) ;
#3570 = COLOUR_RGB ( '',0.7529411764705882248, 0.7529411764705882248, 0.7529411764705882248 ) ;
#3571 = DIRECTION ( 'NONE',  ( -2.409338161078898687E-16, 0.000000000000000000, -1.000000000000000000 ) ) ;
#3572 = LINE ( 'NONE', #608, #1380 ) ;
#3573 = ORIENTED_EDGE ( 'NONE', *, *, #4500, .T. ) ;
#3574 = EDGE_CURVE ( 'NONE', #4933, #2122, #1732, .T. ) ;
#3575 = CARTESIAN_POINT ( 'NONE',  ( 3.959352232004971661, 2.801000000000000156, -2.367907850849050977 ) ) ;
#3576 = CARTESIAN_POINT ( 'NONE',  ( 1.595884970100209799, 2.801000000000000600, -2.260020946087146321 ) ) ;
#3577 = DIRECTION ( 'NONE',  ( -0.000000000000000000, -1.000000000000000000, -0.000000000000000000 ) ) ;
#3578 = CARTESIAN_POINT ( 'NONE',  ( 1.199999999999999512, 0.000000000000000000, -4.200000000000000178 ) ) ;
#3579 = ORIENTED_EDGE ( 'NONE', *, *, #5139, .T. ) ;
#3580 = LINE ( 'NONE', #2820, #3205 ) ;
#3581 = ORIENTED_EDGE ( 'NONE', *, *, #1945, .F. ) ;
#3582 = ORIENTED_EDGE ( 'NONE', *, *, #1766, .F. ) ;
#3583 = CARTESIAN_POINT ( 'NONE',  ( 1.638667708195447714, 2.801000000000000156, -2.264113207991907739 ) ) ;
#3584 =( LENGTH_UNIT ( ) NAMED_UNIT ( * ) SI_UNIT ( .MILLI., .METRE. ) );
#3585 = CARTESIAN_POINT ( 'NONE',  ( 2.077965438176976321, 2.801000000000000156, -3.042239568028099139 ) ) ;
#3586 = VECTOR ( 'NONE', #5358, 1000.000000000000000 ) ;
#3587 = ADVANCED_FACE ( 'NONE', ( #3297 ), #3838, .T. ) ;
#3588 = CARTESIAN_POINT ( 'NONE',  ( 5.599999999999999645, 0.2000000000000000111, -4.099999999999999645 ) ) ;
#3589 = SURFACE_SIDE_STYLE ('',( #1807 ) ) ;
#3590 = FACE_OUTER_BOUND ( 'NONE', #722, .T. ) ;
#3591 = SURFACE_STYLE_FILL_AREA ( #3507 ) ;
#3592 = CARTESIAN_POINT ( 'NONE',  ( 1.530205565075822394, 2.801000000000000600, -2.291897330752552087 ) ) ;
#3593 = LINE ( 'NONE', #1467, #4495 ) ;
#3594 = EDGE_CURVE ( 'NONE', #5160, #1728, #1674, .T. ) ;
#3595 =( LENGTH_UNIT ( ) NAMED_UNIT ( * ) SI_UNIT ( .MILLI., .METRE. ) );
#3596 = EDGE_CURVE ( 'NONE', #2215, #637, #3925, .T. ) ;
#3597 = ORIENTED_EDGE ( 'NONE', *, *, #4136, .T. ) ;
#3598 = CARTESIAN_POINT ( 'NONE',  ( 1.706004017719257471, 2.801000000000000156, -2.325125112753812839 ) ) ;
#3599 = FILL_AREA_STYLE_COLOUR ( '', #3191 ) ;
#3600 = PRESENTATION_STYLE_ASSIGNMENT (( #1966 ) ) ;
#3601 = CARTESIAN_POINT ( 'NONE',  ( 4.776316517719257249, 2.801000000000000156, -2.260020946087145877 ) ) ;
#3602 = ORIENTED_EDGE ( 'NONE', *, *, #3139, .F. ) ;
#3603 = FILL_AREA_STYLE ('',( #2345 ) ) ;
#3604 = ORIENTED_EDGE ( 'NONE', *, *, #1007, .T. ) ;
#3605 = SURFACE_STYLE_USAGE ( .BOTH. , #3658 ) ;
#3606 = ORIENTED_EDGE ( 'NONE', *, *, #2267, .T. ) ;
#3607 = CARTESIAN_POINT ( 'NONE',  ( 1.601223468878472556, 2.801000000000000156, -2.260087464864511286 ) ) ;
#3608 = CARTESIAN_POINT ( 'NONE',  ( 1.638132667970813694, 2.800000000000000266, -4.253195911743896218 ) ) ;
#3609 =( LENGTH_UNIT ( ) NAMED_UNIT ( * ) SI_UNIT ( .MILLI., .METRE. ) );
#3610 = AXIS2_PLACEMENT_3D ( 'NONE', #4507, #1956, #1926 ) ;
#3611 = CARTESIAN_POINT ( 'NONE',  ( 2.643128532563066457, 2.799999999999999822, -2.260183167766947943 ) ) ;
#3612 = DIRECTION ( 'NONE',  ( 0.000000000000000000, -1.000000000000000000, 0.000000000000000000 ) ) ;
#3613 = EDGE_CURVE ( 'NONE', #3038, #4112, #5372, .T. ) ;
#3614 = COLOUR_RGB ( '',0.7529411764705882248, 0.7529411764705882248, 0.7529411764705882248 ) ;
#3615 = SURFACE_STYLE_USAGE ( .BOTH. , #4038 ) ;
#3616 = CARTESIAN_POINT ( 'NONE',  ( 1.607829635796314216, 2.801000000000000600, -4.259759079432622997 ) ) ;
#3617 = FILL_AREA_STYLE_COLOUR ( '', #337 ) ;
#3618 = CARTESIAN_POINT ( 'NONE',  ( 1.199999999999999956, 0.000000000000000000, -2.399999999999999911 ) ) ;
#3619 = PLANE ( 'NONE',  #2360 ) ;
#3620 = DIRECTION ( 'NONE',  ( -0.000000000000000000, -1.000000000000000000, -0.000000000000000000 ) ) ;
#3621 = VECTOR ( 'NONE', #435, 1000.000000000000000 ) ;
#3622 = EDGE_CURVE ( 'NONE', #2126, #1314, #5036, .T. ) ;
#3623 = VECTOR ( 'NONE', #3314, 1000.000000000000000 ) ;
#3624 = CARTESIAN_POINT ( 'NONE',  ( 4.712873085298820541, 2.799999999999999822, -2.293608184447571308 ) ) ;
#3625 = AXIS2_PLACEMENT_3D ( 'NONE', #1397, #159, #4393 ) ;
#3626 = PLANE ( 'NONE',  #2279 ) ;
#3627 = COLOUR_RGB ( '',0.5019607843137254832, 0.5019607843137254832, 0.5019607843137254832 ) ;
#3628 = CARTESIAN_POINT ( 'NONE',  ( 2.069471279624019111, 2.801000000000000156, -3.045735231801431908 ) ) ;
#3629 = ORIENTED_EDGE ( 'NONE', *, *, #5440, .F. ) ;
#3630 = PRESENTATION_LAYER_ASSIGNMENT (  '', '', ( #2928 ) ) ;
#3631 = EDGE_LOOP ( 'NONE', ( #4157, #1820, #591, #1990 ) ) ;
#3632 = PRESENTATION_STYLE_ASSIGNMENT (( #3221 ) ) ;
#3633 =( LENGTH_UNIT ( ) NAMED_UNIT ( * ) SI_UNIT ( .MILLI., .METRE. ) );
#3634 = LINE ( 'NONE', #3169, #2967 ) ;
#3635 = CARTESIAN_POINT ( 'NONE',  ( 4.710096279624019999, 2.801000000000000156, -2.298711422277621708 ) ) ;
#3636 = COLOUR_RGB ( '',0.5019607843137254832, 0.5019607843137254832, 0.5019607843137254832 ) ;
#3637 = ORIENTED_EDGE ( 'NONE', *, *, #3574, .F. ) ;
#3638 = CARTESIAN_POINT ( 'NONE',  ( 2.069471279624019111, 2.799999999999999822, -3.045735231801431908 ) ) ;
#3639 = SURFACE_SIDE_STYLE ('',( #1862 ) ) ;
#3640 = ADVANCED_FACE ( 'NONE', ( #5221 ), #1232, .T. ) ;
#3641 = MECHANICAL_DESIGN_GEOMETRIC_PRESENTATION_REPRESENTATION (  '', ( #4367 ), #1932 ) ;
#3642 = DIRECTION ( 'NONE',  ( -0.4703557148957978051, 0.000000000000000000, 0.8824769127092577659 ) ) ;
#3643 = COLOUR_RGB ( '',0.7529411764705882248, 0.7529411764705882248, 0.7529411764705882248 ) ;
#3644 = CARTESIAN_POINT ( 'NONE',  ( 6.099999999999999645, 0.000000000000000000, 0.000000000000000000 ) ) ;
#3645 =( NAMED_UNIT ( * ) SI_UNIT ( $, .STERADIAN. ) SOLID_ANGLE_UNIT ( ) );
#3646 = VECTOR ( 'NONE', #3070, 1000.000000000000000 ) ;
#3647 = DIRECTION ( 'NONE',  ( -0.000000000000000000, -1.000000000000000000, -0.000000000000000000 ) ) ;
#3648 = ORIENTED_EDGE ( 'NONE', *, *, #4125, .F. ) ;
#3649 =( LENGTH_UNIT ( ) NAMED_UNIT ( * ) SI_UNIT ( .MILLI., .METRE. ) );
#3650 =( LENGTH_UNIT ( ) NAMED_UNIT ( * ) SI_UNIT ( .MILLI., .METRE. ) );
#3651 = ORIENTED_EDGE ( 'NONE', *, *, #4284, .T. ) ;
#3652 = DIRECTION ( 'NONE',  ( 0.000000000000000000, -1.000000000000000000, 0.000000000000000000 ) ) ;
#3653 = UNCERTAINTY_MEASURE_WITH_UNIT (LENGTH_MEASURE( 1.000000000000000082E-05 ), #1890, 'distance_accuracy_value', 'NONE');
#3654 = CARTESIAN_POINT ( 'NONE',  ( 0.5000000000000000000, 2.799999999999999822, 0.000000000000000000 ) ) ;
#3655 = ORIENTED_EDGE ( 'NONE', *, *, #1215, .F. ) ;
#3656 = DIRECTION ( 'NONE',  ( 1.000000000000000000, 0.000000000000000000, 0.000000000000000000 ) ) ;
#3657 = EDGE_LOOP ( 'NONE', ( #1403, #6, #779, #1594 ) ) ;
#3658 = SURFACE_SIDE_STYLE ('',( #4113 ) ) ;
#3659 = FACE_OUTER_BOUND ( 'NONE', #3481, .T. ) ;
#3660 =( NAMED_UNIT ( * ) SI_UNIT ( $, .STERADIAN. ) SOLID_ANGLE_UNIT ( ) );
#3661 = UNCERTAINTY_MEASURE_WITH_UNIT (LENGTH_MEASURE( 1.000000000000000082E-05 ), #4818, 'distance_accuracy_value', 'NONE');
#3662 = EDGE_CURVE ( 'NONE', #3238, #2726, #2725, .T. ) ;
#3663 = CARTESIAN_POINT ( 'NONE',  ( 4.805143676895623273, 2.800000000000001155, -2.261450515376618231 ) ) ;
#3664 = VECTOR ( 'NONE', #1952, 1000.000000000000114 ) ;
#3665 = CARTESIAN_POINT ( 'NONE',  ( 1.638667708195447714, 2.801000000000000156, -2.264113207991907739 ) ) ;
#3666 = CARTESIAN_POINT ( 'NONE',  ( 2.650944493909733524, 2.801000000000000156, -2.260020946087145877 ) ) ;
#3667 = CARTESIAN_POINT ( 'NONE',  ( 1.602209374862114455, 2.799999999999999822, -4.260020946087146321 ) ) ;
#3668 =( NAMED_UNIT ( * ) PLANE_ANGLE_UNIT ( ) SI_UNIT ( $, .RADIAN. ) );
#3669 =( LENGTH_UNIT ( ) NAMED_UNIT ( * ) SI_UNIT ( .MILLI., .METRE. ) );
#3670 = FILL_AREA_STYLE ('',( #2414 ) ) ;
#3671 = CARTESIAN_POINT ( 'NONE',  ( -4.336808689942017736E-16, 0.2000000000000000111, -4.200000000000000178 ) ) ;
#3672 = FILL_AREA_STYLE_COLOUR ( '', #3275 ) ;
#3673 = ORIENTED_EDGE ( 'NONE', *, *, #4631, .F. ) ;
#3674 = SURFACE_STYLE_USAGE ( .BOTH. , #513 ) ;
#3675 = EDGE_CURVE ( 'NONE', #4524, #1910, #4796, .T. ) ;
#3676 = SURFACE_SIDE_STYLE ('',( #4469 ) ) ;
#3677 = DIRECTION ( 'NONE',  ( -0.000000000000000000, -1.000000000000000000, -0.000000000000000000 ) ) ;
#3678 = ADVANCED_FACE ( 'NONE', ( #2624 ), #942, .T. ) ;
#3679 = LINE ( 'NONE', #2793, #4699 ) ;
#3680 = VERTEX_POINT ( 'NONE', #230 ) ;
#3681 = ORIENTED_EDGE ( 'NONE', *, *, #1096, .T. ) ;
#3682 = FACE_OUTER_BOUND ( 'NONE', #3457, .T. ) ;
#3683 = LINE ( 'NONE', #2431, #3664 ) ;
#3684 = DIRECTION ( 'NONE',  ( 1.000000000000000000, 0.000000000000000000, 0.000000000000000000 ) ) ;
#3685 = FILL_AREA_STYLE_COLOUR ( '', #478 ) ;
#3686 = ADVANCED_FACE ( 'NONE', ( #1549 ), #2839, .T. ) ;
#3687 = PLANE ( 'NONE',  #393 ) ;
#3688 = VECTOR ( 'NONE', #1724, 1000.000000000000000 ) ;
#3689 = EDGE_CURVE ( 'NONE', #960, #3968, #1928, .T. ) ;
#3690 = CARTESIAN_POINT ( 'NONE',  ( 0.6453641367668763174, 2.799999999999999822, -2.919619160372859845 ) ) ;
#3691 = CARTESIAN_POINT ( 'NONE',  ( 0.000000000000000000, 0.2000000000000000111, -2.399999999999999467 ) ) ;
#3692 = DIRECTION ( 'NONE',  ( -0.9999977812725502346, 0.000000000000000000, 0.002106525569938934306 ) ) ;
#3693 = COLOUR_RGB ( '',0.5019607843137254832, 0.5019607843137254832, 0.5019607843137254832 ) ;
#3694 = FILL_AREA_STYLE_COLOUR ( '', #3430 ) ;
#3695 = SURFACE_SIDE_STYLE ('',( #2447 ) ) ;
#3696 = DIRECTION ( 'NONE',  ( -1.000000000000000000, 0.000000000000000000, 0.000000000000000000 ) ) ;
#3697 = CARTESIAN_POINT ( 'NONE',  ( 2.628587906548825792, 2.801000000000000600, -2.260484961068218279 ) ) ;
#3698 = EDGE_CURVE ( 'NONE', #2400, #846, #682, .T. ) ;
#3699 = DIRECTION ( 'NONE',  ( 0.7196189619724782105, 0.000000000000000000, -0.6943691738330936003 ) ) ;
#3700 = VECTOR ( 'NONE', #4035, 1000.000000000000000 ) ;
#3701 = VERTEX_POINT ( 'NONE', #3644 ) ;
#3702 = CARTESIAN_POINT ( 'NONE',  ( 2.580198604880716839, 2.800000000000000266, -4.251391776662132749 ) ) ;
#3703 = CARTESIAN_POINT ( 'NONE',  ( 4.872298660576400486, 2.801000000000000156, -2.298711422277621708 ) ) ;
#3704 = ORIENTED_EDGE ( 'NONE', *, *, #1430, .F. ) ;
#3705 = ORIENTED_EDGE ( 'NONE', *, *, #4913, .T. ) ;
#3706 = VERTEX_POINT ( 'NONE', #1079 ) ;
#3707 = DIRECTION ( 'NONE',  ( 0.5439759087383276848, 0.000000000000000000, 0.8391008346511821259 ) ) ;
#3708 = PRESENTATION_LAYER_ASSIGNMENT (  '', '', ( #5145 ) ) ;
#3709 = STYLED_ITEM ( 'NONE', ( #783 ), #5034 ) ;
#3710 = FILL_AREA_STYLE ('',( #286 ) ) ;
#3711 = UNCERTAINTY_MEASURE_WITH_UNIT (LENGTH_MEASURE( 1.000000000000000082E-05 ), #4173, 'distance_accuracy_value', 'NONE');
#3712 = VERTEX_POINT ( 'NONE', #1053 ) ;
#3713 = FACE_OUTER_BOUND ( 'NONE', #4138, .T. ) ;
#3714 = CARTESIAN_POINT ( 'NONE',  ( 1.638667708195447714, 2.799999999999999822, -2.264113207991907739 ) ) ;
#3715 = EDGE_LOOP ( 'NONE', ( #2091, #4104, #340, #4312 ) ) ;
#3716 = DIRECTION ( 'NONE',  ( -0.000000000000000000, 0.000000000000000000, 1.000000000000000000 ) ) ;
#3717 =( GEOMETRIC_REPRESENTATION_CONTEXT ( 3 ) GLOBAL_UNCERTAINTY_ASSIGNED_CONTEXT ( ( #4116 ) ) GLOBAL_UNIT_ASSIGNED_CONTEXT ( ( #3177, #1410, #4483 ) ) REPRESENTATION_CONTEXT ( 'NONE', 'WORKASPACE' ) );
#3718 = VECTOR ( 'NONE', #3021, 1000.000000000000114 ) ;
#3719 = DIRECTION ( 'NONE',  ( -0.000000000000000000, -1.000000000000000000, -0.000000000000000000 ) ) ;
#3720 = SURFACE_SIDE_STYLE ('',( #4145 ) ) ;
#3721 = SURFACE_STYLE_USAGE ( .BOTH. , #2863 ) ;
#3722 =( GEOMETRIC_REPRESENTATION_CONTEXT ( 3 ) GLOBAL_UNCERTAINTY_ASSIGNED_CONTEXT ( ( #277 ) ) GLOBAL_UNIT_ASSIGNED_CONTEXT ( ( #3633, #644, #3790 ) ) REPRESENTATION_CONTEXT ( 'NONE', 'WORKASPACE' ) );
#3723 = CARTESIAN_POINT ( 'NONE',  ( 2.136803533547675826, 2.801000000000000156, -2.986541802393994249 ) ) ;
#3724 = LINE ( 'NONE', #2013, #3285 ) ;
#3725 =( LENGTH_UNIT ( ) NAMED_UNIT ( * ) SI_UNIT ( .MILLI., .METRE. ) );
#3726 = CARTESIAN_POINT ( 'NONE',  ( 2.040977803226887044, 2.801000000000000156, -2.879528197688983937 ) ) ;
#3727 = CARTESIAN_POINT ( 'NONE',  ( 2.679322508634025102, 2.800999999999999268, -2.267985031727432155 ) ) ;
#3728 = ADVANCED_FACE ( 'NONE', ( #5436 ), #2649, .T. ) ;
#3729 = VECTOR ( 'NONE', #2132, 1000.000000000000000 ) ;
#3730 = LINE ( 'NONE', #3814, #4607 ) ;
#3731 = ORIENTED_EDGE ( 'NONE', *, *, #305, .F. ) ;
#3732 = CARTESIAN_POINT ( 'NONE',  ( 5.756599255814495386, 2.799999999999999822, -4.113443565134764945 ) ) ;
#3733 = ORIENTED_EDGE ( 'NONE', *, *, #2587, .T. ) ;
#3734 = PRESENTATION_LAYER_ASSIGNMENT (  '', '', ( #3923 ) ) ;
#3735 = EDGE_LOOP ( 'NONE', ( #388, #773, #2641, #756 ) ) ;
#3736 = ORIENTED_EDGE ( 'NONE', *, *, #3417, .T. ) ;
#3737 = SURFACE_STYLE_USAGE ( .BOTH. , #285 ) ;
#3738 = CARTESIAN_POINT ( 'NONE',  ( 3.959352232004971661, 2.801000000000000156, -2.367907850849050977 ) ) ;
#3739 = CARTESIAN_POINT ( 'NONE',  ( 4.375656642977042488, 2.800999999999999712, -4.241162251648592729 ) ) ;
#3740 = ORIENTED_EDGE ( 'NONE', *, *, #2482, .F. ) ;
#3741 =( LENGTH_UNIT ( ) NAMED_UNIT ( * ) SI_UNIT ( .MILLI., .METRE. ) );
#3742 = ORIENTED_EDGE ( 'NONE', *, *, #5091, .T. ) ;
#3743 = CARTESIAN_POINT ( 'NONE',  ( 1.530205565075822394, 2.800000000000000266, -2.291897330752552087 ) ) ;
#3744 = ORIENTED_EDGE ( 'NONE', *, *, #523, .F. ) ;
#3745 = SURFACE_STYLE_USAGE ( .BOTH. , #4228 ) ;
#3746 = PLANE ( 'NONE',  #5360 ) ;
#3747 = CARTESIAN_POINT ( 'NONE',  ( 2.120066517719257693, 2.801000000000000156, -2.912178684182384014 ) ) ;
#3748 = VECTOR ( 'NONE', #2890, 1000.000000000000000 ) ;
#3749 = DIRECTION ( 'NONE',  ( 1.000000000000000000, 0.000000000000000000, 0.000000000000000000 ) ) ;
#3750 = DIRECTION ( 'NONE',  ( -0.6942143843682679893, 0.000000000000000000, 0.7197682880873446098 ) ) ;
#3751 = DIRECTION ( 'NONE',  ( 0.9550641368112350316, 0.000000000000000000, -0.2963992148724595710 ) ) ;
#3752 = EDGE_LOOP ( 'NONE', ( #3296, #4234, #871, #2397 ) ) ;
#3753 =( NAMED_UNIT ( * ) PLANE_ANGLE_UNIT ( ) SI_UNIT ( $, .RADIAN. ) );
#3754 = MECHANICAL_DESIGN_GEOMETRIC_PRESENTATION_REPRESENTATION (  '', ( #1500 ), #5280 ) ;
#3755 = FACE_OUTER_BOUND ( 'NONE', #5377, .T. ) ;
#3756 = CARTESIAN_POINT ( 'NONE',  ( 6.099999999999999645, 2.799999999999999822, -6.599999999999999645 ) ) ;
#3757 = EDGE_CURVE ( 'NONE', #632, #2873, #2588, .T. ) ;
#3758 = CARTESIAN_POINT ( 'NONE',  ( 2.539337351052590730, 2.800000000000000266, -4.197892969896670046 ) ) ;
#3759 = UNCERTAINTY_MEASURE_WITH_UNIT (LENGTH_MEASURE( 1.000000000000000082E-05 ), #610, 'distance_accuracy_value', 'NONE');
#3760 = CARTESIAN_POINT ( 'NONE',  ( 4.708639513667952414, 2.800000000000000266, -2.367412547260694833 ) ) ;
#3761 = ORIENTED_EDGE ( 'NONE', *, *, #2135, .F. ) ;
#3762 = ORIENTED_EDGE ( 'NONE', *, *, #1610, .T. ) ;
#3763 = DIRECTION ( 'NONE',  ( -0.9550641368112350316, 0.000000000000000000, 0.2963992148724595155 ) ) ;
#3764 = CARTESIAN_POINT ( 'NONE',  ( 4.700966236964810641, 2.799999999999999822, -2.338886637735273943 ) ) ;
#3765 = UNCERTAINTY_MEASURE_WITH_UNIT (LENGTH_MEASURE( 1.000000000000000082E-05 ), #2998, 'distance_accuracy_value', 'NONE');
#3766 = CARTESIAN_POINT ( 'NONE',  ( 0.8711825891478286454, 2.801000000000000156, -3.045735231801431908 ) ) ;
#3767 = ORIENTED_EDGE ( 'NONE', *, *, #3873, .T. ) ;
#3768 = CARTESIAN_POINT ( 'NONE',  ( 1.521449393661624461, 2.799999999999998934, -2.306792017588400245 ) ) ;
#3769 = B_SPLINE_CURVE_WITH_KNOTS ( 'NONE', 3,
 ( #947, #4363, #503, #1818, #3934, #93, #1786 ),
 .UNSPECIFIED., .F., .F.,
 ( 4, 1, 1, 1, 4 ),
 ( 0.000000000000000000, 0.2719906798524851510, 0.5245972286631804815, 0.7632921385451736374, 1.000000000000000000 ),
 .UNSPECIFIED. ) ;
#3770 = VERTEX_POINT ( 'NONE', #5090 ) ;
#3771 = DIRECTION ( 'NONE',  ( 0.4703557148957978051, 0.000000000000000000, -0.8824769127092577659 ) ) ;
#3772 = PLANE ( 'NONE',  #1632 ) ;
#3773 = CARTESIAN_POINT ( 'NONE',  ( 2.702739394285250452, 2.800000000000000266, -2.281398828088374575 ) ) ;
#3774 = FILL_AREA_STYLE_COLOUR ( '', #1387 ) ;
#3775 = CARTESIAN_POINT ( 'NONE',  ( 1.704918107026146545, 2.801000000000000600, -4.172424589528856309 ) ) ;
#3776 = EDGE_CURVE ( 'NONE', #342, #1944, #3472, .T. ) ;
#3777 = LINE ( 'NONE', #3366, #2355 ) ;
#3778 = CARTESIAN_POINT ( 'NONE',  ( 3.858905803433542836, 2.799999999999999822, -2.260020946087145877 ) ) ;
#3779 = PRESENTATION_LAYER_ASSIGNMENT (  '', '', ( #3086 ) ) ;
#3780 = ORIENTED_EDGE ( 'NONE', *, *, #2598, .F. ) ;
#3781 =( LENGTH_UNIT ( ) NAMED_UNIT ( * ) SI_UNIT ( .MILLI., .METRE. ) );
#3782 = LINE ( 'NONE', #715, #4433 ) ;
#3783 = SURFACE_SIDE_STYLE ('',( #2076 ) ) ;
#3784 = CARTESIAN_POINT ( 'NONE',  ( 3.962062705107192606, 2.800999999999998824, -2.303842519916061260 ) ) ;
#3785 = COLOUR_RGB ( '',0.6901960784313725394, 0.6117647058823529882, 0.5294117647058823595 ) ;
#3786 = ORIENTED_EDGE ( 'NONE', *, *, #1521, .T. ) ;
#3787 = EDGE_CURVE ( 'NONE', #2639, #4354, #357, .T. ) ;
#3788 = EDGE_CURVE ( 'NONE', #4273, #1154, #769, .T. ) ;
#3789 = ORIENTED_EDGE ( 'NONE', *, *, #4771, .F. ) ;
#3790 =( NAMED_UNIT ( * ) SI_UNIT ( $, .STERADIAN. ) SOLID_ANGLE_UNIT ( ) );
#3791 = SURFACE_STYLE_FILL_AREA ( #3030 ) ;
#3792 = CARTESIAN_POINT ( 'NONE',  ( 0.000000000000000000, 0.000000000000000000, 0.000000000000000000 ) ) ;
#3793 = ORIENTED_EDGE ( 'NONE', *, *, #4848, .F. ) ;
#3794 = SURFACE_STYLE_USAGE ( .BOTH. , #437 ) ;
#3795 = COLOUR_RGB ( '',0.5019607843137254832, 0.5019607843137254832, 0.5019607843137254832 ) ;
#3796 = COLOUR_RGB ( '',0.7529411764705882248, 0.7529411764705882248, 0.7529411764705882248 ) ;
#3797 = ORIENTED_EDGE ( 'NONE', *, *, #2420, .F. ) ;
#3798 = MECHANICAL_DESIGN_GEOMETRIC_PRESENTATION_REPRESENTATION (  '', ( #5323 ), #1921 ) ;
#3799 = CARTESIAN_POINT ( 'NONE',  ( 1.515527827243066783, 2.799999999999999822, -2.342982255610955633 ) ) ;
#3800 = VERTEX_POINT ( 'NONE', #2069 ) ;
#3801 = CARTESIAN_POINT ( 'NONE',  ( 3.699307589147828867, 2.799999999999999822, -3.520437612753812395 ) ) ;
#3802 = MECHANICAL_DESIGN_GEOMETRIC_PRESENTATION_REPRESENTATION (  '', ( #5322 ), #4351 ) ;
#3803 = MECHANICAL_DESIGN_GEOMETRIC_PRESENTATION_REPRESENTATION (  '', ( #658 ), #4878 ) ;
#3804 = CARTESIAN_POINT ( 'NONE',  ( 2.679322508634025102, 2.799999999999998934, -2.267985031727432155 ) ) ;
#3805 = ADVANCED_FACE ( 'NONE', ( #1218 ), #2926, .T. ) ;
#3806 = STYLED_ITEM ( 'NONE', ( #2809 ), #2246 ) ;
#3807 = COLOUR_RGB ( '',0.6901960784313725394, 0.6117647058823529882, 0.5294117647058823595 ) ;
#3808 = CARTESIAN_POINT ( 'NONE',  ( 2.585096279624019111, 2.801000000000000156, -4.253324517515717496 ) ) ;
#3809 = EDGE_LOOP ( 'NONE', ( #1948, #5032, #3048, #5206 ) ) ;
#3811 = VECTOR ( 'NONE', #3051, 1000.000000000000000 ) ;
#3810 = PRODUCT_DEFINITION_FORMATION_WITH_SPECIFIED_SOURCE ( 'ANY', '', #87, .NOT_KNOWN. ) ;
#3812 = CARTESIAN_POINT ( 'NONE',  ( 3.924959472458255938, 2.800000000000000266, -2.270293551157293699 ) ) ;
#3813 = CARTESIAN_POINT ( 'NONE',  ( 1.638667708195447714, 2.799999999999999822, -2.264113207991907739 ) ) ;
#3814 = CARTESIAN_POINT ( 'NONE',  ( 6.799999999999999822, 1.399999999999999911, -2.499999999999999556 ) ) ;
#3815 = CARTESIAN_POINT ( 'NONE',  ( 2.557686773900425425, 2.800000000000000711, -4.234854824222548331 ) ) ;
#3816 = CARTESIAN_POINT ( 'NONE',  ( 2.031524851052590730, 2.801000000000000156, -2.879068565134764945 ) ) ;
#3817 = ORIENTED_EDGE ( 'NONE', *, *, #4140, .F. ) ;
#3818 = ORIENTED_EDGE ( 'NONE', *, *, #2940, .T. ) ;
#3819 = CARTESIAN_POINT ( 'NONE',  ( 3.953170142648216867, 2.800000000000001599, -2.289995659071200951 ) ) ;
#3820 = CARTESIAN_POINT ( 'NONE',  ( 4.708639513667952414, 2.800000000000000266, -2.367412547260694833 ) ) ;
#3821 = UNCERTAINTY_MEASURE_WITH_UNIT (LENGTH_MEASURE( 1.000000000000000082E-05 ), #4079, 'distance_accuracy_value', 'NONE');
#3822 = STYLED_ITEM ( 'NONE', ( #1922 ), #4076 ) ;
#3823 = LINE ( 'NONE', #2007, #135 ) ;
#3824 = FILL_AREA_STYLE ('',( #1260 ) ) ;
#3825 = ORIENTED_EDGE ( 'NONE', *, *, #1149, .F. ) ;
#3826 = DIRECTION ( 'NONE',  ( 0.8235925853901564508, -0.000000000000000000, 0.5671818520460241153 ) ) ;
#3827 = DIRECTION ( 'NONE',  ( -0.000000000000000000, 1.000000000000000000, -0.000000000000000000 ) ) ;
#3828 = STYLED_ITEM ( 'NONE', ( #3632 ), #4385 ) ;
#3829 = ORIENTED_EDGE ( 'NONE', *, *, #1696, .F. ) ;
#3830 = CARTESIAN_POINT ( 'NONE',  ( 5.756599255814495386, 2.799999999999999822, -4.113443565134764945 ) ) ;
#3831 = CARTESIAN_POINT ( 'NONE',  ( 1.601223468878472556, 2.801000000000000156, -2.260087464864511286 ) ) ;
#3832 = EDGE_CURVE ( 'NONE', #2122, #1182, #415, .T. ) ;
#3833 = DIRECTION ( 'NONE',  ( 0.000000000000000000, -0.000000000000000000, 1.000000000000000000 ) ) ;
#3834 = CARTESIAN_POINT ( 'NONE',  ( 2.120066517719257693, 2.801000000000000156, -2.912178684182384014 ) ) ;
#3835 = SURFACE_STYLE_FILL_AREA ( #2475 ) ;
#3836 = FILL_AREA_STYLE_COLOUR ( '', #821 ) ;
#3837 = B_SPLINE_CURVE_WITH_KNOTS ( 'NONE', 3,
 ( #4620, #296, #1216, #5033, #767, #5434, #3284 ),
 .UNSPECIFIED., .F., .F.,
 ( 4, 1, 1, 1, 4 ),
 ( 0.000000000000000000, 0.2062517654139579548, 0.4319324840339132110, 0.6946932877821256902, 1.000000000000000000 ),
 .UNSPECIFIED. ) ;
#3838 = B_SPLINE_SURFACE_WITH_KNOTS ( 'NONE', 3, 1, ( 
 ( #2988, #4111 ),
 ( #422, #3842 ),
 ( #1702, #2852 ),
 ( #4163, #3428 ),
 ( #260, #4553 ),
 ( #859, #1277 ),
 ( #1970, #3813 ) ),
 .UNSPECIFIED., .F., .F., .F.,
 ( 4, 1, 1, 1, 4 ),
 ( 2, 2 ),
 ( 0.000000000000000000, 0.2443690132959770722, 0.4827626475364041325, 0.7322427434268926616, 1.000000000000000000 ),
 ( 0.000000000000000000, 1.000000000000000000 ),
 .UNSPECIFIED. ) ;
#3839 =( NAMED_UNIT ( * ) PLANE_ANGLE_UNIT ( ) SI_UNIT ( $, .RADIAN. ) );
#3840 = ORIENTED_EDGE ( 'NONE', *, *, #4670, .T. ) ;
#3841 = CARTESIAN_POINT ( 'NONE',  ( 1.515527827243066783, 2.799999999999999822, -2.342982255610955633 ) ) ;
#3842 = CARTESIAN_POINT ( 'NONE',  ( 1.702903705241341159, 2.799999999999999822, -2.318068994664077120 ) ) ;
#3843 = CARTESIAN_POINT ( 'NONE',  ( 0.6667631864263182662, 2.800000000000000266, -2.892688970215091082 ) ) ;
#3844 = CARTESIAN_POINT ( 'NONE',  ( 3.804716225687599263, 2.800000000000000266, -2.283307526409447785 ) ) ;
#3845 = CARTESIAN_POINT ( 'NONE',  ( 4.700966236964810641, 2.801000000000000156, -2.338886637735273943 ) ) ;
#3846 = COLOUR_RGB ( '',0.5019607843137254832, 0.5019607843137254832, 0.5019607843137254832 ) ;
#3847 =( LENGTH_UNIT ( ) NAMED_UNIT ( * ) SI_UNIT ( .MILLI., .METRE. ) );
#3848 = CARTESIAN_POINT ( 'NONE',  ( 4.776316517719257249, 2.799999999999999822, -2.260020946087145877 ) ) ;
#3849 = EDGE_CURVE ( 'NONE', #712, #1323, #738, .T. ) ;
#3850 = CARTESIAN_POINT ( 'NONE',  ( 2.539337351052590730, 2.799999999999999822, -2.339634041325241220 ) ) ;
#3851 =( LENGTH_UNIT ( ) NAMED_UNIT ( * ) SI_UNIT ( .MILLI., .METRE. ) );
#3852 = ORIENTED_EDGE ( 'NONE', *, *, #4546, .F. ) ;
#3853 = CARTESIAN_POINT ( 'NONE',  ( 5.756599255814495386, 2.801000000000000156, -4.113443565134764945 ) ) ;
#3854 = CARTESIAN_POINT ( 'NONE',  ( 1.706004017719257471, 2.801000000000000156, -4.144693565134764945 ) ) ;
#3855 = VERTEX_POINT ( 'NONE', #3747 ) ;
#3856 = CARTESIAN_POINT ( 'NONE',  ( 2.539638109037174907, 2.801000000000000600, -2.332351790780141432 ) ) ;
#3857 = EDGE_LOOP ( 'NONE', ( #2669, #720, #1176, #73 ) ) ;
#3858 = SURFACE_SIDE_STYLE ('',( #766 ) ) ;
#3859 = CARTESIAN_POINT ( 'NONE',  ( 3.967908779624019111, 2.799999999999999822, -3.835541779420479358 ) ) ;
#3860 = FACE_OUTER_BOUND ( 'NONE', #4700, .T. ) ;
#3861 = DIRECTION ( 'NONE',  ( -0.000000000000000000, -1.000000000000000000, -0.000000000000000000 ) ) ;
#3862 = PRESENTATION_STYLE_ASSIGNMENT (( #2251 ) ) ;
#3863 = ORIENTED_EDGE ( 'NONE', *, *, #475, .T. ) ;
#3864 = FILL_AREA_STYLE_COLOUR ( '', #1327 ) ;
#3865 = DIRECTION ( 'NONE',  ( 0.000000000000000000, 0.000000000000000000, -1.000000000000000000 ) ) ;
#3866 = LINE ( 'NONE', #1335, #3903 ) ;
#3867 = B_SPLINE_CURVE_WITH_KNOTS ( 'NONE', 3,
 ( #980, #4885, #615, #2438, #3663, #412, #791 ),
 .UNSPECIFIED., .F., .F.,
 ( 4, 1, 1, 1, 4 ),
 ( 0.000000000000000000, 0.2319038929630343471, 0.4705984142078326049, 0.7200705938274238882, 1.000000000000000000 ),
 .UNSPECIFIED. ) ;
#3868 = CARTESIAN_POINT ( 'NONE',  ( 3.967908779624019111, 2.801000000000000156, -2.338145946087145877 ) ) ;
#3869 = VECTOR ( 'NONE', #998, 1000.000000000000000 ) ;
#3870 = MECHANICAL_DESIGN_GEOMETRIC_PRESENTATION_REPRESENTATION (  '', ( #1804 ), #2992 ) ;
#3871 =( NAMED_UNIT ( * ) PLANE_ANGLE_UNIT ( ) SI_UNIT ( $, .RADIAN. ) );
#3872 = ORIENTED_EDGE ( 'NONE', *, *, #366, .T. ) ;
#3873 = EDGE_CURVE ( 'NONE', #1119, #949, #5065, .T. ) ;
#3874 = B_SPLINE_CURVE_WITH_KNOTS ( 'NONE', 3,
 ( #1711, #5368, #3032, #2576, #4090 ),
 .UNSPECIFIED., .F., .F.,
 ( 4, 1, 4 ),
 ( 0.000000000000000000, 0.6617062150086834293, 1.000000000000000000 ),
 .UNSPECIFIED. ) ;
#3875 = CARTESIAN_POINT ( 'NONE',  ( 0.6533457329910382638, 2.799999999999999378, -2.904117367797359517 ) ) ;
#3876 = CARTESIAN_POINT ( 'NONE',  ( 1.515527827243066783, 2.799999999999999822, -3.981375112753812839 ) ) ;
#3877 = CARTESIAN_POINT ( 'NONE',  ( 2.726924089993672862, 2.801000000000000156, -2.312172092813415958 ) ) ;
#3878 = UNCERTAINTY_MEASURE_WITH_UNIT (LENGTH_MEASURE( 1.000000000000000082E-05 ), #3851, 'distance_accuracy_value', 'NONE');
#3879 = VECTOR ( 'NONE', #1344, 1000.000000000000000 ) ;
#3880 = SURFACE_STYLE_USAGE ( .BOTH. , #404 ) ;
#3881 = ORIENTED_EDGE ( 'NONE', *, *, #1707, .T. ) ;
#3882 = FACE_OUTER_BOUND ( 'NONE', #3657, .T. ) ;
#3883 = EDGE_LOOP ( 'NONE', ( #782, #3943, #3197, #4910, #2741, #5232, #1093 ) ) ;
#3884 = COLOUR_RGB ( '',0.7529411764705882248, 0.7529411764705882248, 0.7529411764705882248 ) ;
#3885 = DIRECTION ( 'NONE',  ( 0.6943691738330934893, 0.000000000000000000, 0.7196189619724783215 ) ) ;
#3886 = ORIENTED_EDGE ( 'NONE', *, *, #4967, .F. ) ;
#3887 =( LENGTH_UNIT ( ) NAMED_UNIT ( * ) SI_UNIT ( .MILLI., .METRE. ) );
#3888 = B_SPLINE_SURFACE_WITH_KNOTS ( 'NONE', 3, 1, ( 
 ( #1072, #319 ),
 ( #2496, #4222 ),
 ( #808, #5054 ),
 ( #5423, #2544 ),
 ( #3739, #4692 ),
 ( #4195, #2947 ),
 ( #348, #374 ) ),
 .UNSPECIFIED., .F., .F., .F.,
 ( 4, 1, 1, 1, 4 ),
 ( 2, 2 ),
 ( 0.000000000000000000, 0.2759300792207734498, 0.5210073219011515100, 0.7540400476450355161, 1.000000000000000000 ),
 ( 0.000000000000000000, 1.000000000000000000 ),
 .UNSPECIFIED. ) ;
#3889 =( NAMED_UNIT ( * ) SI_UNIT ( $, .STERADIAN. ) SOLID_ANGLE_UNIT ( ) );
#3890 = AXIS2_PLACEMENT_3D ( 'NONE', #1129, #2439, #205 ) ;
#3891 = MECHANICAL_DESIGN_GEOMETRIC_PRESENTATION_REPRESENTATION (  '', ( #3102 ), #3263 ) ;
#3892 =( GEOMETRIC_REPRESENTATION_CONTEXT ( 3 ) GLOBAL_UNCERTAINTY_ASSIGNED_CONTEXT ( ( #1179 ) ) GLOBAL_UNIT_ASSIGNED_CONTEXT ( ( #1399, #1798, #1963 ) ) REPRESENTATION_CONTEXT ( 'NONE', 'WORKASPACE' ) );
#3893 =( LENGTH_UNIT ( ) NAMED_UNIT ( * ) SI_UNIT ( .MILLI., .METRE. ) );
#3894 = MECHANICAL_DESIGN_GEOMETRIC_PRESENTATION_REPRESENTATION (  '', ( #2205 ), #4793 ) ;
#3895 = STYLED_ITEM ( 'NONE', ( #1063 ), #5208 ) ;
#3896 = CARTESIAN_POINT ( 'NONE',  ( 2.650944493909733524, 2.801000000000000156, -2.260020946087145877 ) ) ;
#3897 =( NAMED_UNIT ( * ) PLANE_ANGLE_UNIT ( ) SI_UNIT ( $, .RADIAN. ) );
#3898 =( NAMED_UNIT ( * ) SI_UNIT ( $, .STERADIAN. ) SOLID_ANGLE_UNIT ( ) );
#3899 =( GEOMETRIC_REPRESENTATION_CONTEXT ( 3 ) GLOBAL_UNCERTAINTY_ASSIGNED_CONTEXT ( ( #1509 ) ) GLOBAL_UNIT_ASSIGNED_CONTEXT ( ( #3480, #3839, #3126 ) ) REPRESENTATION_CONTEXT ( 'NONE', 'WORKASPACE' ) );
#3900 = STYLED_ITEM ( 'NONE', ( #4045 ), #4465 ) ;
#3901 = FILL_AREA_STYLE ('',( #2201 ) ) ;
#3902 = CARTESIAN_POINT ( 'NONE',  ( 1.597236870358634153, 2.801000000000000156, -4.259662336021026618 ) ) ;
#3903 = VECTOR ( 'NONE', #4797, 1000.000000000000000 ) ;
#3904 =( NAMED_UNIT ( * ) SI_UNIT ( $, .STERADIAN. ) SOLID_ANGLE_UNIT ( ) );
#3905 = EDGE_CURVE ( 'NONE', #5016, #1528, #2523, .T. ) ;
#3906 = ORIENTED_EDGE ( 'NONE', *, *, #4386, .F. ) ;
#3907 = ORIENTED_EDGE ( 'NONE', *, *, #1124, .T. ) ;
#3908 = ORIENTED_EDGE ( 'NONE', *, *, #1441, .T. ) ;
#3909 =( LENGTH_UNIT ( ) NAMED_UNIT ( * ) SI_UNIT ( .MILLI., .METRE. ) );
#3910 = B_SPLINE_CURVE_WITH_KNOTS ( 'NONE', 3,
 ( #1581, #2957, #2068, #3773, #3804, #5488, #5518 ),
 .UNSPECIFIED., .F., .F.,
 ( 4, 1, 1, 1, 4 ),
 ( 0.000000000000000000, 0.2181083517586241416, 0.4454745764988385370, 0.6995429372307081506, 1.000000000000000000 ),
 .UNSPECIFIED. ) ;
#3911 = PLANE ( 'NONE',  #5391 ) ;
#3912 = CARTESIAN_POINT ( 'NONE',  ( 2.729813541528781862, 2.801000000000000600, -2.319172731801431908 ) ) ;
#3913 = SURFACE_STYLE_USAGE ( .BOTH. , #482 ) ;
#3914 = ORIENTED_EDGE ( 'NONE', *, *, #178, .F. ) ;
#3915 = CARTESIAN_POINT ( 'NONE',  ( 1.549009970100209577, 2.799999999999999822, -4.238443565134764945 ) ) ;
#3916 = VERTEX_POINT ( 'NONE', #3094 ) ;
#3917 = CARTESIAN_POINT ( 'NONE',  ( 2.539638109037174907, 2.800000000000001155, -2.332351790780141432 ) ) ;
#3918 = ORIENTED_EDGE ( 'NONE', *, *, #4600, .F. ) ;
#3919 = SURFACE_STYLE_USAGE ( .BOTH. , #5211 ) ;
#3920 = STYLED_ITEM ( 'NONE', ( #3247 ), #4013 ) ;
#3921 = SURFACE_STYLE_USAGE ( .BOTH. , #1326 ) ;
#3922 = SURFACE_SIDE_STYLE ('',( #5185 ) ) ;
#3923 = STYLED_ITEM ( 'NONE', ( #1212 ), #4169 ) ;
#3924 =( NAMED_UNIT ( * ) PLANE_ANGLE_UNIT ( ) SI_UNIT ( $, .RADIAN. ) );
#3925 = CIRCLE ( 'NONE', #2489, 0.5000000000000000000 ) ;
#3926 = ADVANCED_FACE ( 'NONE', ( #110 ), #1838, .T. ) ;
#3927 =( NAMED_UNIT ( * ) PLANE_ANGLE_UNIT ( ) SI_UNIT ( $, .RADIAN. ) );
#3928 = PRESENTATION_STYLE_ASSIGNMENT (( #4321 ) ) ;
#3929 = FILL_AREA_STYLE ('',( #451 ) ) ;
#3930 = CARTESIAN_POINT ( 'NONE',  ( 1.590132328685944341, 2.799999999999999378, -2.260104022991765049 ) ) ;
#3931 = CARTESIAN_POINT ( 'NONE',  ( 0.6533457329910382638, 2.800999999999999712, -2.904117367797359517 ) ) ;
#3932 = CARTESIAN_POINT ( 'NONE',  ( 2.539337351052590730, 2.801000000000000156, -2.339634041325241220 ) ) ;
#3933 = SURFACE_STYLE_FILL_AREA ( #4765 ) ;
#3934 = CARTESIAN_POINT ( 'NONE',  ( 5.731348746205365607, 2.800999999999999712, -4.244751672640896700 ) ) ;
#3935 = CARTESIAN_POINT ( 'NONE',  ( 1.542313541528781196, 2.801000000000000600, -2.280110231801431908 ) ) ;
#3936 = ORIENTED_EDGE ( 'NONE', *, *, #2507, .F. ) ;
#3937 = EDGE_CURVE ( 'NONE', #3770, #900, #1328, .T. ) ;
#3938 = PRESENTATION_STYLE_ASSIGNMENT (( #3963 ) ) ;
#3939 = CARTESIAN_POINT ( 'NONE',  ( 5.400000000000000355, 0.2000000000000000111, -2.399999999999999911 ) ) ;
#3940 = CARTESIAN_POINT ( 'NONE',  ( 0.6345754462906857407, 2.801000000000000156, -2.955705469896669602 ) ) ;
#3941 = UNCERTAINTY_MEASURE_WITH_UNIT (LENGTH_MEASURE( 1.000000000000000082E-05 ), #3650, 'distance_accuracy_value', 'NONE');
#3942 =( LENGTH_UNIT ( ) NAMED_UNIT ( * ) SI_UNIT ( .MILLI., .METRE. ) );
#3943 = ORIENTED_EDGE ( 'NONE', *, *, #1299, .T. ) ;
#3944 =( NAMED_UNIT ( * ) PLANE_ANGLE_UNIT ( ) SI_UNIT ( $, .RADIAN. ) );
#3945 = CARTESIAN_POINT ( 'NONE',  ( 1.515527827243066783, 2.801000000000000156, -3.981375112753812839 ) ) ;
#3946 = EDGE_LOOP ( 'NONE', ( #4596, #2818, #5287, #407 ) ) ;
#3947 = DIRECTION ( 'NONE',  ( -0.7096097904480882512, 0.000000000000000000, 0.7045948802682433509 ) ) ;
#3948 = EDGE_LOOP ( 'NONE', ( #3267, #3349, #5060, #3120 ) ) ;
#3949 = CARTESIAN_POINT ( 'NONE',  ( 1.642070951680730806, 2.800999999999999712, -4.251527269350097171 ) ) ;
#3950 = FACE_OUTER_BOUND ( 'NONE', #5046, .T. ) ;
#3951 = LINE ( 'NONE', #109, #4249 ) ;
#3952 = EDGE_CURVE ( 'NONE', #1145, #322, #4835, .T. ) ;
#3953 = CARTESIAN_POINT ( 'NONE',  ( 0.6453641367668763174, 2.799999999999999822, -2.919619160372859845 ) ) ;
#3954 = CARTESIAN_POINT ( 'NONE',  ( 6.799999999999999822, 1.399999999999999911, -4.099999999999999645 ) ) ;
#3955 = CARTESIAN_POINT ( 'NONE',  ( 0.6421757227959428160, 2.799999999999999378, -2.924808674561520494 ) ) ;
#3956 = CARTESIAN_POINT ( 'NONE',  ( 1.545363580360915590, 2.800000000000000266, -2.276889338386461681 ) ) ;
#3957 = CARTESIAN_POINT ( 'NONE',  ( 4.348861160576400486, 2.799999999999999822, -4.167014993706193771 ) ) ;
#3958 = DIRECTION ( 'NONE',  ( -1.000000000000000000, 0.000000000000000000, 0.000000000000000000 ) ) ;
#3959 = CARTESIAN_POINT ( 'NONE',  ( 2.557686773900425425, 2.800000000000000266, -4.234854824222548331 ) ) ;
#3960 = FILL_AREA_STYLE ('',( #4821 ) ) ;
#3961 = ORIENTED_EDGE ( 'NONE', *, *, #3966, .F. ) ;
#3962 = AXIS2_PLACEMENT_3D ( 'NONE', #1552, #387, #5403 ) ;
#3963 = SURFACE_STYLE_USAGE ( .BOTH. , #431 ) ;
#3964 = CARTESIAN_POINT ( 'NONE',  ( 5.599999999999999645, 0.2000000000000000111, -2.499999999999999556 ) ) ;
#3965 = SURFACE_STYLE_FILL_AREA ( #5203 ) ;
#3966 = EDGE_CURVE ( 'NONE', #2155, #2877, #2304, .T. ) ;
#3967 = CARTESIAN_POINT ( 'NONE',  ( 1.515527827243066783, 2.801000000000000156, -3.981375112753812839 ) ) ;
#3968 = VERTEX_POINT ( 'NONE', #988 ) ;
#3969 = LINE ( 'NONE', #4987, #485 ) ;
#3970 = PRESENTATION_STYLE_ASSIGNMENT (( #4525 ) ) ;
#3971 = ORIENTED_EDGE ( 'NONE', *, *, #3757, .F. ) ;
#3972 = FACE_OUTER_BOUND ( 'NONE', #2881, .T. ) ;
#3973 = VERTEX_POINT ( 'NONE', #4349 ) ;
#3974 = SURFACE_STYLE_USAGE ( .BOTH. , #465 ) ;
#3975 =( GEOMETRIC_REPRESENTATION_CONTEXT ( 3 ) GLOBAL_UNCERTAINTY_ASSIGNED_CONTEXT ( ( #3381 ) ) GLOBAL_UNIT_ASSIGNED_CONTEXT ( ( #1785, #4798, #3431 ) ) REPRESENTATION_CONTEXT ( 'NONE', 'WORKASPACE' ) );
#3976 = FILL_AREA_STYLE ('',( #4786 ) ) ;
#3977 = CARTESIAN_POINT ( 'NONE',  ( 2.094191725512430935, 2.801000000000000156, -3.035561844218190419 ) ) ;
#3978 = VECTOR ( 'NONE', #4705, 1000.000000000000000 ) ;
#3979 = DIRECTION ( 'NONE',  ( -0.000000000000000000, -1.000000000000000000, -0.000000000000000000 ) ) ;
#3980 = VECTOR ( 'NONE', #173, 1000.000000000000000 ) ;
#3981 = VECTOR ( 'NONE', #625, 1000.000000000000000 ) ;
#3982 = EDGE_CURVE ( 'NONE', #4933, #1036, #2698, .T. ) ;
#3983 = FACE_OUTER_BOUND ( 'NONE', #3199, .T. ) ;
#3984 = CARTESIAN_POINT ( 'NONE',  ( 0.6453641367668764284, 2.799999999999999822, -2.919619160372860289 ) ) ;
#3985 = AXIS2_PLACEMENT_3D ( 'NONE', #678, #290, #4196 ) ;
#3986 = VECTOR ( 'NONE', #1178, 1000.000000000000000 ) ;
#3987 = CARTESIAN_POINT ( 'NONE',  ( 2.628587906548825792, 2.800000000000000266, -2.260484961068218279 ) ) ;
#3988 =( GEOMETRIC_REPRESENTATION_CONTEXT ( 3 ) GLOBAL_UNCERTAINTY_ASSIGNED_CONTEXT ( ( #2999 ) ) GLOBAL_UNIT_ASSIGNED_CONTEXT ( ( #3942, #2688, #2634 ) ) REPRESENTATION_CONTEXT ( 'NONE', 'WORKASPACE' ) );
#3989 = AXIS2_PLACEMENT_3D ( 'NONE', #5149, #2716, #491 ) ;
#3990 = VECTOR ( 'NONE', #2450, 1000.000000000000000 ) ;
#3991 = DIRECTION ( 'NONE',  ( -0.000000000000000000, -1.000000000000000000, -0.000000000000000000 ) ) ;
#3992 = CARTESIAN_POINT ( 'NONE',  ( 1.706004017719257471, 2.801000000000000156, -2.879068565134764945 ) ) ;
#3993 = COLOUR_RGB ( '',0.6901960784313725394, 0.6117647058823529882, 0.5294117647058823595 ) ;
#3994 = ORIENTED_EDGE ( 'NONE', *, *, #1385, .F. ) ;
#3995 = VECTOR ( 'NONE', #2449, 1000.000000000000000 ) ;
#3996 = CARTESIAN_POINT ( 'NONE',  ( 0.6423879462906858517, 2.799999999999999822, -2.995884041325241220 ) ) ;
#3997 = DIRECTION ( 'NONE',  ( 0.000000000000000000, -0.000000000000000000, -1.000000000000000000 ) ) ;
#3998 = STYLED_ITEM ( 'NONE', ( #4561 ), #4740 ) ;
#3999 = CARTESIAN_POINT ( 'NONE',  ( 6.599999999999999645, 0.000000000000000000, 0.000000000000000000 ) ) ;
#4000 = ADVANCED_FACE ( 'NONE', ( #3566 ), #5214, .T. ) ;
#4001 = DIRECTION ( 'NONE',  ( 0.9509883811643093932, 0.000000000000000000, 0.3092266141367625010 ) ) ;
#4002 = ORIENTED_EDGE ( 'NONE', *, *, #3905, .T. ) ;
#4004 = STYLED_ITEM ( 'NONE', ( #4912 ), #5023 ) ;
#4003 = AXIS2_PLACEMENT_3D ( 'NONE', #1986, #3254, #796 ) ;
#4005 = EDGE_LOOP ( 'NONE', ( #4174, #3062, #1519, #789 ) ) ;
#4006 = DIRECTION ( 'NONE',  ( -0.000000000000000000, 1.000000000000000000, -0.000000000000000000 ) ) ;
#4007 = ORIENTED_EDGE ( 'NONE', *, *, #1080, .F. ) ;
#4008 = SURFACE_STYLE_FILL_AREA ( #901 ) ;
#4009 = DIRECTION ( 'NONE',  ( 0.000000000000000000, -0.000000000000000000, 1.000000000000000000 ) ) ;
#4010 = CARTESIAN_POINT ( 'NONE',  ( 2.058851476960513960, 2.800000000000000266, -2.880397272466893810 ) ) ;
#4011 = STYLED_ITEM ( 'NONE', ( #2224 ), #3926 ) ;
#4012 = DIRECTION ( 'NONE',  ( 0.4413836821704756885, 0.000000000000000000, 0.8973184747421801832 ) ) ;
#4013 = ADVANCED_FACE ( 'NONE', ( #2189 ), #60, .T. ) ;
#4014 = CARTESIAN_POINT ( 'NONE',  ( 2.114966826957825674, 2.800000000000000266, -2.907047299514552652 ) ) ;
#4015 = CARTESIAN_POINT ( 'NONE',  ( 2.069471279624019111, 2.801000000000000156, -3.045735231801431908 ) ) ;
#4016 = CARTESIAN_POINT ( 'NONE',  ( 1.595884970100209799, 2.800000000000000266, -2.260020946087146321 ) ) ;
#4017 = STYLED_ITEM ( 'NONE', ( #3101 ), #3640 ) ;
#4018 = PLANE ( 'NONE',  #4585 ) ;
#4019 = PLANE ( 'NONE',  #1836 ) ;
#4020 = ORIENTED_EDGE ( 'NONE', *, *, #4928, .T. ) ;
#4021 = CARTESIAN_POINT ( 'NONE',  ( 0.6402675781685208678, 2.800000000000000266, -2.988616384487825073 ) ) ;
#4022 = CARTESIAN_POINT ( 'NONE',  ( 5.667685565338305587, 2.799999999999999822, -4.260020946087146321 ) ) ;
#4023 =( NAMED_UNIT ( * ) PLANE_ANGLE_UNIT ( ) SI_UNIT ( $, .RADIAN. ) );
#4024 = CARTESIAN_POINT ( 'NONE',  ( 3.777432589147828867, 2.799999999999999822, -3.805407850849050533 ) ) ;
#4025 = CARTESIAN_POINT ( 'NONE',  ( 5.547893898671638624, 2.799999999999999822, -4.098190588944288670 ) ) ;
#4026 = ORIENTED_EDGE ( 'NONE', *, *, #83, .F. ) ;
#4027 = DIRECTION ( 'NONE',  ( -0.000000000000000000, -1.000000000000000000, -0.000000000000000000 ) ) ;
#4028 = ORIENTED_EDGE ( 'NONE', *, *, #2033, .T. ) ;
#4029 = CARTESIAN_POINT ( 'NONE',  ( 5.667685565338305587, 2.801000000000000156, -4.260020946087146321 ) ) ;
#4030 = ORIENTED_EDGE ( 'NONE', *, *, #1766, .T. ) ;
#4031 = AXIS2_PLACEMENT_3D ( 'NONE', #3691, #4587, #297 ) ;
#4032 = CARTESIAN_POINT ( 'NONE',  ( 1.638667708195447714, 2.799999999999999822, -2.264113207991907739 ) ) ;
#4033 =( LENGTH_UNIT ( ) NAMED_UNIT ( * ) SI_UNIT ( .MILLI., .METRE. ) );
#4034 = CARTESIAN_POINT ( 'NONE',  ( 3.794545684385924211, 2.801000000000000156, -2.301687612753812839 ) ) ;
#4035 = DIRECTION ( 'NONE',  ( -0.000000000000000000, -1.000000000000000000, -0.000000000000000000 ) ) ;
#4036 = SURFACE_SIDE_STYLE ('',( #199 ) ) ;
#4037 = SURFACE_STYLE_USAGE ( .BOTH. , #3589 ) ;
#4038 = SURFACE_SIDE_STYLE ('',( #2331 ) ) ;
#4039 = DIRECTION ( 'NONE',  ( -0.000000000000000000, -1.000000000000000000, -0.000000000000000000 ) ) ;
#4040 = EDGE_CURVE ( 'NONE', #1256, #370, #4459, .T. ) ;
#4041 = CARTESIAN_POINT ( 'NONE',  ( 1.515908167376854410, 2.800000000000000711, -2.336503267312573406 ) ) ;
#4042 =( NAMED_UNIT ( * ) SI_UNIT ( $, .STERADIAN. ) SOLID_ANGLE_UNIT ( ) );
#4043 = CARTESIAN_POINT ( 'NONE',  ( 2.606673660576400486, 2.801000000000000156, -4.260020946087146321 ) ) ;
#4044 = CARTESIAN_POINT ( 'NONE',  ( 3.411361160576400042, 2.801000000000000156, -4.093354279420479358 ) ) ;
#4045 = PRESENTATION_STYLE_ASSIGNMENT (( #3135 ) ) ;
#4046 = FACE_OUTER_BOUND ( 'NONE', #535, .T. ) ;
#4047 = LINE ( 'NONE', #3964, #4423 ) ;
#4048 = CARTESIAN_POINT ( 'NONE',  ( 1.696778889988206140, 2.801000000000000600, -2.304129296645964331 ) ) ;
#4049 = CARTESIAN_POINT ( 'NONE',  ( 4.786287184393336780, 2.801000000000000600, -2.260515401984990014 ) ) ;
#4050 = ADVANCED_FACE ( 'NONE', ( #3172 ), #1429, .T. ) ;
#4051 =( GEOMETRIC_REPRESENTATION_CONTEXT ( 3 ) GLOBAL_UNCERTAINTY_ASSIGNED_CONTEXT ( ( #840 ) ) GLOBAL_UNIT_ASSIGNED_CONTEXT ( ( #4625, #2895, #360 ) ) REPRESENTATION_CONTEXT ( 'NONE', 'WORKASPACE' ) );
#4052 = VERTEX_POINT ( 'NONE', #1019 ) ;
#4053 = FACE_OUTER_BOUND ( 'NONE', #128, .T. ) ;
#4054 = CARTESIAN_POINT ( 'NONE',  ( 2.539337351052590730, 2.801000000000000156, -2.339634041325241220 ) ) ;
#4055 = CARTESIAN_POINT ( 'NONE',  ( 3.429590327243067005, 2.799999999999999822, -3.212401898468098427 ) ) ;
#4056 = CARTESIAN_POINT ( 'NONE',  ( 6.599999999999999645, 1.200000000000000178, -4.099999999999999645 ) ) ;
#4057 = VECTOR ( 'NONE', #4202, 1000.000000000000000 ) ;
#4058 = ORIENTED_EDGE ( 'NONE', *, *, #1696, .T. ) ;
#4059 = CLOSED_SHELL ( 'NONE', ( #697, #4197, #4315, #781, #2246, #3564, #1841, #4000, #237, #4385, #3241, #4418, #2880, #444, #4485, #939, #2333, #4920, #4683, #2184, #5523, #1778, #4918, #4013, #3926, #1139, #2392, #3805, #972, #4050, #3129, #2819, #4949, #3176, #4439, #2942, #4465, #3127, #4581, #3277, #1958, #5513, #2158, #4990, #3587, #137, #1858, #2683, #3728, #2633, #3678, #5034, #760, #3367, #505, #1590, #3567, #1055, #414, #4740, #5024, #1138, #2435, #4169, #3640, #970, #3497, #428, #4404, #2329, #2968, #4455, #5158, #5364, #2570, #2864, #4076, #3073, #1868, #172, #4407, #5458, #1361, #35, #4980, #457, #152, #5174, #1383, #1684, #1107, #2410, #5208, #2349, #3686, #1416, #278, #2168, #770, #2790, #2108, #3447, #5023, #2352, #1156, #555, #5492, #3354 ) ) ;
#4060 = CARTESIAN_POINT ( 'NONE',  ( 3.699307589147828867, 2.801000000000000156, -3.520437612753812395 ) ) ;
#4061 = STYLED_ITEM ( 'NONE', ( #4316 ), #428 ) ;
#4062 = PRESENTATION_LAYER_ASSIGNMENT (  '', '', ( #731 ) ) ;
#4063 = CARTESIAN_POINT ( 'NONE',  ( 4.866480787899728710, 2.801000000000000600, -2.292806550480329442 ) ) ;
#4064 = PRESENTATION_STYLE_ASSIGNMENT (( #627 ) ) ;
#4065 =( LENGTH_UNIT ( ) NAMED_UNIT ( * ) SI_UNIT ( .MILLI., .METRE. ) );
#4066 = PRESENTATION_LAYER_ASSIGNMENT (  '', '', ( #3351 ) ) ;
#4067 = CARTESIAN_POINT ( 'NONE',  ( 1.542313541528780974, 2.801000000000000156, -2.280110231801431464 ) ) ;
#4068 = DIRECTION ( 'NONE',  ( -0.000000000000000000, -1.000000000000000000, -0.000000000000000000 ) ) ;
#4069 = CARTESIAN_POINT ( 'NONE',  ( 4.386574830310309814, 2.799999999999999822, -4.108627562168577718 ) ) ;
#4070 = STYLED_ITEM ( 'NONE', ( #4480 ), #2683 ) ;
#4071 = ORIENTED_EDGE ( 'NONE', *, *, #1496, .F. ) ;
#4072 = FILL_AREA_STYLE_COLOUR ( '', #743 ) ;
#4073 = MECHANICAL_DESIGN_GEOMETRIC_PRESENTATION_REPRESENTATION (  '', ( #1097 ), #5136 ) ;
#4074 = CARTESIAN_POINT ( 'NONE',  ( 3.959352232004971661, 2.799999999999999822, -2.367907850849050977 ) ) ;
#4075 =( NAMED_UNIT ( * ) PLANE_ANGLE_UNIT ( ) SI_UNIT ( $, .RADIAN. ) );
#4076 = ADVANCED_FACE ( 'NONE', ( #599 ), #267, .T. ) ;
#4077 = AXIS2_PLACEMENT_3D ( 'NONE', #4776, #2175, #1347 ) ;
#4078 = VERTEX_POINT ( 'NONE', #5008 ) ;
#4079 =( LENGTH_UNIT ( ) NAMED_UNIT ( * ) SI_UNIT ( .MILLI., .METRE. ) );
#4080 = LINE ( 'NONE', #754, #5241 ) ;
#4081 = ORIENTED_EDGE ( 'NONE', *, *, #1202, .F. ) ;
#4082 = ORIENTED_EDGE ( 'NONE', *, *, #3232, .T. ) ;
#4083 = MECHANICAL_DESIGN_GEOMETRIC_PRESENTATION_REPRESENTATION (  '', ( #4612 ), #493 ) ;
#4084 = SURFACE_STYLE_FILL_AREA ( #4474 ) ;
#4085 = CARTESIAN_POINT ( 'NONE',  ( 1.658329540763395116, 2.799999999999998934, -4.245231994571049938 ) ) ;
#4086 = COLOUR_RGB ( '',0.6901960784313725394, 0.6117647058823529882, 0.5294117647058823595 ) ;
#4087 = CARTESIAN_POINT ( 'NONE',  ( 1.515527827243066783, 2.799999999999999822, -3.045735231801431908 ) ) ;
#4088 = PRESENTATION_STYLE_ASSIGNMENT (( #1457 ) ) ;
#4089 = PRESENTATION_LAYER_ASSIGNMENT (  '', '', ( #4178 ) ) ;
#4090 = CARTESIAN_POINT ( 'NONE',  ( 3.967908779624019111, 2.799999999999999822, -2.338145946087145877 ) ) ;
#4091 = EDGE_CURVE ( 'NONE', #1882, #2622, #5112, .T. ) ;
#4092 = CARTESIAN_POINT ( 'NONE',  ( -4.336808689942017736E-16, 0.2000000000000000111, -4.200000000000000178 ) ) ;
#4093 = EDGE_CURVE ( 'NONE', #5441, #5182, #1022, .T. ) ;
#4094 =( LENGTH_UNIT ( ) NAMED_UNIT ( * ) SI_UNIT ( .MILLI., .METRE. ) );
#4095 = PRESENTATION_STYLE_ASSIGNMENT (( #3394 ) ) ;
#4096 = EDGE_CURVE ( 'NONE', #4112, #956, #1085, .T. ) ;
#4097 = AXIS2_PLACEMENT_3D ( 'NONE', #2830, #3278, #2800 ) ;
#4098 = CARTESIAN_POINT ( 'NONE',  ( 6.599999999999999645, 0.2000000000000000111, -2.399999999999999467 ) ) ;
#4099 = FILL_AREA_STYLE ('',( #2336 ) ) ;
#4100 = CARTESIAN_POINT ( 'NONE',  ( 4.367114214721804721, 2.800000000000000266, -4.122629567965042874 ) ) ;
#4101 = ORIENTED_EDGE ( 'NONE', *, *, #1441, .F. ) ;
#4102 = VECTOR ( 'NONE', #559, 1000.000000000000000 ) ;
#4103 = CARTESIAN_POINT ( 'NONE',  ( 2.650944493909733524, 2.801000000000000156, -2.260020946087145877 ) ) ;
#4104 = ORIENTED_EDGE ( 'NONE', *, *, #2742, .T. ) ;
#4105 = PLANE ( 'NONE',  #5228 ) ;
#4106 = UNCERTAINTY_MEASURE_WITH_UNIT (LENGTH_MEASURE( 1.000000000000000082E-05 ), #5473, 'distance_accuracy_value', 'NONE');
#4107 = DIRECTION ( 'NONE',  ( 0.000000000000000000, 0.000000000000000000, 1.000000000000000000 ) ) ;
#4108 = VERTEX_POINT ( 'NONE', #1633 ) ;
#4109 = ORIENTED_EDGE ( 'NONE', *, *, #2452, .T. ) ;
#4110 = EDGE_CURVE ( 'NONE', #2622, #5148, #3416, .T. ) ;
#4111 = CARTESIAN_POINT ( 'NONE',  ( 1.706004017719257471, 2.799999999999999822, -2.325125112753812839 ) ) ;
#4112 = VERTEX_POINT ( 'NONE', #2064 ) ;
#4113 = SURFACE_STYLE_FILL_AREA ( #262 ) ;
#4114 = FILL_AREA_STYLE ('',( #4891 ) ) ;
#4115 = CARTESIAN_POINT ( 'NONE',  ( 1.671738794043749587, 2.799999999999999378, -4.237634341255246184 ) ) ;
#4116 = UNCERTAINTY_MEASURE_WITH_UNIT (LENGTH_MEASURE( 1.000000000000000082E-05 ), #3177, 'distance_accuracy_value', 'NONE');
#4117 = CARTESIAN_POINT ( 'NONE',  ( 3.819941713549071416, 2.801000000000000600, -2.269677156376753935 ) ) ;
#4118 = CARTESIAN_POINT ( 'NONE',  ( 3.699307589147828867, 2.801000000000000156, -3.520437612753812395 ) ) ;
#4119 =( NAMED_UNIT ( * ) SI_UNIT ( $, .STERADIAN. ) SOLID_ANGLE_UNIT ( ) );
#4120 = LINE ( 'NONE', #2832, #1656 ) ;
#4121 = PRESENTATION_LAYER_ASSIGNMENT (  '', '', ( #1964 ) ) ;
#4122 = DIRECTION ( 'NONE',  ( 2.409338161078898194E-16, -0.000000000000000000, 1.000000000000000000 ) ) ;
#4123 = CARTESIAN_POINT ( 'NONE',  ( 2.031524851052590730, 2.799999999999999822, -2.879068565134764945 ) ) ;
#4124 = SURFACE_SIDE_STYLE ('',( #685 ) ) ;
#4125 = EDGE_CURVE ( 'NONE', #630, #5058, #5460, .T. ) ;
#4126 = SURFACE_STYLE_USAGE ( .BOTH. , #1192 ) ;
#4127 = ORIENTED_EDGE ( 'NONE', *, *, #4544, .T. ) ;
#4128 = DIRECTION ( 'NONE',  ( -0.000000000000000000, -0.000000000000000000, 1.000000000000000000 ) ) ;
#4129 = CARTESIAN_POINT ( 'NONE',  ( 5.599999999999999645, 0.2000000000000000111, -4.099999999999999645 ) ) ;
#4130 = VERTEX_POINT ( 'NONE', #1155 ) ;
#4131 = CARTESIAN_POINT ( 'NONE',  ( 6.599999999999999645, 2.799999999999999822, 0.000000000000000000 ) ) ;
#4132 = ORIENTED_EDGE ( 'NONE', *, *, #1321, .T. ) ;
#4133 = SURFACE_STYLE_FILL_AREA ( #3400 ) ;
#4134 = ORIENTED_EDGE ( 'NONE', *, *, #2284, .F. ) ;
#4135 = CARTESIAN_POINT ( 'NONE',  ( 2.548343661498726931, 2.801000000000000156, -2.299115127249770296 ) ) ;
#4136 = EDGE_CURVE ( 'NONE', #3238, #618, #1411, .T. ) ;
#4137 = FACE_OUTER_BOUND ( 'NONE', #2843, .T. ) ;
#4138 = EDGE_LOOP ( 'NONE', ( #1273, #833, #3881, #2571 ) ) ;
#4139 = CARTESIAN_POINT ( 'NONE',  ( 6.099999999999999645, 2.799999999999999822, -6.599999999999999645 ) ) ;
#4140 = EDGE_CURVE ( 'NONE', #5148, #5160, #3328, .T. ) ;
#4141 = CARTESIAN_POINT ( 'NONE',  ( 1.516629534458912687, 2.800000000000001155, -2.324214979886934263 ) ) ;
#4142 = CARTESIAN_POINT ( 'NONE',  ( 5.599999999999999645, 0.000000000000000000, 0.000000000000000000 ) ) ;
#4143 = MECHANICAL_DESIGN_GEOMETRIC_PRESENTATION_REPRESENTATION (  '', ( #1352 ), #2446 ) ;
#4144 = EDGE_CURVE ( 'NONE', #3712, #956, #4668, .T. ) ;
#4145 = SURFACE_STYLE_FILL_AREA ( #2440 ) ;
#4146 = CARTESIAN_POINT ( 'NONE',  ( 2.069471279624019111, 2.801000000000000156, -3.045735231801431908 ) ) ;
#4147 =( GEOMETRIC_REPRESENTATION_CONTEXT ( 3 ) GLOBAL_UNCERTAINTY_ASSIGNED_CONTEXT ( ( #1975 ) ) GLOBAL_UNIT_ASSIGNED_CONTEXT ( ( #3552, #2263, #921 ) ) REPRESENTATION_CONTEXT ( 'NONE', 'WORKASPACE' ) );
#4148 = EDGE_CURVE ( 'NONE', #3433, #2400, #3388, .T. ) ;
#4149 = LINE ( 'NONE', #4953, #1618 ) ;
#4150 = B_SPLINE_SURFACE_WITH_KNOTS ( 'NONE', 3, 1, ( 
 ( #856, #2228 ),
 ( #2677, #88 ),
 ( #4296, #449 ),
 ( #1781, #2164 ),
 ( #5190, #1332 ),
 ( #3505, #966 ),
 ( #4382, #419 ) ),
 .UNSPECIFIED., .F., .F., .F.,
 ( 4, 1, 1, 1, 4 ),
 ( 2, 2 ),
 ( 0.000000000000000000, 0.2719906798524851510, 0.5245972286631804815, 0.7632921385451736374, 1.000000000000000000 ),
 ( 0.000000000000000000, 1.000000000000000000 ),
 .UNSPECIFIED. ) ;
#4151 = CARTESIAN_POINT ( 'NONE',  ( 2.058851476960513960, 2.801000000000000600, -2.880397272466893810 ) ) ;
#4152 = FACE_OUTER_BOUND ( 'NONE', #4927, .T. ) ;
#4153 =( GEOMETRIC_REPRESENTATION_CONTEXT ( 3 ) GLOBAL_UNCERTAINTY_ASSIGNED_CONTEXT ( ( #894 ) ) GLOBAL_UNIT_ASSIGNED_CONTEXT ( ( #647, #264, #1427 ) ) REPRESENTATION_CONTEXT ( 'NONE', 'WORKASPACE' ) );
#4154 = SURFACE_SIDE_STYLE ('',( #304 ) ) ;
#4155 = LINE ( 'NONE', #1228, #5238 ) ;
#4156 = STYLED_ITEM ( 'NONE', ( #5006 ), #2819 ) ;
#4157 = ORIENTED_EDGE ( 'NONE', *, *, #4398, .F. ) ;
#4158 =( NAMED_UNIT ( * ) SI_UNIT ( $, .STERADIAN. ) SOLID_ANGLE_UNIT ( ) );
#4159 = AXIS2_PLACEMENT_3D ( 'NONE', #4623, #358, #2505 ) ;
#4160 = LINE ( 'NONE', #3732, #2106 ) ;
#4161 =( GEOMETRIC_REPRESENTATION_CONTEXT ( 3 ) GLOBAL_UNCERTAINTY_ASSIGNED_CONTEXT ( ( #2542 ) ) GLOBAL_UNIT_ASSIGNED_CONTEXT ( ( #5255, #3463, #5283 ) ) REPRESENTATION_CONTEXT ( 'NONE', 'WORKASPACE' ) );
#4162 = ORIENTED_EDGE ( 'NONE', *, *, #119, .F. ) ;
#4163 = CARTESIAN_POINT ( 'NONE',  ( 1.680884184700656148, 2.801000000000000156, -2.287171360440050538 ) ) ;
#4164 = VECTOR ( 'NONE', #2529, 1000.000000000000000 ) ;
#4165 = VERTEX_POINT ( 'NONE', #3714 ) ;
#4166 = CARTESIAN_POINT ( 'NONE',  ( 3.749530803433542836, 2.799999999999999822, -4.155482255610955633 ) ) ;
#4167 = VECTOR ( 'NONE', #5223, 1000.000000000000000 ) ;
#4168 = CARTESIAN_POINT ( 'NONE',  ( 4.710096279624019999, 2.799999999999999822, -2.298711422277621708 ) ) ;
#4169 = ADVANCED_FACE ( 'NONE', ( #3358 ), #1585, .T. ) ;
#4170 = CARTESIAN_POINT ( 'NONE',  ( 2.585096279624019111, 2.801000000000000156, -4.253324517515717496 ) ) ;
#4171 = CARTESIAN_POINT ( 'NONE',  ( 3.396852232004971661, 2.801000000000000156, -3.379068565134765390 ) ) ;
#4172 = UNCERTAINTY_MEASURE_WITH_UNIT (LENGTH_MEASURE( 1.000000000000000082E-05 ), #3364, 'distance_accuracy_value', 'NONE');
#4173 =( LENGTH_UNIT ( ) NAMED_UNIT ( * ) SI_UNIT ( .MILLI., .METRE. ) );
#4174 = ORIENTED_EDGE ( 'NONE', *, *, #5204, .F. ) ;
#4175 = PRESENTATION_STYLE_ASSIGNMENT (( #733 ) ) ;
#4176 = VECTOR ( 'NONE', #4406, 1000.000000000000000 ) ;
#4177 = FACE_OUTER_BOUND ( 'NONE', #4996, .T. ) ;
#4179 = PRESENTATION_LAYER_ASSIGNMENT (  '', '', ( #5162 ) ) ;
#4178 = STYLED_ITEM ( 'NONE', ( #2255 ), #5492 ) ;
#4180 = EDGE_CURVE ( 'NONE', #5197, #4283, #771, .T. ) ;
#4181 = CARTESIAN_POINT ( 'NONE',  ( 3.638667708195447936, 2.801000000000000156, -3.457565588944288670 ) ) ;
#4182 = STYLED_ITEM ( 'NONE', ( #1308 ), #3587 ) ;
#4183 = SURFACE_STYLE_FILL_AREA ( #2868 ) ;
#4184 = ORIENTED_EDGE ( 'NONE', *, *, #3096, .T. ) ;
#4185 = PRESENTATION_STYLE_ASSIGNMENT (( #1165 ) ) ;
#4186 = VECTOR ( 'NONE', #1695, 1000.000000000000000 ) ;
#4187 = B_SPLINE_CURVE_WITH_KNOTS ( 'NONE', 3,
 ( #1686, #3764, #1627, #3820, #5028 ),
 .UNSPECIFIED., .F., .F.,
 ( 4, 1, 4 ),
 ( 0.000000000000000000, 0.4958388241544888775, 1.000000000000000000 ),
 .UNSPECIFIED. ) ;
#4188 = DIRECTION ( 'NONE',  ( 0.000000000000000000, -1.000000000000000000, 0.000000000000000000 ) ) ;
#4189 = EDGE_LOOP ( 'NONE', ( #192, #2715, #2602, #3602 ) ) ;
#4190 = CARTESIAN_POINT ( 'NONE',  ( 4.700423660576400486, 2.801000000000000156, -2.331449517515717051 ) ) ;
#4191 = EDGE_LOOP ( 'NONE', ( #3731, #4832, #3468, #2851 ) ) ;
#4192 = ORIENTED_EDGE ( 'NONE', *, *, #3002, .T. ) ;
#4193 = CARTESIAN_POINT ( 'NONE',  ( 0.6453641367668763174, 2.801000000000000156, -2.919619160372859845 ) ) ;
#4194 = DIRECTION ( 'NONE',  ( -0.000000000000000000, -1.000000000000000000, -0.000000000000000000 ) ) ;
#4195 = CARTESIAN_POINT ( 'NONE',  ( 4.390398464091894049, 2.801000000000000156, -4.249689746275731927 ) ) ;
#4196 = DIRECTION ( 'NONE',  ( -1.000000000000000000, 0.000000000000000000, 0.000000000000000000 ) ) ;
#4197 = ADVANCED_FACE ( 'NONE', ( #3972 ), #105, .F. ) ;
#4198 = ORIENTED_EDGE ( 'NONE', *, *, #5480, .T. ) ;
#4199 = CARTESIAN_POINT ( 'NONE',  ( 4.710096279624019999, 2.801000000000000156, -2.298711422277621708 ) ) ;
#4200 = ORIENTED_EDGE ( 'NONE', *, *, #251, .T. ) ;
#4201 = CARTESIAN_POINT ( 'NONE',  ( 0.6402675781685208678, 2.800000000000000266, -2.988616384487825073 ) ) ;
#4202 = DIRECTION ( 'NONE',  ( 0.000000000000000000, -1.000000000000000000, 0.000000000000000000 ) ) ;
#4203 = CARTESIAN_POINT ( 'NONE',  ( 2.138945009230705185, 2.800999999999999712, -2.967508930075220874 ) ) ;
#4204 = CARTESIAN_POINT ( 'NONE',  ( 1.700441955805445549, 2.801000000000000156, -4.197317442038422719 ) ) ;
#4205 = STYLED_ITEM ( 'NONE', ( #5435 ), #3277 ) ;
#4206 = CARTESIAN_POINT ( 'NONE',  ( 3.204143898671638624, 2.799999999999999822, -3.212401898468098427 ) ) ;
#4207 = DIRECTION ( 'NONE',  ( 1.000000000000000000, -0.000000000000000000, -0.000000000000000000 ) ) ;
#4208 = LINE ( 'NONE', #2479, #5244 ) ;
#4209 = EDGE_CURVE ( 'NONE', #1070, #5016, #464, .T. ) ;
#4210 = VERTEX_POINT ( 'NONE', #3039 ) ;
#4211 = VECTOR ( 'NONE', #5231, 1000.000000000000000 ) ;
#4212 = CARTESIAN_POINT ( 'NONE',  ( 0.000000000000000000, 0.000000000000000000, 0.000000000000000000 ) ) ;
#4213 = DIRECTION ( 'NONE',  ( -0.000000000000000000, -1.000000000000000000, -0.000000000000000000 ) ) ;
#4214 = FACE_OUTER_BOUND ( 'NONE', #4189, .T. ) ;
#4215 = ORIENTED_EDGE ( 'NONE', *, *, #2891, .T. ) ;
#4216 = CARTESIAN_POINT ( 'NONE',  ( 6.599999999999999645, 0.2000000000000000111, -2.399999999999999467 ) ) ;
#4217 = FILL_AREA_STYLE_COLOUR ( '', #3103 ) ;
#4218 = CARTESIAN_POINT ( 'NONE',  ( 3.429962351052590730, 2.799999999999999822, -3.169991184182384014 ) ) ;
#4219 = DIRECTION ( 'NONE',  ( 0.000000000000000000, 0.000000000000000000, -1.000000000000000000 ) ) ;
#4220 = UNCERTAINTY_MEASURE_WITH_UNIT (LENGTH_MEASURE( 1.000000000000000082E-05 ), #3074, 'distance_accuracy_value', 'NONE');
#4221 = EDGE_CURVE ( 'NONE', #242, #4524, #2183, .T. ) ;
#4222 = CARTESIAN_POINT ( 'NONE',  ( 4.349302929949122820, 2.799999999999999822, -4.176787077150359906 ) ) ;
#4223 = FACE_OUTER_BOUND ( 'NONE', #4337, .T. ) ;
#4224 = ORIENTED_EDGE ( 'NONE', *, *, #860, .T. ) ;
#4225 = CARTESIAN_POINT ( 'NONE',  ( 0.6667631864263182662, 2.801000000000000600, -2.892688970215091082 ) ) ;
#4226 = ORIENTED_EDGE ( 'NONE', *, *, #3303, .F. ) ;
#4227 = CARTESIAN_POINT ( 'NONE',  ( 3.452283779624019555, 2.801000000000000156, -4.254812612753813283 ) ) ;
#4228 = SURFACE_SIDE_STYLE ('',( #2956 ) ) ;
#4229 = DIRECTION ( 'NONE',  ( 0.4490837993463737132, 0.000000000000000000, 0.8934896424495506473 ) ) ;
#4230 = EDGE_CURVE ( 'NONE', #5471, #1646, #1801, .T. ) ;
#4231 = VECTOR ( 'NONE', #3053, 1000.000000000000000 ) ;
#4232 = SURFACE_STYLE_FILL_AREA ( #795 ) ;
#4233 = COLOUR_RGB ( '',0.5019607843137254832, 0.5019607843137254832, 0.5019607843137254832 ) ;
#4234 = ORIENTED_EDGE ( 'NONE', *, *, #4295, .F. ) ;
#4235 = CARTESIAN_POINT ( 'NONE',  ( 3.924959472458255938, 2.801000000000000156, -2.270293551157293699 ) ) ;
#4236 = PRESENTATION_LAYER_ASSIGNMENT (  '', '', ( #2454 ) ) ;
#4237 = CARTESIAN_POINT ( 'NONE',  ( 0.6947193783525157373, 2.801000000000000156, -2.880611830156604380 ) ) ;
#4238 =( LENGTH_UNIT ( ) NAMED_UNIT ( * ) SI_UNIT ( .MILLI., .METRE. ) );
#4239 = LINE ( 'NONE', #3816, #4167 ) ;
#4240 = VECTOR ( 'NONE', #4916, 1000.000000000000000 ) ;
#4241 = VERTEX_POINT ( 'NONE', #3523 ) ;
#4242 = VERTEX_POINT ( 'NONE', #3066 ) ;
#4243 = EDGE_CURVE ( 'NONE', #639, #72, #24, .T. ) ;
#4244 = VECTOR ( 'NONE', #4012, 1000.000000000000227 ) ;
#4245 = SURFACE_SIDE_STYLE ('',( #2030 ) ) ;
#4246 = DIRECTION ( 'NONE',  ( -0.000000000000000000, -1.000000000000000000, -0.000000000000000000 ) ) ;
#4247 = ORIENTED_EDGE ( 'NONE', *, *, #2380, .F. ) ;
#4248 = DIRECTION ( 'NONE',  ( 0.2996395945024855623, -0.000000000000000000, 0.9540524688959124422 ) ) ;
#4249 = VECTOR ( 'NONE', #2223, 1000.000000000000000 ) ;
#4250 = VECTOR ( 'NONE', #2514, 1000.000000000000000 ) ;
#4251 = VECTOR ( 'NONE', #2591, 1000.000000000000000 ) ;
#4252 = ORIENTED_EDGE ( 'NONE', *, *, #2598, .T. ) ;
#4253 = VECTOR ( 'NONE', #2659, 1000.000000000000000 ) ;
#4254 = FILL_AREA_STYLE_COLOUR ( '', #862 ) ;
#4255 = ORIENTED_EDGE ( 'NONE', *, *, #1497, .T. ) ;
#4256 = DIRECTION ( 'NONE',  ( -0.000000000000000000, -0.000000000000000000, 1.000000000000000000 ) ) ;
#4257 =( GEOMETRIC_REPRESENTATION_CONTEXT ( 3 ) GLOBAL_UNCERTAINTY_ASSIGNED_CONTEXT ( ( #2214 ) ) GLOBAL_UNIT_ASSIGNED_CONTEXT ( ( #3217, #189, #1117 ) ) REPRESENTATION_CONTEXT ( 'NONE', 'WORKASPACE' ) );
#4258 = PRESENTATION_LAYER_ASSIGNMENT (  '', '', ( #658 ) ) ;
#4259 = CARTESIAN_POINT ( 'NONE',  ( 1.683089982016794606, 2.800000000000000266, -4.228577958790639357 ) ) ;
#4260 = LINE ( 'NONE', #416, #2816 ) ;
#4261 = PRESENTATION_LAYER_ASSIGNMENT (  '', '', ( #3550 ) ) ;
#4262 = EDGE_CURVE ( 'NONE', #3375, #695, #3469, .T. ) ;
#4263 = CARTESIAN_POINT ( 'NONE',  ( 1.515527827243066783, 2.800999999999439716, -3.045735231801431464 ) ) ;
#4264 = ORIENTED_EDGE ( 'NONE', *, *, #2522, .T. ) ;
#4265 = CARTESIAN_POINT ( 'NONE',  ( 3.794545684385924211, 2.801000000000000156, -2.301687612753812839 ) ) ;
#4266 = SURFACE_STYLE_USAGE ( .BOTH. , #822 ) ;
#4267 = EDGE_CURVE ( 'NONE', #4210, #4877, #489, .T. ) ;
#4268 = SURFACE_STYLE_FILL_AREA ( #887 ) ;
#4269 = B_SPLINE_CURVE_WITH_KNOTS ( 'NONE', 3,
 ( #4328, #473, #2235, #3511, #2203, #3902, #2285 ),
 .UNSPECIFIED., .F., .F.,
 ( 4, 1, 1, 1, 4 ),
 ( 0.000000000000000000, 0.2516299943263789474, 0.4977254570802126521, 0.7460012995929592439, 0.9999999999999998890 ),
 .UNSPECIFIED. ) ;
#4270 = SURFACE_SIDE_STYLE ('',( #2599 ) ) ;
#4271 = DIRECTION ( 'NONE',  ( 0.000000000000000000, 0.000000000000000000, 1.000000000000000000 ) ) ;
#4272 = SURFACE_STYLE_FILL_AREA ( #2876 ) ;
#4273 = VERTEX_POINT ( 'NONE', #672 ) ;
#4274 = ORIENTED_EDGE ( 'NONE', *, *, #3832, .T. ) ;
#4275 = VECTOR ( 'NONE', #1246, 1000.000000000000000 ) ;
#4276 = B_SPLINE_CURVE_WITH_KNOTS ( 'NONE', 3,
 ( #317, #5455, #1236, #2146, #458, #2173, #4723 ),
 .UNSPECIFIED., .F., .F.,
 ( 4, 1, 1, 1, 4 ),
 ( 0.000000000000000000, 0.2516299943263789474, 0.4977254570802126521, 0.7460012995929592439, 0.9999999999999998890 ),
 .UNSPECIFIED. ) ;
#4277 = CARTESIAN_POINT ( 'NONE',  ( 3.429962351052590730, 2.801000000000000156, -3.169991184182384014 ) ) ;
#4278 = CARTESIAN_POINT ( 'NONE',  ( 3.883480011779744334, 2.799999999999999378, -2.260437927328754260 ) ) ;
#4279 = CARTESIAN_POINT ( 'NONE',  ( 6.799999999999999822, 0.1000000000000000472, -4.099999999999999645 ) ) ;
#4280 = UNCERTAINTY_MEASURE_WITH_UNIT (LENGTH_MEASURE( 1.000000000000000082E-05 ), #3725, 'distance_accuracy_value', 'NONE');
#4281 = CARTESIAN_POINT ( 'NONE',  ( 0.000000000000000000, 0.2000000000000000111, -2.399999999999999467 ) ) ;
#4282 = DIRECTION ( 'NONE',  ( -0.000000000000000000, -0.000000000000000000, 1.000000000000000000 ) ) ;
#4283 = VERTEX_POINT ( 'NONE', #2747 ) ;
#4284 = EDGE_CURVE ( 'NONE', #239, #5235, #164, .T. ) ;
#4285 = ORIENTED_EDGE ( 'NONE', *, *, #3698, .F. ) ;
#4286 = CARTESIAN_POINT ( 'NONE',  ( 2.539337351052590730, 2.801000000000000156, -2.339634041325241220 ) ) ;
#4287 = MECHANICAL_DESIGN_GEOMETRIC_PRESENTATION_REPRESENTATION (  '', ( #2404 ), #2953 ) ;
#4288 = ORIENTED_EDGE ( 'NONE', *, *, #3689, .F. ) ;
#4289 = LINE ( 'NONE', #1244, #4711 ) ;
#4290 = CARTESIAN_POINT ( 'NONE',  ( 1.636825199053092650, 2.801000000000000600, -2.263418435703822063 ) ) ;
#4291 = LINE ( 'NONE', #4673, #4345 ) ;
#4292 = DIRECTION ( 'NONE',  ( 0.000000000000000000, 0.000000000000000000, -1.000000000000000000 ) ) ;
#4293 = CARTESIAN_POINT ( 'NONE',  ( 1.706004017719257471, 2.799999999999999822, -2.325125112753812839 ) ) ;
#4294 = CARTESIAN_POINT ( 'NONE',  ( 1.706004017719257471, 2.801000000000000156, -4.144693565134764945 ) ) ;
#4295 = EDGE_CURVE ( 'NONE', #3701, #5494, #1883, .T. ) ;
#4296 = CARTESIAN_POINT ( 'NONE',  ( 5.690653227313257290, 2.801000000000000156, -4.258955003058166433 ) ) ;
#4297 = VERTEX_POINT ( 'NONE', #5338 ) ;
#4298 = COLOUR_RGB ( '',0.7529411764705882248, 0.7529411764705882248, 0.7529411764705882248 ) ;
#4299 = LINE ( 'NONE', #2653, #1464 ) ;
#4300 = DIRECTION ( 'NONE',  ( 0.6967521030043239971, 0.000000000000000000, -0.7173120011257666517 ) ) ;
#4301 = CARTESIAN_POINT ( 'NONE',  ( 2.580198604880716839, 2.799999999999999822, -4.251391776662132749 ) ) ;
#4302 =( NAMED_UNIT ( * ) PLANE_ANGLE_UNIT ( ) SI_UNIT ( $, .RADIAN. ) );
#4303 = PRESENTATION_LAYER_ASSIGNMENT (  '', '', ( #1150 ) ) ;
#4304 = ORIENTED_EDGE ( 'NONE', *, *, #902, .T. ) ;
#4305 = FILL_AREA_STYLE ('',( #1342 ) ) ;
#4306 = DIRECTION ( 'NONE',  ( 1.000000000000000000, 0.000000000000000000, 0.000000000000000000 ) ) ;
#4307 =( LENGTH_UNIT ( ) NAMED_UNIT ( * ) SI_UNIT ( .MILLI., .METRE. ) );
#4308 = CARTESIAN_POINT ( 'NONE',  ( 4.711956398671637736, 2.801000000000000156, -2.374232255610955633 ) ) ;
#4309 = ORIENTED_EDGE ( 'NONE', *, *, #5299, .F. ) ;
#4310 = PLANE ( 'NONE',  #5043 ) ;
#4311 = SURFACE_STYLE_FILL_AREA ( #438 ) ;
#4312 = ORIENTED_EDGE ( 'NONE', *, *, #3139, .T. ) ;
#4313 = CARTESIAN_POINT ( 'NONE',  ( 2.560392111261009962, 2.800000000000000711, -2.282288673255089329 ) ) ;
#4314 = FACE_BOUND ( 'NONE', #2298, .T. ) ;
#4315 = ADVANCED_FACE ( 'NONE', ( #3682 ), #1972, .F. ) ;
#4316 = PRESENTATION_STYLE_ASSIGNMENT (( #518 ) ) ;
#4317 = CARTESIAN_POINT ( 'NONE',  ( 1.638667708195447714, 2.799999999999999822, -2.264113207991907739 ) ) ;
#4318 = DIRECTION ( 'NONE',  ( 0.000000000000000000, 0.000000000000000000, 1.000000000000000000 ) ) ;
#4319 = CARTESIAN_POINT ( 'NONE',  ( 5.731348746205365607, 2.799999999999999378, -4.244751672640896700 ) ) ;
#4320 = EDGE_CURVE ( 'NONE', #1772, #4273, #193, .T. ) ;
#4321 = SURFACE_STYLE_USAGE ( .BOTH. , #4353 ) ;
#4322 = VERTEX_POINT ( 'NONE', #4420 ) ;
#4323 =( GEOMETRIC_REPRESENTATION_CONTEXT ( 3 ) GLOBAL_UNCERTAINTY_ASSIGNED_CONTEXT ( ( #248 ) ) GLOBAL_UNIT_ASSIGNED_CONTEXT ( ( #2415, #710, #4984 ) ) REPRESENTATION_CONTEXT ( 'NONE', 'WORKASPACE' ) );
#4324 = DIRECTION ( 'NONE',  ( 0.000000000000000000, -1.000000000000000000, 0.000000000000000000 ) ) ;
#4325 = FILL_AREA_STYLE ('',( #3075 ) ) ;
#4326 = CARTESIAN_POINT ( 'NONE',  ( 6.799999999999999822, 0.1000000000000000472, -2.499999999999999556 ) ) ;
#4327 = SURFACE_STYLE_USAGE ( .BOTH. , #5098 ) ;
#4328 = CARTESIAN_POINT ( 'NONE',  ( 1.549009970100209577, 2.801000000000000156, -4.238443565134764945 ) ) ;
#4329 = VERTEX_POINT ( 'NONE', #216 ) ;
#4330 = CARTESIAN_POINT ( 'NONE',  ( 1.560174136846237847, 2.799999999999999378, -4.248026806912011288 ) ) ;
#4331 = LINE ( 'NONE', #5135, #4253 ) ;
#4332 = PLANE ( 'NONE',  #5314 ) ;
#4333 = CARTESIAN_POINT ( 'NONE',  ( 3.429590327243067005, 2.801000000000000156, -3.212401898468098427 ) ) ;
#4334 = UNCERTAINTY_MEASURE_WITH_UNIT (LENGTH_MEASURE( 1.000000000000000082E-05 ), #3893, 'distance_accuracy_value', 'NONE');
#4335 = COLOUR_RGB ( '',0.5019607843137254832, 0.5019607843137254832, 0.5019607843137254832 ) ;
#4336 = COLOUR_RGB ( '',0.5019607843137254832, 0.5019607843137254832, 0.5019607843137254832 ) ;
#4337 = EDGE_LOOP ( 'NONE', ( #1089, #4416, #1349, #343 ) ) ;
#4338 = SURFACE_STYLE_FILL_AREA ( #3414 ) ;
#4339 = ORIENTED_EDGE ( 'NONE', *, *, #4848, .T. ) ;
#4340 = VECTOR ( 'NONE', #28, 1000.000000000000000 ) ;
#4341 = CARTESIAN_POINT ( 'NONE',  ( 1.706004017719257471, 2.799999999999999822, -2.879068565134764945 ) ) ;
#4342 = EDGE_CURVE ( 'NONE', #2208, #3973, #1091, .T. ) ;
#4343 = VERTEX_POINT ( 'NONE', #1425 ) ;
#4344 = PRESENTATION_STYLE_ASSIGNMENT (( #1860 ) ) ;
#4345 = VECTOR ( 'NONE', #815, 1000.000000000000000 ) ;
#4346 = PRESENTATION_LAYER_ASSIGNMENT (  '', '', ( #920 ) ) ;
#4347 = CARTESIAN_POINT ( 'NONE',  ( 1.680884184700656148, 2.799999999999999822, -2.287171360440050538 ) ) ;
#4348 = VECTOR ( 'NONE', #1355, 1000.000000000000000 ) ;
#4349 = CARTESIAN_POINT ( 'NONE',  ( 3.411361160576400042, 2.799999999999999822, -4.093354279420479358 ) ) ;
#4350 = MECHANICAL_DESIGN_GEOMETRIC_PRESENTATION_REPRESENTATION (  '', ( #5143 ), #51 ) ;
#4351 =( GEOMETRIC_REPRESENTATION_CONTEXT ( 3 ) GLOBAL_UNCERTAINTY_ASSIGNED_CONTEXT ( ( #3437 ) ) GLOBAL_UNIT_ASSIGNED_CONTEXT ( ( #1787, #4302, #1312 ) ) REPRESENTATION_CONTEXT ( 'NONE', 'WORKASPACE' ) );
#4352 = CARTESIAN_POINT ( 'NONE',  ( 6.599999999999999645, 1.399999999999999911, -2.499999999999999556 ) ) ;
#4353 = SURFACE_SIDE_STYLE ('',( #5242 ) ) ;
#4354 = VERTEX_POINT ( 'NONE', #5288 ) ;
#4355 = EDGE_CURVE ( 'NONE', #5058, #5263, #4988, .T. ) ;
#4356 = EDGE_CURVE ( 'NONE', #3706, #5235, #1479, .T. ) ;
#4357 = MECHANICAL_DESIGN_GEOMETRIC_PRESENTATION_REPRESENTATION (  '', ( #568 ), #2210 ) ;
#4358 = DIRECTION ( 'NONE',  ( -0.000000000000000000, -1.000000000000000000, -0.000000000000000000 ) ) ;
#4359 = CARTESIAN_POINT ( 'NONE',  ( 1.199999999999999512, 0.2000000000000000111, -4.200000000000000178 ) ) ;
#4360 = PRESENTATION_STYLE_ASSIGNMENT (( #4327 ) ) ;
#4361 = CARTESIAN_POINT ( 'NONE',  ( 2.570027104826073217, 2.799999999999999378, -4.247377856847483812 ) ) ;
#4362 = PRESENTATION_LAYER_ASSIGNMENT (  '', '', ( #1109 ) ) ;
#4363 = CARTESIAN_POINT ( 'NONE',  ( 5.675527750649441039, 2.801000000000000156, -4.259656985542381591 ) ) ;
#4364 = CARTESIAN_POINT ( 'NONE',  ( 4.410245089147829312, 2.800000000000000266, -4.103398922277621708 ) ) ;
#4365 = EDGE_LOOP ( 'NONE', ( #3971, #118, #528, #895 ) ) ;
#4366 = VERTEX_POINT ( 'NONE', #5312 ) ;
#4367 = STYLED_ITEM ( 'NONE', ( #2335 ), #5513 ) ;
#4368 = LINE ( 'NONE', #892, #2656 ) ;
#4369 = FACE_OUTER_BOUND ( 'NONE', #1596, .T. ) ;
#4370 = ORIENTED_EDGE ( 'NONE', *, *, #10, .F. ) ;
#4371 = FACE_OUTER_BOUND ( 'NONE', #2422, .T. ) ;
#4372 = EDGE_CURVE ( 'NONE', #2764, #4421, #643, .T. ) ;
#4373 = LINE ( 'NONE', #3521, #4211 ) ;
#4374 = ORIENTED_EDGE ( 'NONE', *, *, #872, .F. ) ;
#4375 = VERTEX_POINT ( 'NONE', #2347 ) ;
#4376 = CARTESIAN_POINT ( 'NONE',  ( 4.700423660576400486, 2.799999999999999822, -2.331449517515717051 ) ) ;
#4377 = VECTOR ( 'NONE', #521, 1000.000000000000000 ) ;
#4378 =( NAMED_UNIT ( * ) PLANE_ANGLE_UNIT ( ) SI_UNIT ( $, .RADIAN. ) );
#4379 = MECHANICAL_DESIGN_GEOMETRIC_PRESENTATION_REPRESENTATION (  '', ( #510 ), #3389 ) ;
#4380 = DIRECTION ( 'NONE',  ( -0.000000000000000000, 1.000000000000000000, -0.000000000000000000 ) ) ;
#4381 = CARTESIAN_POINT ( 'NONE',  ( 5.400000000000000355, 0.000000000000000000, -4.200000000000000178 ) ) ;
#4382 = CARTESIAN_POINT ( 'NONE',  ( 5.747298660576400486, 2.801000000000000156, -4.231747136563336120 ) ) ;
#4383 = SURFACE_STYLE_FILL_AREA ( #4325 ) ;
#4384 = DIRECTION ( 'NONE',  ( 1.000000000000000000, 0.000000000000000000, -3.614007241618348278E-16 ) ) ;
#4385 = ADVANCED_FACE ( 'NONE', ( #4053 ), #1039, .T. ) ;
#4386 = EDGE_CURVE ( 'NONE', #618, #1306, #1148, .T. ) ;
#4387 = FILL_AREA_STYLE_COLOUR ( '', #1891 ) ;
#4388 = CARTESIAN_POINT ( 'NONE',  ( 1.579322903160761182, 2.800000000000000266, -2.260260127561592558 ) ) ;
#4389 = DIRECTION ( 'NONE',  ( 2.409338161078898687E-16, 0.000000000000000000, 1.000000000000000000 ) ) ;
#4390 = VECTOR ( 'NONE', #967, 1000.000000000000000 ) ;
#4391 = CARTESIAN_POINT ( 'NONE',  ( 3.638667708195447936, 2.801000000000000156, -3.457565588944288670 ) ) ;
#4392 = CARTESIAN_POINT ( 'NONE',  ( 2.729813541528781862, 2.799999999999999822, -2.319172731801431908 ) ) ;
#4393 = DIRECTION ( 'NONE',  ( 1.000000000000000000, 0.000000000000000000, -0.000000000000000000 ) ) ;
#4394 = EDGE_LOOP ( 'NONE', ( #5477, #3736, #2078, #4613, #1631, #3994, #4580 ) ) ;
#4395 = EDGE_LOOP ( 'NONE', ( #5007, #4659, #4198, #857 ) ) ;
#4396 = DIRECTION ( 'NONE',  ( 0.000000000000000000, -0.000000000000000000, 1.000000000000000000 ) ) ;
#4397 = ORIENTED_EDGE ( 'NONE', *, *, #2362, .F. ) ;
#4398 = EDGE_CURVE ( 'NONE', #102, #5313, #3378, .T. ) ;
#4399 = CARTESIAN_POINT ( 'NONE',  ( 3.396852232004971661, 2.799999999999999822, -3.379068565134765390 ) ) ;
#4400 = EDGE_CURVE ( 'NONE', #2978, #3157, #5076, .T. ) ;
#4401 = SURFACE_STYLE_USAGE ( .BOTH. , #648 ) ;
#4402 = CARTESIAN_POINT ( 'NONE',  ( 3.777432589147828867, 2.801000000000000156, -3.805407850849050533 ) ) ;
#4403 = DIRECTION ( 'NONE',  ( 0.000000000000000000, 0.000000000000000000, 1.000000000000000000 ) ) ;
#4404 = ADVANCED_FACE ( 'NONE', ( #1207 ), #2854, .T. ) ;
#4405 = SURFACE_SIDE_STYLE ('',( #3591 ) ) ;
#4406 = DIRECTION ( 'NONE',  ( 0.000000000000000000, -1.000000000000000000, 0.000000000000000000 ) ) ;
#4407 = ADVANCED_FACE ( 'NONE', ( #1234 ), #3299, .T. ) ;
#4408 = SURFACE_SIDE_STYLE ('',( #2361 ) ) ;
#4409 = CARTESIAN_POINT ( 'NONE',  ( 5.599999999999999645, 0.2000000000000000111, -2.499999999999999556 ) ) ;
#4410 = EDGE_LOOP ( 'NONE', ( #1942, #78, #2615, #694 ) ) ;
#4411 = VECTOR ( 'NONE', #3647, 1000.000000000000000 ) ;
#4412 = CARTESIAN_POINT ( 'NONE',  ( 3.967908779624019111, 2.799999999999999822, -2.338145946087145877 ) ) ;
#4413 = CARTESIAN_POINT ( 'NONE',  ( 0.000000000000000000, 2.799999999999999822, 0.000000000000000000 ) ) ;
#4414 = VECTOR ( 'NONE', #2924, 1000.000000000000000 ) ;
#4415 = PRESENTATION_STYLE_ASSIGNMENT (( #3083 ) ) ;
#4416 = ORIENTED_EDGE ( 'NONE', *, *, #3392, .F. ) ;
#4417 = PRESENTATION_STYLE_ASSIGNMENT (( #1911 ) ) ;
#4418 = ADVANCED_FACE ( 'NONE', ( #5225 ), #97, .T. ) ;
#4419 = ORIENTED_EDGE ( 'NONE', *, *, #5399, .T. ) ;
#4420 = CARTESIAN_POINT ( 'NONE',  ( 0.8711825891478286454, 2.801000000000000156, -3.045735231801431908 ) ) ;
#4421 = VERTEX_POINT ( 'NONE', #4688 ) ;
#4422 = CARTESIAN_POINT ( 'NONE',  ( 4.350540666537528800, 2.801000000000000156, -4.158628996545153278 ) ) ;
#4423 = VECTOR ( 'NONE', #2737, 1000.000000000000000 ) ;
#4424 =( GEOMETRIC_REPRESENTATION_CONTEXT ( 3 ) GLOBAL_UNCERTAINTY_ASSIGNED_CONTEXT ( ( #3821 ) ) GLOBAL_UNIT_ASSIGNED_CONTEXT ( ( #4079, #1940, #4851 ) ) REPRESENTATION_CONTEXT ( 'NONE', 'WORKASPACE' ) );
#4425 = FILL_AREA_STYLE_COLOUR ( '', #5396 ) ;
#4426 = CARTESIAN_POINT ( 'NONE',  ( 2.136803533547675826, 2.799999999999999822, -2.986541802393994249 ) ) ;
#4427 = MECHANICAL_DESIGN_GEOMETRIC_PRESENTATION_REPRESENTATION (  '', ( #3351 ), #4153 ) ;
#4428 = VECTOR ( 'NONE', #728, 1000.000000000000000 ) ;
#4429 = CARTESIAN_POINT ( 'NONE',  ( 2.120066517719257693, 2.799999999999999822, -2.912178684182384014 ) ) ;
#4430 = CYLINDRICAL_SURFACE ( 'NONE', #3610, 0.2000000000000000111 ) ;
#4431 = PRESENTATION_LAYER_ASSIGNMENT (  '', '', ( #5143 ) ) ;
#4432 = SURFACE_STYLE_USAGE ( .BOTH. , #4405 ) ;
#4433 = VECTOR ( 'NONE', #4213, 1000.000000000000000 ) ;
#4434 = PRESENTATION_STYLE_ASSIGNMENT (( #4488 ) ) ;
#4435 = PRESENTATION_STYLE_ASSIGNMENT (( #3209 ) ) ;
#4436 =( GEOMETRIC_REPRESENTATION_CONTEXT ( 3 ) GLOBAL_UNCERTAINTY_ASSIGNED_CONTEXT ( ( #2432 ) ) GLOBAL_UNIT_ASSIGNED_CONTEXT ( ( #885, #938, #2136 ) ) REPRESENTATION_CONTEXT ( 'NONE', 'WORKASPACE' ) );
#4437 = ORIENTED_EDGE ( 'NONE', *, *, #1215, .T. ) ;
#4438 =( GEOMETRIC_REPRESENTATION_CONTEXT ( 3 ) GLOBAL_UNCERTAINTY_ASSIGNED_CONTEXT ( ( #3759 ) ) GLOBAL_UNIT_ASSIGNED_CONTEXT ( ( #610, #5253, #634 ) ) REPRESENTATION_CONTEXT ( 'NONE', 'WORKASPACE' ) );
#4439 = ADVANCED_FACE ( 'NONE', ( #2685 ), #734, .T. ) ;
#4440 =( GEOMETRIC_REPRESENTATION_CONTEXT ( 3 ) GLOBAL_UNCERTAINTY_ASSIGNED_CONTEXT ( ( #1237 ) ) GLOBAL_UNIT_ASSIGNED_CONTEXT ( ( #3452, #3897, #1756 ) ) REPRESENTATION_CONTEXT ( 'NONE', 'WORKASPACE' ) );
#4441 = CARTESIAN_POINT ( 'NONE',  ( 1.545363580360915590, 2.801000000000000600, -2.276889338386461681 ) ) ;
#4442 = AXIS2_PLACEMENT_3D ( 'NONE', #4142, #1955, #2383 ) ;
#4443 = DIRECTION ( 'NONE',  ( -1.988800373236723465E-11, -1.000000000000000000, 5.673541487339802547E-12 ) ) ;
#4444 = UNCERTAINTY_MEASURE_WITH_UNIT (LENGTH_MEASURE( 1.000000000000000082E-05 ), #4654, 'distance_accuracy_value', 'NONE');
#4445 = CARTESIAN_POINT ( 'NONE',  ( 3.638667708195447936, 2.801000000000000156, -3.457565588944288670 ) ) ;
#4446 = VERTEX_POINT ( 'NONE', #1790 ) ;
#4447 = COLOUR_RGB ( '',0.5019607843137254832, 0.5019607843137254832, 0.5019607843137254832 ) ;
#4448 = PLANE ( 'NONE',  #5339 ) ;
#4449 = VERTEX_POINT ( 'NONE', #2708 ) ;
#4450 =( LENGTH_UNIT ( ) NAMED_UNIT ( * ) SI_UNIT ( .MILLI., .METRE. ) );
#4451 = EDGE_LOOP ( 'NONE', ( #2325, #4731, #4058, #1213, #2259, #5110, #3818 ) ) ;
#4452 = CARTESIAN_POINT ( 'NONE',  ( 3.758459374862114455, 2.801000000000000156, -3.324009041325241220 ) ) ;
#4453 = MECHANICAL_DESIGN_GEOMETRIC_PRESENTATION_REPRESENTATION (  '', ( #4017 ), #1579 ) ;
#4454 = CARTESIAN_POINT ( 'NONE',  ( 3.858905803433542836, 2.801000000000000156, -2.260020946087145877 ) ) ;
#4455 = ADVANCED_FACE ( 'NONE', ( #4468 ), #5451, .T. ) ;
#4456 =( NAMED_UNIT ( * ) SI_UNIT ( $, .STERADIAN. ) SOLID_ANGLE_UNIT ( ) );
#4457 = APPLICATION_CONTEXT ( 'automotive_design' ) ;
#4458 = MECHANICAL_DESIGN_GEOMETRIC_PRESENTATION_REPRESENTATION (  '', ( #950 ), #3382 ) ;
#4459 = LINE ( 'NONE', #4977, #1669 ) ;
#4460 = VECTOR ( 'NONE', #2614, 1000.000000000000000 ) ;
#4461 = CARTESIAN_POINT ( 'NONE',  ( 2.120066517719257693, 2.801000000000000156, -2.912178684182384014 ) ) ;
#4462 = CARTESIAN_POINT ( 'NONE',  ( 3.429590327243067005, 2.801000000000000156, -3.212401898468098427 ) ) ;
#4463 = SURFACE_SIDE_STYLE ('',( #2760 ) ) ;
#4464 = LINE ( 'NONE', #3618, #577 ) ;
#4465 = ADVANCED_FACE ( 'NONE', ( #2766 ), #5088, .T. ) ;
#4466 = CARTESIAN_POINT ( 'NONE',  ( 2.729813541528781418, 2.799999999999999822, -3.212401898468098427 ) ) ;
#4467 = VERTEX_POINT ( 'NONE', #3598 ) ;
#4468 = FACE_OUTER_BOUND ( 'NONE', #4975, .T. ) ;
#4469 = SURFACE_STYLE_FILL_AREA ( #1443 ) ;
#4470 = CARTESIAN_POINT ( 'NONE',  ( 6.799999999999999822, -0.1000000000000000056, -4.099999999999999645 ) ) ;
#4471 = CARTESIAN_POINT ( 'NONE',  ( -0.2000000000000000111, 1.200000000000000178, -2.499999999999999556 ) ) ;
#4472 = DIRECTION ( 'NONE',  ( -1.000000000000000000, 0.000000000000000000, -0.000000000000000000 ) ) ;
#4473 = VERTEX_POINT ( 'NONE', #5329 ) ;
#4474 = FILL_AREA_STYLE ('',( #2774 ) ) ;
#4475 = VECTOR ( 'NONE', #3206, 1000.000000000000227 ) ;
#4476 = CARTESIAN_POINT ( 'NONE',  ( 1.632164192889483889, 2.801000000000000600, -2.261660866179399321 ) ) ;
#4477 =( NAMED_UNIT ( * ) PLANE_ANGLE_UNIT ( ) SI_UNIT ( $, .RADIAN. ) );
#4478 = LINE ( 'NONE', #3635, #2727 ) ;
#4479 = ORIENTED_EDGE ( 'NONE', *, *, #2531, .T. ) ;
#4480 = PRESENTATION_STYLE_ASSIGNMENT (( #4401 ) ) ;
#4481 = DIRECTION ( 'NONE',  ( 1.000000000000000000, -0.000000000000000000, 0.000000000000000000 ) ) ;
#4482 = FILL_AREA_STYLE_COLOUR ( '', #2823 ) ;
#4483 =( NAMED_UNIT ( * ) SI_UNIT ( $, .STERADIAN. ) SOLID_ANGLE_UNIT ( ) );
#4484 = SURFACE_SIDE_STYLE ('',( #2781 ) ) ;
#4485 = ADVANCED_FACE ( 'NONE', ( #5304 ), #3213, .F. ) ;
#4486 = CARTESIAN_POINT ( 'NONE',  ( 0.000000000000000000, 1.399999999999999911, -4.099999999999999645 ) ) ;
#4487 = CARTESIAN_POINT ( 'NONE',  ( 3.639039732004971661, 2.801000000000000156, -4.019321541325241220 ) ) ;
#4488 = SURFACE_STYLE_USAGE ( .BOTH. , #4408 ) ;
#4489 = CARTESIAN_POINT ( 'NONE',  ( 4.350540666537528800, 2.800000000000000266, -4.158628996545153278 ) ) ;
#4490 = ORIENTED_EDGE ( 'NONE', *, *, #4230, .F. ) ;
#4491 = ORIENTED_EDGE ( 'NONE', *, *, #5285, .T. ) ;
#4492 = SURFACE_SIDE_STYLE ('',( #5380 ) ) ;
#4493 = UNCERTAINTY_MEASURE_WITH_UNIT (LENGTH_MEASURE( 1.000000000000000082E-05 ), #4811, 'distance_accuracy_value', 'NONE');
#4494 = CARTESIAN_POINT ( 'NONE',  ( 2.606673660576400486, 2.799999999999999822, -4.260020946087146321 ) ) ;
#4495 = VECTOR ( 'NONE', #3620, 1000.000000000000000 ) ;
#4496 = FILL_AREA_STYLE ('',( #1069 ) ) ;
#4497 = ORIENTED_EDGE ( 'NONE', *, *, #4672, .T. ) ;
#4498 =( LENGTH_UNIT ( ) NAMED_UNIT ( * ) SI_UNIT ( .MILLI., .METRE. ) );
#4499 =( NAMED_UNIT ( * ) PLANE_ANGLE_UNIT ( ) SI_UNIT ( $, .RADIAN. ) );
#4500 = EDGE_CURVE ( 'NONE', #3235, #370, #3343, .T. ) ;
#4501 = COLOUR_RGB ( '',0.5019607843137254832, 0.5019607843137254832, 0.5019607843137254832 ) ;
#4502 = FILL_AREA_STYLE ('',( #1485 ) ) ;
#4503 = CARTESIAN_POINT ( 'NONE',  ( 0.000000000000000000, 0.2000000000000000111, -2.399999999999999467 ) ) ;
#4504 =( NAMED_UNIT ( * ) SI_UNIT ( $, .STERADIAN. ) SOLID_ANGLE_UNIT ( ) );
#4505 = MECHANICAL_DESIGN_GEOMETRIC_PRESENTATION_REPRESENTATION (  '', ( #1004 ), #645 ) ;
#4506 = MECHANICAL_DESIGN_GEOMETRIC_PRESENTATION_REPRESENTATION (  '', ( #731 ), #646 ) ;
#4507 = CARTESIAN_POINT ( 'NONE',  ( 0.000000000000000000, 1.200000000000000178, -2.499999999999999556 ) ) ;
#4508 = FILL_AREA_STYLE_COLOUR ( '', #3846 ) ;
#4509 = VECTOR ( 'NONE', #1048, 1000.000000000000000 ) ;
#4510 =( LENGTH_UNIT ( ) NAMED_UNIT ( * ) SI_UNIT ( .MILLI., .METRE. ) );
#4511 =( LENGTH_UNIT ( ) NAMED_UNIT ( * ) SI_UNIT ( .MILLI., .METRE. ) );
#4512 = EDGE_CURVE ( 'NONE', #1962, #4366, #2900, .T. ) ;
#4513 = VERTEX_POINT ( 'NONE', #1197 ) ;
#4514 =( GEOMETRIC_REPRESENTATION_CONTEXT ( 3 ) GLOBAL_UNCERTAINTY_ASSIGNED_CONTEXT ( ( #2608 ) ) GLOBAL_UNIT_ASSIGNED_CONTEXT ( ( #3669, #1466, #3203 ) ) REPRESENTATION_CONTEXT ( 'NONE', 'WORKASPACE' ) );
#4515 = SURFACE_STYLE_FILL_AREA ( #129 ) ;
#4516 = VECTOR ( 'NONE', #4921, 1000.000000000000000 ) ;
#4517 = VECTOR ( 'NONE', #2936, 1000.000000000000000 ) ;
#4518 = CARTESIAN_POINT ( 'NONE',  ( 0.6345754462906857407, 2.801000000000000156, -2.955705469896669602 ) ) ;
#4519 =( NAMED_UNIT ( * ) SI_UNIT ( $, .STERADIAN. ) SOLID_ANGLE_UNIT ( ) );
#4520 = VECTOR ( 'NONE', #1563, 1000.000000000000000 ) ;
#4521 = ORIENTED_EDGE ( 'NONE', *, *, #3849, .F. ) ;
#4522 = PRESENTATION_LAYER_ASSIGNMENT (  '', '', ( #1375 ) ) ;
#4523 = SURFACE_STYLE_USAGE ( .BOTH. , #1034 ) ;
#4524 = VERTEX_POINT ( 'NONE', #1111 ) ;
#4525 = SURFACE_STYLE_USAGE ( .BOTH. , #3219 ) ;
#4526 = VECTOR ( 'NONE', #2045, 1000.000000000000227 ) ;
#4527 = ORIENTED_EDGE ( 'NONE', *, *, #4512, .F. ) ;
#4528 = VECTOR ( 'NONE', #4256, 1000.000000000000000 ) ;
#4529 = CARTESIAN_POINT ( 'NONE',  ( 5.710311583429722226, 2.801000000000000156, -4.253645388947259853 ) ) ;
#4530 = EDGE_CURVE ( 'NONE', #155, #72, #5410, .T. ) ;
#4531 = SURFACE_STYLE_USAGE ( .BOTH. , #5363 ) ;
#4532 = EDGE_LOOP ( 'NONE', ( #3789, #3245, #2296, #1505 ) ) ;
#4533 = CARTESIAN_POINT ( 'NONE',  ( 1.706004017719257471, 2.801000000000000156, -2.325125112753812839 ) ) ;
#4534 = ORIENTED_EDGE ( 'NONE', *, *, #2645, .T. ) ;
#4535 = SURFACE_STYLE_USAGE ( .BOTH. , #2005 ) ;
#4536 = FACE_OUTER_BOUND ( 'NONE', #2065, .T. ) ;
#4537 = COLOUR_RGB ( '',0.5019607843137254832, 0.5019607843137254832, 0.5019607843137254832 ) ;
#4538 = DIRECTION ( 'NONE',  ( -1.000000000000000000, 0.000000000000000000, 0.000000000000000000 ) ) ;
#4539 = CARTESIAN_POINT ( 'NONE',  ( 2.094191725512430935, 2.801000000000000156, -3.035561844218190419 ) ) ;
#4540 =( GEOMETRIC_REPRESENTATION_CONTEXT ( 3 ) GLOBAL_UNCERTAINTY_ASSIGNED_CONTEXT ( ( #1445 ) ) GLOBAL_UNIT_ASSIGNED_CONTEXT ( ( #2778, #4897, #171 ) ) REPRESENTATION_CONTEXT ( 'NONE', 'WORKASPACE' ) );
#4541 = CARTESIAN_POINT ( 'NONE',  ( 6.799999999999999822, -0.1000000000000000056, -2.499999999999999556 ) ) ;
#4542 = SURFACE_STYLE_USAGE ( .BOTH. , #2690 ) ;
#4543 = VECTOR ( 'NONE', #379, 1000.000000000000000 ) ;
#4544 = EDGE_CURVE ( 'NONE', #4942, #3916, #4569, .T. ) ;
#4545 = CARTESIAN_POINT ( 'NONE',  ( 2.577655803433543280, 2.801000000000000156, -2.270437612753812839 ) ) ;
#4546 = EDGE_CURVE ( 'NONE', #846, #1314, #4629, .T. ) ;
#4547 =( NAMED_UNIT ( * ) SI_UNIT ( $, .STERADIAN. ) SOLID_ANGLE_UNIT ( ) );
#4548 = ORIENTED_EDGE ( 'NONE', *, *, #539, .F. ) ;
#4549 = CARTESIAN_POINT ( 'NONE',  ( 0.5000000000000000000, 0.000000000000000000, -6.099999999999999645 ) ) ;
#4550 = UNCERTAINTY_MEASURE_WITH_UNIT (LENGTH_MEASURE( 1.000000000000000082E-05 ), #3044, 'distance_accuracy_value', 'NONE');
#4551 = CARTESIAN_POINT ( 'NONE',  ( 1.706004017719257471, 2.799999999999998934, -4.144693565134764945 ) ) ;
#4552 = ORIENTED_EDGE ( 'NONE', *, *, #5204, .T. ) ;
#4553 = CARTESIAN_POINT ( 'NONE',  ( 1.661767483029236381, 2.799999999999999378, -2.272880267078448480 ) ) ;
#4554 = ORIENTED_EDGE ( 'NONE', *, *, #4209, .T. ) ;
#4555 = CARTESIAN_POINT ( 'NONE',  ( 3.794545684385924211, 2.801000000000000156, -2.301687612753812839 ) ) ;
#4556 = CARTESIAN_POINT ( 'NONE',  ( 2.557686773900425425, 2.801000000000000600, -4.234854824222548331 ) ) ;
#4557 = UNCERTAINTY_MEASURE_WITH_UNIT (LENGTH_MEASURE( 1.000000000000000082E-05 ), #1837, 'distance_accuracy_value', 'NONE');
#4558 = FILL_AREA_STYLE ('',( #3685 ) ) ;
#4559 = VECTOR ( 'NONE', #604, 1000.000000000000000 ) ;
#4560 = EDGE_CURVE ( 'NONE', #1422, #313, #3315, .T. ) ;
#4561 = PRESENTATION_STYLE_ASSIGNMENT (( #4535 ) ) ;
#4562 = PRESENTATION_LAYER_ASSIGNMENT (  '', '', ( #1692 ) ) ;
#4563 = CARTESIAN_POINT ( 'NONE',  ( -0.2000000000000000111, 1.399999999999999911, -2.499999999999999556 ) ) ;
#4564 = PRESENTATION_STYLE_ASSIGNMENT (( #1462 ) ) ;
#4565 = VERTEX_POINT ( 'NONE', #4962 ) ;
#4566 = FILL_AREA_STYLE_COLOUR ( '', #1175 ) ;
#4567 = CARTESIAN_POINT ( 'NONE',  ( 3.858905803433542836, 2.800000000000000266, -2.260020946087145877 ) ) ;
#4568 = EDGE_CURVE ( 'NONE', #1527, #4777, #1679, .T. ) ;
#4569 = LINE ( 'NONE', #5444, #2746 ) ;
#4570 = CARTESIAN_POINT ( 'NONE',  ( 3.389039732004971661, 2.801000000000000156, -3.212401898468098427 ) ) ;
#4571 = VERTEX_POINT ( 'NONE', #255 ) ;
#4572 = PRESENTATION_STYLE_ASSIGNMENT (( #2874 ) ) ;
#4573 = PRESENTATION_STYLE_ASSIGNMENT (( #1172 ) ) ;
#4574 = ORIENTED_EDGE ( 'NONE', *, *, #3514, .F. ) ;
#4575 = ORIENTED_EDGE ( 'NONE', *, *, #5172, .F. ) ;
#4576 =( LENGTH_UNIT ( ) NAMED_UNIT ( * ) SI_UNIT ( .MILLI., .METRE. ) );
#4577 = ORIENTED_EDGE ( 'NONE', *, *, #1430, .T. ) ;
#4578 = SURFACE_STYLE_FILL_AREA ( #345 ) ;
#4579 = CARTESIAN_POINT ( 'NONE',  ( 4.753415315379232453, 2.800000000000000266, -2.263617518585094412 ) ) ;
#4580 = ORIENTED_EDGE ( 'NONE', *, *, #4180, .T. ) ;
#4581 = ADVANCED_FACE ( 'NONE', ( #3755 ), #1776, .T. ) ;
#4582 =( NAMED_UNIT ( * ) SI_UNIT ( $, .STERADIAN. ) SOLID_ANGLE_UNIT ( ) );
#4583 = VERTEX_POINT ( 'NONE', #9 ) ;
#4584 = CARTESIAN_POINT ( 'NONE',  ( -0.2000000000000000111, 1.399999999999999911, -4.099999999999999645 ) ) ;
#4585 = AXIS2_PLACEMENT_3D ( 'NONE', #180, #2785, #5300 ) ;
#4586 =( LENGTH_UNIT ( ) NAMED_UNIT ( * ) SI_UNIT ( .MILLI., .METRE. ) );
#4587 = DIRECTION ( 'NONE',  ( -3.614007241618348278E-16, 0.000000000000000000, -1.000000000000000000 ) ) ;
#4588 = CARTESIAN_POINT ( 'NONE',  ( 3.706004017719257249, 2.801000000000000156, -3.947520946087145433 ) ) ;
#4589 = FACE_OUTER_BOUND ( 'NONE', #3339, .T. ) ;
#4590 = PRESENTATION_LAYER_ASSIGNMENT (  '', '', ( #384 ) ) ;
#4591 = CIRCLE ( 'NONE', #4941, 0.5000000000000004441 ) ;
#4592 = ORIENTED_EDGE ( 'NONE', *, *, #2940, .F. ) ;
#4593 = CARTESIAN_POINT ( 'NONE',  ( 2.139783779624019555, 2.801000000000000600, -2.979142969896670046 ) ) ;
#4594 = CARTESIAN_POINT ( 'NONE',  ( 5.400000000000000355, 0.000000000000000000, -2.399999999999999911 ) ) ;
#4595 = STYLED_ITEM ( 'NONE', ( #3305 ), #2790 ) ;
#4596 = ORIENTED_EDGE ( 'NONE', *, *, #1442, .F. ) ;
#4597 = PRESENTATION_STYLE_ASSIGNMENT (( #1652 ) ) ;
#4598 = UNCERTAINTY_MEASURE_WITH_UNIT (LENGTH_MEASURE( 1.000000000000000082E-05 ), #312, 'distance_accuracy_value', 'NONE');
#4599 = AXIS2_PLACEMENT_3D ( 'NONE', #809, #1688, #1318 ) ;
#4600 = EDGE_CURVE ( 'NONE', #4446, #3712, #4958, .T. ) ;
#4601 =( NAMED_UNIT ( * ) SI_UNIT ( $, .STERADIAN. ) SOLID_ANGLE_UNIT ( ) );
#4602 = ORIENTED_EDGE ( 'NONE', *, *, #4568, .F. ) ;
#4603 = VECTOR ( 'NONE', #4651, 1000.000000000000000 ) ;
#4604 = ORIENTED_EDGE ( 'NONE', *, *, #2803, .F. ) ;
#4605 = COLOUR_RGB ( '',0.5019607843137254832, 0.5019607843137254832, 0.5019607843137254832 ) ;
#4606 =( NAMED_UNIT ( * ) SI_UNIT ( $, .STERADIAN. ) SOLID_ANGLE_UNIT ( ) );
#4607 = VECTOR ( 'NONE', #4188, 1000.000000000000000 ) ;
#4608 = CARTESIAN_POINT ( 'NONE',  ( 2.571784224167658284, 2.799999999999999822, -2.274468294048555883 ) ) ;
#4609 = UNCERTAINTY_MEASURE_WITH_UNIT (LENGTH_MEASURE( 1.000000000000000082E-05 ), #5447, 'distance_accuracy_value', 'NONE');
#4610 = LINE ( 'NONE', #1534, #651 ) ;
#4611 = COLOUR_RGB ( '',0.5019607843137254832, 0.5019607843137254832, 0.5019607843137254832 ) ;
#4612 = STYLED_ITEM ( 'NONE', ( #2029 ), #4407 ) ;
#4613 = ORIENTED_EDGE ( 'NONE', *, *, #3788, .F. ) ;
#4614 = ORIENTED_EDGE ( 'NONE', *, *, #170, .T. ) ;
#4615 = CARTESIAN_POINT ( 'NONE',  ( 0.6351483587249874274, 2.799999999999999822, -2.961813956309070850 ) ) ;
#4616 = EDGE_CURVE ( 'NONE', #5082, #155, #3484, .T. ) ;
#4617 = PRESENTATION_LAYER_ASSIGNMENT (  '', '', ( #3998 ) ) ;
#4618 = FACE_OUTER_BOUND ( 'NONE', #925, .T. ) ;
#4619 = FILL_AREA_STYLE ('',( #2337 ) ) ;
#4620 = CARTESIAN_POINT ( 'NONE',  ( 1.678846279624019111, 2.801000000000000156, -4.233607255610955633 ) ) ;
#4621 = MECHANICAL_DESIGN_GEOMETRIC_PRESENTATION_REPRESENTATION (  '', ( #5424 ), #5249 ) ;
#4622 = DIRECTION ( 'NONE',  ( 0.000000000000000000, 0.000000000000000000, -1.000000000000000000 ) ) ;
#4623 = CARTESIAN_POINT ( 'NONE',  ( 5.547893898671638624, 2.801000000000000156, -4.098190588944288670 ) ) ;
#4624 =( NAMED_UNIT ( * ) SI_UNIT ( $, .STERADIAN. ) SOLID_ANGLE_UNIT ( ) );
#4625 =( LENGTH_UNIT ( ) NAMED_UNIT ( * ) SI_UNIT ( .MILLI., .METRE. ) );
#4626 = COLOUR_RGB ( '',0.5019607843137254832, 0.5019607843137254832, 0.5019607843137254832 ) ;
#4627 = CARTESIAN_POINT ( 'NONE',  ( 3.819941713549071416, 2.800000000000000266, -2.269677156376753935 ) ) ;
#4628 = ORIENTED_EDGE ( 'NONE', *, *, #4616, .T. ) ;
#4630 = MECHANICAL_DESIGN_GEOMETRIC_PRESENTATION_REPRESENTATION (  '', ( #1305 ), #2585 ) ;
#4629 = LINE ( 'NONE', #4593, #1927 ) ;
#4631 = EDGE_CURVE ( 'NONE', #5148, #5352, #3866, .T. ) ;
#4632 = DIRECTION ( 'NONE',  ( -0.000000000000000000, -1.000000000000000000, -0.000000000000000000 ) ) ;
#4633 = CARTESIAN_POINT ( 'NONE',  ( 2.542047864030056559, 2.800000000000000266, -4.205093748468748949 ) ) ;
#4634 = FACE_OUTER_BOUND ( 'NONE', #1371, .T. ) ;
#4635 = PRESENTATION_LAYER_ASSIGNMENT (  '', '', ( #2404 ) ) ;
#4636 = ORIENTED_EDGE ( 'NONE', *, *, #958, .F. ) ;
#4637 = ORIENTED_EDGE ( 'NONE', *, *, #2720, .F. ) ;
#4638 = DIRECTION ( 'NONE',  ( -1.000000000000000000, 0.000000000000000000, -3.614007241618349757E-16 ) ) ;
#4639 = SURFACE_STYLE_FILL_AREA ( #5104 ) ;
#4640 = PRESENTATION_STYLE_ASSIGNMENT (( #2943 ) ) ;
#4641 = CARTESIAN_POINT ( 'NONE',  ( 2.539638109037174907, 2.800000000000000266, -2.332351790780141432 ) ) ;
#4642 = CARTESIAN_POINT ( 'NONE',  ( 0.5000000000000000000, 2.799999999999999822, -6.599999999999999645 ) ) ;
#4643 = ORIENTED_EDGE ( 'NONE', *, *, #4771, .T. ) ;
#4644 = EDGE_LOOP ( 'NONE', ( #3740, #215, #2407, #5355 ) ) ;
#4645 = CARTESIAN_POINT ( 'NONE',  ( 0.5000000000000000000, 2.799999999999999822, 0.000000000000000000 ) ) ;
#4646 = SURFACE_STYLE_USAGE ( .BOTH. , #4674 ) ;
#4647 = FACE_OUTER_BOUND ( 'NONE', #194, .T. ) ;
#4648 = CARTESIAN_POINT ( 'NONE',  ( 1.706004017719257471, 2.799999999999998934, -4.144693565134764945 ) ) ;
#4649 = SURFACE_STYLE_USAGE ( .BOTH. , #1223 ) ;
#4650 = ORIENTED_EDGE ( 'NONE', *, *, #305, .T. ) ;
#4651 = DIRECTION ( 'NONE',  ( -0.000000000000000000, -1.000000000000000000, -0.000000000000000000 ) ) ;
#4652 = EDGE_CURVE ( 'NONE', #1070, #5224, #3455, .T. ) ;
#4653 = CARTESIAN_POINT ( 'NONE',  ( 3.429962351052590730, 2.801000000000000156, -3.169991184182384014 ) ) ;
#4654 =( LENGTH_UNIT ( ) NAMED_UNIT ( * ) SI_UNIT ( .MILLI., .METRE. ) );
#4655 =( NAMED_UNIT ( * ) PLANE_ANGLE_UNIT ( ) SI_UNIT ( $, .RADIAN. ) );
#4656 = DIRECTION ( 'NONE',  ( -0.000000000000000000, -1.000000000000000000, -0.000000000000000000 ) ) ;
#4657 = B_SPLINE_CURVE_WITH_KNOTS ( 'NONE', 3,
 ( #1761, #864, #946, #3959, #4361, #4301, #12 ),
 .UNSPECIFIED., .F., .F.,
 ( 4, 1, 1, 1, 4 ),
 ( 0.000000000000000000, 0.3084865870549791111, 0.5644312014559702551, 0.7902694497233303528, 1.000000000000000000 ),
 .UNSPECIFIED. ) ;
#4658 = VERTEX_POINT ( 'NONE', #4326 ) ;
#4659 = ORIENTED_EDGE ( 'NONE', *, *, #3905, .F. ) ;
#4660 = SURFACE_STYLE_USAGE ( .BOTH. , #5453 ) ;
#4661 = DIRECTION ( 'NONE',  ( -0.2963992148724595710, 0.000000000000000000, -0.9550641368112351426 ) ) ;
#4662 = PLANE ( 'NONE',  #2455 ) ;
#4663 = UNCERTAINTY_MEASURE_WITH_UNIT (LENGTH_MEASURE( 1.000000000000000082E-05 ), #1685, 'distance_accuracy_value', 'NONE');
#4664 =( NAMED_UNIT ( * ) PLANE_ANGLE_UNIT ( ) SI_UNIT ( $, .RADIAN. ) );
#4665 = LINE ( 'NONE', #2948, #2197 ) ;
#4666 = EDGE_LOOP ( 'NONE', ( #4592, #929, #2813, #3406 ) ) ;
#4667 = ORIENTED_EDGE ( 'NONE', *, *, #4895, .F. ) ;
#4668 = LINE ( 'NONE', #788, #3301 ) ;
#4669 = ORIENTED_EDGE ( 'NONE', *, *, #3029, .F. ) ;
#4670 = EDGE_CURVE ( 'NONE', #3545, #1060, #1470, .T. ) ;
#4671 = DIRECTION ( 'NONE',  ( -1.000000000000000000, 0.000000000000000000, -0.000000000000000000 ) ) ;
#4672 = EDGE_CURVE ( 'NONE', #5335, #239, #4299, .T. ) ;
#4673 = CARTESIAN_POINT ( 'NONE',  ( 6.599999999999999645, 0.2000000000000000111, -2.399999999999999467 ) ) ;
#4674 = SURFACE_SIDE_STYLE ('',( #794 ) ) ;
#4675 = CARTESIAN_POINT ( 'NONE',  ( 1.706004017719257471, 2.801000000000000156, -4.144693565134764945 ) ) ;
#4676 = CARTESIAN_POINT ( 'NONE',  ( 4.397968303433543724, 2.799999999999999822, -4.254068565134764945 ) ) ;
#4677 = LINE ( 'NONE', #2932, #4526 ) ;
#4678 = VERTEX_POINT ( 'NONE', #4359 ) ;
#4679 = CARTESIAN_POINT ( 'NONE',  ( 3.905909851181637471, 2.800000000000000711, -2.264177776885031967 ) ) ;
#4680 =( NAMED_UNIT ( * ) SI_UNIT ( $, .STERADIAN. ) SOLID_ANGLE_UNIT ( ) );
#4681 = VECTOR ( 'NONE', #240, 1000.000000000000000 ) ;
#4682 = CARTESIAN_POINT ( 'NONE',  ( 5.747298660576400486, 2.799999999999999822, -4.231747136563336120 ) ) ;
#4683 = ADVANCED_FACE ( 'NONE', ( #5097 ), #499, .T. ) ;
#4684 = AXIS2_PLACEMENT_3D ( 'NONE', #84, #4009, #2671 ) ;
#4685 = EDGE_LOOP ( 'NONE', ( #1689, #2939, #4200, #4192 ) ) ;
#4686 = B_SPLINE_SURFACE_WITH_KNOTS ( 'NONE', 3, 1, ( 
 ( #3099, #3984 ),
 ( #3568, #3955 ),
 ( #1729, #1812 ),
 ( #4716, #2623 ),
 ( #544, #34 ) ),
 .UNSPECIFIED., .F., .F., .F.,
 ( 4, 1, 4 ),
 ( 2, 2 ),
 ( 0.000000000000000000, 0.4700705686705716202, 1.000000000000000000 ),
 ( 0.000000000000000000, 1.000000000000000000 ),
 .UNSPECIFIED. ) ;
#4687 = ORIENTED_EDGE ( 'NONE', *, *, #4822, .F. ) ;
#4688 = CARTESIAN_POINT ( 'NONE',  ( 1.000000000000000000, -0.1000000000000000056, -2.499999999999999556 ) ) ;
#4689 = PRESENTATION_LAYER_ASSIGNMENT (  '', '', ( #4156 ) ) ;
#4690 = VECTOR ( 'NONE', #2354, 1000.000000000000000 ) ;
#4691 = CARTESIAN_POINT ( 'NONE',  ( 3.966761416929488249, 2.799999999999999378, -2.320371747994886213 ) ) ;
#4692 = CARTESIAN_POINT ( 'NONE',  ( 4.375656642977042488, 2.799999999999999378, -4.241162251648592729 ) ) ;
#4693 = FILL_AREA_STYLE ('',( #403 ) ) ;
#4694 = PRESENTATION_STYLE_ASSIGNMENT (( #3913 ) ) ;
#4695 = CARTESIAN_POINT ( 'NONE',  ( 0.5000000000000000000, 2.799999999999999822, -0.5000000000000000000 ) ) ;
#4696 = STYLED_ITEM ( 'NONE', ( #690 ), #2942 ) ;
#4697 = VECTOR ( 'NONE', #433, 1000.000000000000000 ) ;
#4698 = CARTESIAN_POINT ( 'NONE',  ( 4.707381832405038047, 2.800000000000000266, -2.302683157345468690 ) ) ;
#4699 = VECTOR ( 'NONE', #638, 1000.000000000000000 ) ;
#4700 = EDGE_LOOP ( 'NONE', ( #3319, #3581, #2692, #2316 ) ) ;
#4701 = AXIS2_PLACEMENT_3D ( 'NONE', #4413, #2290, #3997 ) ;
#4702 = DIRECTION ( 'NONE',  ( 1.000000000000000000, -0.000000000000000000, 3.614007241618349264E-16 ) ) ;
#4703 = ORIENTED_EDGE ( 'NONE', *, *, #2617, .T. ) ;
#4704 = EDGE_CURVE ( 'NONE', #115, #3329, #3248, .T. ) ;
#4705 = DIRECTION ( 'NONE',  ( 2.409338161078898194E-16, -0.000000000000000000, 1.000000000000000000 ) ) ;
#4706 = MECHANICAL_DESIGN_GEOMETRIC_PRESENTATION_REPRESENTATION (  '', ( #2477 ), #309 ) ;
#4707 = CARTESIAN_POINT ( 'NONE',  ( 1.696778889988206140, 2.800000000000000266, -2.304129296645964331 ) ) ;
#4708 =( NAMED_UNIT ( * ) PLANE_ANGLE_UNIT ( ) SI_UNIT ( $, .RADIAN. ) );
#4709 = VECTOR ( 'NONE', #2358, 1000.000000000000000 ) ;
#4710 = PRESENTATION_STYLE_ASSIGNMENT (( #2190 ) ) ;
#4711 = VECTOR ( 'NONE', #1666, 1000.000000000000000 ) ;
#4712 = CARTESIAN_POINT ( 'NONE',  ( 0.6348585855473105610, 2.799999999999999822, -2.948827522981605664 ) ) ;
#4713 = ORIENTED_EDGE ( 'NONE', *, *, #2601, .T. ) ;
#4715 = MECHANICAL_DESIGN_GEOMETRIC_PRESENTATION_REPRESENTATION (  '', ( #4004 ), #3722 ) ;
#4714 = AXIS2_PLACEMENT_3D ( 'NONE', #944, #4300, #1311 ) ;
#4716 = CARTESIAN_POINT ( 'NONE',  ( 0.6348585855473105610, 2.801000000000000156, -2.948827522981605664 ) ) ;
#4717 = CARTESIAN_POINT ( 'NONE',  ( 4.348861160576400486, 2.801000000000000156, -4.167014993706193771 ) ) ;
#4718 = PLANE ( 'NONE',  #4714 ) ;
#4719 = MECHANICAL_DESIGN_GEOMETRIC_PRESENTATION_REPRESENTATION (  '', ( #2039 ), #1937 ) ;
#4720 = EDGE_CURVE ( 'NONE', #1528, #1770, #4919, .T. ) ;
#4721 = SURFACE_STYLE_USAGE ( .BOTH. , #2260 ) ;
#4722 =( NAMED_UNIT ( * ) SI_UNIT ( $, .STERADIAN. ) SOLID_ANGLE_UNIT ( ) );
#4723 = CARTESIAN_POINT ( 'NONE',  ( 1.602209374862114455, 2.799999999999999822, -4.260020946087146321 ) ) ;
#4724 = FILL_AREA_STYLE_COLOUR ( '', #4336 ) ;
#4725 = UNCERTAINTY_MEASURE_WITH_UNIT (LENGTH_MEASURE( 1.000000000000000082E-05 ), #5119, 'distance_accuracy_value', 'NONE');
#4726 = CARTESIAN_POINT ( 'NONE',  ( 5.747298660576400486, 2.799999999999999822, -4.231747136563336120 ) ) ;
#4727 = CARTESIAN_POINT ( 'NONE',  ( 4.700966236964810641, 2.801000000000000156, -2.338886637735273943 ) ) ;
#4728 = ORIENTED_EDGE ( 'NONE', *, *, #3288, .F. ) ;
#4729 = DIRECTION ( 'NONE',  ( -0.000000000000000000, -1.000000000000000000, -0.000000000000000000 ) ) ;
#4730 = EDGE_CURVE ( 'NONE', #4473, #4078, #4120, .T. ) ;
#4731 = ORIENTED_EDGE ( 'NONE', *, *, #2700, .T. ) ;
#4732 = FILL_AREA_STYLE ('',( #927 ) ) ;
#4733 = VECTOR ( 'NONE', #4358, 1000.000000000000000 ) ;
#4734 = ORIENTED_EDGE ( 'NONE', *, *, #3937, .F. ) ;
#4735 = SURFACE_SIDE_STYLE ('',( #3042 ) ) ;
#4736 = APPLICATION_CONTEXT ( 'automotive_design' ) ;
#4737 = LINE ( 'NONE', #1331, #4348 ) ;
#4738 = CARTESIAN_POINT ( 'NONE',  ( 0.000000000000000000, 0.000000000000000000, -2.399999999999999467 ) ) ;
#4739 = CARTESIAN_POINT ( 'NONE',  ( 1.515908167376854410, 2.801000000000000600, -2.336503267312573406 ) ) ;
#4740 = ADVANCED_FACE ( 'NONE', ( #268 ), #2437, .T. ) ;
#4741 = SURFACE_STYLE_USAGE ( .BOTH. , #4270 ) ;
#4742 = CARTESIAN_POINT ( 'NONE',  ( 3.838410104913845267, 2.799999999999998934, -2.261260972005612047 ) ) ;
#4743 = CARTESIAN_POINT ( 'NONE',  ( 1.607829635796314216, 2.801000000000000600, -4.259759079432622997 ) ) ;
#4744 = SURFACE_SIDE_STYLE ('',( #94 ) ) ;
#4745 = AXIS2_PLACEMENT_3D ( 'NONE', #3945, #3826, #3087 ) ;
#4746 = EDGE_CURVE ( 'NONE', #4108, #4130, #3541, .T. ) ;
#4747 = SURFACE_STYLE_FILL_AREA ( #4305 ) ;
#4748 = CARTESIAN_POINT ( 'NONE',  ( 3.794545684385924211, 2.801000000000000156, -2.301687612753812839 ) ) ;
#4749 = PRESENTATION_STYLE_ASSIGNMENT (( #3031 ) ) ;
#4750 =( NAMED_UNIT ( * ) PLANE_ANGLE_UNIT ( ) SI_UNIT ( $, .RADIAN. ) );
#4751 = ORIENTED_EDGE ( 'NONE', *, *, #4670, .F. ) ;
#4752 = FILL_AREA_STYLE_COLOUR ( '', #919 ) ;
#4753 = CARTESIAN_POINT ( 'NONE',  ( 4.397968303433543724, 2.801000000000000156, -4.254068565134764945 ) ) ;
#4754 = VERTEX_POINT ( 'NONE', #1578 ) ;
#4755 = ORIENTED_EDGE ( 'NONE', *, *, #520, .F. ) ;
#4756 = EDGE_CURVE ( 'NONE', #104, #4297, #1487, .T. ) ;
#4757 = DIRECTION ( 'NONE',  ( 1.000000000000000000, 0.000000000000000000, -0.000000000000000000 ) ) ;
#4758 = CARTESIAN_POINT ( 'NONE',  ( 3.858905803433542836, 2.799999999999999822, -2.260020946087145877 ) ) ;
#4759 = FACE_OUTER_BOUND ( 'NONE', #3857, .T. ) ;
#4760 = PRESENTATION_LAYER_ASSIGNMENT (  '', '', ( #2631 ) ) ;
#4761 = SURFACE_STYLE_FILL_AREA ( #3929 ) ;
#4762 = PRESENTATION_STYLE_ASSIGNMENT (( #66 ) ) ;
#4763 = CARTESIAN_POINT ( 'NONE',  ( 4.397968303433543724, 2.801000000000000156, -4.254068565134764945 ) ) ;
#4764 = VECTOR ( 'NONE', #4789, 1000.000000000000114 ) ;
#4765 = FILL_AREA_STYLE ('',( #4387 ) ) ;
#4766 = CARTESIAN_POINT ( 'NONE',  ( 1.678846279624019111, 2.801000000000000156, -4.233607255610955633 ) ) ;
#4767 = ORIENTED_EDGE ( 'NONE', *, *, #1638, .F. ) ;
#4768 =( GEOMETRIC_REPRESENTATION_CONTEXT ( 3 ) GLOBAL_UNCERTAINTY_ASSIGNED_CONTEXT ( ( #4280 ) ) GLOBAL_UNIT_ASSIGNED_CONTEXT ( ( #3725, #5326, #4042 ) ) REPRESENTATION_CONTEXT ( 'NONE', 'WORKASPACE' ) );
#4769 = ORIENTED_EDGE ( 'NONE', *, *, #266, .T. ) ;
#4770 = CARTESIAN_POINT ( 'NONE',  ( 6.599999999999999645, 0.09999999999999997780, -4.099999999999999645 ) ) ;
#4771 = EDGE_CURVE ( 'NONE', #3973, #2155, #2680, .T. ) ;
#4772 = CARTESIAN_POINT ( 'NONE',  ( 5.400000000000000355, 0.000000000000000000, -2.399999999999999911 ) ) ;
#4773 = CARTESIAN_POINT ( 'NONE',  ( 2.650944493909733524, 2.799999999999999378, -2.260020946087145877 ) ) ;
#4774 = UNCERTAINTY_MEASURE_WITH_UNIT (LENGTH_MEASURE( 1.000000000000000082E-05 ), #2014, 'distance_accuracy_value', 'NONE');
#4775 = PRESENTATION_LAYER_ASSIGNMENT (  '', '', ( #3442 ) ) ;
#4776 = CARTESIAN_POINT ( 'NONE',  ( 2.031524851052590730, 2.801000000000000156, -2.879068565134764945 ) ) ;
#4777 = VERTEX_POINT ( 'NONE', #943 ) ;
#4778 = FACE_OUTER_BOUND ( 'NONE', #3390, .T. ) ;
#4779 = CARTESIAN_POINT ( 'NONE',  ( 1.595884970100209799, 2.801000000000000600, -2.260020946087146321 ) ) ;
#4780 = ORIENTED_EDGE ( 'NONE', *, *, #398, .F. ) ;
#4781 = MECHANICAL_DESIGN_GEOMETRIC_PRESENTATION_REPRESENTATION (  '', ( #4788 ), #2095 ) ;
#4782 = CARTESIAN_POINT ( 'NONE',  ( 2.548343661498726931, 2.801000000000000156, -2.299115127249770296 ) ) ;
#4783 = ORIENTED_EDGE ( 'NONE', *, *, #986, .T. ) ;
#4784 = DIRECTION ( 'NONE',  ( -0.000000000000000000, -1.000000000000000000, -0.000000000000000000 ) ) ;
#4785 = B_SPLINE_SURFACE_WITH_KNOTS ( 'NONE', 3, 1, ( 
 ( #4067, #547 ),
 ( #1870, #2784 ),
 ( #3592, #5298 ),
 ( #3207, #1435 ),
 ( #4901, #1054 ),
 ( #3182, #4041 ),
 ( #971, #1028 ) ),
 .UNSPECIFIED., .F., .F., .F.,
 ( 4, 1, 1, 1, 4 ),
 ( 2, 2 ),
 ( 0.000000000000000000, 0.2387597408372023056, 0.4775194816744000037, 0.7245226249102039162, 1.000000000000000000 ),
 ( 0.000000000000000000, 1.000000000000000000 ),
 .UNSPECIFIED. ) ;
#4786 = FILL_AREA_STYLE_COLOUR ( '', #40 ) ;
#4787 = AXIS2_PLACEMENT_3D ( 'NONE', #4695, #1743, #5207 ) ;
#4788 = STYLED_ITEM ( 'NONE', ( #5187 ), #697 ) ;
#4789 = DIRECTION ( 'NONE',  ( -0.7096097904480882512, 0.000000000000000000, 0.7045948802682433509 ) ) ;
#4790 = SURFACE_SIDE_STYLE ('',( #30 ) ) ;
#4791 = EDGE_CURVE ( 'NONE', #242, #3680, #2801, .T. ) ;
#4792 = FACE_OUTER_BOUND ( 'NONE', #4964, .T. ) ;
#4793 =( GEOMETRIC_REPRESENTATION_CONTEXT ( 3 ) GLOBAL_UNCERTAINTY_ASSIGNED_CONTEXT ( ( #2826 ) ) GLOBAL_UNIT_ASSIGNED_CONTEXT ( ( #718, #2510, #4601 ) ) REPRESENTATION_CONTEXT ( 'NONE', 'WORKASPACE' ) );
#4794 = FILL_AREA_STYLE ('',( #2226 ) ) ;
#4795 =( GEOMETRIC_REPRESENTATION_CONTEXT ( 3 ) GLOBAL_UNCERTAINTY_ASSIGNED_CONTEXT ( ( #5282 ) ) GLOBAL_UNIT_ASSIGNED_CONTEXT ( ( #3847, #3408, #5103 ) ) REPRESENTATION_CONTEXT ( 'NONE', 'WORKASPACE' ) );
#4796 = LINE ( 'NONE', #4738, #2026 ) ;
#4797 = DIRECTION ( 'NONE',  ( 0.000000000000000000, -1.000000000000000000, 0.000000000000000000 ) ) ;
#4798 =( NAMED_UNIT ( * ) PLANE_ANGLE_UNIT ( ) SI_UNIT ( $, .RADIAN. ) );
#4799 = VECTOR ( 'NONE', #2964, 1000.000000000000000 ) ;
#4800 = LINE ( 'NONE', #2257, #2465 ) ;
#4801 = CARTESIAN_POINT ( 'NONE',  ( 1.595884970100209577, 2.801000000000000156, -2.260020946087145877 ) ) ;
#4802 = VERTEX_POINT ( 'NONE', #650 ) ;
#4803 = EDGE_CURVE ( 'NONE', #72, #4052, #969, .T. ) ;
#4804 = ORIENTED_EDGE ( 'NONE', *, *, #5374, .F. ) ;
#4805 = CARTESIAN_POINT ( 'NONE',  ( 4.776316517719257249, 2.801000000000000156, -2.260020946087145877 ) ) ;
#4806 = CARTESIAN_POINT ( 'NONE',  ( 3.961185761176879261, 2.801000000000001044, -2.361327728568180628 ) ) ;
#4807 = PRESENTATION_STYLE_ASSIGNMENT (( #3162 ) ) ;
#4808 = SURFACE_STYLE_USAGE ( .BOTH. , #1714 ) ;
#4809 = VERTEX_POINT ( 'NONE', #3957 ) ;
#4810 = VERTEX_POINT ( 'NONE', #4978 ) ;
#4811 =( LENGTH_UNIT ( ) NAMED_UNIT ( * ) SI_UNIT ( .MILLI., .METRE. ) );
#4812 = VECTOR ( 'NONE', #3979, 1000.000000000000000 ) ;
#4813 = DIRECTION ( 'NONE',  ( 0.3169399013971949675, 0.000000000000000000, -0.9484456225331721058 ) ) ;
#4814 = CARTESIAN_POINT ( 'NONE',  ( 2.104601419374838134, 2.801000000000000600, -2.896617472288671724 ) ) ;
#4815 = VECTOR ( 'NONE', #3947, 1000.000000000000114 ) ;
#4816 = SURFACE_STYLE_USAGE ( .BOTH. , #4790 ) ;
#4817 = CARTESIAN_POINT ( 'NONE',  ( 5.667685565338305587, 2.799999999999999822, -4.260020946087146321 ) ) ;
#4818 =( LENGTH_UNIT ( ) NAMED_UNIT ( * ) SI_UNIT ( .MILLI., .METRE. ) );
#4819 =( NAMED_UNIT ( * ) PLANE_ANGLE_UNIT ( ) SI_UNIT ( $, .RADIAN. ) );
#4820 = CARTESIAN_POINT ( 'NONE',  ( 6.599999999999999645, 0.000000000000000000, 0.000000000000000000 ) ) ;
#4821 = FILL_AREA_STYLE_COLOUR ( '', #924 ) ;
#4822 = EDGE_CURVE ( 'NONE', #1971, #4329, #1846, .T. ) ;
#4823 = ORIENTED_EDGE ( 'NONE', *, *, #3122, .F. ) ;
#4824 = DIRECTION ( 'NONE',  ( 0.000000000000000000, -0.000000000000000000, -1.000000000000000000 ) ) ;
#4825 = PRESENTATION_STYLE_ASSIGNMENT (( #3138 ) ) ;
#4826 = UNCERTAINTY_MEASURE_WITH_UNIT (LENGTH_MEASURE( 1.000000000000000082E-05 ), #5371, 'distance_accuracy_value', 'NONE');
#4827 = FILL_AREA_STYLE_COLOUR ( '', #3544 ) ;
#4828 = ORIENTED_EDGE ( 'NONE', *, *, #4530, .F. ) ;
#4829 = LINE ( 'NONE', #2266, #945 ) ;
#4830 = ORIENTED_EDGE ( 'NONE', *, *, #872, .T. ) ;
#4831 = DIRECTION ( 'NONE',  ( 0.000000000000000000, 0.000000000000000000, 1.000000000000000000 ) ) ;
#4832 = ORIENTED_EDGE ( 'NONE', *, *, #1251, .F. ) ;
#4833 = CARTESIAN_POINT ( 'NONE',  ( 4.402088474662425810, 2.800999999999999712, -4.105200676967601048 ) ) ;
#4834 = CARTESIAN_POINT ( 'NONE',  ( 2.729813541528781418, 2.799999999999999822, -2.319172731801431464 ) ) ;
#4835 = LINE ( 'NONE', #1409, #1123 ) ;
#4836 = CARTESIAN_POINT ( 'NONE',  ( 3.967908779624019111, 2.799999999999999822, -3.631672731801431908 ) ) ;
#4837 = EDGE_CURVE ( 'NONE', #4273, #4241, #2705, .T. ) ;
#4838 = DIRECTION ( 'NONE',  ( 0.000000000000000000, -1.000000000000000000, 0.000000000000000000 ) ) ;
#4839 = LINE ( 'NONE', #3666, #2717 ) ;
#4840 = CARTESIAN_POINT ( 'NONE',  ( 0.000000000000000000, 0.000000000000000000, -6.099999999999999645 ) ) ;
#4841 = CARTESIAN_POINT ( 'NONE',  ( 0.7011677081954477142, 2.801000000000000156, -2.879068565134764945 ) ) ;
#4842 = SURFACE_STYLE_USAGE ( .BOTH. , #5273 ) ;
#4843 = CARTESIAN_POINT ( 'NONE',  ( 0.000000000000000000, 2.799999999999999822, -6.099999999999999645 ) ) ;
#4844 = DIRECTION ( 'NONE',  ( 0.000000000000000000, 0.000000000000000000, -1.000000000000000000 ) ) ;
#4845 = VERTEX_POINT ( 'NONE', #5114 ) ;
#4846 = VECTOR ( 'NONE', #4068, 1000.000000000000000 ) ;
#4847 = CARTESIAN_POINT ( 'NONE',  ( 3.961185761176879261, 2.801000000000001044, -2.361327728568180628 ) ) ;
#4848 = EDGE_CURVE ( 'NONE', #3968, #1224, #2038, .T. ) ;
#4849 = CARTESIAN_POINT ( 'NONE',  ( 1.579322903160761182, 2.801000000000000156, -2.260260127561592558 ) ) ;
#4850 = PRESENTATION_STYLE_ASSIGNMENT (( #1906 ) ) ;
#4851 =( NAMED_UNIT ( * ) SI_UNIT ( $, .STERADIAN. ) SOLID_ANGLE_UNIT ( ) );
#4852 =( NAMED_UNIT ( * ) SI_UNIT ( $, .STERADIAN. ) SOLID_ANGLE_UNIT ( ) );
#4853 = VERTEX_POINT ( 'NONE', #849 ) ;
#4854 = ORIENTED_EDGE ( 'NONE', *, *, #908, .F. ) ;
#4855 = CARTESIAN_POINT ( 'NONE',  ( 6.099999999999999645, 2.799999999999999822, -6.099999999999999645 ) ) ;
#4856 = ORIENTED_EDGE ( 'NONE', *, *, #3353, .T. ) ;
#4857 = CARTESIAN_POINT ( 'NONE',  ( 4.776316517719257249, 2.801000000000000156, -2.260020946087145877 ) ) ;
#4858 = COLOUR_RGB ( '',0.5019607843137254832, 0.5019607843137254832, 0.5019607843137254832 ) ;
#4859 = STYLED_ITEM ( 'NONE', ( #2022 ), #1107 ) ;
#4860 = CARTESIAN_POINT ( 'NONE',  ( 0.6351483587249874274, 2.801000000000000156, -2.961813956309070850 ) ) ;
#4861 = CARTESIAN_POINT ( 'NONE',  ( 2.058851476960513960, 2.801000000000000600, -2.880397272466893810 ) ) ;
#4862 = AXIS2_PLACEMENT_3D ( 'NONE', #2273, #4813, #3562 ) ;
#4863 = DIRECTION ( 'NONE',  ( 0.000000000000000000, -1.000000000000000000, 0.000000000000000000 ) ) ;
#4864 = EDGE_CURVE ( 'NONE', #2849, #239, #1157, .T. ) ;
#4865 = MECHANICAL_DESIGN_GEOMETRIC_PRESENTATION_REPRESENTATION (  '', ( #1008 ), #1190 ) ;
#4866 = COLOUR_RGB ( '',0.7529411764705882248, 0.7529411764705882248, 0.7529411764705882248 ) ;
#4867 = SURFACE_STYLE_FILL_AREA ( #1842 ) ;
#4868 = B_SPLINE_CURVE_WITH_KNOTS ( 'NONE', 3,
 ( #3331, #4290, #2129, #2094, #5462, #3831, #3420 ),
 .UNSPECIFIED., .F., .F.,
 ( 4, 1, 1, 1, 4 ),
 ( 0.000000000000000000, 0.1362224709609783369, 0.3446027822469294732, 0.6294348157194437077, 1.000000000000000000 ),
 .UNSPECIFIED. ) ;
#4869 = CARTESIAN_POINT ( 'NONE',  ( 6.599999999999999645, 0.000000000000000000, -2.399999999999999467 ) ) ;
#4870 = COLOUR_RGB ( '',0.5019607843137254832, 0.5019607843137254832, 0.5019607843137254832 ) ;
#4871 = CARTESIAN_POINT ( 'NONE',  ( 2.139783779624019111, 2.801000000000000156, -2.979142969896669602 ) ) ;
#4872 = VECTOR ( 'NONE', #4656, 1000.000000000000000 ) ;
#4873 = CYLINDRICAL_SURFACE ( 'NONE', #2484, 0.1999999999999996503 ) ;
#4874 = CARTESIAN_POINT ( 'NONE',  ( 1.515527827243066783, 2.801000000000000156, -3.045735231801431908 ) ) ;
#4875 = B_SPLINE_CURVE_WITH_KNOTS ( 'NONE', 3,
 ( #5216, #1698, #469, #2984, #1754, #1247, #4676 ),
 .UNSPECIFIED., .F., .F.,
 ( 4, 1, 1, 1, 4 ),
 ( 0.000000000000000000, 0.2759300792207734498, 0.5210073219011515100, 0.7540400476450355161, 1.000000000000000000 ),
 .UNSPECIFIED. ) ;
#4876 = VECTOR ( 'NONE', #3751, 1000.000000000000114 ) ;
#4877 = VERTEX_POINT ( 'NONE', #3830 ) ;
#4878 =( GEOMETRIC_REPRESENTATION_CONTEXT ( 3 ) GLOBAL_UNCERTAINTY_ASSIGNED_CONTEXT ( ( #669 ) ) GLOBAL_UNIT_ASSIGNED_CONTEXT ( ( #3909, #2143, #951 ) ) REPRESENTATION_CONTEXT ( 'NONE', 'WORKASPACE' ) );
#4879 = CARTESIAN_POINT ( 'NONE',  ( 3.966909766306168095, 2.800999999999999712, -2.341492147384976796 ) ) ;
#4880 = SURFACE_SIDE_STYLE ('',( #2396 ) ) ;
#4881 = VECTOR ( 'NONE', #1098, 1000.000000000000000 ) ;
#4882 =( NAMED_UNIT ( * ) SI_UNIT ( $, .STERADIAN. ) SOLID_ANGLE_UNIT ( ) );
#4883 = UNCERTAINTY_MEASURE_WITH_UNIT (LENGTH_MEASURE( 1.000000000000000082E-05 ), #1522, 'distance_accuracy_value', 'NONE');
#4884 = PLANE ( 'NONE',  #564 ) ;
#4885 = CARTESIAN_POINT ( 'NONE',  ( 4.866480787899728710, 2.800000000000000266, -2.292806550480329442 ) ) ;
#4886 = ORIENTED_EDGE ( 'NONE', *, *, #3514, .T. ) ;
#4887 = EDGE_CURVE ( 'NONE', #4329, #3968, #4289, .T. ) ;
#4888 = CARTESIAN_POINT ( 'NONE',  ( 4.700715090377487471, 2.799999999999999822, -2.312437825962322169 ) ) ;
#4889 = ORIENTED_EDGE ( 'NONE', *, *, #553, .T. ) ;
#4890 = DIRECTION ( 'NONE',  ( 1.000000000000000000, -0.000000000000000000, -0.000000000000000000 ) ) ;
#4891 = FILL_AREA_STYLE_COLOUR ( '', #1301 ) ;
#4892 = PRESENTATION_LAYER_ASSIGNMENT (  '', '', ( #3376 ) ) ;
#4893 = ORIENTED_EDGE ( 'NONE', *, *, #1149, .T. ) ;
#4894 = FILL_AREA_STYLE ('',( #5292 ) ) ;
#4895 = EDGE_CURVE ( 'NONE', #2501, #342, #5544, .T. ) ;
#4896 =( GEOMETRIC_REPRESENTATION_CONTEXT ( 3 ) GLOBAL_UNCERTAINTY_ASSIGNED_CONTEXT ( ( #2319 ) ) GLOBAL_UNIT_ASSIGNED_CONTEXT ( ( #1777, #5267, #934 ) ) REPRESENTATION_CONTEXT ( 'NONE', 'WORKASPACE' ) );
#4897 =( NAMED_UNIT ( * ) PLANE_ANGLE_UNIT ( ) SI_UNIT ( $, .RADIAN. ) );
#4898 = FILL_AREA_STYLE_COLOUR ( '', #2145 ) ;
#4899 = CARTESIAN_POINT ( 'NONE',  ( 2.139783779624019555, 2.801000000000000600, -2.979142969896670046 ) ) ;
#4900 = AXIS2_PLACEMENT_3D ( 'NONE', #2879, #8, #3265 ) ;
#4901 = CARTESIAN_POINT ( 'NONE',  ( 1.516629534458912687, 2.801000000000001489, -2.324214979886934263 ) ) ;
#4902 = LINE ( 'NONE', #4874, #4411 ) ;
#4903 = DIRECTION ( 'NONE',  ( 0.000000000000000000, -1.000000000000000000, 0.000000000000000000 ) ) ;
#4904 = ORIENTED_EDGE ( 'NONE', *, *, #1880, .T. ) ;
#4905 = CARTESIAN_POINT ( 'NONE',  ( 3.967908779624019111, 2.801000000000000156, -2.338145946087145877 ) ) ;
#4906 = DIRECTION ( 'NONE',  ( -0.000000000000000000, -1.000000000000000000, 0.000000000000000000 ) ) ;
#4907 = EDGE_CURVE ( 'NONE', #4942, #3770, #2551, .T. ) ;
#4908 = ORIENTED_EDGE ( 'NONE', *, *, #4895, .T. ) ;
#4909 =( NAMED_UNIT ( * ) SI_UNIT ( $, .STERADIAN. ) SOLID_ANGLE_UNIT ( ) );
#4910 = ORIENTED_EDGE ( 'NONE', *, *, #1759, .T. ) ;
#4911 = DIRECTION ( 'NONE',  ( -0.3581218616476107841, 0.000000000000000000, 0.9336748535812933181 ) ) ;
#4912 = PRESENTATION_STYLE_ASSIGNMENT (( #1885 ) ) ;
#4913 = EDGE_CURVE ( 'NONE', #744, #13, #5170, .T. ) ;
#4914 = DIRECTION ( 'NONE',  ( 1.000000000000000000, 0.000000000000000000, 0.000000000000000000 ) ) ;
#4915 = CARTESIAN_POINT ( 'NONE',  ( 3.851867817888909418, 2.800999999999999268, -2.260446756628842646 ) ) ;
#4916 = DIRECTION ( 'NONE',  ( -0.000000000000000000, -1.000000000000000000, -0.000000000000000000 ) ) ;
#4917 =( GEOMETRIC_REPRESENTATION_CONTEXT ( 3 ) GLOBAL_UNCERTAINTY_ASSIGNED_CONTEXT ( ( #125 ) ) GLOBAL_UNIT_ASSIGNED_CONTEXT ( ( #2580, #5144, #2153 ) ) REPRESENTATION_CONTEXT ( 'NONE', 'WORKASPACE' ) );
#4918 = ADVANCED_FACE ( 'NONE', ( #1718 ), #790, .T. ) ;
#4919 = LINE ( 'NONE', #293, #4881 ) ;
#4920 = ADVANCED_FACE ( 'NONE', ( #27 ), #2092, .T. ) ;
#4921 = DIRECTION ( 'NONE',  ( 0.000000000000000000, -1.000000000000000000, 0.000000000000000000 ) ) ;
#4922 = DIRECTION ( 'NONE',  ( 0.000000000000000000, 0.000000000000000000, -1.000000000000000000 ) ) ;
#4923 = CARTESIAN_POINT ( 'NONE',  ( 1.706004017719257471, 2.801000000000000156, -3.045735231801431908 ) ) ;
#4924 = FILL_AREA_STYLE ('',( #1492 ) ) ;
#4925 = FACE_OUTER_BOUND ( 'NONE', #2569, .T. ) ;
#4926 = FACE_OUTER_BOUND ( 'NONE', #3513, .T. ) ;
#4927 = EDGE_LOOP ( 'NONE', ( #751, #380, #4554, #4002 ) ) ;
#4928 = EDGE_CURVE ( 'NONE', #208, #4853, #166, .T. ) ;
#4929 = SURFACE_STYLE_USAGE ( .BOTH. , #4880 ) ;
#4930 = DIRECTION ( 'NONE',  ( 0.000000000000000000, 0.000000000000000000, -1.000000000000000000 ) ) ;
#4931 = UNCERTAINTY_MEASURE_WITH_UNIT (LENGTH_MEASURE( 1.000000000000000082E-05 ), #2882, 'distance_accuracy_value', 'NONE');
#4932 = DIRECTION ( 'NONE',  ( -0.000000000000000000, -1.000000000000000000, -0.000000000000000000 ) ) ;
#4933 = VERTEX_POINT ( 'NONE', #1748 ) ;
#4934 = PRESENTATION_LAYER_ASSIGNMENT (  '', '', ( #1803 ) ) ;
#4935 = VERTEX_POINT ( 'NONE', #4376 ) ;
#4936 =( NAMED_UNIT ( * ) SI_UNIT ( $, .STERADIAN. ) SOLID_ANGLE_UNIT ( ) );
#4937 = CARTESIAN_POINT ( 'NONE',  ( 1.515527827243066783, 2.801000000000000156, -2.879068565134764945 ) ) ;
#4938 = UNCERTAINTY_MEASURE_WITH_UNIT (LENGTH_MEASURE( 1.000000000000000082E-05 ), #3584, 'distance_accuracy_value', 'NONE');
#4939 = ORIENTED_EDGE ( 'NONE', *, *, #364, .T. ) ;
#4940 = DIRECTION ( 'NONE',  ( 0.000000000000000000, -1.000000000000000000, 0.000000000000000000 ) ) ;
#4941 = AXIS2_PLACEMENT_3D ( 'NONE', #4549, #1907, #2368 ) ;
#4942 = VERTEX_POINT ( 'NONE', #537 ) ;
#4943 = DIRECTION ( 'NONE',  ( -0.9999810322923269323, 0.000000000000000000, -0.006159144061632659990 ) ) ;
#4944 = DIRECTION ( 'NONE',  ( 1.000000000000000000, 0.000000000000000000, 0.000000000000000000 ) ) ;
#4945 = PRESENTATION_LAYER_ASSIGNMENT (  '', '', ( #1446 ) ) ;
#4946 = CARTESIAN_POINT ( 'NONE',  ( 4.805143676895623273, 2.801000000000001489, -2.261450515376618231 ) ) ;
#4947 = EDGE_CURVE ( 'NONE', #208, #3545, #5431, .T. ) ;
#4948 = CARTESIAN_POINT ( 'NONE',  ( 0.6453641367668763174, 2.801000000000000156, -2.919619160372859845 ) ) ;
#4949 = ADVANCED_FACE ( 'NONE', ( #82, #4314 ), #985, .T. ) ;
#4950 = DIRECTION ( 'NONE',  ( 0.000000000000000000, 0.000000000000000000, -1.000000000000000000 ) ) ;
#4951 = VECTOR ( 'NONE', #4122, 1000.000000000000000 ) ;
#4952 = DIRECTION ( 'NONE',  ( 0.000000000000000000, -1.000000000000000000, 0.000000000000000000 ) ) ;
#4953 = CARTESIAN_POINT ( 'NONE',  ( -0.2000000000000000111, -0.1000000000000000056, -4.099999999999999645 ) ) ;
#4954 = MECHANICAL_DESIGN_GEOMETRIC_PRESENTATION_REPRESENTATION (  '', ( #4595 ), #2196 ) ;
#4955 = ORIENTED_EDGE ( 'NONE', *, *, #5013, .F. ) ;
#4956 = CIRCLE ( 'NONE', #1540, 0.5000000000000004441 ) ;
#4957 = FILL_AREA_STYLE ('',( #665 ) ) ;
#4958 = B_SPLINE_CURVE_WITH_KNOTS ( 'NONE', 3,
 ( #2989, #1703, #390, #1758, #5126, #4739, #1733 ),
 .UNSPECIFIED., .F., .F.,
 ( 4, 1, 1, 1, 4 ),
 ( 0.000000000000000000, 0.2387597408372023056, 0.4775194816744000037, 0.7245226249102039162, 1.000000000000000000 ),
 .UNSPECIFIED. ) ;
#4959 = PRESENTATION_LAYER_ASSIGNMENT (  '', '', ( #3450 ) ) ;
#4960 = MECHANICAL_DESIGN_GEOMETRIC_PRESENTATION_REPRESENTATION (  '', ( #3460 ), #1826 ) ;
#4961 =( GEOMETRIC_REPRESENTATION_CONTEXT ( 3 ) GLOBAL_UNCERTAINTY_ASSIGNED_CONTEXT ( ( #4883 ) ) GLOBAL_UNIT_ASSIGNED_CONTEXT ( ( #1522, #4075, #4519 ) ) REPRESENTATION_CONTEXT ( 'NONE', 'WORKASPACE' ) );
#4962 = CARTESIAN_POINT ( 'NONE',  ( 5.756599255814495386, 2.801000000000000156, -4.113443565134764945 ) ) ;
#4963 = VECTOR ( 'NONE', #614, 1000.000000000000000 ) ;
#4964 = EDGE_LOOP ( 'NONE', ( #163, #4830, #4908, #369, #420, #1663, #4904, #5419 ) ) ;
#4965 = CARTESIAN_POINT ( 'NONE',  ( 1.646546911779459332, 2.801000000000000156, -2.267103602654754635 ) ) ;
#4966 = PRESENTATION_STYLE_ASSIGNMENT (( #4523 ) ) ;
#4967 = EDGE_CURVE ( 'NONE', #1996, #960, #1378, .T. ) ;
#4968 = VECTOR ( 'NONE', #2896, 1000.000000000000000 ) ;
#4969 = ORIENTED_EDGE ( 'NONE', *, *, #3787, .F. ) ;
#4970 =( NAMED_UNIT ( * ) SI_UNIT ( $, .STERADIAN. ) SOLID_ANGLE_UNIT ( ) );
#4971 = CARTESIAN_POINT ( 'NONE',  ( 3.639039732004971661, 2.801000000000000156, -4.019321541325241220 ) ) ;
#4972 = DIRECTION ( 'NONE',  ( -0.000000000000000000, -1.000000000000000000, -0.000000000000000000 ) ) ;
#4974 =( GEOMETRIC_REPRESENTATION_CONTEXT ( 3 ) GLOBAL_UNCERTAINTY_ASSIGNED_CONTEXT ( ( #4493 ) ) GLOBAL_UNIT_ASSIGNED_CONTEXT ( ( #4811, #517, #2221 ) ) REPRESENTATION_CONTEXT ( 'NONE', 'WORKASPACE' ) );
#4973 =( GEOMETRIC_REPRESENTATION_CONTEXT ( 3 ) GLOBAL_UNCERTAINTY_ASSIGNED_CONTEXT ( ( #2023 ) ) GLOBAL_UNIT_ASSIGNED_CONTEXT ( ( #5247, #4819, #4624 ) ) REPRESENTATION_CONTEXT ( 'NONE', 'WORKASPACE' ) );
#4975 = EDGE_LOOP ( 'NONE', ( #3582, #3117, #1994, #4419 ) ) ;
#4976 = FILL_AREA_STYLE_COLOUR ( '', #2099 ) ;
#4977 = CARTESIAN_POINT ( 'NONE',  ( -4.336808689942017736E-16, 0.2000000000000000111, -4.200000000000000178 ) ) ;
#4978 = CARTESIAN_POINT ( 'NONE',  ( 6.599999999999999645, 0.000000000000000000, -4.200000000000000178 ) ) ;
#4979 = PLANE ( 'NONE',  #653 ) ;
#4980 = ADVANCED_FACE ( 'NONE', ( #877 ), #963, .T. ) ;
#4981 = PRESENTATION_LAYER_ASSIGNMENT (  '', '', ( #3920 ) ) ;
#4982 = SURFACE_STYLE_USAGE ( .BOTH. , #1985 ) ;
#4983 = SURFACE_SIDE_STYLE ('',( #3311 ) ) ;
#4984 =( NAMED_UNIT ( * ) SI_UNIT ( $, .STERADIAN. ) SOLID_ANGLE_UNIT ( ) );
#4985 = CARTESIAN_POINT ( 'NONE',  ( 3.798048230643385814, 2.799999999999999378, -2.295357851069772526 ) ) ;
#4986 = ORIENTED_EDGE ( 'NONE', *, *, #2135, .T. ) ;
#4987 = CARTESIAN_POINT ( 'NONE',  ( 1.706004017719257471, 2.799999999999999822, -3.045735231801431908 ) ) ;
#4988 = CIRCLE ( 'NONE', #5531, 0.5000000000000004441 ) ;
#4989 = CARTESIAN_POINT ( 'NONE',  ( 4.367114214721804721, 2.799999999999999822, -4.122629567965042874 ) ) ;
#4990 = ADVANCED_FACE ( 'NONE', ( #3659 ), #1725, .T. ) ;
#4991 = ORIENTED_EDGE ( 'NONE', *, *, #1202, .T. ) ;
#4992 = SURFACE_STYLE_FILL_AREA ( #752 ) ;
#4993 = UNCERTAINTY_MEASURE_WITH_UNIT (LENGTH_MEASURE( 1.000000000000000082E-05 ), #4065, 'distance_accuracy_value', 'NONE');
#4994 = CARTESIAN_POINT ( 'NONE',  ( 3.924959472458255938, 2.801000000000000156, -2.270293551157293699 ) ) ;
#4995 = VERTEX_POINT ( 'NONE', #4971 ) ;
#4996 = EDGE_LOOP ( 'NONE', ( #3961, #396, #3304, #450 ) ) ;
#4997 = B_SPLINE_SURFACE_WITH_KNOTS ( 'NONE', 3, 1, ( 
 ( #1699, #5369 ),
 ( #4063, #3251 ),
 ( #2757, #146 ),
 ( #2780, #5269 ),
 ( #4946, #2385 ),
 ( #1431, #5295 ),
 ( #5346, #655 ) ),
 .UNSPECIFIED., .F., .F., .F.,
 ( 4, 1, 1, 1, 4 ),
 ( 2, 2 ),
 ( 0.000000000000000000, 0.2319038929630343471, 0.4705984142078326049, 0.7200705938274238882, 1.000000000000000000 ),
 ( 0.000000000000000000, 1.000000000000000000 ),
 .UNSPECIFIED. ) ;
#4998 = SURFACE_STYLE_FILL_AREA ( #2595 ) ;
#4999 = VERTEX_POINT ( 'NONE', #700 ) ;
#5000 = FILL_AREA_STYLE ('',( #3322 ) ) ;
#5001 = CARTESIAN_POINT ( 'NONE',  ( 6.599999999999999645, 2.799999999999999822, -6.099999999999999645 ) ) ;
#5002 =( NAMED_UNIT ( * ) PLANE_ANGLE_UNIT ( ) SI_UNIT ( $, .RADIAN. ) );
#5003 = UNCERTAINTY_MEASURE_WITH_UNIT (LENGTH_MEASURE( 1.000000000000000082E-05 ), #4238, 'distance_accuracy_value', 'NONE');
#5004 = CARTESIAN_POINT ( 'NONE',  ( 2.729813541528781418, 2.801000000000000156, -4.093354279420479358 ) ) ;
#5005 = ORIENTED_EDGE ( 'NONE', *, *, #5120, .T. ) ;
#5006 = PRESENTATION_STYLE_ASSIGNMENT (( #2434 ) ) ;
#5007 = ORIENTED_EDGE ( 'NONE', *, *, #4720, .F. ) ;
#5008 = CARTESIAN_POINT ( 'NONE',  ( 6.799999999999999822, 1.200000000000000178, -2.499999999999999556 ) ) ;
#5009 = PRESENTATION_LAYER_ASSIGNMENT (  '', '', ( #883 ) ) ;
#5010 = PRESENTATION_STYLE_ASSIGNMENT (( #356 ) ) ;
#5011 = CARTESIAN_POINT ( 'NONE',  ( 1.515527827243066783, 2.799999999999999822, -3.045735231801431908 ) ) ;
#5012 = CARTESIAN_POINT ( 'NONE',  ( 1.705624414322709725, 2.800000000000000266, -4.154387540078127827 ) ) ;
#5013 = EDGE_CURVE ( 'NONE', #4777, #5471, #1606, .T. ) ;
#5014 = CARTESIAN_POINT ( 'NONE',  ( 1.704918107026146545, 2.800000000000000266, -4.172424589528856309 ) ) ;
#5015 = CARTESIAN_POINT ( 'NONE',  ( 3.858905803433542836, 2.801000000000000156, -2.260020946087145877 ) ) ;
#5016 = VERTEX_POINT ( 'NONE', #4452 ) ;
#5017 = CARTESIAN_POINT ( 'NONE',  ( 5.599999999999999645, 0.2000000000000000111, -2.499999999999999556 ) ) ;
#5018 = PRESENTATION_STYLE_ASSIGNMENT (( #5041 ) ) ;
#5019 = LINE ( 'NONE', #2872, #3557 ) ;
#5020 = ORIENTED_EDGE ( 'NONE', *, *, #3542, .F. ) ;
#5021 = CARTESIAN_POINT ( 'NONE',  ( 1.638667708195447714, 2.801000000000000156, -2.264113207991907739 ) ) ;
#5022 = VERTEX_POINT ( 'NONE', #3243 ) ;
#5023 = ADVANCED_FACE ( 'NONE', ( #3167 ), #2603, .T. ) ;
#5024 = ADVANCED_FACE ( 'NONE', ( #316 ), #2057, .T. ) ;
#5025 = ORIENTED_EDGE ( 'NONE', *, *, #687, .T. ) ;
#5026 =( LENGTH_UNIT ( ) NAMED_UNIT ( * ) SI_UNIT ( .MILLI., .METRE. ) );
#5027 = CARTESIAN_POINT ( 'NONE',  ( 2.542047864030056559, 2.801000000000000156, -4.205093748468748949 ) ) ;
#5028 = CARTESIAN_POINT ( 'NONE',  ( 4.711956398671637736, 2.799999999999999822, -2.374232255610955633 ) ) ;
#5029 = VECTOR ( 'NONE', #3336, 1000.000000000000000 ) ;
#5030 = LINE ( 'NONE', #4118, #5134 ) ;
#5031 = ORIENTED_EDGE ( 'NONE', *, *, #2195, .T. ) ;
#5032 = ORIENTED_EDGE ( 'NONE', *, *, #1565, .F. ) ;
#5033 = CARTESIAN_POINT ( 'NONE',  ( 1.700441955805445549, 2.801000000000000156, -4.197317442038422719 ) ) ;
#5034 = ADVANCED_FACE ( 'NONE', ( #3409 ), #3379, .T. ) ;
#5035 = CARTESIAN_POINT ( 'NONE',  ( 2.539337351052590730, 2.799999999999999822, -2.339634041325241220 ) ) ;
#5036 = B_SPLINE_CURVE_WITH_KNOTS ( 'NONE', 3,
 ( #5192, #1813, #150, #2198, #5245, #911, #1386 ),
 .UNSPECIFIED., .F., .F.,
 ( 4, 1, 1, 1, 4 ),
 ( 0.000000000000000000, 0.2737648384649696287, 0.5229696271363800664, 0.7627532405691028750, 1.000000000000000000 ),
 .UNSPECIFIED. ) ;
#5037 = FACE_OUTER_BOUND ( 'NONE', #1126, .T. ) ;
#5038 = CARTESIAN_POINT ( 'NONE',  ( 2.120066517719257693, 2.801000000000000156, -2.912178684182384014 ) ) ;
#5039 = ORIENTED_EDGE ( 'NONE', *, *, #3873, .F. ) ;
#5040 = FILL_AREA_STYLE_COLOUR ( '', #4870 ) ;
#5041 = SURFACE_STYLE_USAGE ( .BOTH. , #1520 ) ;
#5042 = CARTESIAN_POINT ( 'NONE',  ( 4.386574830310309814, 2.799999999999999378, -4.108627562168577718 ) ) ;
#5043 = AXIS2_PLACEMENT_3D ( 'NONE', #1320, #4248, #811 ) ;
#5044 = VECTOR ( 'NONE', #460, 1000.000000000000114 ) ;
#5045 = DIRECTION ( 'NONE',  ( -0.000000000000000000, -1.000000000000000000, -0.000000000000000000 ) ) ;
#5046 = EDGE_LOOP ( 'NONE', ( #5394, #3425, #5450, #5461, #2506, #886, #4804, #2364 ) ) ;
#5047 = COLOUR_RGB ( '',0.5019607843137254832, 0.5019607843137254832, 0.5019607843137254832 ) ;
#5048 = ORIENTED_EDGE ( 'NONE', *, *, #103, .F. ) ;
#5049 = CARTESIAN_POINT ( 'NONE',  ( 5.599999999999999645, 0.2000000000000000111, -4.099999999999999645 ) ) ;
#5050 = CARTESIAN_POINT ( 'NONE',  ( 4.768282383111858813, 2.801000000000000600, -2.261282685411779347 ) ) ;
#5051 = COLOUR_RGB ( '',0.5019607843137254832, 0.5019607843137254832, 0.5019607843137254832 ) ;
#5052 = DIRECTION ( 'NONE',  ( 0.000000000000000000, 0.000000000000000000, -1.000000000000000000 ) ) ;
#5053 = UNCERTAINTY_MEASURE_WITH_UNIT (LENGTH_MEASURE( 1.000000000000000082E-05 ), #2473, 'distance_accuracy_value', 'NONE');
#5054 = CARTESIAN_POINT ( 'NONE',  ( 4.350137072708878172, 2.800000000000000711, -4.195238588631160503 ) ) ;
#5055 = ORIENTED_EDGE ( 'NONE', *, *, #620, .T. ) ;
#5056 = CARTESIAN_POINT ( 'NONE',  ( 3.389039732004971661, 2.801000000000000156, -3.212401898468098427 ) ) ;
#5057 = STYLED_ITEM ( 'NONE', ( #2789 ), #4455 ) ;
#5058 = VERTEX_POINT ( 'NONE', #5001 ) ;
#5059 = CARTESIAN_POINT ( 'NONE',  ( 2.577655803433543280, 2.801000000000000156, -2.270437612753812839 ) ) ;
#5060 = ORIENTED_EDGE ( 'NONE', *, *, #5217, .T. ) ;
#5061 = MECHANICAL_DESIGN_GEOMETRIC_PRESENTATION_REPRESENTATION (  '', ( #5517 ), #149 ) ;
#5062 = EDGE_CURVE ( 'NONE', #353, #4354, #4331, .T. ) ;
#5063 = FILL_AREA_STYLE_COLOUR ( '', #1989 ) ;
#5064 = VECTOR ( 'NONE', #4952, 1000.000000000000000 ) ;
#5065 = LINE ( 'NONE', #5467, #2846 ) ;
#5066 = DIRECTION ( 'NONE',  ( -1.000000000000000000, 0.000000000000000000, 0.000000000000000000 ) ) ;
#5067 = PRESENTATION_LAYER_ASSIGNMENT (  '', '', ( #4017 ) ) ;
#5068 = LINE ( 'NONE', #2961, #4968 ) ;
#5069 = B_SPLINE_CURVE_WITH_KNOTS ( 'NONE', 3,
 ( #2972, #5105, #4691, #1741, #3819, #373, #5137, #2082, #4278, #1287, #2606 ),
 .UNSPECIFIED., .F., .F.,
 ( 4, 1, 1, 1, 1, 1, 1, 1, 4 ),
 ( 0.000000000000000000, 0.1202036566462952732, 0.2298345270030796861, 0.3340911648708980719, 0.4394841484333852355, 0.5542118829606235142, 0.6854080667072435240, 0.8314489468124192095, 1.000000000000000000 ),
 .UNSPECIFIED. ) ;
#5070 = ORIENTED_EDGE ( 'NONE', *, *, #3303, .T. ) ;
#5071 = LINE ( 'NONE', #4265, #4603 ) ;
#5072 = CARTESIAN_POINT ( 'NONE',  ( 4.348861160576400486, 2.799999999999999822, -4.167014993706193771 ) ) ;
#5073 = CARTESIAN_POINT ( 'NONE',  ( -0.2000000000000000111, 1.399999999999999911, -4.099999999999999645 ) ) ;
#5074 = EDGE_LOOP ( 'NONE', ( #4669, #3555, #4264, #2538 ) ) ;
#5075 = ORIENTED_EDGE ( 'NONE', *, *, #3002, .F. ) ;
#5076 = LINE ( 'NONE', #5049, #331 ) ;
#5077 = CARTESIAN_POINT ( 'NONE',  ( 4.753415315379232453, 2.801000000000000600, -2.263617518585094412 ) ) ;
#5078 = EDGE_CURVE ( 'NONE', #1770, #3320, #4368, .T. ) ;
#5079 =( LENGTH_UNIT ( ) NAMED_UNIT ( * ) SI_UNIT ( .MILLI., .METRE. ) );
#5080 =( NAMED_UNIT ( * ) SI_UNIT ( $, .STERADIAN. ) SOLID_ANGLE_UNIT ( ) );
#5081 = FACE_OUTER_BOUND ( 'NONE', #3883, .T. ) ;
#5082 = VERTEX_POINT ( 'NONE', #1366 ) ;
#5083 =( LENGTH_UNIT ( ) NAMED_UNIT ( * ) SI_UNIT ( .MILLI., .METRE. ) );
#5084 = ORIENTED_EDGE ( 'NONE', *, *, #2469, .T. ) ;
#5085 = CARTESIAN_POINT ( 'NONE',  ( 0.6480368297269276656, 2.801000000000000156, -2.914428277406455159 ) ) ;
#5086 = VERTEX_POINT ( 'NONE', #1316 ) ;
#5087 = SURFACE_STYLE_FILL_AREA ( #814 ) ;
#5088 = B_SPLINE_SURFACE_WITH_KNOTS ( 'NONE', 3, 1, ( 
 ( #4518, #666 ),
 ( #121, #1824 ),
 ( #1392, #3547 ),
 ( #1471, #4021 ),
 ( #976, #3996 ) ),
 .UNSPECIFIED., .F., .F., .F.,
 ( 4, 1, 4 ),
 ( 2, 2 ),
 ( 0.000000000000000000, 0.4477928089330873163, 0.9999999999999998890 ),
 ( 0.000000000000000000, 1.000000000000000000 ),
 .UNSPECIFIED. ) ;
#5089 = B_SPLINE_CURVE_WITH_KNOTS ( 'NONE', 3,
 ( #1168, #803, #5042, #4989, #5474, #2532, #5072 ),
 .UNSPECIFIED., .F., .F.,
 ( 4, 1, 1, 1, 4 ),
 ( 0.000000000000000000, 0.2600914059906230258, 0.4946863160937156056, 0.7334813456499873485, 1.000000000000000000 ),
 .UNSPECIFIED. ) ;
#5090 = CARTESIAN_POINT ( 'NONE',  ( 3.749530803433542836, 2.801000000000000156, -4.155482255610955633 ) ) ;
#5091 = EDGE_CURVE ( 'NONE', #115, #5441, #1407, .T. ) ;
#5092 = AXIS2_PLACEMENT_3D ( 'NONE', #3049, #4324, #2194 ) ;
#5093 = CARTESIAN_POINT ( 'NONE',  ( 6.799999999999999822, 0.09999999999999997780, -4.099999999999999645 ) ) ;
#5094 = CARTESIAN_POINT ( 'NONE',  ( 2.031524851052590730, 2.801000000000000156, -2.879068565134764945 ) ) ;
#5095 = ORIENTED_EDGE ( 'NONE', *, *, #4243, .T. ) ;
#5096 = CARTESIAN_POINT ( 'NONE',  ( 3.858905803433542836, 2.801000000000000156, -2.260020946087145877 ) ) ;
#5097 = FACE_OUTER_BOUND ( 'NONE', #2218, .T. ) ;
#5098 = SURFACE_SIDE_STYLE ('',( #1279 ) ) ;
#5099 = B_SPLINE_CURVE_WITH_KNOTS ( 'NONE', 3,
 ( #2980, #1245, #4707, #4347, #2247, #852, #4317 ),
 .UNSPECIFIED., .F., .F.,
 ( 4, 1, 1, 1, 4 ),
 ( 0.000000000000000000, 0.2443690132959770722, 0.4827626475364041325, 0.7322427434268926616, 1.000000000000000000 ),
 .UNSPECIFIED. ) ;
#5100 = CARTESIAN_POINT ( 'NONE',  ( 3.905909851181637471, 2.801000000000000600, -2.264177776885031967 ) ) ;
#5101 = EDGE_CURVE ( 'NONE', #2726, #1774, #2976, .T. ) ;
#5102 = ORIENTED_EDGE ( 'NONE', *, *, #4400, .T. ) ;
#5103 =( NAMED_UNIT ( * ) SI_UNIT ( $, .STERADIAN. ) SOLID_ANGLE_UNIT ( ) );
#5104 = FILL_AREA_STYLE ('',( #4217 ) ) ;
#5105 = CARTESIAN_POINT ( 'NONE',  ( 3.967514773490332658, 2.799999999999999822, -2.332042258819744251 ) ) ;
#5106 = PRESENTATION_STYLE_ASSIGNMENT (( #1258 ) ) ;
#5107 = UNCERTAINTY_MEASURE_WITH_UNIT (LENGTH_MEASURE( 1.000000000000000082E-05 ), #3493, 'distance_accuracy_value', 'NONE');
#5108 = LINE ( 'NONE', #3250, #2553 ) ;
#5109 = FACE_OUTER_BOUND ( 'NONE', #5311, .T. ) ;
#5110 = ORIENTED_EDGE ( 'NONE', *, *, #25, .F. ) ;
#5111 = CARTESIAN_POINT ( 'NONE',  ( 4.710096279624019999, 2.801000000000000156, -2.298711422277621708 ) ) ;
#5112 = LINE ( 'NONE', #1693, #5345 ) ;
#5113 = ORIENTED_EDGE ( 'NONE', *, *, #2742, .F. ) ;
#5114 = CARTESIAN_POINT ( 'NONE',  ( 6.599999999999999645, 2.799999999999999822, -0.5000000000000000000 ) ) ;
#5115 = LINE ( 'NONE', #3011, #1908 ) ;
#5116 = LINE ( 'NONE', #2643, #739 ) ;
#5117 = PRESENTATION_LAYER_ASSIGNMENT (  '', '', ( #1432 ) ) ;
#5118 =( NAMED_UNIT ( * ) SI_UNIT ( $, .STERADIAN. ) SOLID_ANGLE_UNIT ( ) );
#5119 =( LENGTH_UNIT ( ) NAMED_UNIT ( * ) SI_UNIT ( .MILLI., .METRE. ) );
#5120 = EDGE_CURVE ( 'NONE', #155, #3306, #1393, .T. ) ;
#5121 = CARTESIAN_POINT ( 'NONE',  ( 1.706004017719257471, 2.801000000000000156, -3.045735231801431908 ) ) ;
#5122 = SURFACE_STYLE_FILL_AREA ( #470 ) ;
#5123 = ORIENTED_EDGE ( 'NONE', *, *, #3168, .F. ) ;
#5124 = CARTESIAN_POINT ( 'NONE',  ( 3.867478852849364657, 2.801000000000000600, -2.260166415708768195 ) ) ;
#5125 = MECHANICAL_DESIGN_GEOMETRIC_PRESENTATION_REPRESENTATION (  '', ( #3000 ), #1998 ) ;
#5126 = CARTESIAN_POINT ( 'NONE',  ( 1.516629534458912687, 2.801000000000001489, -2.324214979886934263 ) ) ;
#5127 = MECHANICAL_DESIGN_GEOMETRIC_PRESENTATION_REPRESENTATION (  '', ( #1185 ), #4147 ) ;
#5128 =( NAMED_UNIT ( * ) SI_UNIT ( $, .STERADIAN. ) SOLID_ANGLE_UNIT ( ) );
#5129 = FACE_OUTER_BOUND ( 'NONE', #578, .T. ) ;
#5130 = LINE ( 'NONE', #3054, #830 ) ;
#5131 = AXIS2_PLACEMENT_3D ( 'NONE', #5340, #3684, #2752 ) ;
#5132 = ORIENTED_EDGE ( 'NONE', *, *, #2617, .F. ) ;
#5133 = FILL_AREA_STYLE_COLOUR ( '', #1023 ) ;
#5134 = VECTOR ( 'NONE', #2828, 1000.000000000000227 ) ;
#5135 = CARTESIAN_POINT ( 'NONE',  ( 1.515527827243066783, 2.801000000000000156, -3.981375112753812839 ) ) ;
#5136 =( GEOMETRIC_REPRESENTATION_CONTEXT ( 3 ) GLOBAL_UNCERTAINTY_ASSIGNED_CONTEXT ( ( #3661 ) ) GLOBAL_UNIT_ASSIGNED_CONTEXT ( ( #4818, #1461, #4504 ) ) REPRESENTATION_CONTEXT ( 'NONE', 'WORKASPACE' ) );
#5137 = CARTESIAN_POINT ( 'NONE',  ( 3.924959472458255938, 2.799999999999999822, -2.270293551157293699 ) ) ;
#5138 = LINE ( 'NONE', #3940, #3879 ) ;
#5139 = EDGE_CURVE ( 'NONE', #5198, #3260, #673, .T. ) ;
#5140 = LINE ( 'NONE', #3792, #3621 ) ;
#5141 = EDGE_LOOP ( 'NONE', ( #3009, #5146, #4304, #2182 ) ) ;
#5142 =( NAMED_UNIT ( * ) PLANE_ANGLE_UNIT ( ) SI_UNIT ( $, .RADIAN. ) );
#5143 = STYLED_ITEM ( 'NONE', ( #896 ), #2880 ) ;
#5144 =( NAMED_UNIT ( * ) PLANE_ANGLE_UNIT ( ) SI_UNIT ( $, .RADIAN. ) );
#5145 = STYLED_ITEM ( 'NONE', ( #4807 ), #1858 ) ;
#5146 = ORIENTED_EDGE ( 'NONE', *, *, #2234, .F. ) ;
#5147 = PRESENTATION_LAYER_ASSIGNMENT (  '', '', ( #3895 ) ) ;
#5148 = VERTEX_POINT ( 'NONE', #3939 ) ;
#5149 = CARTESIAN_POINT ( 'NONE',  ( 6.799999999999999822, 0.000000000000000000, 0.000000000000000000 ) ) ;
#5150 = DIRECTION ( 'NONE',  ( -1.000000000000000000, -0.000000000000000000, -0.000000000000000000 ) ) ;
#5151 = STYLED_ITEM ( 'NONE', ( #1553 ), #2333 ) ;
#5152 =( GEOMETRIC_REPRESENTATION_CONTEXT ( 3 ) GLOBAL_UNCERTAINTY_ASSIGNED_CONTEXT ( ( #3161 ) ) GLOBAL_UNIT_ASSIGNED_CONTEXT ( ( #3781, #2935, #2074 ) ) REPRESENTATION_CONTEXT ( 'NONE', 'WORKASPACE' ) );
#5153 = SURFACE_STYLE_USAGE ( .BOTH. , #3922 ) ;
#5154 = EDGE_CURVE ( 'NONE', #874, #3398, #565, .T. ) ;
#5155 = SURFACE_STYLE_FILL_AREA ( #2249 ) ;
#5156 = FACE_BOUND ( 'NONE', #2346, .T. ) ;
#5157 =( GEOMETRIC_REPRESENTATION_CONTEXT ( 3 ) GLOBAL_UNCERTAINTY_ASSIGNED_CONTEXT ( ( #2875 ) ) GLOBAL_UNIT_ASSIGNED_CONTEXT ( ( #2231, #1252, #2564 ) ) REPRESENTATION_CONTEXT ( 'NONE', 'WORKASPACE' ) );
#5158 = ADVANCED_FACE ( 'NONE', ( #3549 ), #122, .T. ) ;
#5159 = SURFACE_STYLE_FILL_AREA ( #4794 ) ;
#5160 = VERTEX_POINT ( 'NONE', #2144 ) ;
#5162 = STYLED_ITEM ( 'NONE', ( #2855 ), #4990 ) ;
#5161 = PRESENTATION_LAYER_ASSIGNMENT (  '', '', ( #1662 ) ) ;
#5163 =( NAMED_UNIT ( * ) PLANE_ANGLE_UNIT ( ) SI_UNIT ( $, .RADIAN. ) );
#5164 = CARTESIAN_POINT ( 'NONE',  ( 4.349302929949122820, 2.801000000000000156, -4.176787077150359906 ) ) ;
#5165 = LINE ( 'NONE', #425, #1112 ) ;
#5166 = COLOUR_RGB ( '',0.5019607843137254832, 0.5019607843137254832, 0.5019607843137254832 ) ;
#5167 = SURFACE_SIDE_STYLE ('',( #3933 ) ) ;
#5168 = CARTESIAN_POINT ( 'NONE',  ( 1.602209374862114455, 2.801000000000000156, -4.260020946087146321 ) ) ;
#5169 = CARTESIAN_POINT ( 'NONE',  ( 1.551574909257631418, 2.801000000000000156, -2.270330068343447305 ) ) ;
#5170 = B_SPLINE_CURVE_WITH_KNOTS ( 'NONE', 3,
 ( #3419, #4615, #2584, #4201, #1635 ),
 .UNSPECIFIED., .F., .F.,
 ( 4, 1, 4 ),
 ( 0.000000000000000000, 0.4477928089330873163, 0.9999999999999998890 ),
 .UNSPECIFIED. ) ;
#5171 = PRESENTATION_LAYER_ASSIGNMENT (  '', '', ( #950 ) ) ;
#5172 = EDGE_CURVE ( 'NONE', #3329, #4513, #1806, .T. ) ;
#5173 = CARTESIAN_POINT ( 'NONE',  ( 1.597236870358634153, 2.801000000000000156, -4.259662336021026618 ) ) ;
#5174 = ADVANCED_FACE ( 'NONE', ( #1473 ), #1904, .T. ) ;
#5175 = SURFACE_SIDE_STYLE ('',( #4747 ) ) ;
#5176 =( NAMED_UNIT ( * ) PLANE_ANGLE_UNIT ( ) SI_UNIT ( $, .RADIAN. ) );
#5177 = FILL_AREA_STYLE ('',( #4724 ) ) ;
#5178 = UNCERTAINTY_MEASURE_WITH_UNIT (LENGTH_MEASURE( 1.000000000000000082E-05 ), #3609, 'distance_accuracy_value', 'NONE');
#5179 = VECTOR ( 'NONE', #4890, 1000.000000000000000 ) ;
#5180 =( NAMED_UNIT ( * ) PLANE_ANGLE_UNIT ( ) SI_UNIT ( $, .RADIAN. ) );
#5181 =( NAMED_UNIT ( * ) PLANE_ANGLE_UNIT ( ) SI_UNIT ( $, .RADIAN. ) );
#5182 = VERTEX_POINT ( 'NONE', #667 ) ;
#5183 =( GEOMETRIC_REPRESENTATION_CONTEXT ( 3 ) GLOBAL_UNCERTAINTY_ASSIGNED_CONTEXT ( ( #4993 ) ) GLOBAL_UNIT_ASSIGNED_CONTEXT ( ( #4065, #3668, #3252 ) ) REPRESENTATION_CONTEXT ( 'NONE', 'WORKASPACE' ) );
#5184 = EDGE_LOOP ( 'NONE', ( #1524, #5252, #1009, #5113 ) ) ;
#5185 = SURFACE_STYLE_FILL_AREA ( #5213 ) ;
#5186 = CARTESIAN_POINT ( 'NONE',  ( 3.749530803433542836, 2.801000000000000156, -4.155482255610955633 ) ) ;
#5187 = PRESENTATION_STYLE_ASSIGNMENT (( #111 ) ) ;
#5188 = SURFACE_SIDE_STYLE ('',( #5159 ) ) ;
#5189 = B_SPLINE_SURFACE_WITH_KNOTS ( 'NONE', 3, 1, ( 
 ( #5015, #3778 ),
 ( #334, #5493 ),
 ( #5470, #711 ),
 ( #3287, #4627 ),
 ( #2103, #3397 ),
 ( #1163, #4985 ),
 ( #1613, #2527 ) ),
 .UNSPECIFIED., .F., .F., .F.,
 ( 4, 1, 1, 1, 4 ),
 ( 2, 2 ),
 ( 0.000000000000000000, 0.2585252519374028335, 0.4943401226552890937, 0.7343883582397736642, 1.000000000000000000 ),
 ( 0.000000000000000000, 1.000000000000000000 ),
 .UNSPECIFIED. ) ;
#5190 = CARTESIAN_POINT ( 'NONE',  ( 5.731348746205365607, 2.800999999999999712, -4.244751672640896700 ) ) ;
#5191 = SURFACE_STYLE_FILL_AREA ( #2650 ) ;
#5192 = CARTESIAN_POINT ( 'NONE',  ( 2.069471279624019111, 2.799999999999999822, -3.045735231801431908 ) ) ;
#5193 = PRESENTATION_LAYER_ASSIGNMENT (  '', '', ( #4205 ) ) ;
#5194 =( NAMED_UNIT ( * ) SI_UNIT ( $, .STERADIAN. ) SOLID_ANGLE_UNIT ( ) );
#5195 = DIRECTION ( 'NONE',  ( 1.000000000000000000, 0.000000000000000000, -0.000000000000000000 ) ) ;
#5196 = FACE_OUTER_BOUND ( 'NONE', #2732, .T. ) ;
#5197 = VERTEX_POINT ( 'NONE', #3237 ) ;
#5198 = VERTEX_POINT ( 'NONE', #5330 ) ;
#5199 = CARTESIAN_POINT ( 'NONE',  ( 1.549009970100209577, 2.799999999999999822, -4.238443565134764945 ) ) ;
#5200 = CARTESIAN_POINT ( 'NONE',  ( 4.733996893773372960, 2.800999999999999268, -2.271928927771828644 ) ) ;
#5201 = SURFACE_SIDE_STYLE ('',( #3490 ) ) ;
#5202 = CARTESIAN_POINT ( 'NONE',  ( 2.679322508634025102, 2.800999999999999268, -2.267985031727432155 ) ) ;
#5203 = FILL_AREA_STYLE ('',( #4827 ) ) ;
#5204 = EDGE_CURVE ( 'NONE', #3256, #3973, #635, .T. ) ;
#5205 = CARTESIAN_POINT ( 'NONE',  ( 4.702060496554778091, 2.801000000000000156, -2.353885705692968511 ) ) ;
#5206 = ORIENTED_EDGE ( 'NONE', *, *, #1484, .T. ) ;
#5207 = DIRECTION ( 'NONE',  ( 0.000000000000000000, 0.000000000000000000, -1.000000000000000000 ) ) ;
#5208 = ADVANCED_FACE ( 'NONE', ( #4046 ), #2709, .F. ) ;
#5209 = ORIENTED_EDGE ( 'NONE', *, *, #4947, .F. ) ;
#5210 = ORIENTED_EDGE ( 'NONE', *, *, #5299, .T. ) ;
#5211 = SURFACE_SIDE_STYLE ('',( #3144 ) ) ;
#5212 =( NAMED_UNIT ( * ) PLANE_ANGLE_UNIT ( ) SI_UNIT ( $, .RADIAN. ) );
#5213 = FILL_AREA_STYLE ('',( #1751 ) ) ;
#5214 = PLANE ( 'NONE',  #2227 ) ;
#5215 = CARTESIAN_POINT ( 'NONE',  ( 5.690653227313257290, 2.799999999999999822, -4.258955003058166433 ) ) ;
#5216 = CARTESIAN_POINT ( 'NONE',  ( 4.348861160576400486, 2.799999999999999822, -4.167014993706193771 ) ) ;
#5217 = EDGE_CURVE ( 'NONE', #3439, #4446, #2899, .T. ) ;
#5218 = SURFACE_SIDE_STYLE ('',( #5122 ) ) ;
#5219 = VECTOR ( 'NONE', #2621, 1000.000000000000000 ) ;
#5220 = PRESENTATION_STYLE_ASSIGNMENT (( #3535 ) ) ;
#5221 = FACE_OUTER_BOUND ( 'NONE', #5257, .T. ) ;
#5222 = CARTESIAN_POINT ( 'NONE',  ( 0.7011677081954477142, 2.799999999999999822, -2.879068565134764945 ) ) ;
#5223 = DIRECTION ( 'NONE',  ( -0.000000000000000000, -1.000000000000000000, -0.000000000000000000 ) ) ;
#5224 = VERTEX_POINT ( 'NONE', #2317 ) ;
#5225 = FACE_OUTER_BOUND ( 'NONE', #5276, .T. ) ;
#5226 = CARTESIAN_POINT ( 'NONE',  ( 5.751796657424226744, 2.800999999999999268, -4.227046572677298109 ) ) ;
#5227 = UNCERTAINTY_MEASURE_WITH_UNIT (LENGTH_MEASURE( 1.000000000000000082E-05 ), #2443, 'distance_accuracy_value', 'NONE');
#5228 = AXIS2_PLACEMENT_3D ( 'NONE', #2848, #4443, #256 ) ;
#5229 = ORIENTED_EDGE ( 'NONE', *, *, #1042, .F. ) ;
#5230 = CARTESIAN_POINT ( 'NONE',  ( 6.599999999999999645, 0.09999999999999997780, -2.499999999999999556 ) ) ;
#5231 = DIRECTION ( 'NONE',  ( -1.000000000000000000, -0.000000000000000000, -0.000000000000000000 ) ) ;
#5232 = ORIENTED_EDGE ( 'NONE', *, *, #2046, .T. ) ;
#5233 = AXIS2_PLACEMENT_3D ( 'NONE', #3124, #86, #3071 ) ;
#5234 = DIRECTION ( 'NONE',  ( 0.000000000000000000, 0.000000000000000000, 1.000000000000000000 ) ) ;
#5235 = VERTEX_POINT ( 'NONE', #4022 ) ;
#5236 =( NAMED_UNIT ( * ) SI_UNIT ( $, .STERADIAN. ) SOLID_ANGLE_UNIT ( ) );
#5237 = MECHANICAL_DESIGN_GEOMETRIC_PRESENTATION_REPRESENTATION (  '', ( #2554 ), #2914 ) ;
#5238 = VECTOR ( 'NONE', #4632, 1000.000000000000000 ) ;
#5239 =( NAMED_UNIT ( * ) PLANE_ANGLE_UNIT ( ) SI_UNIT ( $, .RADIAN. ) );
#5240 = EDGE_CURVE ( 'NONE', #4853, #4809, #5089, .T. ) ;
#5241 = VECTOR ( 'NONE', #368, 1000.000000000000000 ) ;
#5242 = SURFACE_STYLE_FILL_AREA ( #2592 ) ;
#5243 = LINE ( 'NONE', #147, #2419 ) ;
#5244 = VECTOR ( 'NONE', #301, 1000.000000000000000 ) ;
#5245 = CARTESIAN_POINT ( 'NONE',  ( 2.130811173945234671, 2.799999999999999378, -3.001418582306268679 ) ) ;
#5246 = SURFACE_STYLE_FILL_AREA ( #703 ) ;
#5247 =( LENGTH_UNIT ( ) NAMED_UNIT ( * ) SI_UNIT ( .MILLI., .METRE. ) );
#5248 = CARTESIAN_POINT ( 'NONE',  ( 1.000000000000000000, 0.000000000000000000, 0.000000000000000000 ) ) ;
#5250 =( GEOMETRIC_REPRESENTATION_CONTEXT ( 3 ) GLOBAL_UNCERTAINTY_ASSIGNED_CONTEXT ( ( #2424 ) ) GLOBAL_UNIT_ASSIGNED_CONTEXT ( ( #1453, #3222, #3200 ) ) REPRESENTATION_CONTEXT ( 'NONE', 'WORKASPACE' ) );
#5249 =( GEOMETRIC_REPRESENTATION_CONTEXT ( 3 ) GLOBAL_UNCERTAINTY_ASSIGNED_CONTEXT ( ( #1794 ) ) GLOBAL_UNIT_ASSIGNED_CONTEXT ( ( #500, #3022, #3429 ) ) REPRESENTATION_CONTEXT ( 'NONE', 'WORKASPACE' ) );
#5251 = CARTESIAN_POINT ( 'NONE',  ( 1.564664680775396999, 2.800000000000000711, -2.264838804352808488 ) ) ;
#5252 = ORIENTED_EDGE ( 'NONE', *, *, #475, .F. ) ;
#5253 =( NAMED_UNIT ( * ) PLANE_ANGLE_UNIT ( ) SI_UNIT ( $, .RADIAN. ) );
#5254 = SURFACE_STYLE_USAGE ( .BOTH. , #5175 ) ;
#5255 =( LENGTH_UNIT ( ) NAMED_UNIT ( * ) SI_UNIT ( .MILLI., .METRE. ) );
#5256 = VECTOR ( 'NONE', #2958, 1000.000000000000000 ) ;
#5257 = EDGE_LOOP ( 'NONE', ( #3067, #3163, #2165, #344 ) ) ;
#5258 = SURFACE_STYLE_FILL_AREA ( #4957 ) ;
#5259 = CARTESIAN_POINT ( 'NONE',  ( -0.2000000000000000111, 1.200000000000000178, 0.000000000000000000 ) ) ;
#5260 = VERTEX_POINT ( 'NONE', #1617 ) ;
#5261 = CARTESIAN_POINT ( 'NONE',  ( 0.000000000000000000, 0.2000000000000000111, 0.000000000000000000 ) ) ;
#5262 = EDGE_CURVE ( 'NONE', #1119, #1770, #3782, .T. ) ;
#5263 = VERTEX_POINT ( 'NONE', #3756 ) ;
#5264 = MECHANICAL_DESIGN_GEOMETRIC_PRESENTATION_REPRESENTATION (  '', ( #587 ), #4540 ) ;
#5265 = FILL_AREA_STYLE ('',( #3068 ) ) ;
#5266 = VECTOR ( 'NONE', #5234, 1000.000000000000000 ) ;
#5267 =( NAMED_UNIT ( * ) PLANE_ANGLE_UNIT ( ) SI_UNIT ( $, .RADIAN. ) );
#5268 = PLANE ( 'NONE',  #227 ) ;
#5269 = CARTESIAN_POINT ( 'NONE',  ( 4.831723230831157956, 2.799999999999998490, -2.268623343895895594 ) ) ;
#5270 = CARTESIAN_POINT ( 'NONE',  ( 0.000000000000000000, 2.799999999999999822, -0.5000000000000000000 ) ) ;
#5271 = EDGE_CURVE ( 'NONE', #3157, #2178, #3372, .T. ) ;
#5272 = CARTESIAN_POINT ( 'NONE',  ( 2.577655803433543280, 2.801000000000000156, -2.270437612753812839 ) ) ;
#5273 = SURFACE_SIDE_STYLE ('',( #3152 ) ) ;
#5274 =( NAMED_UNIT ( * ) SI_UNIT ( $, .STERADIAN. ) SOLID_ANGLE_UNIT ( ) );
#5275 = LINE ( 'NONE', #1415, #2833 ) ;
#5276 = EDGE_LOOP ( 'NONE', ( #2142, #4767, #1006, #3907 ) ) ;
#5277 = AXIS2_PLACEMENT_3D ( 'NONE', #362, #2073, #5495 ) ;
#5278 = CARTESIAN_POINT ( 'NONE',  ( 3.963956672391431013, 2.799999999999999822, -2.351383553749171629 ) ) ;
#5279 = DIRECTION ( 'NONE',  ( -0.9511415455483078762, 0.000000000000000000, 0.3087551786318347147 ) ) ;
#5280 =( GEOMETRIC_REPRESENTATION_CONTEXT ( 3 ) GLOBAL_UNCERTAINTY_ASSIGNED_CONTEXT ( ( #2084 ) ) GLOBAL_UNIT_ASSIGNED_CONTEXT ( ( #4033, #4477, #3660 ) ) REPRESENTATION_CONTEXT ( 'NONE', 'WORKASPACE' ) );
#5281 = CARTESIAN_POINT ( 'NONE',  ( 6.099999999999999645, 0.000000000000000000, -0.5000000000000000000 ) ) ;
#5282 = UNCERTAINTY_MEASURE_WITH_UNIT (LENGTH_MEASURE( 1.000000000000000082E-05 ), #3847, 'distance_accuracy_value', 'NONE');
#5283 =( NAMED_UNIT ( * ) SI_UNIT ( $, .STERADIAN. ) SOLID_ANGLE_UNIT ( ) );
#5284 = ORIENTED_EDGE ( 'NONE', *, *, #2163, .F. ) ;
#5285 = EDGE_CURVE ( 'NONE', #4078, #4658, #3730, .T. ) ;
#5286 =( NAMED_UNIT ( * ) PLANE_ANGLE_UNIT ( ) SI_UNIT ( $, .RADIAN. ) );
#5287 = ORIENTED_EDGE ( 'NONE', *, *, #4386, .T. ) ;
#5288 = CARTESIAN_POINT ( 'NONE',  ( 1.515527827243066783, 2.799999999999999822, -3.981375112753812839 ) ) ;
#5289 = ORIENTED_EDGE ( 'NONE', *, *, #1929, .T. ) ;
#5290 = CARTESIAN_POINT ( 'NONE',  ( 1.636825199053092650, 2.800000000000000266, -2.263418435703822063 ) ) ;
#5291 =( NAMED_UNIT ( * ) PLANE_ANGLE_UNIT ( ) SI_UNIT ( $, .RADIAN. ) );
#5292 = FILL_AREA_STYLE_COLOUR ( '', #1365 ) ;
#5293 = LINE ( 'NONE', #3204, #4690 ) ;
#5294 = DIRECTION ( 'NONE',  ( -0.8824769127092578769, 0.000000000000000000, -0.4703557148957978606 ) ) ;
#5295 = CARTESIAN_POINT ( 'NONE',  ( 4.786287184393336780, 2.800000000000000266, -2.260515401984990014 ) ) ;
#5296 = CARTESIAN_POINT ( 'NONE',  ( 1.671738794043749587, 2.800999999999999712, -4.237634341255246184 ) ) ;
#5297 =( NAMED_UNIT ( * ) PLANE_ANGLE_UNIT ( ) SI_UNIT ( $, .RADIAN. ) );
#5298 = CARTESIAN_POINT ( 'NONE',  ( 1.530205565075822394, 2.800000000000000711, -2.291897330752552087 ) ) ;
#5299 = EDGE_CURVE ( 'NONE', #1882, #4810, #391, .T. ) ;
#5300 = DIRECTION ( 'NONE',  ( 0.6820481926597027345, 0.000000000000000000, 0.7313072287962377738 ) ) ;
#5301 = SURFACE_SIDE_STYLE ('',( #3156 ) ) ;
#5302 = ORIENTED_EDGE ( 'NONE', *, *, #1580, .F. ) ;
#5303 = VECTOR ( 'NONE', #3183, 1000.000000000000000 ) ;
#5304 = FACE_OUTER_BOUND ( 'NONE', #4451, .T. ) ;
#5305 = CARTESIAN_POINT ( 'NONE',  ( 3.639039732004971661, 2.799999999999999822, -4.019321541325241220 ) ) ;
#5306 = MECHANICAL_DESIGN_GEOMETRIC_PRESENTATION_REPRESENTATION (  '', ( #2180 ), #2637 ) ;
#5307 = EDGE_CURVE ( 'NONE', #4571, #2810, #4155, .T. ) ;
#5308 =( LENGTH_UNIT ( ) NAMED_UNIT ( * ) SI_UNIT ( .MILLI., .METRE. ) );
#5309 = LINE ( 'NONE', #1526, #2292 ) ;
#5310 = ORIENTED_EDGE ( 'NONE', *, *, #1408, .T. ) ;
#5311 = EDGE_LOOP ( 'NONE', ( #4071, #4637, #916, #96 ) ) ;
#5312 = CARTESIAN_POINT ( 'NONE',  ( -0.2000000000000000111, 0.1000000000000000472, -2.499999999999999556 ) ) ;
#5313 = VERTEX_POINT ( 'NONE', #306 ) ;
#5314 = AXIS2_PLACEMENT_3D ( 'NONE', #48, #4306, #3380 ) ;
#5315 = CARTESIAN_POINT ( 'NONE',  ( 2.139783779624019555, 2.801000000000000600, -2.979142969896670046 ) ) ;
#5316 = SURFACE_STYLE_FILL_AREA ( #3226 ) ;
#5317 = CARTESIAN_POINT ( 'NONE',  ( 3.866346279624019555, 2.801000000000000156, -4.042014993706193771 ) ) ;
#5318 = SURFACE_SIDE_STYLE ('',( #1893 ) ) ;
#5319 = LINE ( 'NONE', #5270, #4559 ) ;
#5320 = PRESENTATION_LAYER_ASSIGNMENT (  '', '', ( #2202 ) ) ;
#5321 = SURFACE_STYLE_FILL_AREA ( #2389 ) ;
#5322 = STYLED_ITEM ( 'NONE', ( #2600 ), #2158 ) ;
#5323 = STYLED_ITEM ( 'NONE', ( #2632 ), #5158 ) ;
#5324 = EDGE_CURVE ( 'NONE', #4343, #810, #339, .T. ) ;
#5325 = FILL_AREA_STYLE ('',( #1847 ) ) ;
#5326 =( NAMED_UNIT ( * ) PLANE_ANGLE_UNIT ( ) SI_UNIT ( $, .RADIAN. ) );
#5327 = LINE ( 'NONE', #2808, #376 ) ;
#5328 = CARTESIAN_POINT ( 'NONE',  ( 5.599999999999999645, -0.1000000000000000194, -4.099999999999999645 ) ) ;
#5329 = CARTESIAN_POINT ( 'NONE',  ( 6.799999999999999822, 1.200000000000000178, -4.099999999999999645 ) ) ;
#5330 = CARTESIAN_POINT ( 'NONE',  ( 5.747298660576400486, 2.801000000000000156, -4.231747136563336120 ) ) ;
#5331 = VECTOR ( 'NONE', #5343, 1000.000000000000000 ) ;
#5332 = ORIENTED_EDGE ( 'NONE', *, *, #4140, .T. ) ;
#5333 = FILL_AREA_STYLE_COLOUR ( '', #3530 ) ;
#5334 = DIRECTION ( 'NONE',  ( -0.000000000000000000, -1.000000000000000000, -0.000000000000000000 ) ) ;
#5335 = VERTEX_POINT ( 'NONE', #365 ) ;
#5336 =( NAMED_UNIT ( * ) SI_UNIT ( $, .STERADIAN. ) SOLID_ANGLE_UNIT ( ) );
#5337 = ORIENTED_EDGE ( 'NONE', *, *, #4887, .T. ) ;
#5338 = CARTESIAN_POINT ( 'NONE',  ( 3.204143898671638624, 2.801000000000000156, -3.212401898468098427 ) ) ;
#5339 = AXIS2_PLACEMENT_3D ( 'NONE', #2322, #1504, #4472 ) ;
#5340 = CARTESIAN_POINT ( 'NONE',  ( 5.400000000000000355, 0.2000000000000000111, -2.399999999999999911 ) ) ;
#5341 = CARTESIAN_POINT ( 'NONE',  ( 2.094191725512430935, 2.799999999999999822, -3.035561844218190419 ) ) ;
#5342 =( LENGTH_UNIT ( ) NAMED_UNIT ( * ) SI_UNIT ( .MILLI., .METRE. ) );
#5343 = DIRECTION ( 'NONE',  ( -0.000000000000000000, -1.000000000000000000, -0.000000000000000000 ) ) ;
#5344 = CARTESIAN_POINT ( 'NONE',  ( 2.650944493909733524, 2.799999999999999822, -2.260020946087145877 ) ) ;
#5345 = VECTOR ( 'NONE', #2499, 1000.000000000000000 ) ;
#5346 = CARTESIAN_POINT ( 'NONE',  ( 4.776316517719257249, 2.801000000000000156, -2.260020946087145877 ) ) ;
#5347 = CARTESIAN_POINT ( 'NONE',  ( 0.000000000000000000, 1.399999999999999911, -2.499999999999999556 ) ) ;
#5348 = EDGE_CURVE ( 'NONE', #5263, #4999, #2049, .T. ) ;
#5349 = CARTESIAN_POINT ( 'NONE',  ( 2.130811173945234671, 2.800999999999999712, -3.001418582306268679 ) ) ;
#5350 = FACE_OUTER_BOUND ( 'NONE', #4666, .T. ) ;
#5351 = CARTESIAN_POINT ( 'NONE',  ( 1.706004017719257471, 2.799999999999999822, -3.045735231801431908 ) ) ;
#5352 = VERTEX_POINT ( 'NONE', #4594 ) ;
#5353 = CARTESIAN_POINT ( 'NONE',  ( 1.610665363030090225, 2.799999999999998046, -2.260205112780352188 ) ) ;
#5354 = FILL_AREA_STYLE_COLOUR ( '', #5051 ) ;
#5355 = ORIENTED_EDGE ( 'NONE', *, *, #2395, .T. ) ;
#5356 = CARTESIAN_POINT ( 'NONE',  ( 3.866346279624019555, 2.801000000000000156, -4.042014993706193771 ) ) ;
#5357 = LINE ( 'NONE', #4025, #1542 ) ;
#5358 = DIRECTION ( 'NONE',  ( 0.000000000000000000, -1.000000000000000000, 0.000000000000000000 ) ) ;
#5359 = ORIENTED_EDGE ( 'NONE', *, *, #4544, .F. ) ;
#5360 = AXIS2_PLACEMENT_3D ( 'NONE', #4937, #1043, #3271 ) ;
#5361 = DIRECTION ( 'NONE',  ( 1.000000000000000000, 0.000000000000000000, -0.000000000000000000 ) ) ;
#5362 = EDGE_CURVE ( 'NONE', #3260, #4565, #5528, .T. ) ;
#5363 = SURFACE_SIDE_STYLE ('',( #2857 ) ) ;
#5364 = ADVANCED_FACE ( 'NONE', ( #5498 ), #2483, .T. ) ;
#5365 =( NAMED_UNIT ( * ) PLANE_ANGLE_UNIT ( ) SI_UNIT ( $, .RADIAN. ) );
#5366 =( LENGTH_UNIT ( ) NAMED_UNIT ( * ) SI_UNIT ( .MILLI., .METRE. ) );
#5367 = B_SPLINE_CURVE_WITH_KNOTS ( 'NONE', 3,
 ( #2702, #603, #542, #2280, #4461 ),
 .UNSPECIFIED., .F., .F.,
 ( 4, 1, 4 ),
 ( 0.000000000000000000, 0.4901084961030835463, 1.000000000000000000 ),
 .UNSPECIFIED. ) ;
#5368 = CARTESIAN_POINT ( 'NONE',  ( 3.961185761176879261, 2.800000000000000711, -2.361327728568180628 ) ) ;
#5369 = CARTESIAN_POINT ( 'NONE',  ( 4.872298660576400486, 2.799999999999999822, -2.298711422277621708 ) ) ;
#5370 = CARTESIAN_POINT ( 'NONE',  ( 1.619789629494861716, 2.800000000000000266, -4.259201823537455134 ) ) ;
#5371 =( LENGTH_UNIT ( ) NAMED_UNIT ( * ) SI_UNIT ( .MILLI., .METRE. ) );
#5372 = B_SPLINE_CURVE_WITH_KNOTS ( 'NONE', 3,
 ( #4016, #3930, #114, #2310, #1782, #3956, #2253 ),
 .UNSPECIFIED., .F., .F.,
 ( 4, 1, 1, 1, 4 ),
 ( 0.000000000000000000, 0.2905126225486743263, 0.5458839394679423362, 0.7770088105218684316, 1.000000000000000000 ),
 .UNSPECIFIED. ) ;
#5373 = APPLICATION_PROTOCOL_DEFINITION ( 'draft international standard', 'automotive_design', 1998, #4457 ) ;
#5374 = EDGE_CURVE ( 'NONE', #1772, #616, #1557, .T. ) ;
#5375 = LINE ( 'NONE', #3992, #4846 ) ;
#5376 = CARTESIAN_POINT ( 'NONE',  ( 4.348861160576400486, 2.801000000000000156, -4.167014993706193771 ) ) ;
#5377 = EDGE_LOOP ( 'NONE', ( #813, #2206, #3597, #698 ) ) ;
#5378 = CARTESIAN_POINT ( 'NONE',  ( 1.638667708195447714, 2.799999999999999822, -2.264113207991907739 ) ) ;
#5379 = ORIENTED_EDGE ( 'NONE', *, *, #996, .F. ) ;
#5380 = SURFACE_STYLE_FILL_AREA ( #612 ) ;
#5381 = DIRECTION ( 'NONE',  ( -0.6820481926597027345, 0.000000000000000000, -0.7313072287962377738 ) ) ;
#5382 = ORIENTED_EDGE ( 'NONE', *, *, #119, .T. ) ;
#5383 = VECTOR ( 'NONE', #607, 1000.000000000000000 ) ;
#5384 = ORIENTED_EDGE ( 'NONE', *, *, #3952, .T. ) ;
#5385 = CARTESIAN_POINT ( 'NONE',  ( 6.599999999999999645, 2.799999999999999822, 0.000000000000000000 ) ) ;
#5386 = CARTESIAN_POINT ( 'NONE',  ( 1.623033104938706561, 2.800000000000000266, -2.261071190629064365 ) ) ;
#5387 = EDGE_CURVE ( 'NONE', #5260, #3238, #5019, .T. ) ;
#5388 =( NAMED_UNIT ( * ) SI_UNIT ( $, .STERADIAN. ) SOLID_ANGLE_UNIT ( ) );
#5389 = UNCERTAINTY_MEASURE_WITH_UNIT (LENGTH_MEASURE( 1.000000000000000082E-05 ), #2836, 'distance_accuracy_value', 'NONE');
#5390 = CYLINDRICAL_SURFACE ( 'NONE', #4787, 0.5000000000000000000 ) ;
#5391 = AXIS2_PLACEMENT_3D ( 'NONE', #186, #1827, #2262 ) ;
#5392 = SURFACE_STYLE_USAGE ( .BOTH. , #623 ) ;
#5393 = AXIS2_PLACEMENT_3D ( 'NONE', #2318, #4906, #1877 ) ;
#5394 = ORIENTED_EDGE ( 'NONE', *, *, #3788, .T. ) ;
#5395 = DIRECTION ( 'NONE',  ( -0.5439759087383276848, 0.000000000000000000, -0.8391008346511821259 ) ) ;
#5396 = COLOUR_RGB ( '',0.5019607843137254832, 0.5019607843137254832, 0.5019607843137254832 ) ;
#5397 =( LENGTH_UNIT ( ) NAMED_UNIT ( * ) SI_UNIT ( .MILLI., .METRE. ) );
#5398 = FILL_AREA_STYLE ('',( #2009 ) ) ;
#5399 = EDGE_CURVE ( 'NONE', #20, #2878, #453, .T. ) ;
#5400 =( GEOMETRIC_REPRESENTATION_CONTEXT ( 3 ) GLOBAL_UNCERTAINTY_ASSIGNED_CONTEXT ( ( #3711 ) ) GLOBAL_UNIT_ASSIGNED_CONTEXT ( ( #4173, #5142, #3386 ) ) REPRESENTATION_CONTEXT ( 'NONE', 'WORKASPACE' ) );
#5401 = MECHANICAL_DESIGN_GEOMETRIC_PRESENTATION_REPRESENTATION (  '', ( #1095 ), #3262 ) ;
#5402 = EDGE_LOOP ( 'NONE', ( #5384, #4769, #981, #812, #1654, #409, #5025 ) ) ;
#5403 = DIRECTION ( 'NONE',  ( -0.9950371902099885979, 0.000000000000000000, 0.09950371902100403620 ) ) ;
#5404 = SURFACE_STYLE_USAGE ( .BOTH. , #3695 ) ;
#5405 = PRESENTATION_LAYER_ASSIGNMENT (  '', '', ( #2289 ) ) ;
#5406 = ORIENTED_EDGE ( 'NONE', *, *, #4110, .F. ) ;
#5407 = DIRECTION ( 'NONE',  ( 1.000000000000000000, 0.000000000000000000, 0.000000000000000000 ) ) ;
#5408 = VECTOR ( 'NONE', #5334, 1000.000000000000000 ) ;
#5409 = VECTOR ( 'NONE', #2075, 1000.000000000000000 ) ;
#5410 = LINE ( 'NONE', #4653, #3995 ) ;
#5411 = DIRECTION ( 'NONE',  ( -0.6943691738330936003, 0.000000000000000000, -0.7196189619724782105 ) ) ;
#5412 = STYLED_ITEM ( 'NONE', ( #3928 ), #2349 ) ;
#5413 = ORIENTED_EDGE ( 'NONE', *, *, #4530, .T. ) ;
#5414 = FILL_AREA_STYLE_COLOUR ( '', #1001 ) ;
#5415 = AXIS2_PLACEMENT_3D ( 'NONE', #4555, #2429, #3707 ) ;
#5416 = ORIENTED_EDGE ( 'NONE', *, *, #1668, .T. ) ;
#5417 = DIRECTION ( 'NONE',  ( -0.4490837993463736577, 0.000000000000000000, -0.8934896424495506473 ) ) ;
#5418 = VECTOR ( 'NONE', #1514, 1000.000000000000000 ) ;
#5419 = ORIENTED_EDGE ( 'NONE', *, *, #4355, .T. ) ;
#5420 =( GEOMETRIC_REPRESENTATION_CONTEXT ( 3 ) GLOBAL_UNCERTAINTY_ASSIGNED_CONTEXT ( ( #3553 ) ) GLOBAL_UNIT_ASSIGNED_CONTEXT ( ( #324, #3330, #1214 ) ) REPRESENTATION_CONTEXT ( 'NONE', 'WORKASPACE' ) );
#5421 = CARTESIAN_POINT ( 'NONE',  ( 1.706004017719257471, 2.801000000000000156, -4.144693565134764945 ) ) ;
#5422 = LINE ( 'NONE', #2776, #525 ) ;
#5423 = CARTESIAN_POINT ( 'NONE',  ( 4.359862670921538452, 2.801000000000000600, -4.220403295735041027 ) ) ;
#5424 = STYLED_ITEM ( 'NONE', ( #4360 ), #5458 ) ;
#5425 = EDGE_LOOP ( 'NONE', ( #2270, #2390, #4109, #1745 ) ) ;
#5426 = SURFACE_SIDE_STYLE ('',( #702 ) ) ;
#5427 = EDGE_CURVE ( 'NONE', #1969, #1265, #5165, .T. ) ;
#5428 = SURFACE_STYLE_FILL_AREA ( #2125 ) ;
#5429 = ORIENTED_EDGE ( 'NONE', *, *, #3016, .T. ) ;
#5430 = MECHANICAL_DESIGN_GEOMETRIC_PRESENTATION_REPRESENTATION (  '', ( #2503 ), #2676 ) ;
#5431 = B_SPLINE_CURVE_WITH_KNOTS ( 'NONE', 3,
 ( #2245, #4833, #1835, #3561, #3525, #4422, #2271 ),
 .UNSPECIFIED., .F., .F.,
 ( 4, 1, 1, 1, 4 ),
 ( 0.000000000000000000, 0.2600914059906230258, 0.4946863160937156056, 0.7334813456499873485, 1.000000000000000000 ),
 .UNSPECIFIED. ) ;
#5432 = LINE ( 'NONE', #1240, #2002 ) ;
#5433 = DIRECTION ( 'NONE',  ( 0.4363068549005886809, 0.000000000000000000, -0.8997979375208394748 ) ) ;
#5434 = CARTESIAN_POINT ( 'NONE',  ( 1.705624414322709725, 2.801000000000000600, -4.154387540078127827 ) ) ;
#5435 = PRESENTATION_STYLE_ASSIGNMENT (( #3721 ) ) ;
#5436 = FACE_OUTER_BOUND ( 'NONE', #1901, .T. ) ;
#5437 = CARTESIAN_POINT ( 'NONE',  ( 1.683089982016794606, 2.801000000000000600, -4.228577958790639357 ) ) ;
#5438 =( GEOMETRIC_REPRESENTATION_CONTEXT ( 3 ) GLOBAL_UNCERTAINTY_ASSIGNED_CONTEXT ( ( #2662 ) ) GLOBAL_UNIT_ASSIGNED_CONTEXT ( ( #371, #2491, #2080 ) ) REPRESENTATION_CONTEXT ( 'NONE', 'WORKASPACE' ) );
#5439 = DIRECTION ( 'NONE',  ( -0.7197682880873446098, 0.000000000000000000, -0.6942143843682679893 ) ) ;
#5440 = EDGE_CURVE ( 'NONE', #5182, #4935, #1336, .T. ) ;
#5441 = VERTEX_POINT ( 'NONE', #2169 ) ;
#5442 = FILL_AREA_STYLE ('',( #5040 ) ) ;
#5443 = AXIS2_PLACEMENT_3D ( 'NONE', #1449, #1037, #1400 ) ;
#5444 = CARTESIAN_POINT ( 'NONE',  ( 3.452283779624019555, 2.801000000000000156, -4.254812612753813283 ) ) ;
#5445 = CARTESIAN_POINT ( 'NONE',  ( 0.000000000000000000, 2.799999999999999822, -6.599999999999999645 ) ) ;
#5446 = ORIENTED_EDGE ( 'NONE', *, *, #2657, .F. ) ;
#5447 =( LENGTH_UNIT ( ) NAMED_UNIT ( * ) SI_UNIT ( .MILLI., .METRE. ) );
#5448 = UNCERTAINTY_MEASURE_WITH_UNIT (LENGTH_MEASURE( 1.000000000000000082E-05 ), #1816, 'distance_accuracy_value', 'NONE');
#5449 = DIRECTION ( 'NONE',  ( -0.4380496185896152195, 0.000000000000000000, 0.8989507949011962262 ) ) ;
#5450 = ORIENTED_EDGE ( 'NONE', *, *, #2363, .F. ) ;
#5451 = B_SPLINE_SURFACE_WITH_KNOTS ( 'NONE', 3, 1, ( 
 ( #3575, #4074 ),
 ( #4847, #1002 ),
 ( #1903, #5278 ),
 ( #4879, #581 ),
 ( #4905, #4412 ) ),
 .UNSPECIFIED., .F., .F., .F.,
 ( 4, 1, 4 ),
 ( 2, 2 ),
 ( 0.000000000000000000, 0.6617062150086834293, 1.000000000000000000 ),
 ( 0.000000000000000000, 1.000000000000000000 ),
 .UNSPECIFIED. ) ;
#5452 = EDGE_LOOP ( 'NONE', ( #1319, #3648, #5540, #4604 ) ) ;
#5453 = SURFACE_SIDE_STYLE ('',( #4578 ) ) ;
#5454 = CARTESIAN_POINT ( 'NONE',  ( 4.776316517719257249, 2.799999999999999822, -2.260020946087145877 ) ) ;
#5455 = CARTESIAN_POINT ( 'NONE',  ( 1.552758844162163587, 2.799999999999999378, -4.241661572115978274 ) ) ;
#5456 = DIRECTION ( 'NONE',  ( 0.000000000000000000, -1.000000000000000000, 0.000000000000000000 ) ) ;
#5457 = UNCERTAINTY_MEASURE_WITH_UNIT (LENGTH_MEASURE( 1.000000000000000082E-05 ), #5397, 'distance_accuracy_value', 'NONE');
#5458 = ADVANCED_FACE ( 'NONE', ( #2233 ), #4718, .T. ) ;
#5459 =( NAMED_UNIT ( * ) PLANE_ANGLE_UNIT ( ) SI_UNIT ( $, .RADIAN. ) );
#5460 = LINE ( 'NONE', #1603, #2134 ) ;
#5461 = ORIENTED_EDGE ( 'NONE', *, *, #3253, .F. ) ;
#5462 = CARTESIAN_POINT ( 'NONE',  ( 1.610665363030090225, 2.800999999999998380, -2.260205112780352188 ) ) ;
#5463 = AXIS2_PLACEMENT_3D ( 'NONE', #1691, #2612, #2181 ) ;
#5464 =( NAMED_UNIT ( * ) SI_UNIT ( $, .STERADIAN. ) SOLID_ANGLE_UNIT ( ) );
#5465 =( NAMED_UNIT ( * ) SI_UNIT ( $, .STERADIAN. ) SOLID_ANGLE_UNIT ( ) );
#5466 = CARTESIAN_POINT ( 'NONE',  ( 5.777432589147828423, 2.801000000000000156, -4.167759041325241220 ) ) ;
#5467 = CARTESIAN_POINT ( 'NONE',  ( 3.725721279624019111, 2.801000000000000156, -3.305407850849050533 ) ) ;
#5468 = CARTESIAN_POINT ( 'NONE',  ( 1.700441955805445549, 2.799999999999999822, -4.197317442038422719 ) ) ;
#5469 =( NAMED_UNIT ( * ) PLANE_ANGLE_UNIT ( ) SI_UNIT ( $, .RADIAN. ) );
#5470 = CARTESIAN_POINT ( 'NONE',  ( 3.838410104913845267, 2.800999999999999268, -2.261260972005612047 ) ) ;
#5471 = VERTEX_POINT ( 'NONE', #3932 ) ;
#5472 = PLANE ( 'NONE',  #5277 ) ;
#5473 =( LENGTH_UNIT ( ) NAMED_UNIT ( * ) SI_UNIT ( .MILLI., .METRE. ) );
#5474 = CARTESIAN_POINT ( 'NONE',  ( 4.353724974016608407, 2.800000000000000266, -4.142729324797942425 ) ) ;
#5475 = CARTESIAN_POINT ( 'NONE',  ( 2.542047864030056559, 2.801000000000000156, -4.205093748468748949 ) ) ;
#5476 = DIRECTION ( 'NONE',  ( 0.000000000000000000, 1.000000000000000000, 0.000000000000000000 ) ) ;
#5477 = ORIENTED_EDGE ( 'NONE', *, *, #2121, .T. ) ;
#5478 = VERTEX_POINT ( 'NONE', #3052 ) ;
#5479 =( NAMED_UNIT ( * ) SI_UNIT ( $, .STERADIAN. ) SOLID_ANGLE_UNIT ( ) );
#5480 = EDGE_CURVE ( 'NONE', #5016, #1119, #92, .T. ) ;
#5481 = SURFACE_STYLE_USAGE ( .BOTH. , #2117 ) ;
#5482 = CARTESIAN_POINT ( 'NONE',  ( 2.137233611856485638, 2.799999999999998490, -2.943771247676421066 ) ) ;
#5483 =( NAMED_UNIT ( * ) SI_UNIT ( $, .STERADIAN. ) SOLID_ANGLE_UNIT ( ) );
#5484 = DIRECTION ( 'NONE',  ( 0.4940094076095261633, -0.000000000000000000, 0.8694565573927688362 ) ) ;
#5485 = EDGE_LOOP ( 'NONE', ( #3914, #183, #4224, #2375 ) ) ;
#5486 = COLOUR_RGB ( '',0.5019607843137254832, 0.5019607843137254832, 0.5019607843137254832 ) ;
#5487 = PLANE ( 'NONE',  #4862 ) ;
#5488 = CARTESIAN_POINT ( 'NONE',  ( 2.660917066550931853, 2.799999999999999822, -2.262819676841926420 ) ) ;
#5489 = PRESENTATION_STYLE_ASSIGNMENT (( #4646 ) ) ;
#5490 = DIRECTION ( 'NONE',  ( -0.000000000000000000, -1.000000000000000000, -0.000000000000000000 ) ) ;
#5491 = VECTOR ( 'NONE', #1978, 1000.000000000000000 ) ;
#5492 = ADVANCED_FACE ( 'NONE', ( #2140 ), #878, .T. ) ;
#5493 = CARTESIAN_POINT ( 'NONE',  ( 3.851867817888909418, 2.799999999999998934, -2.260446756628842646 ) ) ;
#5494 = VERTEX_POINT ( 'NONE', #575 ) ;
#5495 = DIRECTION ( 'NONE',  ( 0.7096097904480882512, 0.000000000000000000, -0.7045948802682433509 ) ) ;
#5496 = EDGE_CURVE ( 'NONE', #1910, #982, #4464, .T. ) ;
#5497 = CARTESIAN_POINT ( 'NONE',  ( 6.799999999999999822, 1.399999999999999911, -2.499999999999999556 ) ) ;
#5498 = FACE_OUTER_BOUND ( 'NONE', #1255, .T. ) ;
#5499 = FILL_AREA_STYLE_COLOUR ( '', #3785 ) ;
#5500 = COLOUR_RGB ( '',0.6901960784313725394, 0.6117647058823529882, 0.5294117647058823595 ) ;
#5501 =( GEOMETRIC_REPRESENTATION_CONTEXT ( 3 ) GLOBAL_UNCERTAINTY_ASSIGNED_CONTEXT ( ( #3115 ) ) GLOBAL_UNIT_ASSIGNED_CONTEXT ( ( #372, #1658, #2997 ) ) REPRESENTATION_CONTEXT ( 'NONE', 'WORKASPACE' ) );
#5502 = ORIENTED_EDGE ( 'NONE', *, *, #986, .F. ) ;
#5503 = VERTEX_POINT ( 'NONE', #3231 ) ;
#5504 = CARTESIAN_POINT ( 'NONE',  ( 0.6421757227959428160, 2.801000000000000156, -2.924808674561520494 ) ) ;
#5505 = STYLED_ITEM ( 'NONE', ( #4966 ), #1958 ) ;
#5506 = VECTOR ( 'NONE', #2791, 1000.000000000000114 ) ;
#5507 = FACE_OUTER_BOUND ( 'NONE', #41, .T. ) ;
#5508 = LINE ( 'NONE', #806, #4697 ) ;
#5509 = UNCERTAINTY_MEASURE_WITH_UNIT (LENGTH_MEASURE( 1.000000000000000082E-05 ), #745, 'distance_accuracy_value', 'NONE');
#5510 = PRODUCT_DEFINITION ( 'UNKNOWN', '', #3810, #613 ) ;
#5511 = LINE ( 'NONE', #2150, #1191 ) ;
#5512 = VERTEX_POINT ( 'NONE', #1896 ) ;
#5513 = ADVANCED_FACE ( 'NONE', ( #606 ), #4785, .T. ) ;
#5514 =( NAMED_UNIT ( * ) PLANE_ANGLE_UNIT ( ) SI_UNIT ( $, .RADIAN. ) );
#5515 = VERTEX_POINT ( 'NONE', #4486 ) ;
#5516 = CARTESIAN_POINT ( 'NONE',  ( 0.000000000000000000, 2.799999999999999822, 0.000000000000000000 ) ) ;
#5517 = STYLED_ITEM ( 'NONE', ( #2018 ), #4581 ) ;
#5518 = CARTESIAN_POINT ( 'NONE',  ( 2.650944493909733524, 2.799999999999999822, -2.260020946087145877 ) ) ;
#5519 =( GEOMETRIC_REPRESENTATION_CONTEXT ( 3 ) GLOBAL_UNCERTAINTY_ASSIGNED_CONTEXT ( ( #5227 ) ) GLOBAL_UNIT_ASSIGNED_CONTEXT ( ( #2443, #5469, #1644 ) ) REPRESENTATION_CONTEXT ( 'NONE', 'WORKASPACE' ) );
#5520 = CARTESIAN_POINT ( 'NONE',  ( 1.705624414322709725, 2.801000000000000600, -4.154387540078127827 ) ) ;
#5521 = PRESENTATION_STYLE_ASSIGNMENT (( #333 ) ) ;
#5522 =( GEOMETRIC_REPRESENTATION_CONTEXT ( 3 ) GLOBAL_UNCERTAINTY_ASSIGNED_CONTEXT ( ( #3653 ) ) GLOBAL_UNIT_ASSIGNED_CONTEXT ( ( #1890, #2328, #4119 ) ) REPRESENTATION_CONTEXT ( 'NONE', 'WORKASPACE' ) );
#5523 = ADVANCED_FACE ( 'NONE', ( #5350 ), #4873, .T. ) ;
#5524 = CARTESIAN_POINT ( 'NONE',  ( 4.872298660576400486, 2.799999999999999822, -2.298711422277621708 ) ) ;
#5525 = ORIENTED_EDGE ( 'NONE', *, *, #5307, .F. ) ;
#5526 = LINE ( 'NONE', #3841, #3623 ) ;
#5527 = PLANE ( 'NONE',  #4900 ) ;
#5528 = LINE ( 'NONE', #2508, #5409 ) ;
#5529 = CARTESIAN_POINT ( 'NONE',  ( 2.547007230695034874, 2.800999999999999268, -4.218268856468283090 ) ) ;
#5530 = CARTESIAN_POINT ( 'NONE',  ( 2.606673660576400486, 2.799999999999999822, -4.260020946087146321 ) ) ;
#5531 = AXIS2_PLACEMENT_3D ( 'NONE', #4855, #1011, #2324 ) ;
#5532 = ORIENTED_EDGE ( 'NONE', *, *, #601, .F. ) ;
#5533 = VERTEX_POINT ( 'NONE', #4206 ) ;
#5534 = LINE ( 'NONE', #76, #1721 ) ;
#5535 = CARTESIAN_POINT ( 'NONE',  ( 2.139783779624019555, 2.801000000000000600, -2.979142969896670046 ) ) ;
#5536 = DIRECTION ( 'NONE',  ( -0.000000000000000000, -1.000000000000000000, -0.000000000000000000 ) ) ;
#5537 = SURFACE_STYLE_FILL_AREA ( #2176 ) ;
#5538 = ORIENTED_EDGE ( 'NONE', *, *, #1999, .T. ) ;
#5539 =( NAMED_UNIT ( * ) SI_UNIT ( $, .STERADIAN. ) SOLID_ANGLE_UNIT ( ) );
#5540 = ORIENTED_EDGE ( 'NONE', *, *, #807, .F. ) ;
#5541 = CARTESIAN_POINT ( 'NONE',  ( 0.6825686534422932272, 2.801000000000000156, -2.883519837222107363 ) ) ;
#5542 = ORIENTED_EDGE ( 'NONE', *, *, #5496, .T. ) ;
#5543 = EDGE_CURVE ( 'NONE', #2520, #616, #2893, .T. ) ;
#5544 = LINE ( 'NONE', #5516, #4528 ) ;
#5545 = EDGE_CURVE ( 'NONE', #1036, #1182, #3724, .T. ) ;
#5546 =( LENGTH_UNIT ( ) NAMED_UNIT ( * ) SI_UNIT ( .MILLI., .METRE. ) );
ENDSEC;
END-ISO-10303-21;
