ISO-10303-21;
HEADER;
FILE_DESCRIPTION (( 'STEP AP214' ),
    '1' );
FILE_NAME ('Ensamblaje Fusible.STEP',
    '2023-08-18T01:39:38',
    ( '' ),
    ( '' ),
    'SwSTEP 2.0',
    'SolidWorks 2023',
    '' );
FILE_SCHEMA (( 'AUTOMOTIVE_DESIGN' ));
ENDSEC;

DATA;
#1 = CARTESIAN_POINT ( 'NONE',  ( -0.7951582445676976807, 3.667061682794274358, -2.093349424460867247 ) ) ;
#2 = CARTESIAN_POINT ( 'NONE',  ( -0.001458570207583659425, 5.792270597492539252, -2.534899106393897039 ) ) ;
#3 = LINE ( 'NONE', #2133, #6591 ) ;
#4 = EDGE_CURVE ( 'NONE', #781, #4119, #3362, .T. ) ;
#5 = CARTESIAN_POINT ( 'NONE',  ( 2.140000000000000568, 5.150000000000000355, 0.000000000000000000 ) ) ;
#6 = CARTESIAN_POINT ( 'NONE',  ( -2.540000000000000480, 7.230341301471685078, -1.859107331326270929 ) ) ;
#7 = ORIENTED_EDGE ( 'NONE', *, *, #350, .F. ) ;
#8 =( LENGTH_UNIT ( ) NAMED_UNIT ( * ) SI_UNIT ( .MILLI., .METRE. ) );
#9 = VERTEX_POINT ( 'NONE', #5978 ) ;
#10 = VERTEX_POINT ( 'NONE', #4100 ) ;
#11 = CARTESIAN_POINT ( 'NONE',  ( 0.7070189380690325986, 6.522561725495426899, -2.226192841556929203 ) ) ;
#12 = EDGE_LOOP ( 'NONE', ( #3390, #1283, #6162, #2163 ) ) ;
#13 = DIRECTION ( 'NONE',  ( -0.000000000000000000, 1.000000000000000000, 0.000000000000000000 ) ) ;
#14 = DIRECTION ( 'NONE',  ( -2.468735184200808801E-16, -0.7405888751200064846, -0.6719584198806376474 ) ) ;
#15 = COLOUR_RGB ( '',0.6039215686274509443, 0.6039215686274509443, 0.6039215686274509443 ) ;
#16 = FACE_BOUND ( 'NONE', #5592, .T. ) ;
#17 = ORIENTED_EDGE ( 'NONE', *, *, #6518, .F. ) ;
#18 = CARTESIAN_POINT ( 'NONE',  ( -1.130489619770393084, 6.231067282343159874, -2.326052134206620270 ) ) ;
#19 = COLOUR_RGB ( '',0.6039215686274509443, 0.6039215686274509443, 0.6039215686274509443 ) ;
#20 = CARTESIAN_POINT ( 'NONE',  ( 0.04000594994126686205, 5.857841739396844716, -2.517377556305613773 ) ) ;
#21 = FACE_OUTER_BOUND ( 'NONE', #5050, .T. ) ;
#22 = CARTESIAN_POINT ( 'NONE',  ( 2.165000000000000036, 0.000000000000000000, -0.7499999999999991118 ) ) ;
#23 = DIRECTION ( 'NONE',  ( -3.673940397442059375E-16, 0.000000000000000000, -1.000000000000000000 ) ) ;
#24 =( NAMED_UNIT ( * ) PLANE_ANGLE_UNIT ( ) SI_UNIT ( $, .RADIAN. ) );
#25 =( NAMED_UNIT ( * ) SI_UNIT ( $, .STERADIAN. ) SOLID_ANGLE_UNIT ( ) );
#26 = VERTEX_POINT ( 'NONE', #5749 ) ;
#27 = FILL_AREA_STYLE_COLOUR ( '', #922 ) ;
#28 = FACE_OUTER_BOUND ( 'NONE', #1121, .T. ) ;
#29 = CARTESIAN_POINT ( 'NONE',  ( 0.8986758921530749733, 6.599901617920093777, -2.116889040777253594 ) ) ;
#30 = CARTESIAN_POINT ( 'NONE',  ( 2.140000000000000568, 4.724339035756187855, 2.580123590745030171 ) ) ;
#31 =( GEOMETRIC_REPRESENTATION_CONTEXT ( 3 ) GLOBAL_UNCERTAINTY_ASSIGNED_CONTEXT ( ( #2079 ) ) GLOBAL_UNIT_ASSIGNED_CONTEXT ( ( #5198, #5301, #6415 ) ) REPRESENTATION_CONTEXT ( 'NONE', 'WORKASPACE' ) );
#32 = CARTESIAN_POINT ( 'NONE',  ( 0.4690094629668434822, 3.539275357407816625, -2.060175880299715878 ) ) ;
#33 = DIRECTION ( 'NONE',  ( 1.000000000000000000, 0.000000000000000000, -0.000000000000000000 ) ) ;
#34 =( GEOMETRIC_REPRESENTATION_CONTEXT ( 3 ) GLOBAL_UNCERTAINTY_ASSIGNED_CONTEXT ( ( #3560 ) ) GLOBAL_UNIT_ASSIGNED_CONTEXT ( ( #1500, #875, #5900 ) ) REPRESENTATION_CONTEXT ( 'NONE', 'WORKASPACE' ) );
#35 = CARTESIAN_POINT ( 'NONE',  ( -2.540000000000000036, 3.008102457706270272, -1.716962266451820707 ) ) ;
#36 = CARTESIAN_POINT ( 'NONE',  ( -2.540000000000000036, 7.415204580369117338, -1.597370737635626314 ) ) ;
#37 = ADVANCED_FACE ( 'NONE', ( #1003 ), #501, .T. ) ;
#38 = DIRECTION ( 'NONE',  ( 1.000000000000000000, 0.000000000000000000, 0.000000000000000000 ) ) ;
#39 = EDGE_CURVE ( 'NONE', #2777, #5907, #400, .T. ) ;
#40 = ORIENTED_EDGE ( 'NONE', *, *, #5853, .F. ) ;
#41 =( GEOMETRIC_REPRESENTATION_CONTEXT ( 3 ) GLOBAL_UNCERTAINTY_ASSIGNED_CONTEXT ( ( #2920 ) ) GLOBAL_UNIT_ASSIGNED_CONTEXT ( ( #3619, #3682, #3047 ) ) REPRESENTATION_CONTEXT ( 'NONE', 'WORKASPACE' ) );
#42 = SURFACE_SIDE_STYLE ('',( #2763 ) ) ;
#43 = ORIENTED_EDGE ( 'NONE', *, *, #3747, .T. ) ;
#44 = CARTESIAN_POINT ( 'NONE',  ( 0.2125953320472915575, 6.657322122025232325, -2.136868043156068264 ) ) ;
#45 = FILL_AREA_STYLE ('',( #3572 ) ) ;
#46 = DIRECTION ( 'NONE',  ( -1.000000000000000000, 0.000000000000000000, 3.673940397442059375E-16 ) ) ;
#47 = CARTESIAN_POINT ( 'NONE',  ( -2.464999999999999858, -4.000000000000000000, -0.2499999999999981126 ) ) ;
#48 = AXIS2_PLACEMENT_3D ( 'NONE', #1689, #6593, #5401 ) ;
#49 =( LENGTH_UNIT ( ) NAMED_UNIT ( * ) SI_UNIT ( .MILLI., .METRE. ) );
#50 = FILL_AREA_STYLE_COLOUR ( '', #2495 ) ;
#51 = EDGE_CURVE ( 'NONE', #2326, #2385, #96, .T. ) ;
#52 = CARTESIAN_POINT ( 'NONE',  ( -0.5317093653600362124, 4.647383885489458244, -2.566242786923000008 ) ) ;
#53 = PRESENTATION_LAYER_ASSIGNMENT (  '', '', ( #6834 ) ) ;
#54 = ADVANCED_FACE ( 'NONE', ( #4132 ), #3023, .T. ) ;
#55 =( NAMED_UNIT ( * ) SI_UNIT ( $, .STERADIAN. ) SOLID_ANGLE_UNIT ( ) );
#56 =( GEOMETRIC_REPRESENTATION_CONTEXT ( 3 ) GLOBAL_UNCERTAINTY_ASSIGNED_CONTEXT ( ( #4075 ) ) GLOBAL_UNIT_ASSIGNED_CONTEXT ( ( #6332, #3121, #1743 ) ) REPRESENTATION_CONTEXT ( 'NONE', 'WORKASPACE' ) );
#57 = FILL_AREA_STYLE_COLOUR ( '', #369 ) ;
#58 = EDGE_CURVE ( 'NONE', #2237, #873, #545, .T. ) ;
#59 = CARTESIAN_POINT ( 'NONE',  ( 2.539999999999999591, 0.4006545807089141875, -2.800698048415869224 ) ) ;
#60 = SURFACE_SIDE_STYLE ('',( #1553 ) ) ;
#61 = PLANE ( 'NONE',  #4836 ) ;
#62 = MECHANICAL_DESIGN_GEOMETRIC_PRESENTATION_REPRESENTATION (  '', ( #4277 ), #5939 ) ;
#63 = CARTESIAN_POINT ( 'NONE',  ( 2.540000000000000036, 0.1499999999999999944, 0.000000000000000000 ) ) ;
#64 = COLOUR_RGB ( '',0.6039215686274509443, 0.6039215686274509443, 0.6039215686274509443 ) ;
#65 = FACE_OUTER_BOUND ( 'NONE', #5876, .T. ) ;
#66 = CARTESIAN_POINT ( 'NONE',  ( -1.639756630885773836, 5.876285940478139125, -2.460610112887766210 ) ) ;
#67 = AXIS2_PLACEMENT_3D ( 'NONE', #3282, #5868, #476 ) ;
#68 = CARTESIAN_POINT ( 'NONE',  ( -0.03304027690389521599, 5.863908221084550121, -2.515663455368596590 ) ) ;
#69 = PRESENTATION_LAYER_ASSIGNMENT (  '', '', ( #6066 ) ) ;
#70 = VERTEX_POINT ( 'NONE', #6461 ) ;
#71 = ORIENTED_EDGE ( 'NONE', *, *, #4246, .F. ) ;
#72 = FILL_AREA_STYLE ('',( #477 ) ) ;
#73 = CARTESIAN_POINT ( 'NONE',  ( 0.3595328893916636126, 5.038750942891121909, -2.642894688582899665 ) ) ;
#74 = LINE ( 'NONE', #115, #5551 ) ;
#75 =( LENGTH_UNIT ( ) NAMED_UNIT ( * ) SI_UNIT ( .MILLI., .METRE. ) );
#76 = PRESENTATION_LAYER_ASSIGNMENT (  '', '', ( #293 ) ) ;
#77 = ORIENTED_EDGE ( 'NONE', *, *, #4732, .F. ) ;
#78 = FILL_AREA_STYLE_COLOUR ( '', #498 ) ;
#79 = ORIENTED_EDGE ( 'NONE', *, *, #2013, .F. ) ;
#80 = MECHANICAL_DESIGN_GEOMETRIC_PRESENTATION_REPRESENTATION (  '', ( #3083 ), #397 ) ;
#81 = VERTEX_POINT ( 'NONE', #2674 ) ;
#82 = CARTESIAN_POINT ( 'NONE',  ( -0.8005857262119840945, 6.479696968161593240, -2.252456649492553531 ) ) ;
#83 = SURFACE_STYLE_USAGE ( .BOTH. , #593 ) ;
#84 = SURFACE_STYLE_USAGE ( .BOTH. , #3343 ) ;
#85 = EDGE_CURVE ( 'NONE', #5909, #5387, #1802, .T. ) ;
#86 = CARTESIAN_POINT ( 'NONE',  ( 2.464999999999999858, -3.500000000000000000, 0.2499999999999981681 ) ) ;
#87 =( GEOMETRIC_REPRESENTATION_CONTEXT ( 3 ) GLOBAL_UNCERTAINTY_ASSIGNED_CONTEXT ( ( #3416 ) ) GLOBAL_UNIT_ASSIGNED_CONTEXT ( ( #1342, #2373, #891 ) ) REPRESENTATION_CONTEXT ( 'NONE', 'WORKASPACE' ) );
#88 = DIRECTION ( 'NONE',  ( 1.224646799147353454E-16, 1.000000000000000000, 0.000000000000000000 ) ) ;
#89 = ORIENTED_EDGE ( 'NONE', *, *, #351, .F. ) ;
#90 =( NAMED_UNIT ( * ) SI_UNIT ( $, .STERADIAN. ) SOLID_ANGLE_UNIT ( ) );
#91 = AXIS2_PLACEMENT_3D ( 'NONE', #4594, #4627, #886 ) ;
#92 = DIRECTION ( 'NONE',  ( -1.224646799147353454E-16, -1.000000000000000000, 0.000000000000000000 ) ) ;
#93 = AXIS2_PLACEMENT_3D ( 'NONE', #1502, #6826, #3701 ) ;
#94 = EDGE_CURVE ( 'NONE', #1835, #5909, #5854, .T. ) ;
#95 = CARTESIAN_POINT ( 'NONE',  ( 0.5131543837427789967, 4.652531078124914288, -2.516300926904914359 ) ) ;
#96 = CIRCLE ( 'NONE', #5528, 0.5000000000000000000 ) ;
#97 = EDGE_CURVE ( 'NONE', #2281, #1452, #6496, .T. ) ;
#98 = LINE ( 'NONE', #1064, #4078 ) ;
#99 = CARTESIAN_POINT ( 'NONE',  ( 2.540000000000000480, 3.324448422829183514, 1.656377505005771189 ) ) ;
#100 = DIRECTION ( 'NONE',  ( 1.000000000000000000, 0.000000000000000000, 0.000000000000000000 ) ) ;
#101 = AXIS2_PLACEMENT_3D ( 'NONE', #4038, #6145, #1392 ) ;
#102 = SURFACE_SIDE_STYLE ('',( #4843 ) ) ;
#103 = SURFACE_SIDE_STYLE ('',( #1112 ) ) ;
#104 = DIRECTION ( 'NONE',  ( 1.000000000000000000, 0.000000000000000000, -0.000000000000000000 ) ) ;
#105 = SURFACE_STYLE_USAGE ( .BOTH. , #2849 ) ;
#106 = DIRECTION ( 'NONE',  ( -1.000000000000000000, 0.000000000000000000, 0.000000000000000000 ) ) ;
#107 = CARTESIAN_POINT ( 'NONE',  ( 2.615000000000000657, -0.2500000000000000000, 0.7499999999999982236 ) ) ;
#108 = STYLED_ITEM ( 'NONE', ( #1395 ), #1292 ) ;
#109 = EDGE_CURVE ( 'NONE', #6329, #219, #3338, .T. ) ;
#110 = CARTESIAN_POINT ( 'NONE',  ( 1.799999999999999600, 5.156480681601331106, -2.564991813001746834 ) ) ;
#111 = PRESENTATION_STYLE_ASSIGNMENT (( #5308 ) ) ;
#112 = LINE ( 'NONE', #5482, #2922 ) ;
#113 = ORIENTED_EDGE ( 'NONE', *, *, #6451, .T. ) ;
#114 =( GEOMETRIC_REPRESENTATION_CONTEXT ( 3 ) GLOBAL_UNCERTAINTY_ASSIGNED_CONTEXT ( ( #952 ) ) GLOBAL_UNIT_ASSIGNED_CONTEXT ( ( #839, #1361, #5066 ) ) REPRESENTATION_CONTEXT ( 'NONE', 'WORKASPACE' ) );
#115 = CARTESIAN_POINT ( 'NONE',  ( 2.540000000000000480, 2.943255674241488595, 1.581703645010259285 ) ) ;
#116 = FILL_AREA_STYLE_COLOUR ( '', #3099 ) ;
#117 = DIRECTION ( 'NONE',  ( 3.673940397442059375E-16, 0.000000000000000000, 1.000000000000000000 ) ) ;
#118 = STYLED_ITEM ( 'NONE', ( #5422 ), #2040 ) ;
#119 = VERTEX_POINT ( 'NONE', #6388 ) ;
#120 =( LENGTH_UNIT ( ) NAMED_UNIT ( * ) SI_UNIT ( .MILLI., .METRE. ) );
#121 = ORIENTED_EDGE ( 'NONE', *, *, #5393, .F. ) ;
#122 = CARTESIAN_POINT ( 'NONE',  ( -0.0009234138208497522007, 6.816178036189262990, -2.015459191281354201 ) ) ;
#123 = CARTESIAN_POINT ( 'NONE',  ( -0.9317342622102392502, 6.403065243733419010, -2.295410636725517595 ) ) ;
#124 =( LENGTH_UNIT ( ) NAMED_UNIT ( * ) SI_UNIT ( .MILLI., .METRE. ) );
#125 = DIRECTION ( 'NONE',  ( 0.000000000000000000, 0.000000000000000000, -1.000000000000000000 ) ) ;
#126 = DIRECTION ( 'NONE',  ( 1.000000000000000000, 0.000000000000000000, 7.890882775736657875E-16 ) ) ;
#127 = EDGE_CURVE ( 'NONE', #1907, #3708, #4878, .T. ) ;
#128 = CARTESIAN_POINT ( 'NONE',  ( -0.04551831211848318681, 5.841905989203601379, -2.469917955761447903 ) ) ;
#129 = UNCERTAINTY_MEASURE_WITH_UNIT (LENGTH_MEASURE( 1.000000000000000082E-05 ), #3078, 'distance_accuracy_value', 'NONE');
#130 = FILL_AREA_STYLE_COLOUR ( '', #6270 ) ;
#131 = CARTESIAN_POINT ( 'NONE',  ( 9.500000000000000000, -1.163414459189985682E-15, 0.000000000000000000 ) ) ;
#132 =( GEOMETRIC_REPRESENTATION_CONTEXT ( 3 ) GLOBAL_UNCERTAINTY_ASSIGNED_CONTEXT ( ( #878 ) ) GLOBAL_UNIT_ASSIGNED_CONTEXT ( ( #1250, #711, #5807 ) ) REPRESENTATION_CONTEXT ( 'NONE', 'WORKASPACE' ) );
#133 = CARTESIAN_POINT ( 'NONE',  ( 0.1098679856516428383, 5.501616886216259772, -2.556962443220112124 ) ) ;
#134 = CARTESIAN_POINT ( 'NONE',  ( 2.539999999999999591, 3.083757038415181118, -1.874763991466978252 ) ) ;
#135 = LINE ( 'NONE', #6444, #1491 ) ;
#136 = EDGE_CURVE ( 'NONE', #3845, #70, #1187, .T. ) ;
#137 = DIRECTION ( 'NONE',  ( 0.000000000000000000, 0.000000000000000000, 1.000000000000000000 ) ) ;
#138 = CIRCLE ( 'NONE', #4661, 1.451549732019052685 ) ;
#139 = ADVANCED_FACE ( 'NONE', ( #5871 ), #3879, .F. ) ;
#140 = FACE_OUTER_BOUND ( 'NONE', #1365, .T. ) ;
#141 =( NAMED_UNIT ( * ) PLANE_ANGLE_UNIT ( ) SI_UNIT ( $, .RADIAN. ) );
#142 = CIRCLE ( 'NONE', #5343, 0.3250000000000000666 ) ;
#143 = CARTESIAN_POINT ( 'NONE',  ( 1.599999999999999423, 5.156480681601331106, -2.564991813001746390 ) ) ;
#144 = CARTESIAN_POINT ( 'NONE',  ( 1.740748562162879987, 5.611611818046178257, -2.525720517541889532 ) ) ;
#145 = FACE_OUTER_BOUND ( 'NONE', #5954, .T. ) ;
#146 = VERTEX_POINT ( 'NONE', #6540 ) ;
#147 = ORIENTED_EDGE ( 'NONE', *, *, #4470, .F. ) ;
#148 = DIRECTION ( 'NONE',  ( -1.588288116102910685E-16, -0.9017241429437475864, -0.4323118897652065140 ) ) ;
#149 = CARTESIAN_POINT ( 'NONE',  ( 2.140000000000000568, 5.759476576732735609, 2.542983150241886037 ) ) ;
#150 = CARTESIAN_POINT ( 'NONE',  ( 0.04000594994126687592, 5.844307480517364262, -2.469244142227112970 ) ) ;
#151 = SURFACE_STYLE_USAGE ( .BOTH. , #2861 ) ;
#152 = EDGE_LOOP ( 'NONE', ( #4920 ) ) ;
#153 =( NAMED_UNIT ( * ) SI_UNIT ( $, .STERADIAN. ) SOLID_ANGLE_UNIT ( ) );
#154 = EDGE_CURVE ( 'NONE', #3369, #2501, #1254, .T. ) ;
#155 = MECHANICAL_DESIGN_GEOMETRIC_PRESENTATION_REPRESENTATION (  '', ( #1584 ), #1932 ) ;
#156 = EDGE_CURVE ( 'NONE', #638, #6439, #2029, .T. ) ;
#157 = ORIENTED_EDGE ( 'NONE', *, *, #2790, .T. ) ;
#158 = B_SPLINE_SURFACE_WITH_KNOTS ( 'NONE', 1, 3, ( 
 ( #5484, #4342, #4953, #2346, #4452, #6570, #4640, #1353, #4131, #399, #276, #2407 ),
 ( #6643, #5121, #4099, #2437, #4037, #5058, #310, #2997, #4546, #1892, #6114, #1947 ) ),
 .UNSPECIFIED., .F., .F., .F.,
 ( 2, 2 ),
 ( 4, 2, 2, 2, 2, 4 ),
 ( 0.000000000000000000, 1.000000000000000000 ),
 ( 0.000000000000000000, 0.5000000000000000000, 0.7500000000000000000, 0.8750000000000000000, 1.000000000000000000, 1.180854113161419860 ),
 .UNSPECIFIED. ) ;
#159 = FACE_OUTER_BOUND ( 'NONE', #2321, .T. ) ;
#160 = ORIENTED_EDGE ( 'NONE', *, *, #929, .F. ) ;
#161 = PRESENTATION_STYLE_ASSIGNMENT (( #4901 ) ) ;
#162 = PLANE ( 'NONE',  #3448 ) ;
#163 = CARTESIAN_POINT ( 'NONE',  ( 0.3586411120705192968, 4.858697963709197154, -2.548405015623072423 ) ) ;
#164 = FACE_OUTER_BOUND ( 'NONE', #4291, .T. ) ;
#165 = ORIENTED_EDGE ( 'NONE', *, *, #193, .F. ) ;
#166 = DIRECTION ( 'NONE',  ( 1.000000000000000000, 0.000000000000000000, -3.673940397442059375E-16 ) ) ;
#167 = SURFACE_STYLE_FILL_AREA ( #1211 ) ;
#168 = MECHANICAL_DESIGN_GEOMETRIC_PRESENTATION_REPRESENTATION (  '', ( #6052 ), #5924 ) ;
#169 = LINE ( 'NONE', #1212, #600 ) ;
#170 = VERTEX_POINT ( 'NONE', #6571 ) ;
#171 = DIRECTION ( 'NONE',  ( 0.000000000000000000, 0.7405888751200081499, 0.6719584198806358710 ) ) ;
#172 = CARTESIAN_POINT ( 'NONE',  ( 9.350000000000001421, 0.02499999999999885994, 0.1499999999999999667 ) ) ;
#173 = FILL_AREA_STYLE ('',( #6008 ) ) ;
#174 = CARTESIAN_POINT ( 'NONE',  ( -0.04931105452048319127, 3.653433957033510371, -2.144414859960866782 ) ) ;
#175 = CARTESIAN_POINT ( 'NONE',  ( 1.570317125233141375, 4.279174495217593410, -2.422656962276577897 ) ) ;
#176 = FACE_OUTER_BOUND ( 'NONE', #1103, .T. ) ;
#177 = PRESENTATION_STYLE_ASSIGNMENT (( #3834 ) ) ;
#178 = CARTESIAN_POINT ( 'NONE',  ( 0.05632860020257249994, 5.832643857651035546, -2.524326120692671704 ) ) ;
#180 = ORIENTED_EDGE ( 'NONE', *, *, #868, .F. ) ;
#179 = MECHANICAL_DESIGN_GEOMETRIC_PRESENTATION_REPRESENTATION (  '', ( #1611 ), #719 ) ;
#181 = EDGE_CURVE ( 'NONE', #3617, #3398, #6087, .T. ) ;
#182 =( NAMED_UNIT ( * ) SI_UNIT ( $, .STERADIAN. ) SOLID_ANGLE_UNIT ( ) );
#183 =( NAMED_UNIT ( * ) PLANE_ANGLE_UNIT ( ) SI_UNIT ( $, .RADIAN. ) );
#184 = CIRCLE ( 'NONE', #2067, 0.7500000000000001110 ) ;
#185 =( GEOMETRIC_REPRESENTATION_CONTEXT ( 3 ) GLOBAL_UNCERTAINTY_ASSIGNED_CONTEXT ( ( #384 ) ) GLOBAL_UNIT_ASSIGNED_CONTEXT ( ( #5176, #2611, #4280 ) ) REPRESENTATION_CONTEXT ( 'NONE', 'WORKASPACE' ) );
#186 = ORIENTED_EDGE ( 'NONE', *, *, #6556, .T. ) ;
#187 = UNCERTAINTY_MEASURE_WITH_UNIT (LENGTH_MEASURE( 1.000000000000000082E-05 ), #6771, 'distance_accuracy_value', 'NONE');
#188 = ORIENTED_EDGE ( 'NONE', *, *, #4557, .F. ) ;
#189 = CARTESIAN_POINT ( 'NONE',  ( 1.799999999999999600, 5.156607010677380032, -2.614991653411137484 ) ) ;
#190 = CARTESIAN_POINT ( 'NONE',  ( 0.6620511360261178702, 3.772628679137404184, -2.222943398748974619 ) ) ;
#191 = CARTESIAN_POINT ( 'NONE',  ( 0.4466595336674702432, 4.634095164281056611, -2.512581779859475617 ) ) ;
#192 = SURFACE_SIDE_STYLE ('',( #5070 ) ) ;
#193 = EDGE_CURVE ( 'NONE', #5233, #1907, #4633, .T. ) ;
#194 = DIRECTION ( 'NONE',  ( -0.000000000000000000, 1.000000000000000000, 0.000000000000000000 ) ) ;
#195 = UNCERTAINTY_MEASURE_WITH_UNIT (LENGTH_MEASURE( 1.000000000000000082E-05 ), #3805, 'distance_accuracy_value', 'NONE');
#196 = AXIS2_PLACEMENT_3D ( 'NONE', #752, #4446, #1247 ) ;
#197 = DIRECTION ( 'NONE',  ( 1.000000000000000000, 0.000000000000000000, -3.673940397442059375E-16 ) ) ;
#198 = DIRECTION ( 'NONE',  ( -1.000000000000000000, -0.000000000000000000, -0.000000000000000000 ) ) ;
#199 =( NAMED_UNIT ( * ) PLANE_ANGLE_UNIT ( ) SI_UNIT ( $, .RADIAN. ) );
#200 = VECTOR ( 'NONE', #1581, 1000.000000000000000 ) ;
#201 =( GEOMETRIC_REPRESENTATION_CONTEXT ( 3 ) GLOBAL_UNCERTAINTY_ASSIGNED_CONTEXT ( ( #260 ) ) GLOBAL_UNIT_ASSIGNED_CONTEXT ( ( #4600, #6139, #858 ) ) REPRESENTATION_CONTEXT ( 'NONE', 'WORKASPACE' ) );
#202 = DIRECTION ( 'NONE',  ( 1.000000000000000000, 0.000000000000000000, 0.000000000000000000 ) ) ;
#203 = PRESENTATION_STYLE_ASSIGNMENT (( #2884 ) ) ;
#204 = STYLED_ITEM ( 'NONE', ( #5010 ), #6705 ) ;
#205 = SURFACE_SIDE_STYLE ('',( #5891 ) ) ;
#206 = MECHANICAL_DESIGN_GEOMETRIC_PRESENTATION_REPRESENTATION (  '', ( #6300 ), #3994 ) ;
#207 = EDGE_LOOP ( 'NONE', ( #4964, #1093, #5919, #265 ) ) ;
#208 = CARTESIAN_POINT ( 'NONE',  ( 0.7978535670578144057, 3.667798388978980473, -2.093862674573572225 ) ) ;
#209 = PRESENTATION_LAYER_ASSIGNMENT (  '', '', ( #412 ) ) ;
#210 = COLOUR_RGB ( '',0.6039215686274509443, 0.6039215686274509443, 0.6039215686274509443 ) ;
#211 = CARTESIAN_POINT ( 'NONE',  ( 0.1081424906952002940, 3.653709910055002563, -2.144607427259784149 ) ) ;
#212 =( LENGTH_UNIT ( ) NAMED_UNIT ( * ) SI_UNIT ( .MILLI., .METRE. ) );
#213 = SURFACE_SIDE_STYLE ('',( #5481 ) ) ;
#214 = CIRCLE ( 'NONE', #67, 1.964999999999999192 ) ;
#215 = SURFACE_STYLE_USAGE ( .BOTH. , #6678 ) ;
#216 = EDGE_CURVE ( 'NONE', #1662, #1419, #6492, .T. ) ;
#217 = ORIENTED_EDGE ( 'NONE', *, *, #2523, .T. ) ;
#218 = DIRECTION ( 'NONE',  ( -1.000000000000000000, -0.000000000000000000, -0.000000000000000000 ) ) ;
#219 = VERTEX_POINT ( 'NONE', #3361 ) ;
#220 = DIRECTION ( 'NONE',  ( 0.000000000000000000, 0.4116854961576626448, 0.9113259857226826410 ) ) ;
#221 = B_SPLINE_CURVE_WITH_KNOTS ( 'NONE', 3,
 ( #1622, #2866, #4848, #1114 ),
 .UNSPECIFIED., .F., .F.,
 ( 4, 4 ),
 ( 0.000000000000000000, 1.000000000000000000 ),
 .UNSPECIFIED. ) ;
#222 = VERTEX_POINT ( 'NONE', #1279 ) ;
#223 = EDGE_CURVE ( 'NONE', #119, #6430, #3432, .T. ) ;
#224 = CARTESIAN_POINT ( 'NONE',  ( 2.390000000000000568, 5.359476576732735253, 1.035622799379432912 ) ) ;
#225 = ORIENTED_EDGE ( 'NONE', *, *, #978, .F. ) ;
#226 =( LENGTH_UNIT ( ) NAMED_UNIT ( * ) SI_UNIT ( .MILLI., .METRE. ) );
#227 =( LENGTH_UNIT ( ) NAMED_UNIT ( * ) SI_UNIT ( .MILLI., .METRE. ) );
#228 = SURFACE_STYLE_FILL_AREA ( #3445 ) ;
#229 = DIRECTION ( 'NONE',  ( 0.000000000000000000, 0.000000000000000000, -1.000000000000000000 ) ) ;
#230 =( LENGTH_UNIT ( ) NAMED_UNIT ( * ) SI_UNIT ( .MILLI., .METRE. ) );
#231 = SURFACE_STYLE_FILL_AREA ( #642 ) ;
#232 = CARTESIAN_POINT ( 'NONE',  ( 0.000000000000000000, -4.000000000000000000, 0.2499999999999981681 ) ) ;
#233 = EDGE_LOOP ( 'NONE', ( #5223, #798, #6791, #728 ) ) ;
#234 =( LENGTH_UNIT ( ) NAMED_UNIT ( * ) SI_UNIT ( .MILLI., .METRE. ) );
#235 = CARTESIAN_POINT ( 'NONE',  ( -0.5341944170133328118, 4.619092009521915010, -2.509573924802424028 ) ) ;
#236 = CARTESIAN_POINT ( 'NONE',  ( 1.098617330991522145, 3.821351995469751461, -2.195016657399767368 ) ) ;
#237 = CARTESIAN_POINT ( 'NONE',  ( 0.8462810550286578026, 3.858521179839255577, -2.274020602125426560 ) ) ;
#238 = FILL_AREA_STYLE ('',( #1888 ) ) ;
#239 = CARTESIAN_POINT ( 'NONE',  ( -2.540000000000000036, 7.546404284867462842, -1.645263485197931530 ) ) ;
#240 = CARTESIAN_POINT ( 'NONE',  ( -0.2163427048019629650, 5.444142483988525960, -2.578171091864080555 ) ) ;
#241 = EDGE_LOOP ( 'NONE', ( #1981, #2000, #658, #6652 ) ) ;
#242 =( NAMED_UNIT ( * ) SI_UNIT ( $, .STERADIAN. ) SOLID_ANGLE_UNIT ( ) );
#243 = EDGE_CURVE ( 'NONE', #1079, #5574, #2312, .T. ) ;
#244 = ORIENTED_EDGE ( 'NONE', *, *, #3567, .T. ) ;
#245 = DIRECTION ( 'NONE',  ( 0.000000000000000000, 1.000000000000000000, 0.000000000000000000 ) ) ;
#246 = CARTESIAN_POINT ( 'NONE',  ( -0.4672338650412969363, 4.624300608455636841, -2.561613778408034392 ) ) ;
#247 = ORIENTED_EDGE ( 'NONE', *, *, #5818, .T. ) ;
#248 = ORIENTED_EDGE ( 'NONE', *, *, #2088, .F. ) ;
#249 = CARTESIAN_POINT ( 'NONE',  ( -1.662560821033569614, 5.837764466011842401, -2.522935797695106785 ) ) ;
#250 = LINE ( 'NONE', #810, #4008 ) ;
#251 =( NAMED_UNIT ( * ) SI_UNIT ( $, .STERADIAN. ) SOLID_ANGLE_UNIT ( ) );
#252 = UNCERTAINTY_MEASURE_WITH_UNIT (LENGTH_MEASURE( 1.000000000000000082E-05 ), #3957, 'distance_accuracy_value', 'NONE');
#253 = SURFACE_STYLE_FILL_AREA ( #1266 ) ;
#254 = EDGE_CURVE ( 'NONE', #5331, #1997, #112, .T. ) ;
#255 =( LENGTH_UNIT ( ) NAMED_UNIT ( * ) SI_UNIT ( .MILLI., .METRE. ) );
#256 = COLOUR_RGB ( '',0.6039215686274509443, 0.6039215686274509443, 0.6039215686274509443 ) ;
#257 = CARTESIAN_POINT ( 'NONE',  ( 2.540000000000000036, 6.988007637321757670, -1.642544649361742826 ) ) ;
#258 = CARTESIAN_POINT ( 'NONE',  ( 2.464999999999999858, -4.000000000000000000, 0.7499999999999981126 ) ) ;
#259 = PLANE ( 'NONE',  #6528 ) ;
#260 = UNCERTAINTY_MEASURE_WITH_UNIT (LENGTH_MEASURE( 1.000000000000000082E-05 ), #4600, 'distance_accuracy_value', 'NONE');
#261 = ADVANCED_FACE ( 'NONE', ( #2893, #5934 ), #4986, .T. ) ;
#262 = B_SPLINE_SURFACE_WITH_KNOTS ( 'NONE', 1, 3, ( 
 ( #2113, #6615, #4992, #246 ),
 ( #5064, #2863, #3404, #2384 ) ),
 .UNSPECIFIED., .F., .F., .F.,
 ( 2, 2 ),
 ( 4, 4 ),
 ( 0.000000000000000000, 1.000000000000000000 ),
 ( 0.000000000000000000, 1.000000000000000000 ),
 .UNSPECIFIED. ) ;
#263 = DIRECTION ( 'NONE',  ( 0.000000000000000000, 0.000000000000000000, 1.000000000000000000 ) ) ;
#264 = CARTESIAN_POINT ( 'NONE',  ( 2.540000000000000036, 7.296267852966717982, -1.697000299375240440 ) ) ;
#265 = ORIENTED_EDGE ( 'NONE', *, *, #156, .F. ) ;
#266 =( NAMED_UNIT ( * ) PLANE_ANGLE_UNIT ( ) SI_UNIT ( $, .RADIAN. ) );
#267 =( NAMED_UNIT ( * ) SI_UNIT ( $, .STERADIAN. ) SOLID_ANGLE_UNIT ( ) );
#268 = DIRECTION ( 'NONE',  ( 1.000000000000000000, 0.000000000000000000, -3.673940397442059375E-16 ) ) ;
#269 = CARTESIAN_POINT ( 'NONE',  ( -2.540000000000000036, 7.282338214665561082, -1.537836191761079885 ) ) ;
#270 = CARTESIAN_POINT ( 'NONE',  ( 0.6620511360261178702, 3.772628679137404184, -2.222943398748974619 ) ) ;
#271 = VECTOR ( 'NONE', #6200, 1000.000000000000000 ) ;
#272 = CARTESIAN_POINT ( 'NONE',  ( -0.5354548301088427609, 4.643095380264202099, -2.514412994416491021 ) ) ;
#273 = ADVANCED_FACE ( 'NONE', ( #4714 ), #2271, .T. ) ;
#274 = PRESENTATION_LAYER_ASSIGNMENT (  '', '', ( #3956 ) ) ;
#275 = ORIENTED_EDGE ( 'NONE', *, *, #346, .T. ) ;
#276 = CARTESIAN_POINT ( 'NONE',  ( 2.540000000000000480, 7.268806921813508737, 1.493847652265798187 ) ) ;
#277 = VECTOR ( 'NONE', #521, 1000.000000000000000 ) ;
#278 =( NAMED_UNIT ( * ) PLANE_ANGLE_UNIT ( ) SI_UNIT ( $, .RADIAN. ) );
#279 =( NAMED_UNIT ( * ) PLANE_ANGLE_UNIT ( ) SI_UNIT ( $, .RADIAN. ) );
#280 = CARTESIAN_POINT ( 'NONE',  ( -9.184850993605080645E-17, -4.000000000000000000, -0.2499999999999981681 ) ) ;
#281 = FILL_AREA_STYLE_COLOUR ( '', #880 ) ;
#282 = VERTEX_POINT ( 'NONE', #1530 ) ;
#283 = CARTESIAN_POINT ( 'NONE',  ( -1.765167782122575746, 5.508216093943488545, -2.590348669588685038 ) ) ;
#284 = VECTOR ( 'NONE', #322, 1000.000000000000000 ) ;
#285 = SURFACE_STYLE_FILL_AREA ( #2935 ) ;
#286 = VECTOR ( 'NONE', #1845, 1000.000000000000114 ) ;
#287 = SURFACE_STYLE_USAGE ( .BOTH. , #6621 ) ;
#288 = CARTESIAN_POINT ( 'NONE',  ( 2.539999999999999591, 6.538544579290536340, -2.755247503693927680 ) ) ;
#289 = COLOUR_RGB ( '',0.7058823529411764053, 0.7058823529411764053, 0.7058823529411764053 ) ;
#290 =( GEOMETRIC_REPRESENTATION_CONTEXT ( 3 ) GLOBAL_UNCERTAINTY_ASSIGNED_CONTEXT ( ( #5327 ) ) GLOBAL_UNIT_ASSIGNED_CONTEXT ( ( #2839, #2730, #90 ) ) REPRESENTATION_CONTEXT ( 'NONE', 'WORKASPACE' ) );
#291 = CARTESIAN_POINT ( 'NONE',  ( 2.540000000000000036, 7.332316474780156135, -1.550044293084932523 ) ) ;
#292 = EDGE_LOOP ( 'NONE', ( #6355 ) ) ;
#293 = STYLED_ITEM ( 'NONE', ( #1004 ), #4973 ) ;
#294 = PRESENTATION_STYLE_ASSIGNMENT (( #1437 ) ) ;
#295 = CARTESIAN_POINT ( 'NONE',  ( 2.540000000000000480, 5.150000000000000355, -9.331808609502832962E-16 ) ) ;
#296 = DIRECTION ( 'NONE',  ( 0.000000000000000000, 0.9876989601903538585, 0.1563674008190125697 ) ) ;
#297 =( GEOMETRIC_REPRESENTATION_CONTEXT ( 3 ) GLOBAL_UNCERTAINTY_ASSIGNED_CONTEXT ( ( #5334 ) ) GLOBAL_UNIT_ASSIGNED_CONTEXT ( ( #1343, #3491, #1973 ) ) REPRESENTATION_CONTEXT ( 'NONE', 'WORKASPACE' ) );
#298 = ORIENTED_EDGE ( 'NONE', *, *, #2938, .T. ) ;
#299 = B_SPLINE_CURVE_WITH_KNOTS ( 'NONE', 3,
 ( #3732, #5837, #3108, #1087 ),
 .UNSPECIFIED., .F., .F.,
 ( 4, 4 ),
 ( 0.000000000000000000, 1.000000000000000000 ),
 .UNSPECIFIED. ) ;
#300 = CARTESIAN_POINT ( 'NONE',  ( 2.540000000000000480, 7.099853943852494353, 1.742496656422294343 ) ) ;
#301 = EDGE_CURVE ( 'NONE', #4996, #282, #4883, .T. ) ;
#302 = DIRECTION ( 'NONE',  ( -1.000000000000000000, -1.224646799147353454E-16, 0.000000000000000000 ) ) ;
#303 = DIRECTION ( 'NONE',  ( 0.000000000000000000, 0.4323118897652182824, 0.9017241429437418132 ) ) ;
#304 = STYLED_ITEM ( 'NONE', ( #6235 ), #5164 ) ;
#305 = MECHANICAL_DESIGN_GEOMETRIC_PRESENTATION_REPRESENTATION (  '', ( #6282 ), #4406 ) ;
#306 =( LENGTH_UNIT ( ) NAMED_UNIT ( * ) SI_UNIT ( .MILLI., .METRE. ) );
#307 = CARTESIAN_POINT ( 'NONE',  ( -1.205640000277716339, 6.164757388632521540, -2.356870642326892806 ) ) ;
#308 = VECTOR ( 'NONE', #5993, 1000.000000000000000 ) ;
#309 = ORIENTED_EDGE ( 'NONE', *, *, #5405, .T. ) ;
#310 = CARTESIAN_POINT ( 'NONE',  ( -2.539999999999999591, 7.527386901043757739, 1.691515034104493775 ) ) ;
#311 = AXIS2_PLACEMENT_3D ( 'NONE', #598, #489, #88 ) ;
#312 = PLANE ( 'NONE',  #101 ) ;
#313 = DIRECTION ( 'NONE',  ( 1.000000000000000000, -0.000000000000000000, -0.000000000000000000 ) ) ;
#314 = DIRECTION ( 'NONE',  ( 0.000000000000000000, 0.000000000000000000, 1.000000000000000000 ) ) ;
#315 = ORIENTED_EDGE ( 'NONE', *, *, #2603, .T. ) ;
#316 = CARTESIAN_POINT ( 'NONE',  ( 2.165000000000000036, -4.001000000000000334, -0.7499999999999991118 ) ) ;
#317 = CARTESIAN_POINT ( 'NONE',  ( -0.4672338650412969363, 4.634352222060693194, -2.512634547463330481 ) ) ;
#318 = UNCERTAINTY_MEASURE_WITH_UNIT (LENGTH_MEASURE( 1.000000000000000082E-05 ), #4554, 'distance_accuracy_value', 'NONE');
#319 = PRESENTATION_STYLE_ASSIGNMENT (( #2327 ) ) ;
#320 = VERTEX_POINT ( 'NONE', #916 ) ;
#321 = STYLED_ITEM ( 'NONE', ( #6504 ), #1277 ) ;
#322 = DIRECTION ( 'NONE',  ( 0.000000000000000000, 0.000000000000000000, -1.000000000000000000 ) ) ;
#323 = DIRECTION ( 'NONE',  ( 1.000000000000000000, -1.224646799147353454E-16, -0.000000000000000000 ) ) ;
#324 = EDGE_CURVE ( 'NONE', #781, #3706, #3689, .T. ) ;
#325 = FILL_AREA_STYLE ('',( #783 ) ) ;
#326 = UNCERTAINTY_MEASURE_WITH_UNIT (LENGTH_MEASURE( 1.000000000000000082E-05 ), #4250, 'distance_accuracy_value', 'NONE');
#327 = FILL_AREA_STYLE_COLOUR ( '', #3168 ) ;
#328 = ORIENTED_EDGE ( 'NONE', *, *, #4162, .F. ) ;
#329 = CARTESIAN_POINT ( 'NONE',  ( 0.9741212557876179901, 6.355170779857720831, -2.264968428904148290 ) ) ;
#330 = CARTESIAN_POINT ( 'NONE',  ( -0.4367350314959355662, 4.708557133181850318, -2.527863024509640066 ) ) ;
#331 = UNCERTAINTY_MEASURE_WITH_UNIT (LENGTH_MEASURE( 1.000000000000000082E-05 ), #3978, 'distance_accuracy_value', 'NONE');
#332 = EDGE_CURVE ( 'NONE', #1846, #5212, #6318, .T. ) ;
#333 = CARTESIAN_POINT ( 'NONE',  ( 0.8462810550286578026, 3.883214847528754010, -2.230540284685170516 ) ) ;
#334 = EDGE_CURVE ( 'NONE', #5992, #1846, #2676, .T. ) ;
#335 = CARTESIAN_POINT ( 'NONE',  ( 2.540000000000000480, 7.379327854151634725, 1.569787810902360636 ) ) ;
#336 = EDGE_LOOP ( 'NONE', ( #2664, #6814, #6700, #1091 ) ) ;
#337 = DIRECTION ( 'NONE',  ( 0.000000000000000000, 0.000000000000000000, -1.000000000000000000 ) ) ;
#338 = MECHANICAL_DESIGN_GEOMETRIC_PRESENTATION_REPRESENTATION (  '', ( #5104 ), #5217 ) ;
#339 = VERTEX_POINT ( 'NONE', #542 ) ;
#340 = CARTESIAN_POINT ( 'NONE',  ( 0.5144028721844563501, 4.638110381911571878, -2.564413961475147552 ) ) ;
#341 = LINE ( 'NONE', #1326, #2773 ) ;
#342 = CARTESIAN_POINT ( 'NONE',  ( -2.540000000000000036, 7.370677107152034502, -1.565875461234213617 ) ) ;
#343 = CARTESIAN_POINT ( 'NONE',  ( -1.184533590096717548, 3.859018245569396655, -2.274415525311634489 ) ) ;
#344 = CARTESIAN_POINT ( 'NONE',  ( 2.290000000000000924, 5.609476576732736142, 2.421798149192860627 ) ) ;
#345 = COLOUR_RGB ( '',0.6039215686274509443, 0.6039215686274509443, 0.6039215686274509443 ) ;
#346 = EDGE_CURVE ( 'NONE', #590, #1157, #1677, .T. ) ;
#347 = SURFACE_SIDE_STYLE ('',( #5168 ) ) ;
#348 = VECTOR ( 'NONE', #4810, 1000.000000000000000 ) ;
#349 = PRESENTATION_STYLE_ASSIGNMENT (( #1399 ) ) ;
#350 = EDGE_CURVE ( 'NONE', #6430, #6329, #2669, .T. ) ;
#351 = EDGE_CURVE ( 'NONE', #1585, #5583, #2162, .T. ) ;
#352 = ORIENTED_EDGE ( 'NONE', *, *, #3673, .T. ) ;
#353 = CARTESIAN_POINT ( 'NONE',  ( 2.518778112344270959, 4.724339035756188743, 2.482532489135785614 ) ) ;
#354 = SURFACE_STYLE_FILL_AREA ( #1968 ) ;
#355 = B_SPLINE_CURVE_WITH_KNOTS ( 'NONE', 3,
 ( #6337, #3125, #2117, #1158, #5257, #2248, #2585, #4155, #4662, #5776, #3159, #6263, #4861, #4731, #390, #1676 ),
 .UNSPECIFIED., .F., .F.,
 ( 4, 3, 3, 3, 3, 4 ),
 ( 0.000000000000000000, 3.469645569942515642E-05, 6.941363395821473507E-05, 0.0001037978092203750713, 0.0001375631595578991984, 0.0001576846175869711501 ),
 .UNSPECIFIED. ) ;
#356 = LINE ( 'NONE', #3045, #4488 ) ;
#357 = ORIENTED_EDGE ( 'NONE', *, *, #5045, .F. ) ;
#358 = PLANE ( 'NONE',  #6842 ) ;
#359 = PRESENTATION_LAYER_ASSIGNMENT (  '', '', ( #4365 ) ) ;
#360 = CARTESIAN_POINT ( 'NONE',  ( 2.215000000000000302, 0.1499999999999999944, 0.000000000000000000 ) ) ;
#361 = FILL_AREA_STYLE ('',( #928 ) ) ;
#362 = CARTESIAN_POINT ( 'NONE',  ( -0.4110820809184525526, 3.722499160414455055, -2.131162804108749143 ) ) ;
#363 = SURFACE_STYLE_FILL_AREA ( #3914 ) ;
#364 = ORIENTED_EDGE ( 'NONE', *, *, #5492, .T. ) ;
#365 =( NAMED_UNIT ( * ) SI_UNIT ( $, .STERADIAN. ) SOLID_ANGLE_UNIT ( ) );
#366 = AXIS2_PLACEMENT_3D ( 'NONE', #4568, #3056, #6676 ) ;
#367 = CARTESIAN_POINT ( 'NONE',  ( -0.5317093653600357683, 4.647383885489458244, -2.566242786923000008 ) ) ;
#368 =( NAMED_UNIT ( * ) SI_UNIT ( $, .STERADIAN. ) SOLID_ANGLE_UNIT ( ) );
#369 = COLOUR_RGB ( '',0.6039215686274509443, 0.6039215686274509443, 0.6039215686274509443 ) ;
#370 = CIRCLE ( 'NONE', #2289, 0.5000000000000000000 ) ;
#371 = CARTESIAN_POINT ( 'NONE',  ( -2.165000000000000036, 0.000000000000000000, 0.7499999999999990008 ) ) ;
#372 = ORIENTED_EDGE ( 'NONE', *, *, #6239, .T. ) ;
#373 = SURFACE_STYLE_USAGE ( .BOTH. , #5697 ) ;
#374 = ADVANCED_FACE ( 'NONE', ( #1120 ), #3245, .F. ) ;
#375 = DIRECTION ( 'NONE',  ( -0.000000000000000000, 0.000000000000000000, 1.000000000000000000 ) ) ;
#376 = CARTESIAN_POINT ( 'NONE',  ( 0.2080688162669344643, 5.441633851900542496, -2.578269459308644596 ) ) ;
#377 = CARTESIAN_POINT ( 'NONE',  ( 0.5032844429057964364, 4.611305682551883223, -2.507794784704894475 ) ) ;
#378 = MECHANICAL_DESIGN_GEOMETRIC_PRESENTATION_REPRESENTATION (  '', ( #4050 ), #5369 ) ;
#379 = CARTESIAN_POINT ( 'NONE',  ( 2.540000000000000036, 7.402111003794701993, -1.580079948306303050 ) ) ;
#380 = CARTESIAN_POINT ( 'NONE',  ( -2.615000000000000657, -4.000000000000000000, 0.7499999999999988898 ) ) ;
#381 = VERTEX_POINT ( 'NONE', #6315 ) ;
#382 = SURFACE_STYLE_USAGE ( .BOTH. , #3516 ) ;
#383 = ADVANCED_FACE ( 'NONE', ( #6383, #4781 ), #5373, .T. ) ;
#384 = UNCERTAINTY_MEASURE_WITH_UNIT (LENGTH_MEASURE( 1.000000000000000082E-05 ), #5176, 'distance_accuracy_value', 'NONE');
#385 = CARTESIAN_POINT ( 'NONE',  ( -2.540000000000000036, 7.364139087722924693, -1.562926385966398879 ) ) ;
#386 = FILL_AREA_STYLE ('',( #1509 ) ) ;
#387 = DIRECTION ( 'NONE',  ( -0.000000000000000000, -0.000000000000000000, 1.000000000000000000 ) ) ;
#388 = AXIS2_PLACEMENT_3D ( 'NONE', #4293, #3786, #2841 ) ;
#389 = ORIENTED_EDGE ( 'NONE', *, *, #4477, .F. ) ;
#390 = CARTESIAN_POINT ( 'NONE',  ( 2.296770189055682199, 5.609476576732736142, 2.421798149193061356 ) ) ;
#391 =( LENGTH_UNIT ( ) NAMED_UNIT ( * ) SI_UNIT ( .MILLI., .METRE. ) );
#392 = SURFACE_STYLE_USAGE ( .BOTH. , #3559 ) ;
#393 = AXIS2_PLACEMENT_3D ( 'NONE', #6852, #3239, #6350 ) ;
#394 = DIRECTION ( 'NONE',  ( -1.000000000000000000, 0.000000000000000000, 0.000000000000000000 ) ) ;
#395 = CARTESIAN_POINT ( 'NONE',  ( 0.9752526230859662748, 3.960701593377662810, -2.272851536243244652 ) ) ;
#396 =( NAMED_UNIT ( * ) SI_UNIT ( $, .STERADIAN. ) SOLID_ANGLE_UNIT ( ) );
#397 =( GEOMETRIC_REPRESENTATION_CONTEXT ( 3 ) GLOBAL_UNCERTAINTY_ASSIGNED_CONTEXT ( ( #4840 ) ) GLOBAL_UNIT_ASSIGNED_CONTEXT ( ( #4665, #2696, #4804 ) ) REPRESENTATION_CONTEXT ( 'NONE', 'WORKASPACE' ) );
#398 = ORIENTED_EDGE ( 'NONE', *, *, #2301, .T. ) ;
#399 = CARTESIAN_POINT ( 'NONE',  ( 2.540000000000000480, 7.320652969696258339, 1.530490407259258001 ) ) ;
#400 = LINE ( 'NONE', #4641, #3553 ) ;
#401 = VERTEX_POINT ( 'NONE', #2161 ) ;
#402 = AXIS2_PLACEMENT_3D ( 'NONE', #3685, #394, #2045 ) ;
#403 = VECTOR ( 'NONE', #6698, 1000.000000000000000 ) ;
#404 = CARTESIAN_POINT ( 'NONE',  ( 0.5783320671941941660, 6.745040215095190916, -2.072696495400822236 ) ) ;
#405 = PRESENTATION_LAYER_ASSIGNMENT (  '', '', ( #3205 ) ) ;
#406 = ORIENTED_EDGE ( 'NONE', *, *, #1293, .T. ) ;
#407 = CYLINDRICAL_SURFACE ( 'NONE', #1477, 0.3250000000000001776 ) ;
#408 = AXIS2_PLACEMENT_3D ( 'NONE', #3138, #4064, #5155 ) ;
#409 = LINE ( 'NONE', #4140, #2662 ) ;
#410 = CARTESIAN_POINT ( 'NONE',  ( 0.05632860020257207667, 5.819591393833615456, -2.476059846874456571 ) ) ;
#411 = CARTESIAN_POINT ( 'NONE',  ( 0.5138015701858750228, 4.619583615268302523, -2.509673032317572439 ) ) ;
#412 = STYLED_ITEM ( 'NONE', ( #561 ), #6856 ) ;
#413 = VERTEX_POINT ( 'NONE', #1503 ) ;
#414 = MECHANICAL_DESIGN_GEOMETRIC_PRESENTATION_REPRESENTATION (  '', ( #6862 ), #508 ) ;
#415 = EDGE_CURVE ( 'NONE', #5640, #4521, #2742, .T. ) ;
#416 = FACE_OUTER_BOUND ( 'NONE', #4271, .T. ) ;
#417 = ORIENTED_EDGE ( 'NONE', *, *, #3017, .T. ) ;
#418 =( LENGTH_UNIT ( ) NAMED_UNIT ( * ) SI_UNIT ( .MILLI., .METRE. ) );
#419 = VERTEX_POINT ( 'NONE', #1148 ) ;
#420 = AXIS2_PLACEMENT_3D ( 'NONE', #3069, #5695, #606 ) ;
#421 = CARTESIAN_POINT ( 'NONE',  ( 2.540000000000000480, 0.4655013641736949759, 2.935956669857430423 ) ) ;
#422 = EDGE_LOOP ( 'NONE', ( #5016, #918, #4225, #628 ) ) ;
#423 = FILL_AREA_STYLE ('',( #5188 ) ) ;
#424 = AXIS2_PLACEMENT_3D ( 'NONE', #6365, #13, #4725 ) ;
#425 = DIRECTION ( 'NONE',  ( -1.588288116102910685E-16, -0.9017241429437475864, -0.4323118897652065140 ) ) ;
#426 = FILL_AREA_STYLE ('',( #4193 ) ) ;
#427 = DIRECTION ( 'NONE',  ( -0.000000000000000000, -0.9017241429437475864, 0.4323118897652065140 ) ) ;
#428 = CARTESIAN_POINT ( 'NONE',  ( -0.9721240705347685696, 3.954848886677029718, -2.270262295356205051 ) ) ;
#429 =( GEOMETRIC_REPRESENTATION_CONTEXT ( 3 ) GLOBAL_UNCERTAINTY_ASSIGNED_CONTEXT ( ( #4493 ) ) GLOBAL_UNIT_ASSIGNED_CONTEXT ( ( #1778, #3882, #3838 ) ) REPRESENTATION_CONTEXT ( 'NONE', 'WORKASPACE' ) );
#430 = CARTESIAN_POINT ( 'NONE',  ( 2.540000000000000480, 7.332316474780156135, 1.550044293084931635 ) ) ;
#431 = CARTESIAN_POINT ( 'NONE',  ( -0.3757375118918828694, 4.854912362197945974, -2.581522689640266321 ) ) ;
#432 = EDGE_LOOP ( 'NONE', ( #3175, #4835, #4907, #5425 ) ) ;
#433 = SURFACE_SIDE_STYLE ('',( #3722 ) ) ;
#434 = VECTOR ( 'NONE', #5586, 1000.000000000000000 ) ;
#435 = FILL_AREA_STYLE_COLOUR ( '', #4943 ) ;
#436 = CARTESIAN_POINT ( 'NONE',  ( -0.2329639627766664778, 5.212717489497143752, -2.630580519525933081 ) ) ;
#437 = FACE_OUTER_BOUND ( 'NONE', #2087, .T. ) ;
#438 = CARTESIAN_POINT ( 'NONE',  ( -1.105231654686024800, 6.526969817641919747, -2.229371766270038968 ) ) ;
#439 = CARTESIAN_POINT ( 'NONE',  ( -2.539999999999999591, 3.083757038415181118, 1.874763991466977364 ) ) ;
#440 = PRESENTATION_LAYER_ASSIGNMENT (  '', '', ( #3480 ) ) ;
#441 = EDGE_LOOP ( 'NONE', ( #448, #4431, #2725, #2770, #2208 ) ) ;
#442 = DIRECTION ( 'NONE',  ( 1.000000000000000000, 0.000000000000000000, -3.673940397442059375E-16 ) ) ;
#443 = DIRECTION ( 'NONE',  ( 1.000000000000000000, 0.000000000000000000, 0.000000000000000000 ) ) ;
#444 = CARTESIAN_POINT ( 'NONE',  ( -0.001191037011240695482, 5.870271769999641620, -2.513848360053084985 ) ) ;
#445 = COLOUR_RGB ( '',0.6039215686274509443, 0.6039215686274509443, 0.6039215686274509443 ) ;
#446 = ORIENTED_EDGE ( 'NONE', *, *, #2465, .T. ) ;
#447 = CARTESIAN_POINT ( 'NONE',  ( -2.540000000000000036, 7.350297063655214735, -1.556692173267455015 ) ) ;
#448 = ORIENTED_EDGE ( 'NONE', *, *, #97, .T. ) ;
#449 = SURFACE_SIDE_STYLE ('',( #6226 ) ) ;
#450 = STYLED_ITEM ( 'NONE', ( #6684 ), #2833 ) ;
#451 = ORIENTED_EDGE ( 'NONE', *, *, #4532, .T. ) ;
#452 = EDGE_CURVE ( 'NONE', #1864, #1864, #214, .T. ) ;
#453 = UNCERTAINTY_MEASURE_WITH_UNIT (LENGTH_MEASURE( 1.000000000000000082E-05 ), #1454, 'distance_accuracy_value', 'NONE');
#454 = CARTESIAN_POINT ( 'NONE',  ( -9.350000000000001421, 0.02499999999999885994, 0.1499999999999999667 ) ) ;
#455 =( LENGTH_UNIT ( ) NAMED_UNIT ( * ) SI_UNIT ( .MILLI., .METRE. ) );
#456 = COLOUR_RGB ( '',0.6039215686274509443, 0.6039215686274509443, 0.6039215686274509443 ) ;
#457 = VERTEX_POINT ( 'NONE', #614 ) ;
#458 = MECHANICAL_DESIGN_GEOMETRIC_PRESENTATION_REPRESENTATION (  '', ( #5571 ), #5666 ) ;
#459 = CARTESIAN_POINT ( 'NONE',  ( 0.6141956483537892586, 3.782283626641190999, -2.169925556798258270 ) ) ;
#460 = CARTESIAN_POINT ( 'NONE',  ( 1.740758001160910284, 5.620579245368532817, -2.574959062041467295 ) ) ;
#461 = FILL_AREA_STYLE_COLOUR ( '', #505 ) ;
#462 = ADVANCED_FACE ( 'NONE', ( #1558 ), #2881, .T. ) ;
#463 = DIRECTION ( 'NONE',  ( 3.673940397442059375E-16, -0.000000000000000000, 1.000000000000000000 ) ) ;
#464 = PRESENTATION_STYLE_ASSIGNMENT (( #4738 ) ) ;
#465 = AXIS2_PLACEMENT_3D ( 'NONE', #2702, #4201, #6273 ) ;
#466 = ORIENTED_EDGE ( 'NONE', *, *, #2586, .F. ) ;
#467 = FACE_OUTER_BOUND ( 'NONE', #6334, .T. ) ;
#468 =( NAMED_UNIT ( * ) PLANE_ANGLE_UNIT ( ) SI_UNIT ( $, .RADIAN. ) );
#469 = CARTESIAN_POINT ( 'NONE',  ( -2.539999999999999591, 6.538544579290536340, 2.755247503693926792 ) ) ;
#470 = CARTESIAN_POINT ( 'NONE',  ( -1.105231654686024800, 6.500641522849530674, -2.186745155060286994 ) ) ;
#471 = MECHANICAL_DESIGN_GEOMETRIC_PRESENTATION_REPRESENTATION (  '', ( #2157 ), #4685 ) ;
#472 = CARTESIAN_POINT ( 'NONE',  ( -0.3738092003337100122, 5.040336396862081791, -2.643205210532997285 ) ) ;
#473 = ADVANCED_FACE ( 'NONE', ( #176 ), #1699, .F. ) ;
#474 = FILL_AREA_STYLE ('',( #1625 ) ) ;
#475 = CARTESIAN_POINT ( 'NONE',  ( -0.2371672461589701963, 6.816362811664989252, -2.015306437586011690 ) ) ;
#476 = DIRECTION ( 'NONE',  ( 0.000000000000000000, -1.000000000000000000, 0.000000000000000000 ) ) ;
#477 = FILL_AREA_STYLE_COLOUR ( '', #3608 ) ;
#478 = CARTESIAN_POINT ( 'NONE',  ( 2.540000000000000480, 3.008102457706270272, 1.716962266451821595 ) ) ;
#479 = CARTESIAN_POINT ( 'NONE',  ( 0.4466595336674702432, 4.634095164281056611, -2.512581779859475617 ) ) ;
#480 = PRESENTATION_STYLE_ASSIGNMENT (( #3109 ) ) ;
#481 =( GEOMETRIC_REPRESENTATION_CONTEXT ( 3 ) GLOBAL_UNCERTAINTY_ASSIGNED_CONTEXT ( ( #812 ) ) GLOBAL_UNIT_ASSIGNED_CONTEXT ( ( #5781, #6269, #2121 ) ) REPRESENTATION_CONTEXT ( 'NONE', 'WORKASPACE' ) );
#482 = ORIENTED_EDGE ( 'NONE', *, *, #6338, .F. ) ;
#483 = LINE ( 'NONE', #5704, #1960 ) ;
#484 = ORIENTED_EDGE ( 'NONE', *, *, #5765, .T. ) ;
#485 = SURFACE_STYLE_USAGE ( .BOTH. , #449 ) ;
#486 =( GEOMETRIC_REPRESENTATION_CONTEXT ( 3 ) GLOBAL_UNCERTAINTY_ASSIGNED_CONTEXT ( ( #2287 ) ) GLOBAL_UNIT_ASSIGNED_CONTEXT ( ( #234, #6073, #2739 ) ) REPRESENTATION_CONTEXT ( 'NONE', 'WORKASPACE' ) );
#487 = STYLED_ITEM ( 'NONE', ( #838 ), #3594 ) ;
#488 = DIRECTION ( 'NONE',  ( 0.000000000000000000, 1.000000000000000000, 0.000000000000000000 ) ) ;
#489 = DIRECTION ( 'NONE',  ( -1.000000000000000000, 1.224646799147353454E-16, 0.000000000000000000 ) ) ;
#490 = SURFACE_STYLE_FILL_AREA ( #3885 ) ;
#491 = VERTEX_POINT ( 'NONE', #5414 ) ;
#492 = CARTESIAN_POINT ( 'NONE',  ( -1.599985047444028252, 5.358962751514451561, -2.564682207657352109 ) ) ;
#493 = CARTESIAN_POINT ( 'NONE',  ( 0.04646025892239638577, 5.851399731328116083, -2.519180408277038374 ) ) ;
#494 = AXIS2_PLACEMENT_3D ( 'NONE', #4799, #4770, #3618 ) ;
#495 =( GEOMETRIC_REPRESENTATION_CONTEXT ( 3 ) GLOBAL_UNCERTAINTY_ASSIGNED_CONTEXT ( ( #2297 ) ) GLOBAL_UNIT_ASSIGNED_CONTEXT ( ( #3899, #2332, #1795 ) ) REPRESENTATION_CONTEXT ( 'NONE', 'WORKASPACE' ) );
#496 = FILL_AREA_STYLE_COLOUR ( '', #6602 ) ;
#497 =( LENGTH_UNIT ( ) NAMED_UNIT ( * ) SI_UNIT ( .MILLI., .METRE. ) );
#498 = COLOUR_RGB ( '',0.6039215686274509443, 0.6039215686274509443, 0.6039215686274509443 ) ;
#499 = EDGE_CURVE ( 'NONE', #6578, #6403, #4604, .T. ) ;
#500 = ORIENTED_EDGE ( 'NONE', *, *, #2002, .T. ) ;
#501 = PLANE ( 'NONE',  #408 ) ;
#502 = CARTESIAN_POINT ( 'NONE',  ( 1.706708586820754769, 5.720085706920249535, -2.503200237743031131 ) ) ;
#503 = DIRECTION ( 'NONE',  ( 1.000000000000000000, 0.000000000000000000, 0.000000000000000000 ) ) ;
#504 = CARTESIAN_POINT ( 'NONE',  ( -1.045248303368349951, 3.791420997583811126, -2.175891509694248160 ) ) ;
#505 = COLOUR_RGB ( '',0.6039215686274509443, 0.6039215686274509443, 0.6039215686274509443 ) ;
#506 = SURFACE_SIDE_STYLE ('',( #3696 ) ) ;
#507 = ORIENTED_EDGE ( 'NONE', *, *, #2638, .T. ) ;
#508 =( GEOMETRIC_REPRESENTATION_CONTEXT ( 3 ) GLOBAL_UNCERTAINTY_ASSIGNED_CONTEXT ( ( #599 ) ) GLOBAL_UNIT_ASSIGNED_CONTEXT ( ( #6855, #3025, #6181 ) ) REPRESENTATION_CONTEXT ( 'NONE', 'WORKASPACE' ) );
#509 = VECTOR ( 'NONE', #5778, 1000.000000000000000 ) ;
#510 = DIRECTION ( 'NONE',  ( 1.000000000000000000, -0.000000000000000000, -3.673940397442059375E-16 ) ) ;
#511 = CARTESIAN_POINT ( 'NONE',  ( -2.540000000000000480, 6.988007637321755894, -1.642544649361741271 ) ) ;
#512 = VECTOR ( 'NONE', #2528, 1000.000000000000000 ) ;
#513 = MECHANICAL_DESIGN_GEOMETRIC_PRESENTATION_REPRESENTATION (  '', ( #5856 ), #750 ) ;
#514 = ORIENTED_EDGE ( 'NONE', *, *, #2989, .T. ) ;
#515 =( GEOMETRIC_REPRESENTATION_CONTEXT ( 3 ) GLOBAL_UNCERTAINTY_ASSIGNED_CONTEXT ( ( #4691 ) ) GLOBAL_UNIT_ASSIGNED_CONTEXT ( ( #5421, #1921, #3499 ) ) REPRESENTATION_CONTEXT ( 'NONE', 'WORKASPACE' ) );
#516 = CARTESIAN_POINT ( 'NONE',  ( 0.9740925169998897459, 6.378676856176457299, -2.309112302453354193 ) ) ;
#517 = ORIENTED_EDGE ( 'NONE', *, *, #1325, .T. ) ;
#518 = CARTESIAN_POINT ( 'NONE',  ( 0.4790310504250117618, 4.599690585445917357, -2.556439819016505854 ) ) ;
#519 = PRESENTATION_LAYER_ASSIGNMENT (  '', '', ( #4631 ) ) ;
#520 =( NAMED_UNIT ( * ) SI_UNIT ( $, .STERADIAN. ) SOLID_ANGLE_UNIT ( ) );
#521 = DIRECTION ( 'NONE',  ( 1.707404996040164758E-16, 0.000000000000000000, 1.000000000000000000 ) ) ;
#522 = ORIENTED_EDGE ( 'NONE', *, *, #58, .F. ) ;
#523 = CARTESIAN_POINT ( 'NONE',  ( 0.8027362412551951598, 3.857993451203749480, -2.216588546696299122 ) ) ;
#524 = CIRCLE ( 'NONE', #872, 2.064999999999999059 ) ;
#525 = EDGE_CURVE ( 'NONE', #6617, #3046, #4339, .T. ) ;
#526 = LINE ( 'NONE', #3127, #2520 ) ;
#527 = CARTESIAN_POINT ( 'NONE',  ( 2.539999999999999591, 0.000000000000000000, -1.124999999999999112 ) ) ;
#528 = PLANE ( 'NONE',  #2393 ) ;
#529 =( LENGTH_UNIT ( ) NAMED_UNIT ( * ) SI_UNIT ( .MILLI., .METRE. ) );
#530 =( NAMED_UNIT ( * ) SI_UNIT ( $, .STERADIAN. ) SOLID_ANGLE_UNIT ( ) );
#531 = FILL_AREA_STYLE ('',( #3278 ) ) ;
#532 = ORIENTED_EDGE ( 'NONE', *, *, #6297, .F. ) ;
#533 = FACE_OUTER_BOUND ( 'NONE', #3085, .T. ) ;
#534 = EDGE_CURVE ( 'NONE', #5907, #3949, #6455, .T. ) ;
#535 = AXIS2_PLACEMENT_3D ( 'NONE', #4611, #3027, #5127 ) ;
#536 = EDGE_CURVE ( 'NONE', #10, #6301, #571, .T. ) ;
#537 = CARTESIAN_POINT ( 'NONE',  ( -0.8979481499266482869, 3.710953807452940012, -2.124249073620733785 ) ) ;
#538 = DIRECTION ( 'NONE',  ( -0.000000000000000000, 1.000000000000000000, -0.000000000000000000 ) ) ;
#539 = CARTESIAN_POINT ( 'NONE',  ( -1.785120835228594327, 5.388407838233147729, -2.554554469669969130 ) ) ;
#540 = CARTESIAN_POINT ( 'NONE',  ( -0.02393074193700276547, 5.867120577607756182, -2.514749201492693320 ) ) ;
#541 = CIRCLE ( 'NONE', #3910, 0.1749999999999999334 ) ;
#542 = CARTESIAN_POINT ( 'NONE',  ( 2.140000000000000568, 5.609476576732736142, 2.421798149192860627 ) ) ;
#543 = ORIENTED_EDGE ( 'NONE', *, *, #580, .T. ) ;
#544 =( NAMED_UNIT ( * ) PLANE_ANGLE_UNIT ( ) SI_UNIT ( $, .RADIAN. ) );
#545 = LINE ( 'NONE', #1633, #5186 ) ;
#546 = EDGE_CURVE ( 'NONE', #2353, #1490, #2892, .T. ) ;
#547 = DIRECTION ( 'NONE',  ( 1.000000000000000000, 0.000000000000000000, 0.000000000000000000 ) ) ;
#548 = DIRECTION ( 'NONE',  ( 0.000000000000000000, 0.000000000000000000, 1.000000000000000000 ) ) ;
#549 = SURFACE_STYLE_USAGE ( .BOTH. , #1706 ) ;
#550 = CARTESIAN_POINT ( 'NONE',  ( 7.853543263120562834, -2.154325122055503972, 0.7333716237098439894 ) ) ;
#551 = ORIENTED_EDGE ( 'NONE', *, *, #3029, .T. ) ;
#552 = CARTESIAN_POINT ( 'NONE',  ( -0.5317093653600362124, 4.647383885489458244, -2.566242786923000008 ) ) ;
#553 = ORIENTED_EDGE ( 'NONE', *, *, #223, .T. ) ;
#554 = SURFACE_SIDE_STYLE ('',( #4826 ) ) ;
#555 = CARTESIAN_POINT ( 'NONE',  ( 2.540000000000000480, 5.609476576732736142, 1.035622799379432912 ) ) ;
#556 = LINE ( 'NONE', #6293, #1307 ) ;
#557 = PRESENTATION_LAYER_ASSIGNMENT (  '', '', ( #5104 ) ) ;
#558 = FILL_AREA_STYLE ('',( #3895 ) ) ;
#559 = EDGE_CURVE ( 'NONE', #4596, #381, #6536, .T. ) ;
#560 = ADVANCED_FACE ( 'NONE', ( #145 ), #1773, .F. ) ;
#561 = PRESENTATION_STYLE_ASSIGNMENT (( #1056 ) ) ;
#562 = SURFACE_STYLE_FILL_AREA ( #6838 ) ;
#563 = CARTESIAN_POINT ( 'NONE',  ( -0.7966382735306988261, 3.855118237664183045, -2.214895035035463255 ) ) ;
#564 = CIRCLE ( 'NONE', #2679, 0.5000000000000000000 ) ;
#565 = CARTESIAN_POINT ( 'NONE',  ( 0.05478370790252112127, 5.823283264350129329, -2.475061468451525304 ) ) ;
#566 = LINE ( 'NONE', #1656, #2202 ) ;
#567 =( GEOMETRIC_REPRESENTATION_CONTEXT ( 3 ) GLOBAL_UNCERTAINTY_ASSIGNED_CONTEXT ( ( #3478 ) ) GLOBAL_UNIT_ASSIGNED_CONTEXT ( ( #1527, #1007, #6146 ) ) REPRESENTATION_CONTEXT ( 'NONE', 'WORKASPACE' ) );
#568 = DIRECTION ( 'NONE',  ( 0.000000000000000000, 0.000000000000000000, -1.000000000000000000 ) ) ;
#569 =( NAMED_UNIT ( * ) SI_UNIT ( $, .STERADIAN. ) SOLID_ANGLE_UNIT ( ) );
#570 = SURFACE_STYLE_FILL_AREA ( #2741 ) ;
#571 = B_SPLINE_CURVE_WITH_KNOTS ( 'NONE', 1,
 ( #2825, #3832 ),
 .UNSPECIFIED., .F., .F.,
 ( 2, 2 ),
 ( 0.000000000000000000, 1.000000000000000000 ),
 .UNSPECIFIED. ) ;
#572 = FACE_OUTER_BOUND ( 'NONE', #336, .T. ) ;
#573 =( NAMED_UNIT ( * ) SI_UNIT ( $, .STERADIAN. ) SOLID_ANGLE_UNIT ( ) );
#574 = CARTESIAN_POINT ( 'NONE',  ( 1.560602855690544244, 6.026184200023529058, -2.412606261115790574 ) ) ;
#575 = CARTESIAN_POINT ( 'NONE',  ( 2.540000000000000480, 7.370677107152034502, 1.565875461234214505 ) ) ;
#576 = COLOUR_RGB ( '',0.6039215686274509443, 0.6039215686274509443, 0.6039215686274509443 ) ;
#577 = CARTESIAN_POINT ( 'NONE',  ( 0.7978535670578144057, 3.638905570050695815, -2.134678711114967431 ) ) ;
#578 = CARTESIAN_POINT ( 'NONE',  ( -0.02659744890167290571, 5.866340196203963409, -2.514971690307335805 ) ) ;
#579 = ORIENTED_EDGE ( 'NONE', *, *, #2110, .F. ) ;
#580 = EDGE_CURVE ( 'NONE', #3993, #3993, #184, .T. ) ;
#581 = FILL_AREA_STYLE_COLOUR ( '', #4144 ) ;
#582 = STYLED_ITEM ( 'NONE', ( #1122 ), #4105 ) ;
#583 = DIRECTION ( 'NONE',  ( 1.000000000000000000, 0.000000000000000000, -3.673940397442059375E-16 ) ) ;
#584 = DIRECTION ( 'NONE',  ( -1.000000000000000000, 0.000000000000000000, 3.673940397442059375E-16 ) ) ;
#585 =( LENGTH_UNIT ( ) NAMED_UNIT ( * ) SI_UNIT ( .MILLI., .METRE. ) );
#586 = ORIENTED_EDGE ( 'NONE', *, *, #5529, .T. ) ;
#587 = EDGE_CURVE ( 'NONE', #282, #5031, #6141, .T. ) ;
#588 = CIRCLE ( 'NONE', #4150, 2.464999999999999858 ) ;
#589 = LINE ( 'NONE', #3407, #1995 ) ;
#590 = VERTEX_POINT ( 'NONE', #4544 ) ;
#591 = CARTESIAN_POINT ( 'NONE',  ( -1.558436533792719070, 4.740808384079215010, -2.590445448337178380 ) ) ;
#592 = ORIENTED_EDGE ( 'NONE', *, *, #6005, .T. ) ;
#593 = SURFACE_SIDE_STYLE ('',( #5359 ) ) ;
#594 = FILL_AREA_STYLE ('',( #5912 ) ) ;
#595 = UNCERTAINTY_MEASURE_WITH_UNIT (LENGTH_MEASURE( 1.000000000000000082E-05 ), #2209, 'distance_accuracy_value', 'NONE');
#596 = DIRECTION ( 'NONE',  ( -1.000000000000000000, 0.000000000000000000, -0.000000000000000000 ) ) ;
#597 = VECTOR ( 'NONE', #2986, 1000.000000000000000 ) ;
#598 = CARTESIAN_POINT ( 'NONE',  ( 9.099999999999999645, -1.114428587224091465E-15, 0.000000000000000000 ) ) ;
#599 = UNCERTAINTY_MEASURE_WITH_UNIT (LENGTH_MEASURE( 1.000000000000000082E-05 ), #6855, 'distance_accuracy_value', 'NONE');
#600 = VECTOR ( 'NONE', #4445, 1000.000000000000000 ) ;
#601 = MECHANICAL_DESIGN_GEOMETRIC_PRESENTATION_REPRESENTATION (  '', ( #1275 ), #3300 ) ;
#602 = UNCERTAINTY_MEASURE_WITH_UNIT (LENGTH_MEASURE( 1.000000000000000082E-05 ), #6843, 'distance_accuracy_value', 'NONE');
#603 = FACE_OUTER_BOUND ( 'NONE', #1602, .T. ) ;
#604 = MECHANICAL_DESIGN_GEOMETRIC_PRESENTATION_REPRESENTATION (  '', ( #3630 ), #4043 ) ;
#605 = FILL_AREA_STYLE_COLOUR ( '', #5134 ) ;
#606 = DIRECTION ( 'NONE',  ( -1.224646799147353454E-16, 1.000000000000000000, 0.000000000000000000 ) ) ;
#607 = DIRECTION ( 'NONE',  ( 0.000000000000000000, 1.000000000000000000, 0.000000000000000000 ) ) ;
#608 = CARTESIAN_POINT ( 'NONE',  ( -2.539999999999999591, 0.4655013641736956420, 2.935956669857430423 ) ) ;
#609 = PRESENTATION_LAYER_ASSIGNMENT (  '', '', ( #4821 ) ) ;
#610 = CARTESIAN_POINT ( 'NONE',  ( 1.186635205661515480, 6.428867851258967647, -2.224943668326373469 ) ) ;
#611 = VECTOR ( 'NONE', #6161, 1000.000000000000000 ) ;
#612 = DIRECTION ( 'NONE',  ( 0.000000000000000000, -0.4935405451716421976, 0.8697227893252413855 ) ) ;
#613 = CARTESIAN_POINT ( 'NONE',  ( 0.2364924867060082814, 3.503134427062418954, -2.031401564608878108 ) ) ;
#614 = CARTESIAN_POINT ( 'NONE',  ( -2.615000000000000657, -3.500000000000000000, 0.7499999999999990008 ) ) ;
#615 = ORIENTED_EDGE ( 'NONE', *, *, #5045, .T. ) ;
#616 = ORIENTED_EDGE ( 'NONE', *, *, #5691, .F. ) ;
#617 =( NAMED_UNIT ( * ) SI_UNIT ( $, .STERADIAN. ) SOLID_ANGLE_UNIT ( ) );
#618 = ADVANCED_FACE ( 'NONE', ( #897 ), #5118, .F. ) ;
#619 = CARTESIAN_POINT ( 'NONE',  ( -0.5317093653600362124, 4.656994136244917648, -2.517175047211279271 ) ) ;
#620 = ORIENTED_EDGE ( 'NONE', *, *, #4477, .T. ) ;
#621 = CARTESIAN_POINT ( 'NONE',  ( -9.000000000000000000, -1.102182119232617911E-15, 0.000000000000000000 ) ) ;
#622 = CARTESIAN_POINT ( 'NONE',  ( 2.539999999999999591, 0.1499999999999999944, -1.124999999999999112 ) ) ;
#623 = SURFACE_STYLE_FILL_AREA ( #3733 ) ;
#624 = VECTOR ( 'NONE', #2306, 1000.000000000000000 ) ;
#625 =( NAMED_UNIT ( * ) SI_UNIT ( $, .STERADIAN. ) SOLID_ANGLE_UNIT ( ) );
#626 = ORIENTED_EDGE ( 'NONE', *, *, #4572, .F. ) ;
#627 = FILL_AREA_STYLE ('',( #4387 ) ) ;
#628 = ORIENTED_EDGE ( 'NONE', *, *, #6590, .T. ) ;
#629 = CARTESIAN_POINT ( 'NONE',  ( 1.430310599999442767, 6.223891566660651797, -2.386311912167653482 ) ) ;
#630 = AXIS2_PLACEMENT_3D ( 'NONE', #6561, #2263, #4371 ) ;
#631 = CARTESIAN_POINT ( 'NONE',  ( 1.518552063962733456, 4.645133730874422717, -2.567636220840862737 ) ) ;
#632 = FILL_AREA_STYLE_COLOUR ( '', #2784 ) ;
#633 = LINE ( 'NONE', #3813, #6287 ) ;
#634 = FACE_OUTER_BOUND ( 'NONE', #688, .T. ) ;
#635 = ADVANCED_FACE ( 'NONE', ( #1451 ), #3496, .F. ) ;
#636 = VECTOR ( 'NONE', #1614, 1000.000000000000000 ) ;
#637 = CARTESIAN_POINT ( 'NONE',  ( -0.03848729838402119297, 5.847232672729316683, -2.468419346787215751 ) ) ;
#638 = VERTEX_POINT ( 'NONE', #1031 ) ;
#639 = FACE_OUTER_BOUND ( 'NONE', #5052, .T. ) ;
#640 = MECHANICAL_DESIGN_GEOMETRIC_PRESENTATION_REPRESENTATION (  '', ( #3205 ), #1760 ) ;
#641 = MECHANICAL_DESIGN_GEOMETRIC_PRESENTATION_REPRESENTATION (  '', ( #1099 ), #5410 ) ;
#642 = FILL_AREA_STYLE ('',( #1723 ) ) ;
#643 = AXIS2_PLACEMENT_3D ( 'NONE', #2755, #4312, #2713 ) ;
#644 = B_SPLINE_SURFACE_WITH_KNOTS ( 'NONE', 1, 3, ( 
 ( #3523, #5579, #2991, #6673 ),
 ( #5085, #330, #1975, #1448 ) ),
 .UNSPECIFIED., .F., .F., .F.,
 ( 2, 2 ),
 ( 4, 4 ),
 ( 0.000000000000000000, 1.000000000000000000 ),
 ( 0.000000000000000000, 1.000000000000000000 ),
 .UNSPECIFIED. ) ;
#645 = PLANE ( 'NONE',  #48 ) ;
#646 = CARTESIAN_POINT ( 'NONE',  ( -2.540000000000000036, 3.008102457706270272, -1.716962266451820707 ) ) ;
#647 = CIRCLE ( 'NONE', #4186, 2.164999999999999147 ) ;
#648 = DIRECTION ( 'NONE',  ( 0.000000000000000000, 0.4116854961576619232, -0.9113259857226829741 ) ) ;
#649 =( NAMED_UNIT ( * ) SI_UNIT ( $, .STERADIAN. ) SOLID_ANGLE_UNIT ( ) );
#650 =( LENGTH_UNIT ( ) NAMED_UNIT ( * ) SI_UNIT ( .MILLI., .METRE. ) );
#651 = CARTESIAN_POINT ( 'NONE',  ( 2.165000000000000036, -4.001000000000000334, 0.7499999999999983347 ) ) ;
#652 = CARTESIAN_POINT ( 'NONE',  ( -2.539999999999999591, 7.370676809105185967, 1.565876265680900659 ) ) ;
#653 = CARTESIAN_POINT ( 'NONE',  ( 1.590016846023985186, 4.948939180601031218, -2.609313342068953379 ) ) ;
#654 = EDGE_CURVE ( 'NONE', #4747, #985, #6606, .T. ) ;
#655 = CARTESIAN_POINT ( 'NONE',  ( 1.312252879768543989, 6.320914497722938563, -2.282508995836507015 ) ) ;
#656 = CARTESIAN_POINT ( 'NONE',  ( -9.350000000000001421, 0.02499999999999885994, 0.1499999999999999667 ) ) ;
#657 = FILL_AREA_STYLE ('',( #5416 ) ) ;
#658 = ORIENTED_EDGE ( 'NONE', *, *, #39, .F. ) ;
#659 = ORIENTED_EDGE ( 'NONE', *, *, #243, .T. ) ;
#660 = CARTESIAN_POINT ( 'NONE',  ( -2.539999999999999591, 7.972238740270340962, 2.528272444938573837 ) ) ;
#661 = STYLED_ITEM ( 'NONE', ( #3001 ), #1504 ) ;
#662 = CARTESIAN_POINT ( 'NONE',  ( 0.04990617441077630639, 5.833164433407767469, -2.472350626997626755 ) ) ;
#663 = FILL_AREA_STYLE_COLOUR ( '', #2915 ) ;
#664 = PRESENTATION_LAYER_ASSIGNMENT (  '', '', ( #6317 ) ) ;
#665 = ORIENTED_EDGE ( 'NONE', *, *, #868, .T. ) ;
#666 = ORIENTED_EDGE ( 'NONE', *, *, #4, .T. ) ;
#667 = CARTESIAN_POINT ( 'NONE',  ( -0.2582958220519667725, 3.669757778232824563, -2.155738603112915541 ) ) ;
#668 = FACE_OUTER_BOUND ( 'NONE', #1042, .T. ) ;
#669 = UNCERTAINTY_MEASURE_WITH_UNIT (LENGTH_MEASURE( 1.000000000000000082E-05 ), #3476, 'distance_accuracy_value', 'NONE');
#670 = FILL_AREA_STYLE_COLOUR ( '', #6681 ) ;
#671 = EDGE_LOOP ( 'NONE', ( #1352, #3514, #4545 ) ) ;
#672 = ADVANCED_FACE ( 'NONE', ( #2700 ), #1141, .F. ) ;
#673 = AXIS2_PLACEMENT_3D ( 'NONE', #2219, #5952, #4796 ) ;
#674 = CARTESIAN_POINT ( 'NONE',  ( -2.615000000000000657, -4.000000000000000000, -0.2499999999999980571 ) ) ;
#675 = SURFACE_STYLE_FILL_AREA ( #2883 ) ;
#676 = PRESENTATION_STYLE_ASSIGNMENT (( #3352 ) ) ;
#677 = MECHANICAL_DESIGN_GEOMETRIC_PRESENTATION_REPRESENTATION (  '', ( #4993 ), #1136 ) ;
#678 =( NAMED_UNIT ( * ) SI_UNIT ( $, .STERADIAN. ) SOLID_ANGLE_UNIT ( ) );
#679 = EDGE_CURVE ( 'NONE', #3398, #2830, #3165, .T. ) ;
#680 = CARTESIAN_POINT ( 'NONE',  ( 2.540000000000000480, -5.421010862427522170E-17, 2.642896323400710124 ) ) ;
#681 = COLOUR_RGB ( '',0.6039215686274509443, 0.6039215686274509443, 0.6039215686274509443 ) ;
#682 = CARTESIAN_POINT ( 'NONE',  ( -2.464999999999999858, -0.2500000000000002220, 0.7499999999999988898 ) ) ;
#683 = CARTESIAN_POINT ( 'NONE',  ( -1.053464682090483384, 3.990132868741194994, -2.344840466706774595 ) ) ;
#684 = SURFACE_STYLE_FILL_AREA ( #3359 ) ;
#685 = DIRECTION ( 'NONE',  ( 1.000000000000000000, 0.000000000000000000, 0.000000000000000000 ) ) ;
#686 = CARTESIAN_POINT ( 'NONE',  ( 2.165000000000000036, 0.000000000000000000, 0.7499999999999983347 ) ) ;
#687 = VECTOR ( 'NONE', #1354, 1000.000000000000000 ) ;
#688 = EDGE_LOOP ( 'NONE', ( #2810, #1129, #3334, #3699 ) ) ;
#689 = SURFACE_SIDE_STYLE ('',( #3324 ) ) ;
#690 = CARTESIAN_POINT ( 'NONE',  ( 2.540000000000000480, 5.150000000000000355, -9.331808609502832962E-16 ) ) ;
#691 = ADVANCED_FACE ( 'NONE', ( #5747 ), #6376, .F. ) ;
#692 = FACE_OUTER_BOUND ( 'NONE', #3713, .T. ) ;
#693 = SURFACE_STYLE_FILL_AREA ( #5452 ) ;
#694 = DIRECTION ( 'NONE',  ( 0.000000000000000000, 0.000000000000000000, 1.000000000000000000 ) ) ;
#695 = ORIENTED_EDGE ( 'NONE', *, *, #5703, .T. ) ;
#696 = DIRECTION ( 'NONE',  ( -1.000000000000000000, -0.000000000000000000, 3.673940397442059375E-16 ) ) ;
#697 = CARTESIAN_POINT ( 'NONE',  ( 1.188956276340411122, 3.858957106264941483, -2.275604338793922210 ) ) ;
#698 = B_SPLINE_SURFACE_WITH_KNOTS ( 'NONE', 1, 3, ( 
 ( #552, #1261, #6426, #3296 ),
 ( #3844, #2245, #4350, #5386 ) ),
 .UNSPECIFIED., .F., .F., .F.,
 ( 2, 2 ),
 ( 4, 4 ),
 ( 0.000000000000000000, 1.000000000000000000 ),
 ( 0.000000000000000000, 1.000000000000000000 ),
 .UNSPECIFIED. ) ;
#699 = CARTESIAN_POINT ( 'NONE',  ( -0.2122490604903883860, 6.648896565396161584, -2.142882652204782357 ) ) ;
#700 = ORIENTED_EDGE ( 'NONE', *, *, #1349, .F. ) ;
#701 = B_SPLINE_CURVE_WITH_KNOTS ( 'NONE', 3,
 ( #6400, #3851, #2838, #191 ),
 .UNSPECIFIED., .F., .F.,
 ( 4, 4 ),
 ( 0.000000000000000000, 1.000000000000000000 ),
 .UNSPECIFIED. ) ;
#702 = VERTEX_POINT ( 'NONE', #6031 ) ;
#703 = ORIENTED_EDGE ( 'NONE', *, *, #254, .T. ) ;
#704 = SURFACE_STYLE_USAGE ( .BOTH. , #1720 ) ;
#705 = EDGE_LOOP ( 'NONE', ( #1552, #971, #6649, #1204 ) ) ;
#706 = DIRECTION ( 'NONE',  ( -3.673940397442059375E-16, 0.000000000000000000, -1.000000000000000000 ) ) ;
#707 = LINE ( 'NONE', #4442, #1048 ) ;
#708 = FACE_OUTER_BOUND ( 'NONE', #5957, .T. ) ;
#709 = EDGE_LOOP ( 'NONE', ( #5732, #1191, #5275 ) ) ;
#710 = FILL_AREA_STYLE ('',( #3937 ) ) ;
#711 =( NAMED_UNIT ( * ) PLANE_ANGLE_UNIT ( ) SI_UNIT ( $, .RADIAN. ) );
#712 = EDGE_CURVE ( 'NONE', #4521, #5033, #6463, .T. ) ;
#713 = CARTESIAN_POINT ( 'NONE',  ( 0.8008141517402070919, 3.834586963211929156, -2.260206525466259997 ) ) ;
#714 = CARTESIAN_POINT ( 'NONE',  ( 0.7978535670578144057, 3.667798388978980473, -2.093862674573572225 ) ) ;
#715 = CARTESIAN_POINT ( 'NONE',  ( -0.05485592467248051607, 5.843241196571911544, -2.521446807698372705 ) ) ;
#716 = FILL_AREA_STYLE_COLOUR ( '', #3482 ) ;
#717 = FILL_AREA_STYLE ('',( #6460 ) ) ;
#718 = DIRECTION ( 'NONE',  ( 1.000000000000000000, 0.000000000000000000, 0.000000000000000000 ) ) ;
#720 = ORIENTED_EDGE ( 'NONE', *, *, #3836, .F. ) ;
#719 =( GEOMETRIC_REPRESENTATION_CONTEXT ( 3 ) GLOBAL_UNCERTAINTY_ASSIGNED_CONTEXT ( ( #4360 ) ) GLOBAL_UNIT_ASSIGNED_CONTEXT ( ( #5553, #266, #4537 ) ) REPRESENTATION_CONTEXT ( 'NONE', 'WORKASPACE' ) );
#721 = DIRECTION ( 'NONE',  ( 0.000000000000000000, 1.000000000000000000, 0.000000000000000000 ) ) ;
#722 = CARTESIAN_POINT ( 'NONE',  ( 2.539999999999999591, 3.083757038415181118, -1.874763991466978252 ) ) ;
#723 = COLOUR_RGB ( '',0.6039215686274509443, 0.6039215686274509443, 0.6039215686274509443 ) ;
#724 = LINE ( 'NONE', #4486, #4815 ) ;
#725 = PRESENTATION_LAYER_ASSIGNMENT (  '', '', ( #3969 ) ) ;
#726 = ORIENTED_EDGE ( 'NONE', *, *, #181, .F. ) ;
#727 = CYLINDRICAL_SURFACE ( 'NONE', #5643, 2.164999999999999147 ) ;
#728 = ORIENTED_EDGE ( 'NONE', *, *, #546, .F. ) ;
#729 = CARTESIAN_POINT ( 'NONE',  ( -1.787967207375370293, 5.394085850055278186, -2.606131598985963027 ) ) ;
#730 = DIRECTION ( 'NONE',  ( -1.000000000000000000, 1.224646799147353454E-16, -0.000000000000000000 ) ) ;
#731 = CYLINDRICAL_SURFACE ( 'NONE', #2988, 0.3249999999999997891 ) ;
#732 = UNCERTAINTY_MEASURE_WITH_UNIT (LENGTH_MEASURE( 1.000000000000000082E-05 ), #2747, 'distance_accuracy_value', 'NONE');
#733 = PRESENTATION_STYLE_ASSIGNMENT (( #3376 ) ) ;
#734 =( NAMED_UNIT ( * ) PLANE_ANGLE_UNIT ( ) SI_UNIT ( $, .RADIAN. ) );
#735 =( GEOMETRIC_REPRESENTATION_CONTEXT ( 3 ) GLOBAL_UNCERTAINTY_ASSIGNED_CONTEXT ( ( #5886 ) ) GLOBAL_UNIT_ASSIGNED_CONTEXT ( ( #306, #1345, #5015 ) ) REPRESENTATION_CONTEXT ( 'NONE', 'WORKASPACE' ) );
#736 = UNCERTAINTY_MEASURE_WITH_UNIT (LENGTH_MEASURE( 1.000000000000000082E-05 ), #2489, 'distance_accuracy_value', 'NONE');
#737 = AXIS2_PLACEMENT_3D ( 'NONE', #5786, #1034, #3167 ) ;
#738 =( NAMED_UNIT ( * ) PLANE_ANGLE_UNIT ( ) SI_UNIT ( $, .RADIAN. ) );
#739 = SURFACE_STYLE_USAGE ( .BOTH. , #5958 ) ;
#740 = ORIENTED_EDGE ( 'NONE', *, *, #1203, .T. ) ;
#741 = DIRECTION ( 'NONE',  ( 0.000000000000000000, 0.000000000000000000, -1.000000000000000000 ) ) ;
#742 =( GEOMETRIC_REPRESENTATION_CONTEXT ( 3 ) GLOBAL_UNCERTAINTY_ASSIGNED_CONTEXT ( ( #736 ) ) GLOBAL_UNIT_ASSIGNED_CONTEXT ( ( #2489, #6845, #3052 ) ) REPRESENTATION_CONTEXT ( 'NONE', 'WORKASPACE' ) );
#743 = PRODUCT_DEFINITION_FORMATION_WITH_SPECIFIED_SOURCE ( 'ANY', '', #2767, .NOT_KNOWN. ) ;
#744 = MECHANICAL_DESIGN_GEOMETRIC_PRESENTATION_REPRESENTATION (  '', ( #4079 ), #2978 ) ;
#745 = LINE ( 'NONE', #2882, #1421 ) ;
#746 = DIRECTION ( 'NONE',  ( 1.000000000000000000, 0.000000000000000000, 0.000000000000000000 ) ) ;
#747 = EDGE_LOOP ( 'NONE', ( #5917 ) ) ;
#748 = CARTESIAN_POINT ( 'NONE',  ( -0.3757375118918828694, 4.856805162953571120, -2.564963852631669372 ) ) ;
#749 =( GEOMETRIC_REPRESENTATION_CONTEXT ( 3 ) GLOBAL_UNCERTAINTY_ASSIGNED_CONTEXT ( ( #2681 ) ) GLOBAL_UNIT_ASSIGNED_CONTEXT ( ( #49, #5772, #1133 ) ) REPRESENTATION_CONTEXT ( 'NONE', 'WORKASPACE' ) );
#750 =( GEOMETRIC_REPRESENTATION_CONTEXT ( 3 ) GLOBAL_UNCERTAINTY_ASSIGNED_CONTEXT ( ( #1240 ) ) GLOBAL_UNIT_ASSIGNED_CONTEXT ( ( #4941, #199, #5604 ) ) REPRESENTATION_CONTEXT ( 'NONE', 'WORKASPACE' ) );
#751 = FACE_OUTER_BOUND ( 'NONE', #2692, .T. ) ;
#752 = CARTESIAN_POINT ( 'NONE',  ( -2.539999999999999591, 6.988007637321757670, 1.642544649361741937 ) ) ;
#753 = MECHANICAL_DESIGN_GEOMETRIC_PRESENTATION_REPRESENTATION (  '', ( #5735 ), #515 ) ;
#754 = COLOUR_RGB ( '',0.6039215686274509443, 0.6039215686274509443, 0.6039215686274509443 ) ;
#755 = CARTESIAN_POINT ( 'NONE',  ( 0.9752526230859662748, 3.937518388570210082, -2.317156634415627359 ) ) ;
#756 = CARTESIAN_POINT ( 'NONE',  ( 0.9014728084345089432, 3.712472415485038368, -2.125304234683411231 ) ) ;
#757 = CARTESIAN_POINT ( 'NONE',  ( -2.215000000000000302, -0.2500000000000000000, 0.7499999999999990008 ) ) ;
#758 = DIRECTION ( 'NONE',  ( 1.000000000000000000, 0.000000000000000000, 0.000000000000000000 ) ) ;
#759 = EDGE_CURVE ( 'NONE', #4189, #2464, #3624, .T. ) ;
#760 = SURFACE_SIDE_STYLE ('',( #5521 ) ) ;
#761 = EDGE_CURVE ( 'NONE', #146, #9, #169, .T. ) ;
#762 = CARTESIAN_POINT ( 'NONE',  ( 2.390000000000000568, 5.150000000000000355, 0.000000000000000000 ) ) ;
#763 = ORIENTED_EDGE ( 'NONE', *, *, #759, .F. ) ;
#764 = COLOUR_RGB ( '',0.7058823529411764053, 0.7058823529411764053, 0.7058823529411764053 ) ;
#765 = CARTESIAN_POINT ( 'NONE',  ( -0.5246525843790421639, 4.600964525313295361, -2.556714052384871927 ) ) ;
#766 = SURFACE_STYLE_FILL_AREA ( #3470 ) ;
#767 = FILL_AREA_STYLE ('',( #5530 ) ) ;
#768 = EDGE_LOOP ( 'NONE', ( #4153, #5450, #1711, #6153 ) ) ;
#769 = STYLED_ITEM ( 'NONE', ( #4358 ), #1554 ) ;
#770 = SURFACE_SIDE_STYLE ('',( #6717 ) ) ;
#771 = ORIENTED_EDGE ( 'NONE', *, *, #6205, .F. ) ;
#772 = EDGE_CURVE ( 'NONE', #2512, #873, #1727, .T. ) ;
#773 = PRESENTATION_LAYER_ASSIGNMENT (  '', '', ( #4868 ) ) ;
#774 = CARTESIAN_POINT ( 'NONE',  ( 2.540000000000000480, 5.150000000000000355, 0.000000000000000000 ) ) ;
#775 = FACE_OUTER_BOUND ( 'NONE', #924, .T. ) ;
#776 = SURFACE_STYLE_USAGE ( .BOTH. , #1366 ) ;
#777 = STYLED_ITEM ( 'NONE', ( #5314 ), #1989 ) ;
#778 = VERTEX_POINT ( 'NONE', #3896 ) ;
#779 = CARTESIAN_POINT ( 'NONE',  ( 2.540000000000000036, 7.033744110214712464, -1.591365531330416250 ) ) ;
#780 = DIRECTION ( 'NONE',  ( -1.966535401401894617E-16, 0.000000000000000000, -1.000000000000000000 ) ) ;
#781 = VERTEX_POINT ( 'NONE', #3864 ) ;
#782 = ADVANCED_FACE ( 'NONE', ( #140 ), #6526, .F. ) ;
#783 = FILL_AREA_STYLE_COLOUR ( '', #4421 ) ;
#784 = ADVANCED_FACE ( 'NONE', ( #4978 ), #6004, .F. ) ;
#785 = FACE_OUTER_BOUND ( 'NONE', #5559, .T. ) ;
#786 = DIRECTION ( 'NONE',  ( -0.000000000000000000, -0.000000000000000000, -1.000000000000000000 ) ) ;
#787 = CARTESIAN_POINT ( 'NONE',  ( 0.8862858489150651220, 6.405219273441733918, -2.236883898547354033 ) ) ;
#788 = AXIS2_PLACEMENT_3D ( 'NONE', #6214, #5689, #940 ) ;
#789 = PRESENTATION_STYLE_ASSIGNMENT (( #2953 ) ) ;
#790 = DIRECTION ( 'NONE',  ( 0.000000000000000000, 1.000000000000000000, 0.000000000000000000 ) ) ;
#791 = AXIS2_PLACEMENT_3D ( 'NONE', #6385, #5793, #3209 ) ;
#792 =( LENGTH_UNIT ( ) NAMED_UNIT ( * ) SI_UNIT ( .MILLI., .METRE. ) );
#793 = PRESENTATION_LAYER_ASSIGNMENT (  '', '', ( #5108 ) ) ;
#794 = CARTESIAN_POINT ( 'NONE',  ( 0.5184846730091314804, 3.721610108002052275, -2.190786104288536151 ) ) ;
#795 =( NAMED_UNIT ( * ) SI_UNIT ( $, .STERADIAN. ) SOLID_ANGLE_UNIT ( ) );
#796 = DIRECTION ( 'NONE',  ( -0.000000000000000000, 0.000000000000000000, -1.000000000000000000 ) ) ;
#797 = STYLED_ITEM ( 'NONE', ( #2277 ), #2816 ) ;
#798 = ORIENTED_EDGE ( 'NONE', *, *, #2137, .F. ) ;
#799 = CARTESIAN_POINT ( 'NONE',  ( -0.4672338650412969363, 4.624300608455638617, -2.561613778408034836 ) ) ;
#800 = ORIENTED_EDGE ( 'NONE', *, *, #5320, .T. ) ;
#801 =( LENGTH_UNIT ( ) NAMED_UNIT ( * ) SI_UNIT ( .MILLI., .METRE. ) );
#802 = SURFACE_STYLE_FILL_AREA ( #2897 ) ;
#803 = VECTOR ( 'NONE', #538, 1000.000000000000000 ) ;
#804 = COLOUR_RGB ( '',0.6039215686274509443, 0.6039215686274509443, 0.6039215686274509443 ) ;
#805 = LINE ( 'NONE', #5029, #4101 ) ;
#806 = ORIENTED_EDGE ( 'NONE', *, *, #4654, .T. ) ;
#807 = FILL_AREA_STYLE_COLOUR ( '', #4482 ) ;
#808 = FACE_OUTER_BOUND ( 'NONE', #3865, .T. ) ;
#809 = ORIENTED_EDGE ( 'NONE', *, *, #6553, .T. ) ;
#810 = CARTESIAN_POINT ( 'NONE',  ( -2.615000000000000657, -4.000000000000000000, -0.2499999999999980571 ) ) ;
#811 = DIRECTION ( 'NONE',  ( -3.673940397442059375E-16, 0.000000000000000000, -1.000000000000000000 ) ) ;
#812 = UNCERTAINTY_MEASURE_WITH_UNIT (LENGTH_MEASURE( 1.000000000000000082E-05 ), #5781, 'distance_accuracy_value', 'NONE');
#813 =( NAMED_UNIT ( * ) SI_UNIT ( $, .STERADIAN. ) SOLID_ANGLE_UNIT ( ) );
#814 =( NAMED_UNIT ( * ) PLANE_ANGLE_UNIT ( ) SI_UNIT ( $, .RADIAN. ) );
#815 = ADVANCED_FACE ( 'NONE', ( #708 ), #1173, .F. ) ;
#816 = CARTESIAN_POINT ( 'NONE',  ( 2.540000000000000036, 7.394516620580349198, -1.576649235838323726 ) ) ;
#817 = LINE ( 'NONE', #6727, #6734 ) ;
#818 = VECTOR ( 'NONE', #4072, 1000.000000000000000 ) ;
#819 = DIRECTION ( 'NONE',  ( -1.000000000000000000, 0.000000000000000000, 0.000000000000000000 ) ) ;
#820 = CARTESIAN_POINT ( 'NONE',  ( -2.539999999999999591, 2.943255674241489483, 1.581703645010259063 ) ) ;
#821 = ORIENTED_EDGE ( 'NONE', *, *, #4180, .T. ) ;
#822 =( NAMED_UNIT ( * ) PLANE_ANGLE_UNIT ( ) SI_UNIT ( $, .RADIAN. ) );
#823 = FACE_OUTER_BOUND ( 'NONE', #1710, .T. ) ;
#824 = MECHANICAL_DESIGN_GEOMETRIC_PRESENTATION_REPRESENTATION (  '', ( #4803 ), #1269 ) ;
#825 = FILL_AREA_STYLE_COLOUR ( '', #3983 ) ;
#826 = SURFACE_SIDE_STYLE ('',( #3050 ) ) ;
#827 = UNCERTAINTY_MEASURE_WITH_UNIT (LENGTH_MEASURE( 1.000000000000000082E-05 ), #5398, 'distance_accuracy_value', 'NONE');
#828 = CARTESIAN_POINT ( 'NONE',  ( 1.055011014811930270, 6.297886702265720338, -2.294940172419136282 ) ) ;
#829 = VECTOR ( 'NONE', #5047, 1000.000000000000000 ) ;
#830 =( NAMED_UNIT ( * ) PLANE_ANGLE_UNIT ( ) SI_UNIT ( $, .RADIAN. ) );
#831 = SURFACE_SIDE_STYLE ('',( #2015 ) ) ;
#832 = PRESENTATION_STYLE_ASSIGNMENT (( #215 ) ) ;
#833 = AXIS2_PLACEMENT_3D ( 'NONE', #1111, #1619, #5338 ) ;
#834 = ORIENTED_EDGE ( 'NONE', *, *, #3241, .T. ) ;
#835 = PLANE ( 'NONE',  #465 ) ;
#836 = FILL_AREA_STYLE_COLOUR ( '', #2132 ) ;
#837 = LINE ( 'NONE', #1780, #6694 ) ;
#838 = PRESENTATION_STYLE_ASSIGNMENT (( #1327 ) ) ;
#839 =( LENGTH_UNIT ( ) NAMED_UNIT ( * ) SI_UNIT ( .MILLI., .METRE. ) );
#840 = FACE_OUTER_BOUND ( 'NONE', #3218, .T. ) ;
#841 = ADVANCED_FACE ( 'NONE', ( #1877 ), #358, .F. ) ;
#842 = PRESENTATION_STYLE_ASSIGNMENT (( #5627 ) ) ;
#843 = AXIS2_PLACEMENT_3D ( 'NONE', #5956, #4937, #3928 ) ;
#844 =( LENGTH_UNIT ( ) NAMED_UNIT ( * ) SI_UNIT ( .MILLI., .METRE. ) );
#845 = MECHANICAL_DESIGN_GEOMETRIC_PRESENTATION_REPRESENTATION (  '', ( #5609 ), #3529 ) ;
#846 = FILL_AREA_STYLE_COLOUR ( '', #3803 ) ;
#847 = MECHANICAL_DESIGN_GEOMETRIC_PRESENTATION_REPRESENTATION (  '', ( #3969 ), #1618 ) ;
#848 = CARTESIAN_POINT ( 'NONE',  ( -9.350000000000001421, 0.02499999999999885994, 0.1499999999999999667 ) ) ;
#849 = ORIENTED_EDGE ( 'NONE', *, *, #4262, .F. ) ;
#850 = AXIS2_PLACEMENT_3D ( 'NONE', #3460, #1274, #4407 ) ;
#851 = EDGE_CURVE ( 'NONE', #1755, #1755, #3308, .T. ) ;
#852 = EDGE_LOOP ( 'NONE', ( #3690 ) ) ;
#853 = EDGE_CURVE ( 'NONE', #2281, #4189, #6302, .T. ) ;
#854 = ORIENTED_EDGE ( 'NONE', *, *, #4572, .T. ) ;
#855 = CARTESIAN_POINT ( 'NONE',  ( 0.1098679856516428383, 5.501616886216259772, -2.556962443220112124 ) ) ;
#856 = SURFACE_STYLE_FILL_AREA ( #2400 ) ;
#857 = AXIS2_PLACEMENT_3D ( 'NONE', #5363, #1207, #2296 ) ;
#858 =( NAMED_UNIT ( * ) SI_UNIT ( $, .STERADIAN. ) SOLID_ANGLE_UNIT ( ) );
#859 = CARTESIAN_POINT ( 'NONE',  ( 0.2125953320472915853, 6.628501431355534379, -2.096010145581382211 ) ) ;
#860 = AXIS2_PLACEMENT_3D ( 'NONE', #4228, #6341, #5296 ) ;
#861 = EDGE_CURVE ( 'NONE', #5419, #222, #5268, .T. ) ;
#862 =( NAMED_UNIT ( * ) SI_UNIT ( $, .STERADIAN. ) SOLID_ANGLE_UNIT ( ) );
#863 = ORIENTED_EDGE ( 'NONE', *, *, #4089, .F. ) ;
#864 =( GEOMETRIC_REPRESENTATION_CONTEXT ( 3 ) GLOBAL_UNCERTAINTY_ASSIGNED_CONTEXT ( ( #3737 ) ) GLOBAL_UNIT_ASSIGNED_CONTEXT ( ( #455, #5638, #5184 ) ) REPRESENTATION_CONTEXT ( 'NONE', 'WORKASPACE' ) );
#865 = MECHANICAL_DESIGN_GEOMETRIC_PRESENTATION_REPRESENTATION (  '', ( #2096 ), #4962 ) ;
#866 = ORIENTED_EDGE ( 'NONE', *, *, #3264, .T. ) ;
#867 =( NAMED_UNIT ( * ) PLANE_ANGLE_UNIT ( ) SI_UNIT ( $, .RADIAN. ) );
#868 = EDGE_CURVE ( 'NONE', #2097, #1907, #3403, .T. ) ;
#869 = PLANE ( 'NONE',  #6342 ) ;
#870 = CARTESIAN_POINT ( 'NONE',  ( -1.560206824896191335, 4.270142315264225275, -2.464544125787362816 ) ) ;
#871 = FILL_AREA_STYLE_COLOUR ( '', #2543 ) ;
#872 = AXIS2_PLACEMENT_3D ( 'NONE', #5026, #3400, #1257 ) ;
#873 = VERTEX_POINT ( 'NONE', #2149 ) ;
#874 = LINE ( 'NONE', #1898, #5746 ) ;
#875 =( NAMED_UNIT ( * ) PLANE_ANGLE_UNIT ( ) SI_UNIT ( $, .RADIAN. ) );
#876 = DIRECTION ( 'NONE',  ( 0.000000000000000000, -0.000000000000000000, 1.000000000000000000 ) ) ;
#877 = CARTESIAN_POINT ( 'NONE',  ( 2.540000000000000480, 5.150000000000000355, 0.000000000000000000 ) ) ;
#878 = UNCERTAINTY_MEASURE_WITH_UNIT (LENGTH_MEASURE( 1.000000000000000082E-05 ), #1250, 'distance_accuracy_value', 'NONE');
#879 = CARTESIAN_POINT ( 'NONE',  ( 2.540000000000000036, 7.370676809105185967, -1.565876265680901547 ) ) ;
#880 = COLOUR_RGB ( '',0.9686274509803921573, 0.9686274509803921573, 0.9686274509803921573 ) ;
#881 = CARTESIAN_POINT ( 'NONE',  ( 2.540000000000000036, 7.424894153437775479, -1.590372085710246575 ) ) ;
#882 = DIRECTION ( 'NONE',  ( 0.000000000000000000, 0.000000000000000000, 1.000000000000000000 ) ) ;
#883 = CIRCLE ( 'NONE', #535, 2.464999999999999858 ) ;
#884 = PRESENTATION_STYLE_ASSIGNMENT (( #5009 ) ) ;
#885 = AXIS2_PLACEMENT_3D ( 'NONE', #3876, #6148, #3143 ) ;
#886 = DIRECTION ( 'NONE',  ( 0.000000000000000000, 0.4323118897652182824, -0.9017241429437418132 ) ) ;
#887 = COLOUR_RGB ( '',0.6039215686274509443, 0.6039215686274509443, 0.6039215686274509443 ) ;
#888 = ORIENTED_EDGE ( 'NONE', *, *, #1886, .F. ) ;
#889 = CARTESIAN_POINT ( 'NONE',  ( 1.129097602047476556, 6.232708196738427020, -2.325288790820491780 ) ) ;
#890 = ADVANCED_FACE ( 'NONE', ( #4292, #1476 ), #958, .T. ) ;
#891 =( NAMED_UNIT ( * ) SI_UNIT ( $, .STERADIAN. ) SOLID_ANGLE_UNIT ( ) );
#892 = FILL_AREA_STYLE_COLOUR ( '', #4413 ) ;
#893 =( LENGTH_UNIT ( ) NAMED_UNIT ( * ) SI_UNIT ( .MILLI., .METRE. ) );
#894 = CARTESIAN_POINT ( 'NONE',  ( 1.600224335463258596, 5.054647003098240887, -2.565249104913293721 ) ) ;
#895 = FILL_AREA_STYLE_COLOUR ( '', #2279 ) ;
#896 = EDGE_CURVE ( 'NONE', #2868, #2626, #5605, .T. ) ;
#897 = FACE_OUTER_BOUND ( 'NONE', #3818, .T. ) ;
#898 = ADVANCED_FACE ( 'NONE', ( #639 ), #2255, .T. ) ;
#899 = EDGE_LOOP ( 'NONE', ( #1184, #5157, #592, #6057 ) ) ;
#900 = CARTESIAN_POINT ( 'NONE',  ( -0.3487166590612078010, 4.925534570556409975, -2.555159539243040179 ) ) ;
#901 = DIRECTION ( 'NONE',  ( -1.000000000000000000, -0.000000000000000000, 3.673940397442059375E-16 ) ) ;
#902 = ORIENTED_EDGE ( 'NONE', *, *, #6160, .F. ) ;
#903 =( LENGTH_UNIT ( ) NAMED_UNIT ( * ) SI_UNIT ( .MILLI., .METRE. ) );
#904 = CARTESIAN_POINT ( 'NONE',  ( 2.540000000000000480, 7.099853943852493465, 1.742496656422293677 ) ) ;
#905 = CARTESIAN_POINT ( 'NONE',  ( -1.799347933066028027, 5.034571834339753416, -2.615209517854145460 ) ) ;
#906 = FACE_OUTER_BOUND ( 'NONE', #2053, .T. ) ;
#907 = AXIS2_PLACEMENT_3D ( 'NONE', #5434, #2288, #3263 ) ;
#908 =( NAMED_UNIT ( * ) PLANE_ANGLE_UNIT ( ) SI_UNIT ( $, .RADIAN. ) );
#909 = EDGE_CURVE ( 'NONE', #4389, #3746, #2330, .T. ) ;
#910 = ORIENTED_EDGE ( 'NONE', *, *, #3547, .F. ) ;
#911 = CARTESIAN_POINT ( 'NONE',  ( -0.4996053817988380663, 4.610212753984236578, -2.507559516549651146 ) ) ;
#912 = LINE ( 'NONE', #4074, #6783 ) ;
#913 = DIRECTION ( 'NONE',  ( -1.000000000000000000, 0.000000000000000000, 3.673940397442059375E-16 ) ) ;
#914 = MECHANICAL_DESIGN_GEOMETRIC_PRESENTATION_REPRESENTATION (  '', ( #450 ), #2570 ) ;
#915 = CARTESIAN_POINT ( 'NONE',  ( -2.539999999999999591, 5.150000000000000355, 9.331808609502829018E-16 ) ) ;
#916 = CARTESIAN_POINT ( 'NONE',  ( 9.000000000000000000, -2.465000000000000746, 0.000000000000000000 ) ) ;
#917 = DIRECTION ( 'NONE',  ( -0.000000000000000000, -0.000000000000000000, 1.000000000000000000 ) ) ;
#918 = ORIENTED_EDGE ( 'NONE', *, *, #2372, .F. ) ;
#919 =( NAMED_UNIT ( * ) PLANE_ANGLE_UNIT ( ) SI_UNIT ( $, .RADIAN. ) );
#920 = CARTESIAN_POINT ( 'NONE',  ( 2.540000000000000036, 0.000000000000000000, 1.124999999999998224 ) ) ;
#921 = CARTESIAN_POINT ( 'NONE',  ( 2.540000000000000036, 7.376562133445771607, -1.570037309908765222 ) ) ;
#922 = COLOUR_RGB ( '',0.6039215686274509443, 0.6039215686274509443, 0.6039215686274509443 ) ;
#923 = LINE ( 'NONE', #1910, #271 ) ;
#924 = EDGE_LOOP ( 'NONE', ( #1936, #3554, #2584, #6428, #6346, #514, #3058, #4183 ) ) ;
#925 = CARTESIAN_POINT ( 'NONE',  ( 1.568079825733902366, 5.461430218677882031, -2.546023609257040743 ) ) ;
#926 = STYLED_ITEM ( 'NONE', ( #3700 ), #4085 ) ;
#927 = CARTESIAN_POINT ( 'NONE',  ( -0.5317093653600362124, 4.647383885489458244, -2.566242786923000008 ) ) ;
#928 = FILL_AREA_STYLE_COLOUR ( '', #1085 ) ;
#929 = EDGE_CURVE ( 'NONE', #3201, #6479, #6404, .T. ) ;
#930 = CARTESIAN_POINT ( 'NONE',  ( -1.599967773784684466, 5.256434591649496113, -2.564839616574961401 ) ) ;
#931 = CARTESIAN_POINT ( 'NONE',  ( 2.540000000000000480, 7.485649219152596068, 1.617817785454087831 ) ) ;
#932 =( NAMED_UNIT ( * ) PLANE_ANGLE_UNIT ( ) SI_UNIT ( $, .RADIAN. ) );
#933 = B_SPLINE_CURVE_WITH_KNOTS ( 'NONE', 3,
 ( #1011, #3774, #2134, #3215, #2605, #1152, #6321, #6357, #36, #6390 ),
 .UNSPECIFIED., .F., .F.,
 ( 4, 2, 2, 2, 4 ),
 ( 0.000000000000000000, 0.4234223300127940570, 0.6351334950191911410, 0.7409890775223896275, 0.8468446600255881140 ),
 .UNSPECIFIED. ) ;
#934 = ORIENTED_EDGE ( 'NONE', *, *, #2500, .T. ) ;
#935 = CARTESIAN_POINT ( 'NONE',  ( -4.500000000000000000, -1.163414459189985485E-15, 0.000000000000000000 ) ) ;
#936 = FILL_AREA_STYLE_COLOUR ( '', #6530 ) ;
#937 = EDGE_LOOP ( 'NONE', ( #5524, #6072, #3961, #2856 ) ) ;
#938 = ADVANCED_FACE ( 'NONE', ( #164 ), #3379, .F. ) ;
#939 = STYLED_ITEM ( 'NONE', ( #4161 ), #3112 ) ;
#940 = DIRECTION ( 'NONE',  ( 0.000000000000000000, 1.000000000000000000, 0.000000000000000000 ) ) ;
#941 = FILL_AREA_STYLE ('',( #6277 ) ) ;
#942 = FILL_AREA_STYLE ('',( #4136 ) ) ;
#943 = CARTESIAN_POINT ( 'NONE',  ( -1.639756630885773836, 5.890443561150226159, -2.508575222300783114 ) ) ;
#944 = VECTOR ( 'NONE', #3948, 1000.000000000000000 ) ;
#945 = LINE ( 'NONE', #4550, #3826 ) ;
#946 =( NAMED_UNIT ( * ) PLANE_ANGLE_UNIT ( ) SI_UNIT ( $, .RADIAN. ) );
#947 = PRESENTATION_STYLE_ASSIGNMENT (( #5700 ) ) ;
#948 = DIRECTION ( 'NONE',  ( 0.000000000000000000, -1.000000000000000000, 0.000000000000000000 ) ) ;
#949 = STYLED_ITEM ( 'NONE', ( #6802 ), #3475 ) ;
#950 = FACE_BOUND ( 'NONE', #4030, .T. ) ;
#951 = ORIENTED_EDGE ( 'NONE', *, *, #3197, .T. ) ;
#952 = UNCERTAINTY_MEASURE_WITH_UNIT (LENGTH_MEASURE( 1.000000000000000082E-05 ), #839, 'distance_accuracy_value', 'NONE');
#953 =( GEOMETRIC_REPRESENTATION_CONTEXT ( 3 ) GLOBAL_UNCERTAINTY_ASSIGNED_CONTEXT ( ( #3344 ) ) GLOBAL_UNIT_ASSIGNED_CONTEXT ( ( #4051, #822, #4120 ) ) REPRESENTATION_CONTEXT ( 'NONE', 'WORKASPACE' ) );
#954 = CARTESIAN_POINT ( 'NONE',  ( -2.540000000000000036, 7.299235467949205081, -1.541031095784586080 ) ) ;
#955 = LINE ( 'NONE', #4028, #829 ) ;
#956 = MECHANICAL_DESIGN_GEOMETRIC_PRESENTATION_REPRESENTATION (  '', ( #5499 ), #2504 ) ;
#957 = ORIENTED_EDGE ( 'NONE', *, *, #5784, .F. ) ;
#958 = CYLINDRICAL_SURFACE ( 'NONE', #3526, 2.314999999999999059 ) ;
#959 = LINE ( 'NONE', #1513, #2707 ) ;
#960 = DIRECTION ( 'NONE',  ( -1.000000000000000000, 0.000000000000000000, 0.000000000000000000 ) ) ;
#961 = CIRCLE ( 'NONE', #6279, 2.464999999999999858 ) ;
#962 = DIRECTION ( 'NONE',  ( 1.000000000000000000, 0.000000000000000000, -3.673940397442059375E-16 ) ) ;
#963 = CARTESIAN_POINT ( 'NONE',  ( 0.7089459342378672257, 3.817756230166335474, -2.192019171981570480 ) ) ;
#964 = CARTESIAN_POINT ( 'NONE',  ( -2.539999999999999591, 7.394516620580349198, 1.576649235838322838 ) ) ;
#965 = SURFACE_SIDE_STYLE ('',( #2995 ) ) ;
#966 =( GEOMETRIC_REPRESENTATION_CONTEXT ( 3 ) GLOBAL_UNCERTAINTY_ASSIGNED_CONTEXT ( ( #5548 ) ) GLOBAL_UNIT_ASSIGNED_CONTEXT ( ( #1806, #2375, #3316 ) ) REPRESENTATION_CONTEXT ( 'NONE', 'WORKASPACE' ) );
#967 = VECTOR ( 'NONE', #607, 1000.000000000000000 ) ;
#968 = ORIENTED_EDGE ( 'NONE', *, *, #6818, .T. ) ;
#969 = DIRECTION ( 'NONE',  ( -1.000000000000000000, 0.000000000000000000, -0.000000000000000000 ) ) ;
#970 =( NAMED_UNIT ( * ) PLANE_ANGLE_UNIT ( ) SI_UNIT ( $, .RADIAN. ) );
#971 = ORIENTED_EDGE ( 'NONE', *, *, #3975, .F. ) ;
#972 = DIRECTION ( 'NONE',  ( 0.000000000000000000, 0.000000000000000000, 1.000000000000000000 ) ) ;
#973 = FILL_AREA_STYLE_COLOUR ( '', #2977 ) ;
#974 = PRESENTATION_LAYER_ASSIGNMENT (  '', '', ( #4948 ) ) ;
#975 = DIRECTION ( 'NONE',  ( -3.195309690277993997E-16, -0.4935405451716421976, -0.8697227893252413855 ) ) ;
#976 = CARTESIAN_POINT ( 'NONE',  ( 1.799709437813007629, 5.272620761764555297, -2.614698534275879283 ) ) ;
#977 = SURFACE_STYLE_USAGE ( .BOTH. , #5621 ) ;
#978 = EDGE_CURVE ( 'NONE', #6569, #985, #2908, .T. ) ;
#979 = VECTOR ( 'NONE', #1736, 1000.000000000000000 ) ;
#980 = CARTESIAN_POINT ( 'NONE',  ( 2.540000000000000480, 3.213360091561182408, 1.757171267987867491 ) ) ;
#981 = CARTESIAN_POINT ( 'NONE',  ( 0.3593942780107935997, 5.039108773767449811, -2.642964772195264267 ) ) ;
#982 = CARTESIAN_POINT ( 'NONE',  ( 2.540000000000000480, 6.988007637321756782, 1.642544649361741493 ) ) ;
#983 = MECHANICAL_DESIGN_GEOMETRIC_PRESENTATION_REPRESENTATION (  '', ( #2625 ), #2085 ) ;
#984 = EDGE_CURVE ( 'NONE', #3999, #2827, #1282, .T. ) ;
#985 = VERTEX_POINT ( 'NONE', #4586 ) ;
#986 = EDGE_LOOP ( 'NONE', ( #121, #910, #6630, #4049 ) ) ;
#987 = FACE_OUTER_BOUND ( 'NONE', #5449, .T. ) ;
#988 = CARTESIAN_POINT ( 'NONE',  ( -2.540000000000000036, 7.033744110214712464, -1.591365531330414473 ) ) ;
#989 = FACE_OUTER_BOUND ( 'NONE', #1469, .T. ) ;
#990 = ORIENTED_EDGE ( 'NONE', *, *, #3858, .T. ) ;
#991 = CARTESIAN_POINT ( 'NONE',  ( 1.600449077721719737, 4.952628666087739440, -2.565506863381103120 ) ) ;
#992 = MECHANICAL_DESIGN_GEOMETRIC_PRESENTATION_REPRESENTATION (  '', ( #4003 ), #114 ) ;
#993 = CARTESIAN_POINT ( 'NONE',  ( 1.102940847731615159, 6.527132340518054576, -2.229209388082523891 ) ) ;
#994 = EDGE_CURVE ( 'NONE', #1490, #1866, #4044, .T. ) ;
#995 = CARTESIAN_POINT ( 'NONE',  ( 2.540000000000000036, -4.001000000000000334, 1.124999999999998224 ) ) ;
#996 = DIRECTION ( 'NONE',  ( 0.000000000000000000, 0.000000000000000000, -1.000000000000000000 ) ) ;
#997 = FILL_AREA_STYLE ('',( #5744 ) ) ;
#998 =( GEOMETRIC_REPRESENTATION_CONTEXT ( 3 ) GLOBAL_UNCERTAINTY_ASSIGNED_CONTEXT ( ( #3955 ) ) GLOBAL_UNIT_ASSIGNED_CONTEXT ( ( #227, #946, #5100 ) ) REPRESENTATION_CONTEXT ( 'NONE', 'WORKASPACE' ) );
#999 = CARTESIAN_POINT ( 'NONE',  ( -2.539999999999999591, 7.231212604653898701, 1.532305345192616741 ) ) ;
#1000 = FILL_AREA_STYLE ('',( #6309 ) ) ;
#1001 = ORIENTED_EDGE ( 'NONE', *, *, #181, .T. ) ;
#1002 = SURFACE_STYLE_USAGE ( .BOTH. , #60 ) ;
#1003 = FACE_OUTER_BOUND ( 'NONE', #1386, .T. ) ;
#1004 = PRESENTATION_STYLE_ASSIGNMENT (( #2703 ) ) ;
#1005 = CARTESIAN_POINT ( 'NONE',  ( -1.429180357250152911, 6.202947033628274376, -2.340926276947789653 ) ) ;
#1006 = SURFACE_STYLE_USAGE ( .BOTH. , #3101 ) ;
#1007 =( NAMED_UNIT ( * ) PLANE_ANGLE_UNIT ( ) SI_UNIT ( $, .RADIAN. ) );
#1008 = CARTESIAN_POINT ( 'NONE',  ( -0.4658422005912385977, 6.781964997374037019, -2.045322259216333372 ) ) ;
#1009 = CARTESIAN_POINT ( 'NONE',  ( -2.539999999999999591, 0.3250000000000000111, 2.642896323400713676 ) ) ;
#1010 = COLOUR_RGB ( '',0.6039215686274509443, 0.6039215686274509443, 0.6039215686274509443 ) ;
#1011 = CARTESIAN_POINT ( 'NONE',  ( -2.540000000000000480, 7.972238740270340962, -2.528272444938572949 ) ) ;
#1012 = LINE ( 'NONE', #1046, #2642 ) ;
#1013 = CARTESIAN_POINT ( 'NONE',  ( 0.5148804987350159568, 4.643095380264202099, -2.514412994416491021 ) ) ;
#1014 = APPLICATION_PROTOCOL_DEFINITION ( 'draft international standard', 'automotive_design', 1998, #3419 ) ;
#1015 = AXIS2_PLACEMENT_3D ( 'NONE', #3542, #3006, #5103 ) ;
#1016 = VERTEX_POINT ( 'NONE', #3545 ) ;
#1017 =( GEOMETRIC_REPRESENTATION_CONTEXT ( 3 ) GLOBAL_UNCERTAINTY_ASSIGNED_CONTEXT ( ( #5806 ) ) GLOBAL_UNIT_ASSIGNED_CONTEXT ( ( #2637, #1077, #1529 ) ) REPRESENTATION_CONTEXT ( 'NONE', 'WORKASPACE' ) );
#1018 = ORIENTED_EDGE ( 'NONE', *, *, #2019, .T. ) ;
#1019 = CARTESIAN_POINT ( 'NONE',  ( 1.270292626106421796, 6.112517288915842784, -2.432958785432360660 ) ) ;
#1020 = MECHANICAL_DESIGN_GEOMETRIC_PRESENTATION_REPRESENTATION (  '', ( #4029 ), #567 ) ;
#1021 = ORIENTED_EDGE ( 'NONE', *, *, #5894, .T. ) ;
#1022 = EDGE_CURVE ( 'NONE', #2752, #2794, #5665, .T. ) ;
#1023 = SURFACE_STYLE_FILL_AREA ( #2071 ) ;
#1024 = SURFACE_STYLE_FILL_AREA ( #4290 ) ;
#1025 = FACE_OUTER_BOUND ( 'NONE', #5899, .T. ) ;
#1026 = ORIENTED_EDGE ( 'NONE', *, *, #1532, .F. ) ;
#1027 =( LENGTH_UNIT ( ) NAMED_UNIT ( * ) SI_UNIT ( .MILLI., .METRE. ) );
#1028 = CARTESIAN_POINT ( 'NONE',  ( 1.560616107804892128, 6.043244986116394379, -2.459642460577560197 ) ) ;
#1029 = CARTESIAN_POINT ( 'NONE',  ( 2.540000000000000036, 0.000000000000000000, 0.000000000000000000 ) ) ;
#1030 = LINE ( 'NONE', #3719, #4693 ) ;
#1031 = CARTESIAN_POINT ( 'NONE',  ( 2.390000000000000568, 4.724339035756187855, 2.326378675864921863 ) ) ;
#1032 = MECHANICAL_DESIGN_GEOMETRIC_PRESENTATION_REPRESENTATION (  '', ( #2035 ), #5908 ) ;
#1033 = ORIENTED_EDGE ( 'NONE', *, *, #5309, .F. ) ;
#1034 = DIRECTION ( 'NONE',  ( -1.000000000000000000, 0.000000000000000000, 3.673940397442059375E-16 ) ) ;
#1035 = B_SPLINE_CURVE_WITH_KNOTS ( 'NONE', 3,
 ( #5547, #1909, #353, #3484, #1403, #4533 ),
 .UNSPECIFIED., .F., .F.,
 ( 4, 2, 4 ),
 ( 0.000000000000000000, 0.0001573789580784035419, 0.0003147579161568070838 ),
 .UNSPECIFIED. ) ;
#1036 = SURFACE_STYLE_USAGE ( .BOTH. , #4202 ) ;
#1037 = CARTESIAN_POINT ( 'NONE',  ( 1.312252879768543989, 6.320914497722938563, -2.282508995836507015 ) ) ;
#1038 = DIRECTION ( 'NONE',  ( 0.000000000000000000, -0.000000000000000000, -1.000000000000000000 ) ) ;
#1039 = CARTESIAN_POINT ( 'NONE',  ( -1.105231654686024800, 6.500641522849530674, -2.186745155060286994 ) ) ;
#1040 = SURFACE_STYLE_USAGE ( .BOTH. , #3664 ) ;
#1041 = CARTESIAN_POINT ( 'NONE',  ( 2.540000000000000480, 5.150000000000000355, -9.331808609502832962E-16 ) ) ;
#1042 = EDGE_LOOP ( 'NONE', ( #4605 ) ) ;
#1043 = DIRECTION ( 'NONE',  ( -3.312880756109852516E-16, 0.4323118897652064585, -0.9017241429437475864 ) ) ;
#1044 = STYLED_ITEM ( 'NONE', ( #1691 ), #3801 ) ;
#1045 =( NAMED_UNIT ( * ) SI_UNIT ( $, .STERADIAN. ) SOLID_ANGLE_UNIT ( ) );
#1046 = CARTESIAN_POINT ( 'NONE',  ( -2.615000000000000657, -4.000000000000000000, 0.2499999999999990286 ) ) ;
#1047 = FACE_OUTER_BOUND ( 'NONE', #4897, .T. ) ;
#1048 = VECTOR ( 'NONE', #2844, 1000.000000000000000 ) ;
#1049 = EDGE_CURVE ( 'NONE', #4009, #2353, #6660, .T. ) ;
#1050 = SURFACE_STYLE_USAGE ( .BOTH. , #2762 ) ;
#1051 = CARTESIAN_POINT ( 'NONE',  ( 2.540000000000000480, 7.824083896241788239, 2.551727555061425345 ) ) ;
#1052 = ORIENTED_EDGE ( 'NONE', *, *, #525, .T. ) ;
#1053 = FILL_AREA_STYLE_COLOUR ( '', #1398 ) ;
#1054 = PLANE ( 'NONE',  #6552 ) ;
#1055 = SURFACE_STYLE_USAGE ( .BOTH. , #2145 ) ;
#1056 = SURFACE_STYLE_USAGE ( .BOTH. , #3712 ) ;
#1057 = ORIENTED_EDGE ( 'NONE', *, *, #4765, .T. ) ;
#1058 = CARTESIAN_POINT ( 'NONE',  ( 1.056486440547053762, 4.015808454914676418, -2.301794379236102639 ) ) ;
#1059 = EDGE_CURVE ( 'NONE', #5823, #457, #5384, .T. ) ;
#1060 = CARTESIAN_POINT ( 'NONE',  ( 0.01465588942988055483, 5.855685985693475537, -2.466015613562988040 ) ) ;
#1061 = COLOUR_RGB ( '',0.6039215686274509443, 0.6039215686274509443, 0.6039215686274509443 ) ;
#1062 = CARTESIAN_POINT ( 'NONE',  ( -0.05844314102871007305, 5.836258748741340874, -2.523345780858416099 ) ) ;
#1063 =( GEOMETRIC_REPRESENTATION_CONTEXT ( 3 ) GLOBAL_UNCERTAINTY_ASSIGNED_CONTEXT ( ( #3187 ) ) GLOBAL_UNIT_ASSIGNED_CONTEXT ( ( #5558, #5020, #1321 ) ) REPRESENTATION_CONTEXT ( 'NONE', 'WORKASPACE' ) );
#1064 = CARTESIAN_POINT ( 'NONE',  ( 2.540000000000000480, 3.038476588390626176E-14, 2.642896323400710124 ) ) ;
#1065 = AXIS2_PLACEMENT_3D ( 'NONE', #131, #1761, #92 ) ;
#1066 = STYLED_ITEM ( 'NONE', ( #2103 ), #1083 ) ;
#1067 = SURFACE_STYLE_USAGE ( .BOTH. , #3792 ) ;
#1068 = SURFACE_STYLE_USAGE ( .BOTH. , #5822 ) ;
#1069 = ORIENTED_EDGE ( 'NONE', *, *, #109, .T. ) ;
#1070 =( NAMED_UNIT ( * ) SI_UNIT ( $, .STERADIAN. ) SOLID_ANGLE_UNIT ( ) );
#1071 = STYLED_ITEM ( 'NONE', ( #2158 ), #5005 ) ;
#1072 = FILL_AREA_STYLE ('',( #4708 ) ) ;
#1073 = CARTESIAN_POINT ( 'NONE',  ( -1.045248303368349951, 3.791420997583811126, -2.175891509694248160 ) ) ;
#1074 = LINE ( 'NONE', #5790, #3929 ) ;
#1075 = CARTESIAN_POINT ( 'NONE',  ( 1.098617330991522145, 3.795452424231345212, -2.237804506471887667 ) ) ;
#1076 = PRESENTATION_LAYER_ASSIGNMENT (  '', '', ( #4073 ) ) ;
#1077 =( NAMED_UNIT ( * ) PLANE_ANGLE_UNIT ( ) SI_UNIT ( $, .RADIAN. ) );
#1078 =( NAMED_UNIT ( * ) PLANE_ANGLE_UNIT ( ) SI_UNIT ( $, .RADIAN. ) );
#1079 = VERTEX_POINT ( 'NONE', #2980 ) ;
#1080 = DIRECTION ( 'NONE',  ( 3.312880756109852516E-16, -0.4323118897652064585, 0.9017241429437475864 ) ) ;
#1081 = ADVANCED_FACE ( 'NONE', ( #6129 ), #3454, .T. ) ;
#1082 = PRESENTATION_LAYER_ASSIGNMENT (  '', '', ( #5189 ) ) ;
#1083 = ADVANCED_FACE ( 'NONE', ( #2140 ), #6765, .F. ) ;
#1084 = AXIS2_PLACEMENT_3D ( 'NONE', #3703, #3216, #2678 ) ;
#1085 = COLOUR_RGB ( '',0.6039215686274509443, 0.6039215686274509443, 0.6039215686274509443 ) ;
#1086 = SURFACE_SIDE_STYLE ('',( #3731 ) ) ;
#1087 = CARTESIAN_POINT ( 'NONE',  ( 0.5111350339862094083, 4.656994136244917648, -2.517175047211279271 ) ) ;
#1088 = CARTESIAN_POINT ( 'NONE',  ( -2.540000000000000480, 7.720461978346992105, -1.907104934563444765 ) ) ;
#1089 = DIRECTION ( 'NONE',  ( 0.000000000000000000, 0.000000000000000000, 1.000000000000000000 ) ) ;
#1090 = COLOUR_RGB ( '',0.6039215686274509443, 0.6039215686274509443, 0.6039215686274509443 ) ;
#1091 = ORIENTED_EDGE ( 'NONE', *, *, #6013, .F. ) ;
#1092 = CARTESIAN_POINT ( 'NONE',  ( -2.540000000000000036, 7.402111003794701993, -1.580079948306301496 ) ) ;
#1093 = ORIENTED_EDGE ( 'NONE', *, *, #6217, .F. ) ;
#1094 = COLOUR_RGB ( '',0.6039215686274509443, 0.6039215686274509443, 0.6039215686274509443 ) ;
#1095 = CARTESIAN_POINT ( 'NONE',  ( 1.590016846023985186, 4.948939180601031218, -2.609313342068953379 ) ) ;
#1096 = ORIENTED_EDGE ( 'NONE', *, *, #3240, .F. ) ;
#1097 = DIRECTION ( 'NONE',  ( -1.000000000000000000, 0.000000000000000000, -0.000000000000000000 ) ) ;
#1098 = VECTOR ( 'NONE', #4934, 1000.000000000000000 ) ;
#1099 = STYLED_ITEM ( 'NONE', ( #2356 ), #5815 ) ;
#1100 = DIRECTION ( 'NONE',  ( -0.000000000000000000, 0.000000000000000000, 1.000000000000000000 ) ) ;
#1101 = CARTESIAN_POINT ( 'NONE',  ( 2.540000000000000480, 5.759476576732735609, 2.542983150241886037 ) ) ;
#1102 = CARTESIAN_POINT ( 'NONE',  ( -1.280808209168253109, 6.098423640361635201, -2.387700237208393972 ) ) ;
#1103 = EDGE_LOOP ( 'NONE', ( #2387, #5970, #4720, #2463 ) ) ;
#1104 = CARTESIAN_POINT ( 'NONE',  ( 2.540000000000000480, 7.972238740270340962, 2.528272444938573837 ) ) ;
#1105 = CARTESIAN_POINT ( 'NONE',  ( -0.05844314102871005223, 5.823137166547432741, -2.475098251587700915 ) ) ;
#1106 = UNCERTAINTY_MEASURE_WITH_UNIT (LENGTH_MEASURE( 1.000000000000000082E-05 ), #226, 'distance_accuracy_value', 'NONE');
#1107 =( LENGTH_UNIT ( ) NAMED_UNIT ( * ) SI_UNIT ( .MILLI., .METRE. ) );
#1108 = CARTESIAN_POINT ( 'NONE',  ( 0.5148804987350159568, 4.643095380264202099, -2.514412994416491021 ) ) ;
#1109 = PLANE ( 'NONE',  #4915 ) ;
#1110 = MECHANICAL_DESIGN_GEOMETRIC_PRESENTATION_REPRESENTATION (  '', ( #3457 ), #2890 ) ;
#1111 = CARTESIAN_POINT ( 'NONE',  ( 2.539999999999999591, 0.3250000000000000111, -2.642896323400714564 ) ) ;
#1112 = SURFACE_STYLE_FILL_AREA ( #531 ) ;
#1113 = ORIENTED_EDGE ( 'NONE', *, *, #2500, .F. ) ;
#1114 = CARTESIAN_POINT ( 'NONE',  ( 0.3324228588288744013, 4.921159026122811753, -2.604967717395925586 ) ) ;
#1115 = COLOUR_RGB ( '',0.6039215686274509443, 0.6039215686274509443, 0.6039215686274509443 ) ;
#1116 = CARTESIAN_POINT ( 'NONE',  ( -0.4627171373237355390, 3.568832448044811478, -2.019808826710505656 ) ) ;
#1117 = EDGE_CURVE ( 'NONE', #222, #3845, #1400, .T. ) ;
#1118 = CARTESIAN_POINT ( 'NONE',  ( -1.560206824896191335, 4.286965597955157747, -2.417420911145156559 ) ) ;
#1119 = PRESENTATION_LAYER_ASSIGNMENT (  '', '', ( #777 ) ) ;
#1120 = FACE_OUTER_BOUND ( 'NONE', #1609, .T. ) ;
#1121 = EDGE_LOOP ( 'NONE', ( #3855, #244, #352, #4327, #3922, #1069, #6873, #3259 ) ) ;
#1122 = PRESENTATION_STYLE_ASSIGNMENT (( #4715 ) ) ;
#1123 = CARTESIAN_POINT ( 'NONE',  ( -0.001191037011240695482, 5.870271769999641620, -2.513848360053084985 ) ) ;
#1124 = CARTESIAN_POINT ( 'NONE',  ( 2.390000000000000568, 4.724339035756187855, 1.035622799379432912 ) ) ;
#1125 = DIRECTION ( 'NONE',  ( 1.000000000000000000, 0.000000000000000000, -3.673940397442059375E-16 ) ) ;
#1126 = ITEM_DEFINED_TRANSFORMATION ( 'NONE', 'NONE', #1084,  #1317 ) ;
#1127 = ORIENTED_EDGE ( 'NONE', *, *, #1998, .T. ) ;
#1128 =( LENGTH_UNIT ( ) NAMED_UNIT ( * ) SI_UNIT ( .MILLI., .METRE. ) );
#1129 = ORIENTED_EDGE ( 'NONE', *, *, #2673, .F. ) ;
#1130 = ORIENTED_EDGE ( 'NONE', *, *, #2150, .F. ) ;
#1131 = CARTESIAN_POINT ( 'NONE',  ( 1.599999999999999423, 5.156607010677380920, -2.614991653411137040 ) ) ;
#1132 = DIRECTION ( 'NONE',  ( -1.000000000000000000, -0.000000000000000000, 3.673940397442059375E-16 ) ) ;
#1133 =( NAMED_UNIT ( * ) SI_UNIT ( $, .STERADIAN. ) SOLID_ANGLE_UNIT ( ) );
#1134 = DIRECTION ( 'NONE',  ( 1.000000000000000000, 0.000000000000000000, 0.000000000000000000 ) ) ;
#1135 = ORIENTED_EDGE ( 'NONE', *, *, #154, .F. ) ;
#1136 =( GEOMETRIC_REPRESENTATION_CONTEXT ( 3 ) GLOBAL_UNCERTAINTY_ASSIGNED_CONTEXT ( ( #5102 ) ) GLOBAL_UNIT_ASSIGNED_CONTEXT ( ( #2654, #2179, #4764 ) ) REPRESENTATION_CONTEXT ( 'NONE', 'WORKASPACE' ) );
#1137 = CARTESIAN_POINT ( 'NONE',  ( 2.539999999999999591, 7.972238740270340962, -2.528272444938574726 ) ) ;
#1138 = CARTESIAN_POINT ( 'NONE',  ( 2.540000000000000480, 0.4006545807089141875, 2.800698048415868335 ) ) ;
#1139 = FILL_AREA_STYLE_COLOUR ( '', #5136 ) ;
#1140 = FILL_AREA_STYLE_COLOUR ( '', #3043 ) ;
#1141 = PLANE ( 'NONE',  #4924 ) ;
#1142 =( NAMED_UNIT ( * ) SI_UNIT ( $, .STERADIAN. ) SOLID_ANGLE_UNIT ( ) );
#1143 = DIRECTION ( 'NONE',  ( 0.000000000000000000, 0.000000000000000000, -1.000000000000000000 ) ) ;
#1144 = CARTESIAN_POINT ( 'NONE',  ( -0.7951582445676976807, 3.667061682794274358, -2.093349424460867247 ) ) ;
#1145 = CARTESIAN_POINT ( 'NONE',  ( 1.544742845135316678, 5.569138408007151320, -2.581680386232135582 ) ) ;
#1146 =( GEOMETRIC_REPRESENTATION_CONTEXT ( 3 ) GLOBAL_UNCERTAINTY_ASSIGNED_CONTEXT ( ( #5742 ) ) GLOBAL_UNIT_ASSIGNED_CONTEXT ( ( #2200, #3286, #617 ) ) REPRESENTATION_CONTEXT ( 'NONE', 'WORKASPACE' ) );
#1147 = CARTESIAN_POINT ( 'NONE',  ( 1.787773425907654978, 5.384606383680631048, -2.556816271856127365 ) ) ;
#1148 = CARTESIAN_POINT ( 'NONE',  ( -0.001458570207583659425, 5.792270597492539252, -2.534899106393897039 ) ) ;
#1149 = ORIENTED_EDGE ( 'NONE', *, *, #4557, .T. ) ;
#1150 = PLANE ( 'NONE',  #5018 ) ;
#1151 =( GEOMETRIC_REPRESENTATION_CONTEXT ( 3 ) GLOBAL_UNCERTAINTY_ASSIGNED_CONTEXT ( ( #5115 ) ) GLOBAL_UNIT_ASSIGNED_CONTEXT ( ( #5795, #544, #3667 ) ) REPRESENTATION_CONTEXT ( 'NONE', 'WORKASPACE' ) );
#1152 = CARTESIAN_POINT ( 'NONE',  ( -2.540000000000000036, 7.562239391993868409, -1.725018051074100223 ) ) ;
#1153 = CARTESIAN_POINT ( 'NONE',  ( 0.05632860020257252076, 5.819591393833615456, -2.476059846874456127 ) ) ;
#1154 = SHAPE_REPRESENTATION_RELATIONSHIP ( 'NONE' , 'NONE' ,  #6150, #3401 ) ;
#1155 = VERTEX_POINT ( 'NONE', #4652 ) ;
#1156 = PRESENTATION_LAYER_ASSIGNMENT (  '', '', ( #1485 ) ) ;
#1157 = VERTEX_POINT ( 'NONE', #2511 ) ;
#1158 = CARTESIAN_POINT ( 'NONE',  ( 2.384198535829709087, 5.609476576732736142, 2.354144693323361182 ) ) ;
#1159 = CARTESIAN_POINT ( 'NONE',  ( 1.094188569625515361, 4.027839731205673957, -2.362284889955948319 ) ) ;
#1160 = UNCERTAINTY_MEASURE_WITH_UNIT (LENGTH_MEASURE( 1.000000000000000082E-05 ), #124, 'distance_accuracy_value', 'NONE');
#1161 =( GEOMETRIC_REPRESENTATION_CONTEXT ( 3 ) GLOBAL_UNCERTAINTY_ASSIGNED_CONTEXT ( ( #4970 ) ) GLOBAL_UNIT_ASSIGNED_CONTEXT ( ( #2590, #2623, #55 ) ) REPRESENTATION_CONTEXT ( 'NONE', 'WORKASPACE' ) );
#1162 = PRESENTATION_STYLE_ASSIGNMENT (( #5809 ) ) ;
#1163 = ORIENTED_EDGE ( 'NONE', *, *, #1566, .F. ) ;
#1164 = CARTESIAN_POINT ( 'NONE',  ( -2.615000000000001101, 0.1499999999999999944, -0.7499999999999981126 ) ) ;
#1165 = PRESENTATION_LAYER_ASSIGNMENT (  '', '', ( #4160 ) ) ;
#1166 = VECTOR ( 'NONE', #6102, 1000.000000000000000 ) ;
#1167 = CARTESIAN_POINT ( 'NONE',  ( 2.540000000000000480, 4.724339035756187855, 2.427969881097998162 ) ) ;
#1168 = VERTEX_POINT ( 'NONE', #4145 ) ;
#1169 = EDGE_CURVE ( 'NONE', #5874, #5419, #5840, .T. ) ;
#1170 = SURFACE_STYLE_USAGE ( .BOTH. , #2258 ) ;
#1171 = DIRECTION ( 'NONE',  ( 3.673940397442059375E-16, 0.000000000000000000, 1.000000000000000000 ) ) ;
#1172 = DIRECTION ( 'NONE',  ( 1.000000000000000000, 0.000000000000000000, 0.000000000000000000 ) ) ;
#1173 = PLANE ( 'NONE',  #4822 ) ;
#1174 = STYLED_ITEM ( 'NONE', ( #1545 ), #890 ) ;
#1175 =( NAMED_UNIT ( * ) SI_UNIT ( $, .STERADIAN. ) SOLID_ANGLE_UNIT ( ) );
#1176 = MECHANICAL_DESIGN_GEOMETRIC_PRESENTATION_REPRESENTATION (  '', ( #6844 ), #1063 ) ;
#1177 = DIRECTION ( 'NONE',  ( 0.000000000000000000, 0.000000000000000000, 1.000000000000000000 ) ) ;
#1178 = PRESENTATION_LAYER_ASSIGNMENT (  '', '', ( #4939 ) ) ;
#1179 = SURFACE_SIDE_STYLE ('',( #1731 ) ) ;
#1180 = MECHANICAL_DESIGN_GEOMETRIC_PRESENTATION_REPRESENTATION (  '', ( #6848 ), #185 ) ;
#1181 = CARTESIAN_POINT ( 'NONE',  ( 1.548736786268210208, 4.743300139218872502, -2.585253719354648982 ) ) ;
#1182 = CARTESIAN_POINT ( 'NONE',  ( -1.227983998753523931, 3.917239165321993344, -2.249703164619581308 ) ) ;
#1183 = MECHANICAL_DESIGN_GEOMETRIC_PRESENTATION_REPRESENTATION (  '', ( #293 ), #1860 ) ;
#1184 = ORIENTED_EDGE ( 'NONE', *, *, #3154, .T. ) ;
#1185 = EDGE_LOOP ( 'NONE', ( #6611, #1876, #2130, #1333 ) ) ;
#1186 =( NAMED_UNIT ( * ) PLANE_ANGLE_UNIT ( ) SI_UNIT ( $, .RADIAN. ) );
#1187 = LINE ( 'NONE', #35, #2211 ) ;
#1188 = CYLINDRICAL_SURFACE ( 'NONE', #3472, 2.464999999999999414 ) ;
#1189 = CARTESIAN_POINT ( 'NONE',  ( -2.540000000000000480, 7.941858515889400394, -2.336374965640304779 ) ) ;
#1190 = CIRCLE ( 'NONE', #3867, 0.1750000000000002942 ) ;
#1191 = ORIENTED_EDGE ( 'NONE', *, *, #6197, .T. ) ;
#1192 = PRESENTATION_STYLE_ASSIGNMENT (( #1232 ) ) ;
#1193 = CIRCLE ( 'NONE', #5960, 2.464999999999999858 ) ;
#1194 = AXIS2_PLACEMENT_3D ( 'NONE', #2226, #4441, #741 ) ;
#1195 = ORIENTED_EDGE ( 'NONE', *, *, #1494, .T. ) ;
#1196 = CARTESIAN_POINT ( 'NONE',  ( -1.495434704720544516, 6.131819806560172559, -2.423686214724617205 ) ) ;
#1197 = CARTESIAN_POINT ( 'NONE',  ( 0.2111867060516018635, 3.662033647730356112, -2.150490125280659637 ) ) ;
#1198 = ORIENTED_EDGE ( 'NONE', *, *, #5191, .F. ) ;
#1199 =( NAMED_UNIT ( * ) SI_UNIT ( $, .STERADIAN. ) SOLID_ANGLE_UNIT ( ) );
#1200 = VECTOR ( 'NONE', #2735, 1000.000000000000114 ) ;
#1201 =( GEOMETRIC_REPRESENTATION_CONTEXT ( 3 ) GLOBAL_UNCERTAINTY_ASSIGNED_CONTEXT ( ( #4097 ) ) GLOBAL_UNIT_ASSIGNED_CONTEXT ( ( #1636, #5381, #5281 ) ) REPRESENTATION_CONTEXT ( 'NONE', 'WORKASPACE' ) );
#1202 = PRESENTATION_LAYER_ASSIGNMENT (  '', '', ( #5856 ) ) ;
#1203 = EDGE_CURVE ( 'NONE', #219, #6505, #483, .T. ) ;
#1204 = ORIENTED_EDGE ( 'NONE', *, *, #5614, .T. ) ;
#1205 = PRESENTATION_STYLE_ASSIGNMENT (( #704 ) ) ;
#1206 = CIRCLE ( 'NONE', #5298, 0.2499999999999997780 ) ;
#1207 = DIRECTION ( 'NONE',  ( -1.000000000000000000, -0.000000000000000000, -0.000000000000000000 ) ) ;
#1208 = CARTESIAN_POINT ( 'NONE',  ( 2.390000000000000568, 5.609476576732736142, 1.035622799379432912 ) ) ;
#1209 = B_SPLINE_CURVE_WITH_KNOTS ( 'NONE', 3,
 ( #5508, #235, #5475, #4473 ),
 .UNSPECIFIED., .F., .F.,
 ( 4, 4 ),
 ( 0.000000000000000000, 1.000000000000000000 ),
 .UNSPECIFIED. ) ;
#1210 = CARTESIAN_POINT ( 'NONE',  ( -2.165000000000000036, 0.000000000000000000, 1.124999999999999112 ) ) ;
#1211 = FILL_AREA_STYLE ('',( #5964 ) ) ;
#1212 = CARTESIAN_POINT ( 'NONE',  ( -2.540000000000000036, 0.1499999999999999944, 0.000000000000000000 ) ) ;
#1213 = ADVANCED_FACE ( 'NONE', ( #950, #416 ), #4686, .T. ) ;
#1214 = CARTESIAN_POINT ( 'NONE',  ( 2.464999999999999858, -4.000000000000000000, -0.2499999999999990841 ) ) ;
#1215 = CARTESIAN_POINT ( 'NONE',  ( 1.386018319214728400, 5.934119519449752467, -2.443685819487364963 ) ) ;
#1216 = AXIS2_PLACEMENT_3D ( 'NONE', #3574, #4302, #3755 ) ;
#1217 = DIRECTION ( 'NONE',  ( 0.000000000000000000, 0.7405888751200064846, -0.6719584198806376474 ) ) ;
#1218 = PRESENTATION_STYLE_ASSIGNMENT (( #2344 ) ) ;
#1219 = DIRECTION ( 'NONE',  ( 1.000000000000000000, 0.000000000000000000, -3.673940397442059375E-16 ) ) ;
#1220 = CARTESIAN_POINT ( 'NONE',  ( 2.540000000000000036, 7.099853943852493465, -1.742496656422294565 ) ) ;
#1221 = ORIENTED_EDGE ( 'NONE', *, *, #136, .F. ) ;
#1222 = VECTOR ( 'NONE', #6475, 1000.000000000000000 ) ;
#1223 =( NAMED_UNIT ( * ) PLANE_ANGLE_UNIT ( ) SI_UNIT ( $, .RADIAN. ) );
#1224 = APPLICATION_CONTEXT ( 'automotive_design' ) ;
#1225 = CARTESIAN_POINT ( 'NONE',  ( -2.539999999999999591, 7.230341301471685078, 1.859107331326271817 ) ) ;
#1226 = PLANE ( 'NONE',  #3658 ) ;
#1227 = B_SPLINE_CURVE_WITH_KNOTS ( 'NONE', 3,
 ( #2985, #5674, #5109, #2518 ),
 .UNSPECIFIED., .F., .F.,
 ( 4, 4 ),
 ( 0.000000000000000000, 1.000000000000000000 ),
 .UNSPECIFIED. ) ;
#1228 = CARTESIAN_POINT ( 'NONE',  ( 2.540000000000000480, 5.609476576732736142, 2.370887233808045558 ) ) ;
#1229 = FACE_OUTER_BOUND ( 'NONE', #5235, .T. ) ;
#1230 = PRESENTATION_LAYER_ASSIGNMENT (  '', '', ( #4220 ) ) ;
#1231 = ORIENTED_EDGE ( 'NONE', *, *, #4742, .F. ) ;
#1232 = SURFACE_STYLE_USAGE ( .BOTH. , #4430 ) ;
#1233 = ORIENTED_EDGE ( 'NONE', *, *, #994, .T. ) ;
#1234 = EDGE_LOOP ( 'NONE', ( #4580, #740, #5594, #4240, #1707, #217 ) ) ;
#1235 = CARTESIAN_POINT ( 'NONE',  ( -1.799357372550336676, 5.154652798914592715, -2.614995860696963881 ) ) ;
#1236 = FILL_AREA_STYLE_COLOUR ( '', #6625 ) ;
#1237 = ORIENTED_EDGE ( 'NONE', *, *, #5703, .F. ) ;
#1238 = PLANE ( 'NONE',  #4777 ) ;
#1239 = FACE_OUTER_BOUND ( 'NONE', #5321, .T. ) ;
#1240 = UNCERTAINTY_MEASURE_WITH_UNIT (LENGTH_MEASURE( 1.000000000000000082E-05 ), #4941, 'distance_accuracy_value', 'NONE');
#1241 =( NAMED_UNIT ( * ) PLANE_ANGLE_UNIT ( ) SI_UNIT ( $, .RADIAN. ) );
#1242 = VECTOR ( 'NONE', #4102, 1000.000000000000000 ) ;
#1243 = ADVANCED_FACE ( 'NONE', ( #2171 ), #698, .T. ) ;
#1244 = CARTESIAN_POINT ( 'NONE',  ( -2.539999999999999591, 3.008102457706270272, 1.716962266451821595 ) ) ;
#1245 = CARTESIAN_POINT ( 'NONE',  ( -2.539999999999999591, 7.376562133445771607, 1.570037309908763223 ) ) ;
#1246 = STYLED_ITEM ( 'NONE', ( #733 ), #2525 ) ;
#1247 = DIRECTION ( 'NONE',  ( 0.000000000000000000, 0.000000000000000000, -1.000000000000000000 ) ) ;
#1248 =( GEOMETRIC_REPRESENTATION_CONTEXT ( 3 ) GLOBAL_UNCERTAINTY_ASSIGNED_CONTEXT ( ( #1862 ) ) GLOBAL_UNIT_ASSIGNED_CONTEXT ( ( #3402, #5489, #6091 ) ) REPRESENTATION_CONTEXT ( 'NONE', 'WORKASPACE' ) );
#1249 = VERTEX_POINT ( 'NONE', #1784 ) ;
#1250 =( LENGTH_UNIT ( ) NAMED_UNIT ( * ) SI_UNIT ( .MILLI., .METRE. ) );
#1251 = CARTESIAN_POINT ( 'NONE',  ( -0.5106644142208087711, 3.719783648709268586, -2.189598109437780771 ) ) ;
#1252 = FILL_AREA_STYLE_COLOUR ( '', #5375 ) ;
#1253 = CARTESIAN_POINT ( 'NONE',  ( -0.03848729838402119297, 5.847232672729316683, -2.468419346787215751 ) ) ;
#1254 = LINE ( 'NONE', #6610, #2532 ) ;
#1255 = DIRECTION ( 'NONE',  ( 1.000000000000000000, -0.000000000000000000, -3.673940397442059375E-16 ) ) ;
#1256 = MECHANICAL_DESIGN_GEOMETRIC_PRESENTATION_REPRESENTATION (  '', ( #1473 ), #3502 ) ;
#1257 = DIRECTION ( 'NONE',  ( 0.000000000000000000, 1.000000000000000000, 0.000000000000000000 ) ) ;
#1258 = DIRECTION ( 'NONE',  ( 0.000000000000000000, 0.7405888751200081499, 0.6719584198806358710 ) ) ;
#1259 = SURFACE_SIDE_STYLE ('',( #3920 ) ) ;
#1260 = ORIENTED_EDGE ( 'NONE', *, *, #4879, .F. ) ;
#1261 = CARTESIAN_POINT ( 'NONE',  ( -0.5339991356338344985, 4.642832280194764571, -2.565351324049860438 ) ) ;
#1262 = ORIENTED_EDGE ( 'NONE', *, *, #861, .F. ) ;
#1263 = CARTESIAN_POINT ( 'NONE',  ( -1.616955605560360221, 5.943107418996397051, -2.494218800665803482 ) ) ;
#1264 = DIRECTION ( 'NONE',  ( -0.000000000000000000, 0.000000000000000000, 1.000000000000000000 ) ) ;
#1265 = CARTESIAN_POINT ( 'NONE',  ( 2.540000000000000480, 5.359476576732735253, 0.7856227993794330233 ) ) ;
#1266 = FILL_AREA_STYLE ('',( #6030 ) ) ;
#1267 = EDGE_CURVE ( 'NONE', #1249, #5057, #5943, .T. ) ;
#1268 =( LENGTH_UNIT ( ) NAMED_UNIT ( * ) SI_UNIT ( .MILLI., .METRE. ) );
#1269 =( GEOMETRIC_REPRESENTATION_CONTEXT ( 3 ) GLOBAL_UNCERTAINTY_ASSIGNED_CONTEXT ( ( #2620 ) ) GLOBAL_UNIT_ASSIGNED_CONTEXT ( ( #529, #2624, #1617 ) ) REPRESENTATION_CONTEXT ( 'NONE', 'WORKASPACE' ) );
#1270 = EDGE_CURVE ( 'NONE', #4119, #1168, #4538, .T. ) ;
#1271 = ORIENTED_EDGE ( 'NONE', *, *, #4453, .F. ) ;
#1272 = EDGE_CURVE ( 'NONE', #6155, #2827, #589, .T. ) ;
#1273 = SURFACE_STYLE_USAGE ( .BOTH. , #2304 ) ;
#1274 = DIRECTION ( 'NONE',  ( 1.000000000000000000, 0.000000000000000000, 0.000000000000000000 ) ) ;
#1275 = STYLED_ITEM ( 'NONE', ( #2404 ), #3683 ) ;
#1276 = CARTESIAN_POINT ( 'NONE',  ( -1.384660726175924061, 4.361049444098074268, -2.494651654321787593 ) ) ;
#1277 = ADVANCED_FACE ( 'NONE', ( #3923 ), #1709, .T. ) ;
#1278 = CARTESIAN_POINT ( 'NONE',  ( -0.04551831211848320069, 5.855393435386907264, -2.518064504606699838 ) ) ;
#1279 = CARTESIAN_POINT ( 'NONE',  ( -2.540000000000000036, 3.213360091561182408, -1.757171267987866603 ) ) ;
#1280 = ORIENTED_EDGE ( 'NONE', *, *, #1745, .F. ) ;
#1281 = FILL_AREA_STYLE ('',( #2238 ) ) ;
#1283 = ORIENTED_EDGE ( 'NONE', *, *, #1998, .F. ) ;
#1282 = CIRCLE ( 'NONE', #5150, 0.1749999999999999334 ) ;
#1284 = SURFACE_STYLE_USAGE ( .BOTH. , #2410 ) ;
#1285 = DIRECTION ( 'NONE',  ( 1.000000000000000000, 0.000000000000000000, -3.673940397442059375E-16 ) ) ;
#1286 = PLANE ( 'NONE',  #4895 ) ;
#1287 = STYLED_ITEM ( 'NONE', ( #5089 ), #618 ) ;
#1288 = FACE_OUTER_BOUND ( 'NONE', #152, .T. ) ;
#1289 = COLOUR_RGB ( '',0.6039215686274509443, 0.6039215686274509443, 0.6039215686274509443 ) ;
#1290 = ORIENTED_EDGE ( 'NONE', *, *, #1887, .T. ) ;
#1291 = CARTESIAN_POINT ( 'NONE',  ( 0.4540042251699730191, 4.617219792478043594, -2.509116783819339780 ) ) ;
#1292 = ADVANCED_FACE ( 'NONE', ( #4519 ), #5097, .F. ) ;
#1293 = EDGE_CURVE ( 'NONE', #2640, #1846, #874, .T. ) ;
#1294 = ORIENTED_EDGE ( 'NONE', *, *, #5529, .F. ) ;
#1295 = CARTESIAN_POINT ( 'NONE',  ( -1.752472649161717300, 4.683137099790432245, -2.582172959738375795 ) ) ;
#1296 = SURFACE_STYLE_USAGE ( .BOTH. , #3062 ) ;
#1297 = COLOUR_RGB ( '',0.6039215686274509443, 0.6039215686274509443, 0.6039215686274509443 ) ;
#1298 = LINE ( 'NONE', #6622, #6645 ) ;
#1299 = UNCERTAINTY_MEASURE_WITH_UNIT (LENGTH_MEASURE( 1.000000000000000082E-05 ), #5971, 'distance_accuracy_value', 'NONE');
#1300 =( NAMED_UNIT ( * ) PLANE_ANGLE_UNIT ( ) SI_UNIT ( $, .RADIAN. ) );
#1301 = CARTESIAN_POINT ( 'NONE',  ( 0.4466595336674702432, 4.634095164281056611, -2.512581779859475617 ) ) ;
#1302 = PRESENTATION_LAYER_ASSIGNMENT (  '', '', ( #304 ) ) ;
#1303 = CARTESIAN_POINT ( 'NONE',  ( 2.540000000000000036, 7.299235467949205081, -1.541031095784587635 ) ) ;
#1304 = LINE ( 'NONE', #258, #1507 ) ;
#1305 =( NAMED_UNIT ( * ) SI_UNIT ( $, .STERADIAN. ) SOLID_ANGLE_UNIT ( ) );
#1306 =( GEOMETRIC_REPRESENTATION_CONTEXT ( 3 ) GLOBAL_UNCERTAINTY_ASSIGNED_CONTEXT ( ( #2361 ) ) GLOBAL_UNIT_ASSIGNED_CONTEXT ( ( #893, #3163, #2558 ) ) REPRESENTATION_CONTEXT ( 'NONE', 'WORKASPACE' ) );
#1307 = VECTOR ( 'NONE', #14, 1000.000000000000114 ) ;
#1308 =( NAMED_UNIT ( * ) PLANE_ANGLE_UNIT ( ) SI_UNIT ( $, .RADIAN. ) );
#1309 = ORIENTED_EDGE ( 'NONE', *, *, #5691, .T. ) ;
#1310 = CIRCLE ( 'NONE', #91, 0.1750000000000002942 ) ;
#1311 = CIRCLE ( 'NONE', #6875, 0.3250000000000000111 ) ;
#1312 = CARTESIAN_POINT ( 'NONE',  ( 0.2210963029696474125, 5.211602447831945817, -2.580290004850558372 ) ) ;
#1313 = DIRECTION ( 'NONE',  ( -1.000000000000000000, 0.000000000000000000, 3.673940397442059375E-16 ) ) ;
#1314 = CARTESIAN_POINT ( 'NONE',  ( 2.615000000000000657, 0.1499999999999999944, 0.7499999999999982236 ) ) ;
#1315 = UNCERTAINTY_MEASURE_WITH_UNIT (LENGTH_MEASURE( 1.000000000000000082E-05 ), #391, 'distance_accuracy_value', 'NONE');
#1316 = SURFACE_SIDE_STYLE ('',( #6563 ) ) ;
#1317 = AXIS2_PLACEMENT_3D ( 'NONE', #5211, #1467, #4022 ) ;
#1318 = ADVANCED_FACE ( 'NONE', ( #3439, #840 ), #727, .F. ) ;
#1319 = STYLED_ITEM ( 'NONE', ( #4675 ), #6215 ) ;
#1320 = CARTESIAN_POINT ( 'NONE',  ( -1.268596402432607739, 4.197673205294075061, -2.436966050677261908 ) ) ;
#1321 =( NAMED_UNIT ( * ) SI_UNIT ( $, .STERADIAN. ) SOLID_ANGLE_UNIT ( ) );
#1322 = PRESENTATION_STYLE_ASSIGNMENT (( #2894 ) ) ;
#1323 = CARTESIAN_POINT ( 'NONE',  ( 2.540000000000000480, 2.943255674241489483, 1.581703645010259507 ) ) ;
#1324 = ORIENTED_EDGE ( 'NONE', *, *, #587, .F. ) ;
#1325 = EDGE_CURVE ( 'NONE', #5839, #6301, #2050, .T. ) ;
#1326 = CARTESIAN_POINT ( 'NONE',  ( -2.540000000000000480, -4.001000000000000334, -1.124999999999998224 ) ) ;
#1327 = SURFACE_STYLE_USAGE ( .BOTH. , #1897 ) ;
#1328 = PRESENTATION_LAYER_ASSIGNMENT (  '', '', ( #3230 ) ) ;
#1329 = FILL_AREA_STYLE ('',( #281 ) ) ;
#1330 = ORIENTED_EDGE ( 'NONE', *, *, #4582, .F. ) ;
#1331 = CARTESIAN_POINT ( 'NONE',  ( -0.5354548301088427609, 4.633214198592939148, -2.563426892943128532 ) ) ;
#1332 = PLANE ( 'NONE',  #393 ) ;
#1333 = ORIENTED_EDGE ( 'NONE', *, *, #2111, .F. ) ;
#1334 = PRESENTATION_LAYER_ASSIGNMENT (  '', '', ( #2548 ) ) ;
#1335 = FILL_AREA_STYLE ('',( #846 ) ) ;
#1336 = CARTESIAN_POINT ( 'NONE',  ( 2.540000000000000036, 7.350297063655214735, -1.556692173267456791 ) ) ;
#1337 = SURFACE_STYLE_FILL_AREA ( #325 ) ;
#1338 = FILL_AREA_STYLE ('',( #2298 ) ) ;
#1339 = CARTESIAN_POINT ( 'NONE',  ( 0.5111350339862094083, 4.656994136244917648, -2.517175047211279271 ) ) ;
#1340 = VERTEX_POINT ( 'NONE', #3473 ) ;
#1341 =( GEOMETRIC_REPRESENTATION_CONTEXT ( 3 ) GLOBAL_UNCERTAINTY_ASSIGNED_CONTEXT ( ( #1299 ) ) GLOBAL_UNIT_ASSIGNED_CONTEXT ( ( #5971, #3911, #5477 ) ) REPRESENTATION_CONTEXT ( 'NONE', 'WORKASPACE' ) );
#1342 =( LENGTH_UNIT ( ) NAMED_UNIT ( * ) SI_UNIT ( .MILLI., .METRE. ) );
#1343 =( LENGTH_UNIT ( ) NAMED_UNIT ( * ) SI_UNIT ( .MILLI., .METRE. ) );
#1344 = VECTOR ( 'NONE', #2129, 1000.000000000000000 ) ;
#1345 =( NAMED_UNIT ( * ) PLANE_ANGLE_UNIT ( ) SI_UNIT ( $, .RADIAN. ) );
#1346 = B_SPLINE_CURVE_WITH_KNOTS ( 'NONE', 3,
 ( #444, #2574, #3670, #4683, #6827, #5763, #3147, #5244, #6865, #4042 ),
 .UNSPECIFIED., .F., .F.,
 ( 4, 2, 2, 2, 4 ),
 ( 0.000000000000000000, 0.2500000000000000555, 0.5000000000000001110, 0.7500000000000000000, 1.000000000000000000 ),
 .UNSPECIFIED. ) ;
#1347 = PRESENTATION_LAYER_ASSIGNMENT (  '', '', ( #2251 ) ) ;
#1348 = CARTESIAN_POINT ( 'NONE',  ( -1.054622158304214352, 6.294556514907274192, -2.295706010466466385 ) ) ;
#1349 = EDGE_CURVE ( 'NONE', #1511, #4596, #805, .T. ) ;
#1350 = CARTESIAN_POINT ( 'NONE',  ( 1.098617330991522145, 3.821351995469751461, -2.195016657399767368 ) ) ;
#1351 = DIRECTION ( 'NONE',  ( 1.000000000000000000, 0.000000000000000000, -0.000000000000000000 ) ) ;
#1352 = ORIENTED_EDGE ( 'NONE', *, *, #5405, .F. ) ;
#1353 = CARTESIAN_POINT ( 'NONE',  ( 2.540000000000000480, 7.454384449560931714, 1.628050434141021574 ) ) ;
#1354 = DIRECTION ( 'NONE',  ( -1.000000000000000000, 0.000000000000000000, -0.000000000000000000 ) ) ;
#1355 = ORIENTED_EDGE ( 'NONE', *, *, #1792, .T. ) ;
#1356 = DIRECTION ( 'NONE',  ( 1.000000000000000000, 0.000000000000000000, 0.000000000000000000 ) ) ;
#1357 =( NAMED_UNIT ( * ) PLANE_ANGLE_UNIT ( ) SI_UNIT ( $, .RADIAN. ) );
#1358 = PLANE ( 'NONE',  #2027 ) ;
#1359 = LINE ( 'NONE', #4013, #944 ) ;
#1360 = STYLED_ITEM ( 'NONE', ( #4206 ), #3036 ) ;
#1361 =( NAMED_UNIT ( * ) PLANE_ANGLE_UNIT ( ) SI_UNIT ( $, .RADIAN. ) );
#1362 = EDGE_CURVE ( 'NONE', #4062, #5574, #4015, .T. ) ;
#1363 = ORIENTED_EDGE ( 'NONE', *, *, #6414, .T. ) ;
#1364 =( LENGTH_UNIT ( ) NAMED_UNIT ( * ) SI_UNIT ( .MILLI., .METRE. ) );
#1365 = EDGE_LOOP ( 'NONE', ( #5688, #4928, #357, #4167 ) ) ;
#1366 = SURFACE_SIDE_STYLE ('',( #228 ) ) ;
#1367 = UNCERTAINTY_MEASURE_WITH_UNIT (LENGTH_MEASURE( 1.000000000000000082E-05 ), #5453, 'distance_accuracy_value', 'NONE');
#1368 = CARTESIAN_POINT ( 'NONE',  ( 1.599999999999999423, 5.156607010677380920, -2.614991653411137040 ) ) ;
#1369 = UNCERTAINTY_MEASURE_WITH_UNIT (LENGTH_MEASURE( 1.000000000000000082E-05 ), #6798, 'distance_accuracy_value', 'NONE');
#1370 =( NAMED_UNIT ( * ) SI_UNIT ( $, .STERADIAN. ) SOLID_ANGLE_UNIT ( ) );
#1371 = ORIENTED_EDGE ( 'NONE', *, *, #5765, .F. ) ;
#1372 = B_SPLINE_CURVE_WITH_KNOTS ( 'NONE', 3,
 ( #4025, #5603, #5075, #2454 ),
 .UNSPECIFIED., .F., .F.,
 ( 4, 4 ),
 ( 0.000000000000000000, 1.000000000000000000 ),
 .UNSPECIFIED. ) ;
#1373 = FILL_AREA_STYLE ('',( #1869 ) ) ;
#1374 = CARTESIAN_POINT ( 'NONE',  ( -2.540000000000000480, 0.4006545807089144096, -2.800698048415867447 ) ) ;
#1375 =( LENGTH_UNIT ( ) NAMED_UNIT ( * ) SI_UNIT ( .MILLI., .METRE. ) );
#1376 = LINE ( 'NONE', #3011, #6374 ) ;
#1377 = EDGE_LOOP ( 'NONE', ( #1231, #1113, #4540, #4760, #3802 ) ) ;
#1378 = DIRECTION ( 'NONE',  ( 1.000000000000000000, 0.000000000000000000, 7.890882775736657875E-16 ) ) ;
#1379 = VECTOR ( 'NONE', #4109, 1000.000000000000000 ) ;
#1380 = B_SPLINE_CURVE_WITH_KNOTS ( 'NONE', 1,
 ( #4187, #3615 ),
 .UNSPECIFIED., .F., .F.,
 ( 2, 2 ),
 ( 0.000000000000000000, 1.000000000000000000 ),
 .UNSPECIFIED. ) ;
#1381 = SURFACE_STYLE_USAGE ( .BOTH. , #5144 ) ;
#1382 = CARTESIAN_POINT ( 'NONE',  ( -1.092914429516731678, 6.264222229198480818, -2.310642880146483336 ) ) ;
#1383 = CIRCLE ( 'NONE', #1832, 0.5000000000000000000 ) ;
#1384 = CARTESIAN_POINT ( 'NONE',  ( 2.540000000000000480, 7.196575899622825290, 1.534053322119590224 ) ) ;
#1385 = FILL_AREA_STYLE_COLOUR ( '', #1956 ) ;
#1386 = EDGE_LOOP ( 'NONE', ( #1330, #4977, #4536, #5167 ) ) ;
#1387 = FACE_BOUND ( 'NONE', #4363, .T. ) ;
#1388 = MECHANICAL_DESIGN_GEOMETRIC_PRESENTATION_REPRESENTATION (  '', ( #2175 ), #2294 ) ;
#1389 = ORIENTED_EDGE ( 'NONE', *, *, #1934, .F. ) ;
#1390 = EDGE_LOOP ( 'NONE', ( #2764, #665, #4659, #4408 ) ) ;
#1391 = CARTESIAN_POINT ( 'NONE',  ( 2.540000000000000036, 6.988007637321755894, -1.642544649361743048 ) ) ;
#1392 = DIRECTION ( 'NONE',  ( -1.707404996040164758E-16, 0.000000000000000000, -1.000000000000000000 ) ) ;
#1393 = CARTESIAN_POINT ( 'NONE',  ( -1.741766182825288167, 4.689277228591174129, -2.576657830476764666 ) ) ;
#1394 = CARTESIAN_POINT ( 'NONE',  ( 2.540000000000000480, 6.538544579290536340, 2.755247503693926792 ) ) ;
#1395 = PRESENTATION_STYLE_ASSIGNMENT (( #1926 ) ) ;
#1396 = CARTESIAN_POINT ( 'NONE',  ( -9.350000000000001421, 0.02499999999999885994, -0.1500000000000000222 ) ) ;
#1397 = MECHANICAL_DESIGN_GEOMETRIC_PRESENTATION_REPRESENTATION (  '', ( #6064 ), #5048 ) ;
#1398 = COLOUR_RGB ( '',0.6039215686274509443, 0.6039215686274509443, 0.6039215686274509443 ) ;
#1399 = SURFACE_STYLE_USAGE ( .BOTH. , #4555 ) ;
#1400 = CIRCLE ( 'NONE', #2509, 0.1749999999999998501 ) ;
#1401 = SURFACE_SIDE_STYLE ('',( #1868 ) ) ;
#1402 = SURFACE_SIDE_STYLE ('',( #5107 ) ) ;
#1403 = CARTESIAN_POINT ( 'NONE',  ( 2.393232299555887899, 4.724339035756187855, 2.580123590745522222 ) ) ;
#1404 = ADVANCED_FACE ( 'NONE', ( #4108, #5890 ), #6659, .F. ) ;
#1405 = CARTESIAN_POINT ( 'NONE',  ( 2.540000000000000480, 7.376562133445771607, 1.570037309908764334 ) ) ;
#1406 = AXIS2_PLACEMENT_3D ( 'NONE', #6598, #104, #303 ) ;
#1407 = ORIENTED_EDGE ( 'NONE', *, *, #4792, .T. ) ;
#1408 =( NAMED_UNIT ( * ) PLANE_ANGLE_UNIT ( ) SI_UNIT ( $, .RADIAN. ) );
#1409 = PRESENTATION_LAYER_ASSIGNMENT (  '', '', ( #3651 ) ) ;
#1410 = AXIS2_PLACEMENT_3D ( 'NONE', #4820, #2063, #4753 ) ;
#1411 = PRESENTATION_LAYER_ASSIGNMENT (  '', '', ( #3083 ) ) ;
#1412 = FILL_AREA_STYLE_COLOUR ( '', #2867 ) ;
#1413 = LINE ( 'NONE', #4159, #5172 ) ;
#1414 = CARTESIAN_POINT ( 'NONE',  ( 2.540000000000000036, 0.1499999999999999944, 1.124999999999998224 ) ) ;
#1415 = SURFACE_SIDE_STYLE ('',( #6176 ) ) ;
#1416 = ADVANCED_FACE ( 'NONE', ( #1988 ), #5299, .T. ) ;
#1417 = COLOUR_RGB ( '',0.6039215686274509443, 0.6039215686274509443, 0.6039215686274509443 ) ;
#1418 = PRESENTATION_LAYER_ASSIGNMENT (  '', '', ( #5735 ) ) ;
#1419 = VERTEX_POINT ( 'NONE', #6413 ) ;
#1420 = CARTESIAN_POINT ( 'NONE',  ( -2.464999999999999858, -3.500000000000000000, -0.2499999999999981126 ) ) ;
#1421 = VECTOR ( 'NONE', #4976, 1000.000000000000000 ) ;
#1422 = SURFACE_STYLE_USAGE ( .BOTH. , #6180 ) ;
#1423 = CARTESIAN_POINT ( 'NONE',  ( -0.05844314102871005917, 5.823137166547432741, -2.475098251587700915 ) ) ;
#1424 = CARTESIAN_POINT ( 'NONE',  ( -9.374894947806227786E-16, 7.824083896241788239, -2.551727555061425345 ) ) ;
#1425 = CARTESIAN_POINT ( 'NONE',  ( -0.5750281698376218387, 3.564806484974346823, -2.080254272262799908 ) ) ;
#1426 = PRESENTATION_LAYER_ASSIGNMENT (  '', '', ( #1319 ) ) ;
#1427 = ORIENTED_EDGE ( 'NONE', *, *, #3134, .T. ) ;
#1428 = CARTESIAN_POINT ( 'NONE',  ( 0.4604321324301934304, 4.601107893263342241, -2.556744914340654429 ) ) ;
#1429 =( LENGTH_UNIT ( ) NAMED_UNIT ( * ) SI_UNIT ( .MILLI., .METRE. ) );
#1430 = DIRECTION ( 'NONE',  ( -1.000000000000000000, 1.224646799147353454E-16, 0.000000000000000000 ) ) ;
#1431 = UNCERTAINTY_MEASURE_WITH_UNIT (LENGTH_MEASURE( 1.000000000000000082E-05 ), #5289, 'distance_accuracy_value', 'NONE');
#1432 = DIRECTION ( 'NONE',  ( -1.000000000000000000, -0.000000000000000000, 3.673940397442059375E-16 ) ) ;
#1433 =( NAMED_UNIT ( * ) SI_UNIT ( $, .STERADIAN. ) SOLID_ANGLE_UNIT ( ) );
#1434 = PRESENTATION_LAYER_ASSIGNMENT (  '', '', ( #108 ) ) ;
#1435 =( NAMED_UNIT ( * ) PLANE_ANGLE_UNIT ( ) SI_UNIT ( $, .RADIAN. ) );
#1436 = ORIENTED_EDGE ( 'NONE', *, *, #1838, .T. ) ;
#1437 = SURFACE_STYLE_USAGE ( .BOTH. , #1402 ) ;
#1438 = PRESENTATION_LAYER_ASSIGNMENT (  '', '', ( #6663 ) ) ;
#1439 = CARTESIAN_POINT ( 'NONE',  ( 2.539999999999999591, 0.4655013641736956420, -2.935956669857431311 ) ) ;
#1440 = SURFACE_STYLE_USAGE ( .BOTH. , #4657 ) ;
#1441 = DIRECTION ( 'NONE',  ( -1.000000000000000000, -0.000000000000000000, 0.000000000000000000 ) ) ;
#1442 = TOROIDAL_SURFACE ( 'NONE', #6103, 1.964999999999999192, 0.5000000000000000000 ) ;
#1443 = ORIENTED_EDGE ( 'NONE', *, *, #51, .F. ) ;
#1444 = CARTESIAN_POINT ( 'NONE',  ( -0.2149133396271519780, 6.628265056217351514, -2.096176866208736556 ) ) ;
#1445 = EDGE_CURVE ( 'NONE', #4090, #1674, #4774, .T. ) ;
#1446 = CARTESIAN_POINT ( 'NONE',  ( 0.000000000000000000, -0.02499999999999999792, 0.1499999999999999667 ) ) ;
#1447 = SURFACE_STYLE_FILL_AREA ( #6138 ) ;
#1448 = CARTESIAN_POINT ( 'NONE',  ( -0.3757375118918828694, 4.858697963709198042, -2.548405015623072423 ) ) ;
#1449 = B_SPLINE_CURVE_WITH_KNOTS ( 'NONE', 3,
 ( #4648, #1953, #1428, #2571 ),
 .UNSPECIFIED., .F., .F.,
 ( 4, 4 ),
 ( 0.000000000000000000, 1.000000000000000000 ),
 .UNSPECIFIED. ) ;
#1450 = CARTESIAN_POINT ( 'NONE',  ( -1.268596402432607739, 4.215882130623059609, -2.390370141486491740 ) ) ;
#1451 = FACE_OUTER_BOUND ( 'NONE', #6804, .T. ) ;
#1452 = VERTEX_POINT ( 'NONE', #6885 ) ;
#1453 = CARTESIAN_POINT ( 'NONE',  ( -0.3487166590612078565, 4.921159026122811753, -2.604967717395925586 ) ) ;
#1454 =( LENGTH_UNIT ( ) NAMED_UNIT ( * ) SI_UNIT ( .MILLI., .METRE. ) );
#1455 = VECTOR ( 'NONE', #3356, 1000.000000000000000 ) ;
#1456 = CARTESIAN_POINT ( 'NONE',  ( 2.539999999999999591, 7.301472479231887469, -1.534617159396183483 ) ) ;
#1457 = LINE ( 'NONE', #342, #4347 ) ;
#1458 = CARTESIAN_POINT ( 'NONE',  ( -1.559052641682756368, 6.038567523192702957, -2.459949477437077814 ) ) ;
#1459 =( NAMED_UNIT ( * ) SI_UNIT ( $, .STERADIAN. ) SOLID_ANGLE_UNIT ( ) );
#1460 = PRESENTATION_STYLE_ASSIGNMENT (( #4263 ) ) ;
#1461 = EDGE_LOOP ( 'NONE', ( #4981, #3782, #4722, #5494, #1057, #3967, #800, #990, #4357, #1883, #2138, #7, #5041, #1294, #482, #1324, #5794, #5616, #720, #1946 ) ) ;
#1462 = VERTEX_POINT ( 'NONE', #371 ) ;
#1463 = PRESENTATION_STYLE_ASSIGNMENT (( #2061 ) ) ;
#1464 = SURFACE_STYLE_FILL_AREA ( #4112 ) ;
#1465 =( GEOMETRIC_REPRESENTATION_CONTEXT ( 3 ) GLOBAL_UNCERTAINTY_ASSIGNED_CONTEXT ( ( #3541 ) ) GLOBAL_UNIT_ASSIGNED_CONTEXT ( ( #3250, #3806, #2242 ) ) REPRESENTATION_CONTEXT ( 'NONE', 'WORKASPACE' ) );
#1466 = SURFACE_SIDE_STYLE ('',( #4142 ) ) ;
#1467 = DIRECTION ( 'NONE',  ( 0.000000000000000000, 0.000000000000000000, 1.000000000000000000 ) ) ;
#1468 =( NAMED_UNIT ( * ) PLANE_ANGLE_UNIT ( ) SI_UNIT ( $, .RADIAN. ) );
#1469 = EDGE_LOOP ( 'NONE', ( #3106 ) ) ;
#1470 = ADVANCED_FACE ( 'NONE', ( #4612 ), #2123, .T. ) ;
#1471 = CARTESIAN_POINT ( 'NONE',  ( -0.4996053817988380663, 4.599690585445917357, -2.556439819016505854 ) ) ;
#1472 = PRESENTATION_STYLE_ASSIGNMENT (( #5771 ) ) ;
#1473 = STYLED_ITEM ( 'NONE', ( #4807 ), #4294 ) ;
#1474 =( NAMED_UNIT ( * ) SI_UNIT ( $, .STERADIAN. ) SOLID_ANGLE_UNIT ( ) );
#1475 = EDGE_LOOP ( 'NONE', ( #2834, #6231, #2916, #4249 ) ) ;
#1476 = FACE_OUTER_BOUND ( 'NONE', #4319, .T. ) ;
#1477 = AXIS2_PLACEMENT_3D ( 'NONE', #6719, #3575, #6691 ) ;
#1478 = CARTESIAN_POINT ( 'NONE',  ( 0.05061735265986585380, 5.845077967376993477, -2.520932277961615675 ) ) ;
#1479 = CARTESIAN_POINT ( 'NONE',  ( 2.390000000000000568, 5.609476576732736142, 0.7856227993794330233 ) ) ;
#1480 = PRESENTATION_STYLE_ASSIGNMENT (( #5779 ) ) ;
#1481 = CARTESIAN_POINT ( 'NONE',  ( 0.2111867060516018635, 3.690484247200139123, -2.109371767244700546 ) ) ;
#1482 = EDGE_CURVE ( 'NONE', #2464, #6170, #883, .T. ) ;
#1483 = ADVANCED_FACE ( 'NONE', ( #2969 ), #2537, .F. ) ;
#1484 = CARTESIAN_POINT ( 'NONE',  ( 2.540000000000000480, 7.231212604653898701, 1.532305345192616741 ) ) ;
#1485 = STYLED_ITEM ( 'NONE', ( #4965 ), #3930 ) ;
#1486 = PRESENTATION_STYLE_ASSIGNMENT (( #4096 ) ) ;
#1487 = ORIENTED_EDGE ( 'NONE', *, *, #5860, .T. ) ;
#1488 = FACE_OUTER_BOUND ( 'NONE', #292, .T. ) ;
#1489 =( NAMED_UNIT ( * ) SI_UNIT ( $, .STERADIAN. ) SOLID_ANGLE_UNIT ( ) );
#1490 = VERTEX_POINT ( 'NONE', #6149 ) ;
#1491 = VECTOR ( 'NONE', #4942, 1000.000000000000000 ) ;
#1492 = CARTESIAN_POINT ( 'NONE',  ( 0.5111350339862094083, 4.647383885489458244, -2.566242786923000008 ) ) ;
#1493 = CARTESIAN_POINT ( 'NONE',  ( 0.4466595336674702432, 4.634095164281056611, -2.512581779859475617 ) ) ;
#1494 = EDGE_CURVE ( 'NONE', #6170, #3398, #5545, .T. ) ;
#1495 = CARTESIAN_POINT ( 'NONE',  ( 2.540000000000000480, 7.364139087722924693, 1.562926385966399767 ) ) ;
#1496 =( NAMED_UNIT ( * ) PLANE_ANGLE_UNIT ( ) SI_UNIT ( $, .RADIAN. ) );
#1497 = SURFACE_SIDE_STYLE ('',( #5162 ) ) ;
#1498 = VECTOR ( 'NONE', #2785, 1000.000000000000000 ) ;
#1499 = AXIS2_PLACEMENT_3D ( 'NONE', #2441, #6576, #6685 ) ;
#1500 =( LENGTH_UNIT ( ) NAMED_UNIT ( * ) SI_UNIT ( .MILLI., .METRE. ) );
#1501 = FILL_AREA_STYLE ('',( #5729 ) ) ;
#1502 = CARTESIAN_POINT ( 'NONE',  ( 0.000000000000000000, 0.000000000000000000, 0.000000000000000000 ) ) ;
#1503 = CARTESIAN_POINT ( 'NONE',  ( 0.000000000000000000, 0.000000000000000000, 0.7500000000000001110 ) ) ;
#1504 = ADVANCED_FACE ( 'NONE', ( #4071 ), #4106, .T. ) ;
#1505 = DIRECTION ( 'NONE',  ( -2.448118110301177406E-16, 0.7456420435382390410, -0.6663467137370144844 ) ) ;
#1506 = VERTEX_POINT ( 'NONE', #4138 ) ;
#1507 = VECTOR ( 'NONE', #3580, 1000.000000000000000 ) ;
#1508 = COLOUR_RGB ( '',0.9686274509803921573, 0.9686274509803921573, 0.9686274509803921573 ) ;
#1509 = FILL_AREA_STYLE_COLOUR ( '', #6874 ) ;
#1510 = B_SPLINE_CURVE_WITH_KNOTS ( 'NONE', 1,
 ( #4313, #3287 ),
 .UNSPECIFIED., .F., .F.,
 ( 2, 2 ),
 ( 0.000000000000000000, 1.000000000000000000 ),
 .UNSPECIFIED. ) ;
#1511 = VERTEX_POINT ( 'NONE', #5694 ) ;
#1512 = CARTESIAN_POINT ( 'NONE',  ( -1.558454588561916099, 4.748657970755307822, -2.540921021087510834 ) ) ;
#1513 = CARTESIAN_POINT ( 'NONE',  ( 2.539999999999999591, 0.000000000000000000, -1.124999999999999112 ) ) ;
#1514 = CARTESIAN_POINT ( 'NONE',  ( -0.001191037011240679002, 5.856499843231006253, -2.465782425826448243 ) ) ;
#1515 = PRESENTATION_LAYER_ASSIGNMENT (  '', '', ( #6510 ) ) ;
#1516 = SURFACE_STYLE_USAGE ( .BOTH. , #2155 ) ;
#1517 =( NAMED_UNIT ( * ) PLANE_ANGLE_UNIT ( ) SI_UNIT ( $, .RADIAN. ) );
#1518 = PRODUCT_DEFINITION_CONTEXT ( 'detailed design', #3757, 'design' ) ;
#1519 = ORIENTED_EDGE ( 'NONE', *, *, #2646, .T. ) ;
#1520 = CARTESIAN_POINT ( 'NONE',  ( 2.540000000000000480, 7.099853943852494353, 1.742496656422294343 ) ) ;
#1521 = DIRECTION ( 'NONE',  ( -1.224646799147353454E-16, 1.000000000000000000, 0.000000000000000000 ) ) ;
#1522 = CARTESIAN_POINT ( 'NONE',  ( 1.096409476293170426, 6.491031911695742451, -2.187479674059580326 ) ) ;
#1523 = CARTESIAN_POINT ( 'NONE',  ( -0.3738098015867823420, 5.042431747600785386, -2.592665626509972565 ) ) ;
#1524 = VECTOR ( 'NONE', #4297, 1000.000000000000000 ) ;
#1525 = CARTESIAN_POINT ( 'NONE',  ( -1.615506889134032731, 4.382783277603573779, -2.449897841969137069 ) ) ;
#1526 = CIRCLE ( 'NONE', #5174, 2.164999999999999147 ) ;
#1527 =( LENGTH_UNIT ( ) NAMED_UNIT ( * ) SI_UNIT ( .MILLI., .METRE. ) );
#1528 = CARTESIAN_POINT ( 'NONE',  ( 1.740748562162879987, 5.620610099099709878, -2.574954835622628391 ) ) ;
#1529 =( NAMED_UNIT ( * ) SI_UNIT ( $, .STERADIAN. ) SOLID_ANGLE_UNIT ( ) );
#1530 = CARTESIAN_POINT ( 'NONE',  ( -2.539999999999999591, -5.421010862427522170E-17, 2.642896323400710124 ) ) ;
#1531 = VECTOR ( 'NONE', #6284, 1000.000000000000000 ) ;
#1532 = EDGE_CURVE ( 'NONE', #4090, #3999, #4444, .T. ) ;
#1533 = CARTESIAN_POINT ( 'NONE',  ( 0.5035529596208254688, 4.600817154680244769, -2.556682328795607528 ) ) ;
#1534 = CARTESIAN_POINT ( 'NONE',  ( 2.615000000000000657, -4.000000000000000000, 0.2499999999999981681 ) ) ;
#1535 = FACE_OUTER_BOUND ( 'NONE', #3628, .T. ) ;
#1536 = ORIENTED_EDGE ( 'NONE', *, *, #1703, .T. ) ;
#1537 = CARTESIAN_POINT ( 'NONE',  ( -2.540000000000000036, 7.196575899622825290, -1.534053322119589335 ) ) ;
#1538 = VERTEX_POINT ( 'NONE', #344 ) ;
#1539 = CARTESIAN_POINT ( 'NONE',  ( 1.557622124466039981, 5.518755943394333841, -2.589384180075903874 ) ) ;
#1540 =( NAMED_UNIT ( * ) SI_UNIT ( $, .STERADIAN. ) SOLID_ANGLE_UNIT ( ) );
#1541 = PRESENTATION_LAYER_ASSIGNMENT (  '', '', ( #3457 ) ) ;
#1542 = CYLINDRICAL_SURFACE ( 'NONE', #3586, 0.3250000000000001776 ) ;
#1543 = DIRECTION ( 'NONE',  ( 3.673940397442059375E-16, 0.000000000000000000, 1.000000000000000000 ) ) ;
#1544 = ORIENTED_EDGE ( 'NONE', *, *, #4453, .T. ) ;
#1545 = PRESENTATION_STYLE_ASSIGNMENT (( #4154 ) ) ;
#1546 = PRESENTATION_LAYER_ASSIGNMENT (  '', '', ( #661 ) ) ;
#1547 = CARTESIAN_POINT ( 'NONE',  ( -0.2368207673614718400, 6.816410676350611375, -2.015266867899740078 ) ) ;
#1548 = SURFACE_STYLE_FILL_AREA ( #426 ) ;
#1549 = LINE ( 'NONE', #1029, #1974 ) ;
#1550 = FILL_AREA_STYLE_COLOUR ( '', #1708 ) ;
#1551 = SURFACE_SIDE_STYLE ('',( #5861 ) ) ;
#1552 = ORIENTED_EDGE ( 'NONE', *, *, #1117, .T. ) ;
#1553 = SURFACE_STYLE_FILL_AREA ( #2627 ) ;
#1554 = ADVANCED_FACE ( 'NONE', ( #906 ), #1054, .F. ) ;
#1555 = CARTESIAN_POINT ( 'NONE',  ( -1.639756630885773836, 5.876285940478139125, -2.460610112887766210 ) ) ;
#1556 = LINE ( 'NONE', #4779, #4669 ) ;
#1557 = CARTESIAN_POINT ( 'NONE',  ( -0.4658422005912386532, 6.750761077730174087, -2.006214759040112927 ) ) ;
#1558 = FACE_OUTER_BOUND ( 'NONE', #1749, .T. ) ;
#1559 = PRESENTATION_STYLE_ASSIGNMENT (( #1671 ) ) ;
#1560 = MECHANICAL_DESIGN_GEOMETRIC_PRESENTATION_REPRESENTATION (  '', ( #3687 ), #3139 ) ;
#1561 = SURFACE_STYLE_USAGE ( .BOTH. , #4174 ) ;
#1562 = FILL_AREA_STYLE_COLOUR ( '', #4650 ) ;
#1563 = CARTESIAN_POINT ( 'NONE',  ( 2.540000000000000036, 7.370677107152034502, -1.565875461234215393 ) ) ;
#1564 = PLANE ( 'NONE',  #4238 ) ;
#1565 = AXIS2_PLACEMENT_3D ( 'NONE', #915, #1432, #1959 ) ;
#1566 = EDGE_CURVE ( 'NONE', #1168, #4130, #4287, .T. ) ;
#1567 = ORIENTED_EDGE ( 'NONE', *, *, #525, .F. ) ;
#1568 =( NAMED_UNIT ( * ) SI_UNIT ( $, .STERADIAN. ) SOLID_ANGLE_UNIT ( ) );
#1569 = ORIENTED_EDGE ( 'NONE', *, *, #5277, .T. ) ;
#1570 = DIRECTION ( 'NONE',  ( 0.000000000000000000, 0.000000000000000000, -1.000000000000000000 ) ) ;
#1571 = PRESENTATION_LAYER_ASSIGNMENT (  '', '', ( #6449 ) ) ;
#1572 = DIRECTION ( 'NONE',  ( 0.000000000000000000, -0.000000000000000000, 1.000000000000000000 ) ) ;
#1573 = UNCERTAINTY_MEASURE_WITH_UNIT (LENGTH_MEASURE( 1.000000000000000082E-05 ), #1128, 'distance_accuracy_value', 'NONE');
#1574 = CARTESIAN_POINT ( 'NONE',  ( 2.380110894603942207, 4.724339035756187855, 2.371883528468870850 ) ) ;
#1575 = FILL_AREA_STYLE_COLOUR ( '', #4961 ) ;
#1576 = ORIENTED_EDGE ( 'NONE', *, *, #5259, .F. ) ;
#1577 = CARTESIAN_POINT ( 'NONE',  ( -0.1019386692813207124, 3.681938463613049883, -2.103335537974308167 ) ) ;
#1578 = CARTESIAN_POINT ( 'NONE',  ( 0.05632860020257251382, 5.819591393833615456, -2.476059846874456571 ) ) ;
#1579 = CARTESIAN_POINT ( 'NONE',  ( 2.540000000000000036, 0.1499999999999999944, 0.000000000000000000 ) ) ;
#1580 = UNCERTAINTY_MEASURE_WITH_UNIT (LENGTH_MEASURE( 1.000000000000000082E-05 ), #1364, 'distance_accuracy_value', 'NONE');
#1581 = DIRECTION ( 'NONE',  ( 0.000000000000000000, -1.000000000000000000, 0.000000000000000000 ) ) ;
#1582 =( NAMED_UNIT ( * ) SI_UNIT ( $, .STERADIAN. ) SOLID_ANGLE_UNIT ( ) );
#1583 = ADVANCED_FACE ( 'NONE', ( #4252, #4762 ), #1603, .F. ) ;
#1584 = STYLED_ITEM ( 'NONE', ( #177 ), #4210 ) ;
#1585 = VERTEX_POINT ( 'NONE', #555 ) ;
#1586 = LINE ( 'NONE', #4265, #967 ) ;
#1587 = SURFACE_STYLE_FILL_AREA ( #3279 ) ;
#1588 = CARTESIAN_POINT ( 'NONE',  ( -1.093466000426426055, 3.820957556539257727, -2.194127157163935582 ) ) ;
#1589 = CARTESIAN_POINT ( 'NONE',  ( 1.514141130348148234, 5.668022720976466644, -2.563669846582163458 ) ) ;
#1590 = CARTESIAN_POINT ( 'NONE',  ( -1.776572241982545819, 5.445369739127105646, -2.548563266547361206 ) ) ;
#1591 = VERTEX_POINT ( 'NONE', #3301 ) ;
#1592 = DIRECTION ( 'NONE',  ( 1.588288116102910438E-16, 0.9017241429437475864, 0.4323118897652064585 ) ) ;
#1593 = PRESENTATION_LAYER_ASSIGNMENT (  '', '', ( #4803 ) ) ;
#1594 = SURFACE_STYLE_FILL_AREA ( #6421 ) ;
#1595 = LINE ( 'NONE', #1124, #4113 ) ;
#1596 = CARTESIAN_POINT ( 'NONE',  ( 0.5111350339862094083, 4.656994136244918536, -2.517175047211279271 ) ) ;
#1597 = CARTESIAN_POINT ( 'NONE',  ( 2.539999999999999591, 7.720461978346992105, -1.907104934563446541 ) ) ;
#1598 = COLOUR_RGB ( '',0.6039215686274509443, 0.6039215686274509443, 0.6039215686274509443 ) ;
#1599 = VERTEX_POINT ( 'NONE', #2106 ) ;
#1600 = ORIENTED_EDGE ( 'NONE', *, *, #3017, .F. ) ;
#1601 = ORIENTED_EDGE ( 'NONE', *, *, #580, .F. ) ;
#1602 = EDGE_LOOP ( 'NONE', ( #186, #1221, #2389, #1436 ) ) ;
#1603 = PLANE ( 'NONE',  #424 ) ;
#1604 = SURFACE_STYLE_USAGE ( .BOTH. , #3081 ) ;
#1605 = EDGE_CURVE ( 'NONE', #2579, #4709, #5845, .T. ) ;
#1606 = PLANE ( 'NONE',  #4886 ) ;
#1607 = CARTESIAN_POINT ( 'NONE',  ( -0.04813923592717801042, 5.839232140228245882, -2.470665162029972439 ) ) ;
#1608 = CARTESIAN_POINT ( 'NONE',  ( 0.8898003008608089681, 3.908418239047123599, -2.244482062942173783 ) ) ;
#1609 = EDGE_LOOP ( 'NONE', ( #1737, #2650, #726, #5247 ) ) ;
#1610 = CARTESIAN_POINT ( 'NONE',  ( 2.540000000000000480, 4.974339035756188743, 0.7856227993794330233 ) ) ;
#1611 = STYLED_ITEM ( 'NONE', ( #5112 ), #841 ) ;
#1612 = EDGE_CURVE ( 'NONE', #2352, #2579, #4221, .T. ) ;
#1613 =( NAMED_UNIT ( * ) SI_UNIT ( $, .STERADIAN. ) SOLID_ANGLE_UNIT ( ) );
#1614 = DIRECTION ( 'NONE',  ( -1.000000000000000000, -0.000000000000000000, -0.000000000000000000 ) ) ;
#1615 = AXIS2_PLACEMENT_3D ( 'NONE', #3009, #5043, #2909 ) ;
#1616 = FACE_OUTER_BOUND ( 'NONE', #3767, .T. ) ;
#1617 =( NAMED_UNIT ( * ) SI_UNIT ( $, .STERADIAN. ) SOLID_ANGLE_UNIT ( ) );
#1618 =( GEOMETRIC_REPRESENTATION_CONTEXT ( 3 ) GLOBAL_UNCERTAINTY_ASSIGNED_CONTEXT ( ( #6295 ) ) GLOBAL_UNIT_ASSIGNED_CONTEXT ( ( #2420, #1435, #1370 ) ) REPRESENTATION_CONTEXT ( 'NONE', 'WORKASPACE' ) );
#1619 = DIRECTION ( 'NONE',  ( 1.000000000000000000, 0.000000000000000000, -3.673940397442059375E-16 ) ) ;
#1620 = ORIENTED_EDGE ( 'NONE', *, *, #5493, .F. ) ;
#1621 = AXIS2_PLACEMENT_3D ( 'NONE', #1314, #1177, #3426 ) ;
#1622 = CARTESIAN_POINT ( 'NONE',  ( -0.001458570207583659425, 5.792270597492539252, -2.534899106393897039 ) ) ;
#1623 = CARTESIAN_POINT ( 'NONE',  ( -0.5750281698376218387, 3.595116112412696019, -2.040478855967144511 ) ) ;
#1624 = ADVANCED_FACE ( 'NONE', ( #5803 ), #6537, .T. ) ;
#1625 = FILL_AREA_STYLE_COLOUR ( '', #456 ) ;
#1626 = CARTESIAN_POINT ( 'NONE',  ( -1.429180357250152911, 6.202947033628274376, -2.340926276947789653 ) ) ;
#1627 = COLOUR_RGB ( '',0.6039215686274509443, 0.6039215686274509443, 0.6039215686274509443 ) ;
#1628 = CIRCLE ( 'NONE', #1406, 0.1750000000000002942 ) ;
#1629 = CARTESIAN_POINT ( 'NONE',  ( -0.4672338650412969363, 4.624300608455638617, -2.561613778408034836 ) ) ;
#1630 = DIRECTION ( 'NONE',  ( 1.000000000000000000, 0.000000000000000000, 0.000000000000000000 ) ) ;
#1631 = ORIENTED_EDGE ( 'NONE', *, *, #2111, .T. ) ;
#1632 = DIRECTION ( 'NONE',  ( -0.000000000000000000, -0.9017241429437475864, 0.4323118897652065140 ) ) ;
#1633 = CARTESIAN_POINT ( 'NONE',  ( 2.540000000000000480, 4.574339035756188387, 2.396839471939220978 ) ) ;
#1634 =( NAMED_UNIT ( * ) PLANE_ANGLE_UNIT ( ) SI_UNIT ( $, .RADIAN. ) );
#1635 = CARTESIAN_POINT ( 'NONE',  ( -2.540000000000000036, 7.527386901043757739, -1.691515034104492887 ) ) ;
#1636 =( LENGTH_UNIT ( ) NAMED_UNIT ( * ) SI_UNIT ( .MILLI., .METRE. ) );
#1637 = TOROIDAL_SURFACE ( 'NONE', #5292, 2.415000000000000036, 0.2000000000000000111 ) ;
#1638 = ORIENTED_EDGE ( 'NONE', *, *, #3466, .T. ) ;
#1639 = ORIENTED_EDGE ( 'NONE', *, *, #6485, .F. ) ;
#1640 = AXIS2_PLACEMENT_3D ( 'NONE', #762, #718, #337 ) ;
#1641 = ORIENTED_EDGE ( 'NONE', *, *, #4180, .F. ) ;
#1642 =( NAMED_UNIT ( * ) SI_UNIT ( $, .STERADIAN. ) SOLID_ANGLE_UNIT ( ) );
#1643 =( LENGTH_UNIT ( ) NAMED_UNIT ( * ) SI_UNIT ( .MILLI., .METRE. ) );
#1644 = AXIS2_PLACEMENT_3D ( 'NONE', #5569, #194, #2290 ) ;
#1645 = DIRECTION ( 'NONE',  ( 0.000000000000000000, 0.9876989601903538585, -0.1563674008190124864 ) ) ;
#1646 = CARTESIAN_POINT ( 'NONE',  ( 2.340000000000000302, 5.150000000000000355, 0.000000000000000000 ) ) ;
#1647 = PRODUCT_DEFINITION_CONTEXT ( 'detailed design', #1224, 'design' ) ;
#1648 = UNCERTAINTY_MEASURE_WITH_UNIT (LENGTH_MEASURE( 1.000000000000000082E-05 ), #2448, 'distance_accuracy_value', 'NONE');
#1649 = ORIENTED_EDGE ( 'NONE', *, *, #6043, .T. ) ;
#1650 = CARTESIAN_POINT ( 'NONE',  ( 2.540000000000000480, 5.150000000000000355, -9.331808609502832962E-16 ) ) ;
#1651 = ORIENTED_EDGE ( 'NONE', *, *, #6367, .F. ) ;
#1652 = FILL_AREA_STYLE_COLOUR ( '', #289 ) ;
#1653 = MECHANICAL_DESIGN_GEOMETRIC_PRESENTATION_REPRESENTATION (  '', ( #2998 ), #2225 ) ;
#1654 = PRESENTATION_STYLE_ASSIGNMENT (( #4701 ) ) ;
#1655 = UNCERTAINTY_MEASURE_WITH_UNIT (LENGTH_MEASURE( 1.000000000000000082E-05 ), #792, 'distance_accuracy_value', 'NONE');
#1656 = CARTESIAN_POINT ( 'NONE',  ( -2.539999999999999591, 3.324448422829183958, 1.656377505005771411 ) ) ;
#1657 = FILL_AREA_STYLE_COLOUR ( '', #5808 ) ;
#1658 = ADVANCED_FACE ( 'NONE', ( #775 ), #6027, .T. ) ;
#1659 = AXIS2_PLACEMENT_3D ( 'NONE', #2262, #3505, #6248 ) ;
#1660 = CARTESIAN_POINT ( 'NONE',  ( -2.539999999999999591, 7.230341301471685078, 1.859107331326271817 ) ) ;
#1661 = DIRECTION ( 'NONE',  ( 0.000000000000000000, 0.9876989601903538585, -0.1563674008190127362 ) ) ;
#1662 = VERTEX_POINT ( 'NONE', #6511 ) ;
#1663 = SURFACE_STYLE_USAGE ( .BOTH. , #433 ) ;
#1664 =( NAMED_UNIT ( * ) SI_UNIT ( $, .STERADIAN. ) SOLID_ANGLE_UNIT ( ) );
#1665 = PRESENTATION_LAYER_ASSIGNMENT (  '', '', ( #118 ) ) ;
#1666 = CARTESIAN_POINT ( 'NONE',  ( -1.742373104103354775, 5.613291981369543215, -2.525343058981287303 ) ) ;
#1667 = SURFACE_STYLE_USAGE ( .BOTH. , #2127 ) ;
#1668 = CARTESIAN_POINT ( 'NONE',  ( 1.462873724836457390, 6.159078188343912075, -2.358658917837648250 ) ) ;
#1669 = DIRECTION ( 'NONE',  ( -1.224646799147353454E-16, 1.000000000000000000, 0.000000000000000000 ) ) ;
#1670 = AXIS2_PLACEMENT_3D ( 'NONE', #3399, #2860, #220 ) ;
#1671 = SURFACE_STYLE_USAGE ( .BOTH. , #4782 ) ;
#1672 = ORIENTED_EDGE ( 'NONE', *, *, #324, .F. ) ;
#1673 = SURFACE_SIDE_STYLE ('',( #1594 ) ) ;
#1674 = VERTEX_POINT ( 'NONE', #1788 ) ;
#1675 = ORIENTED_EDGE ( 'NONE', *, *, #1745, .T. ) ;
#1676 = CARTESIAN_POINT ( 'NONE',  ( 2.290000000000000924, 5.609476576732736142, 2.421798149192860627 ) ) ;
#1677 = CIRCLE ( 'NONE', #791, 0.3999999999999999667 ) ;
#1678 = CARTESIAN_POINT ( 'NONE',  ( -1.547890382372949736, 5.568843517186764736, -2.583336774177335649 ) ) ;
#1679 = B_SPLINE_CURVE_WITH_KNOTS ( 'NONE', 3,
 ( #385, #4592, #4626, #954, #269, #5673, #2517, #4726, #988, #2034 ),
 .UNSPECIFIED., .F., .F.,
 ( 4, 2, 2, 2, 4 ),
 ( 0.3869746838072282147, 0.4636028483313247017, 0.5402310128554211888, 0.6934873419036140518, 1.000000000000000000 ),
 .UNSPECIFIED. ) ;
#1680 = ORIENTED_EDGE ( 'NONE', *, *, #4504, .F. ) ;
#1681 = DIRECTION ( 'NONE',  ( 0.000000000000000000, -1.000000000000000000, 0.000000000000000000 ) ) ;
#1682 = FACE_OUTER_BOUND ( 'NONE', #5351, .T. ) ;
#1683 = ORIENTED_EDGE ( 'NONE', *, *, #1922, .F. ) ;
#1684 = ORIENTED_EDGE ( 'NONE', *, *, #2110, .T. ) ;
#1685 = FACE_OUTER_BOUND ( 'NONE', #3405, .T. ) ;
#1686 = FACE_BOUND ( 'NONE', #2073, .T. ) ;
#1687 = PRESENTATION_STYLE_ASSIGNMENT (( #6372 ) ) ;
#1688 = MECHANICAL_DESIGN_GEOMETRIC_PRESENTATION_REPRESENTATION (  '', ( #1360 ), #6456 ) ;
#1689 = CARTESIAN_POINT ( 'NONE',  ( -2.540000000000000036, 6.988007637321757670, -1.642544649361741049 ) ) ;
#1690 = AXIS2_PLACEMENT_3D ( 'NONE', #1041, #5759, #2751 ) ;
#1691 = PRESENTATION_STYLE_ASSIGNMENT (( #2699 ) ) ;
#1692 = CARTESIAN_POINT ( 'NONE',  ( -2.540000000000000036, 7.546404284867462842, -1.645263485197931530 ) ) ;
#1693 = CYLINDRICAL_SURFACE ( 'NONE', #630, 0.2500000000000000000 ) ;
#1694 = DIRECTION ( 'NONE',  ( -1.000000000000000000, -0.000000000000000000, 3.673940397442059375E-16 ) ) ;
#1695 = EDGE_CURVE ( 'NONE', #778, #778, #4761, .T. ) ;
#1696 = CARTESIAN_POINT ( 'NONE',  ( 1.799999999999999600, 5.156480681601331106, -2.564991813001746834 ) ) ;
#1697 = CARTESIAN_POINT ( 'NONE',  ( 1.270292626106421796, 6.112517288915842784, -2.432958785432360660 ) ) ;
#1698 = CARTESIAN_POINT ( 'NONE',  ( -1.787827807224156240, 4.921535495611826683, -2.557290525993538122 ) ) ;
#1699 = PLANE ( 'NONE',  #3425 ) ;
#1700 = B_SPLINE_SURFACE_WITH_KNOTS ( 'NONE', 1, 3, ( 
 ( #5038, #1793, #4395, #3927 ),
 ( #5466, #3377, #6514, #1301 ) ),
 .UNSPECIFIED., .F., .F., .F.,
 ( 2, 2 ),
 ( 4, 4 ),
 ( 0.000000000000000000, 1.000000000000000000 ),
 ( 0.000000000000000000, 1.000000000000000000 ),
 .UNSPECIFIED. ) ;
#1701 = FACE_OUTER_BOUND ( 'NONE', #441, .T. ) ;
#1702 = MECHANICAL_DESIGN_GEOMETRIC_PRESENTATION_REPRESENTATION (  '', ( #2932 ), #34 ) ;
#1703 = EDGE_CURVE ( 'NONE', #2385, #5376, #250, .T. ) ;
#1704 = APPLICATION_CONTEXT ( 'automotive_design' ) ;
#1705 = FILL_AREA_STYLE ('',( #1562 ) ) ;
#1706 = SURFACE_SIDE_STYLE ('',( #623 ) ) ;
#1707 = ORIENTED_EDGE ( 'NONE', *, *, #2301, .F. ) ;
#1708 = COLOUR_RGB ( '',0.6039215686274509443, 0.6039215686274509443, 0.6039215686274509443 ) ;
#1709 = CYLINDRICAL_SURFACE ( 'NONE', #3105, 0.2500000000000000000 ) ;
#1710 = EDGE_LOOP ( 'NONE', ( #3422, #309, #3916, #2899 ) ) ;
#1711 = ORIENTED_EDGE ( 'NONE', *, *, #3073, .F. ) ;
#1712 = CARTESIAN_POINT ( 'NONE',  ( -0.2337183748672707340, 3.502619054317017699, -2.030978574933743452 ) ) ;
#1713 = CARTESIAN_POINT ( 'NONE',  ( -1.384660726175924061, 4.361049444098074268, -2.494651654321787593 ) ) ;
#1714 = ORIENTED_EDGE ( 'NONE', *, *, #332, .F. ) ;
#1715 = CARTESIAN_POINT ( 'NONE',  ( 2.165000000000000036, 0.1499999999999999944, -0.7499999999999991118 ) ) ;
#1716 = CARTESIAN_POINT ( 'NONE',  ( 2.539999999999999591, 0.1499999999999999944, -1.124999999999999112 ) ) ;
#1717 = ADVANCED_FACE ( 'NONE', ( #4018 ), #2871, .F. ) ;
#1718 = SURFACE_STYLE_USAGE ( .BOTH. , #4467 ) ;
#1719 = ORIENTED_EDGE ( 'NONE', *, *, #2603, .F. ) ;
#1720 = SURFACE_SIDE_STYLE ('',( #6480 ) ) ;
#1721 = STYLED_ITEM ( 'NONE', ( #2553 ), #3512 ) ;
#1722 = SURFACE_STYLE_FILL_AREA ( #6482 ) ;
#1723 = FILL_AREA_STYLE_COLOUR ( '', #3981 ) ;
#1724 = CARTESIAN_POINT ( 'NONE',  ( 9.350000000000001421, 0.02499999999999885994, -0.1500000000000000222 ) ) ;
#1725 = CARTESIAN_POINT ( 'NONE',  ( 2.615000000000000213, -0.2500000000000000000, -0.7499999999999991118 ) ) ;
#1726 = DIRECTION ( 'NONE',  ( -0.000000000000000000, 0.000000000000000000, 1.000000000000000000 ) ) ;
#1727 = LINE ( 'NONE', #4334, #1498 ) ;
#1728 = PRESENTATION_LAYER_ASSIGNMENT (  '', '', ( #2733 ) ) ;
#1729 = SURFACE_STYLE_FILL_AREA ( #3866 ) ;
#1730 = MECHANICAL_DESIGN_GEOMETRIC_PRESENTATION_REPRESENTATION (  '', ( #4939 ), #6384 ) ;
#1731 = SURFACE_STYLE_FILL_AREA ( #6532 ) ;
#1732 = CARTESIAN_POINT ( 'NONE',  ( -0.1079101302507000371, 6.657180184382881727, -2.136968154923151175 ) ) ;
#1733 = CARTESIAN_POINT ( 'NONE',  ( -0.1156878373770389573, 3.525617141074103511, -1.985095809075543283 ) ) ;
#1734 = CARTESIAN_POINT ( 'NONE',  ( -0.05844314102871005917, 5.823137166547433630, -2.475098251587700915 ) ) ;
#1735 = COLOUR_RGB ( '',0.6039215686274509443, 0.6039215686274509443, 0.6039215686274509443 ) ;
#1736 = DIRECTION ( 'NONE',  ( 2.448118110301177406E-16, -0.7456420435382390410, 0.6663467137370144844 ) ) ;
#1737 = ORIENTED_EDGE ( 'NONE', *, *, #6545, .T. ) ;
#1738 = DIRECTION ( 'NONE',  ( 0.000000000000000000, -1.000000000000000000, 0.000000000000000000 ) ) ;
#1739 = CARTESIAN_POINT ( 'NONE',  ( -2.539999999999999591, 7.370677107152034502, 1.565875461234214505 ) ) ;
#1740 = CARTESIAN_POINT ( 'NONE',  ( 0.01465588942988055483, 5.855685985693475537, -2.466015613562988040 ) ) ;
#1741 = SURFACE_STYLE_USAGE ( .BOTH. , #6019 ) ;
#1742 = PRESENTATION_LAYER_ASSIGNMENT (  '', '', ( #2198 ) ) ;
#1743 =( NAMED_UNIT ( * ) SI_UNIT ( $, .STERADIAN. ) SOLID_ANGLE_UNIT ( ) );
#1744 = ORIENTED_EDGE ( 'NONE', *, *, #351, .T. ) ;
#1745 = EDGE_CURVE ( 'NONE', #5387, #4451, #2850, .T. ) ;
#1746 =( NAMED_UNIT ( * ) PLANE_ANGLE_UNIT ( ) SI_UNIT ( $, .RADIAN. ) );
#1747 = CIRCLE ( 'NONE', #5418, 0.5000000000000000000 ) ;
#1748 = MECHANICAL_DESIGN_GEOMETRIC_PRESENTATION_REPRESENTATION (  '', ( #5611 ), #966 ) ;
#1749 = EDGE_LOOP ( 'NONE', ( #1675, #968, #1198, #5141 ) ) ;
#1750 = CARTESIAN_POINT ( 'NONE',  ( 1.098592377804273656, 3.795435217648388981, -2.237793489598157048 ) ) ;
#1751 = CARTESIAN_POINT ( 'NONE',  ( -0.7966670292812415566, 3.829890327845861364, -2.258077843897560388 ) ) ;
#1752 = CARTESIAN_POINT ( 'NONE',  ( 0.5138015840057972294, 4.609244421622443078, -2.558594595819560169 ) ) ;
#1753 = SURFACE_STYLE_USAGE ( .BOTH. , #6512 ) ;
#1754 = CARTESIAN_POINT ( 'NONE',  ( 2.140000000000000568, 5.609476576732736142, 2.574316661841345333 ) ) ;
#1755 = VERTEX_POINT ( 'NONE', #5541 ) ;
#1756 = AXIS2_PLACEMENT_3D ( 'NONE', #5252, #46, #5804 ) ;
#1757 = ORIENTED_EDGE ( 'NONE', *, *, #85, .T. ) ;
#1758 = SURFACE_SIDE_STYLE ('',( #6438 ) ) ;
#1759 = EDGE_LOOP ( 'NONE', ( #4800 ) ) ;
#1760 =( GEOMETRIC_REPRESENTATION_CONTEXT ( 3 ) GLOBAL_UNCERTAINTY_ASSIGNED_CONTEXT ( ( #187 ) ) GLOBAL_UNIT_ASSIGNED_CONTEXT ( ( #6771, #5607, #2455 ) ) REPRESENTATION_CONTEXT ( 'NONE', 'WORKASPACE' ) );
#1761 = DIRECTION ( 'NONE',  ( 1.000000000000000000, -1.224646799147353454E-16, 0.000000000000000000 ) ) ;
#1762 = CIRCLE ( 'NONE', #5859, 2.464999999999999414 ) ;
#1763 = SURFACE_STYLE_USAGE ( .BOTH. , #5959 ) ;
#1764 = PRODUCT_DEFINITION_SHAPE ( 'NONE', 'NONE',  #6890 ) ;
#1765 = DIRECTION ( 'NONE',  ( -1.000000000000000000, -0.000000000000000000, -0.000000000000000000 ) ) ;
#1766 = DIRECTION ( 'NONE',  ( 1.000000000000000000, 0.000000000000000000, 0.000000000000000000 ) ) ;
#1767 = DIRECTION ( 'NONE',  ( -1.000000000000000000, 0.000000000000000000, -0.000000000000000000 ) ) ;
#1768 = DIRECTION ( 'NONE',  ( 1.224646799147353454E-16, -1.000000000000000000, 0.000000000000000000 ) ) ;
#1769 = CARTESIAN_POINT ( 'NONE',  ( 2.539999999999999591, 4.925534570556409975, -2.555159539243040623 ) ) ;
#1770 = CARTESIAN_POINT ( 'NONE',  ( -1.272127031887017479, 6.110122946904806618, -2.433903044324991161 ) ) ;
#1771 = PRESENTATION_LAYER_ASSIGNMENT (  '', '', ( #5083 ) ) ;
#1772 = PRESENTATION_STYLE_ASSIGNMENT (( #6535 ) ) ;
#1773 = PLANE ( 'NONE',  #6168 ) ;
#1774 = ORIENTED_EDGE ( 'NONE', *, *, #3711, .T. ) ;
#1775 = COLOUR_RGB ( '',0.6039215686274509443, 0.6039215686274509443, 0.6039215686274509443 ) ;
#1776 = EDGE_CURVE ( 'NONE', #10, #3518, #3451, .T. ) ;
#1777 = ORIENTED_EDGE ( 'NONE', *, *, #3253, .F. ) ;
#1778 =( LENGTH_UNIT ( ) NAMED_UNIT ( * ) SI_UNIT ( .MILLI., .METRE. ) );
#1779 = CARTESIAN_POINT ( 'NONE',  ( 2.390000000000000568, 4.724339035756187855, 1.035622799379432912 ) ) ;
#1780 = CARTESIAN_POINT ( 'NONE',  ( 2.615000000000000213, 0.1499999999999999944, -0.7499999999999991118 ) ) ;
#1781 = FILL_AREA_STYLE_COLOUR ( '', #5707 ) ;
#1782 = AXIS2_PLACEMENT_3D ( 'NONE', #5628, #876, #2025 ) ;
#1783 = ORIENTED_EDGE ( 'NONE', *, *, #2335, .T. ) ;
#1784 = CARTESIAN_POINT ( 'NONE',  ( -2.540000000000000480, 7.824083896241788239, -2.551727555061424457 ) ) ;
#1785 = ORIENTED_EDGE ( 'NONE', *, *, #6739, .F. ) ;
#1786 = CARTESIAN_POINT ( 'NONE',  ( -0.7950813826550283681, 3.638131595802082341, -2.134138622248025197 ) ) ;
#1787 = CARTESIAN_POINT ( 'NONE',  ( -1.053464682090483384, 3.990132868741194994, -2.344840466706774595 ) ) ;
#1788 = CARTESIAN_POINT ( 'NONE',  ( 2.540000000000000480, 7.972238740270340962, 2.528272444938573837 ) ) ;
#1789 = EDGE_CURVE ( 'NONE', #3746, #4090, #409, .T. ) ;
#1790 = UNCERTAINTY_MEASURE_WITH_UNIT (LENGTH_MEASURE( 1.000000000000000082E-05 ), #8, 'distance_accuracy_value', 'NONE');
#1791 = FACE_OUTER_BOUND ( 'NONE', #6781, .T. ) ;
#1792 = EDGE_CURVE ( 'NONE', #4791, #5033, #5651, .T. ) ;
#1793 = CARTESIAN_POINT ( 'NONE',  ( 0.3879806341914769918, 4.776202565905921738, -2.589300760999639017 ) ) ;
#1794 = UNCERTAINTY_MEASURE_WITH_UNIT (LENGTH_MEASURE( 1.000000000000000082E-05 ), #6035, 'distance_accuracy_value', 'NONE');
#1795 =( NAMED_UNIT ( * ) SI_UNIT ( $, .STERADIAN. ) SOLID_ANGLE_UNIT ( ) );
#1796 = PRESENTATION_LAYER_ASSIGNMENT (  '', '', ( #3797 ) ) ;
#1797 = UNCERTAINTY_MEASURE_WITH_UNIT (LENGTH_MEASURE( 1.000000000000000082E-05 ), #4642, 'distance_accuracy_value', 'NONE');
#1798 =( LENGTH_UNIT ( ) NAMED_UNIT ( * ) SI_UNIT ( .MILLI., .METRE. ) );
#1799 =( NAMED_UNIT ( * ) SI_UNIT ( $, .STERADIAN. ) SOLID_ANGLE_UNIT ( ) );
#1800 =( GEOMETRIC_REPRESENTATION_CONTEXT ( 3 ) GLOBAL_UNCERTAINTY_ASSIGNED_CONTEXT ( ( #5539 ) ) GLOBAL_UNIT_ASSIGNED_CONTEXT ( ( #4438, #2450, #1863 ) ) REPRESENTATION_CONTEXT ( 'NONE', 'WORKASPACE' ) );
#1801 = ORIENTED_EDGE ( 'NONE', *, *, #6239, .F. ) ;
#1802 = B_SPLINE_CURVE_WITH_KNOTS ( 'NONE', 3,
 ( #178, #3326, #3837, #4919, #2166, #4273, #5936, #1123 ),
 .UNSPECIFIED., .F., .F.,
 ( 4, 2, 2, 4 ),
 ( 0.000000000000000000, 0.2499999999999999445, 0.4999999999999998890, 1.000000000000000000 ),
 .UNSPECIFIED. ) ;
#1803 = CARTESIAN_POINT ( 'NONE',  ( 0.000000000000000000, 0.02500000000000000486, 0.1499999999999999667 ) ) ;
#1804 = EDGE_CURVE ( 'NONE', #6403, #457, #6250, .T. ) ;
#1805 = DIRECTION ( 'NONE',  ( 0.000000000000000000, 1.000000000000000000, 0.000000000000000000 ) ) ;
#1806 =( LENGTH_UNIT ( ) NAMED_UNIT ( * ) SI_UNIT ( .MILLI., .METRE. ) );
#1807 = CIRCLE ( 'NONE', #3596, 0.2500000000000002220 ) ;
#1808 = CARTESIAN_POINT ( 'NONE',  ( -0.9721240705347685696, 3.931551594019662588, -2.314516920996676941 ) ) ;
#1809 = CARTESIAN_POINT ( 'NONE',  ( 2.540000000000000036, 3.213360091561182408, -1.757171267987868379 ) ) ;
#1810 = CARTESIAN_POINT ( 'NONE',  ( -0.008668006815843315449, 5.856162024184961901, -2.465879218268705930 ) ) ;
#1811 = ORIENTED_EDGE ( 'NONE', *, *, #1267, .T. ) ;
#1812 = DIRECTION ( 'NONE',  ( 1.000000000000000000, 1.224646799147353454E-16, -0.000000000000000000 ) ) ;
#1813 = VERTEX_POINT ( 'NONE', #980 ) ;
#1814 = SURFACE_STYLE_USAGE ( .BOTH. , #1851 ) ;
#1815 = MECHANICAL_DESIGN_GEOMETRIC_PRESENTATION_REPRESENTATION (  '', ( #2695 ), #2862 ) ;
#1816 =( NAMED_UNIT ( * ) SI_UNIT ( $, .STERADIAN. ) SOLID_ANGLE_UNIT ( ) );
#1817 = CARTESIAN_POINT ( 'NONE',  ( -2.540000000000000036, 7.320652969696258339, -1.530490407259257113 ) ) ;
#1818 = DIRECTION ( 'NONE',  ( 3.312880756109851530E-16, -0.4323118897652066805, 0.9017241429437473643 ) ) ;
#1819 = ORIENTED_EDGE ( 'NONE', *, *, #58, .T. ) ;
#1820 = CARTESIAN_POINT ( 'NONE',  ( 0.4466595336674702432, 4.634095164281056611, -2.512581779859475617 ) ) ;
#1821 = ORIENTED_EDGE ( 'NONE', *, *, #2779, .T. ) ;
#1822 = CARTESIAN_POINT ( 'NONE',  ( 1.272639761586169316, 3.932697028864139188, -2.314389439239603607 ) ) ;
#1823 = B_SPLINE_SURFACE_WITH_KNOTS ( 'NONE', 1, 3, ( 
 ( #5905, #4787, #4752, #1597, #2136, #3290, #5380, #2167, #6359, #2759, #4346, #5838 ),
 ( #6466, #1189, #3331, #1088, #5317, #6391, #1635, #3776, #5873, #1817, #3947, #4960 ) ),
 .UNSPECIFIED., .F., .F., .F.,
 ( 2, 2 ),
 ( 4, 2, 2, 2, 2, 4 ),
 ( 0.000000000000000000, 1.000000000000000000 ),
 ( 0.000000000000000000, 0.5000000000000000000, 0.7500000000000000000, 0.8750000000000000000, 1.000000000000000000, 1.180854113161419860 ),
 .UNSPECIFIED. ) ;
#1824 = SURFACE_STYLE_FILL_AREA ( #4462 ) ;
#1825 = DIRECTION ( 'NONE',  ( 1.000000000000000000, 0.000000000000000000, 0.000000000000000000 ) ) ;
#1826 =( NAMED_UNIT ( * ) SI_UNIT ( $, .STERADIAN. ) SOLID_ANGLE_UNIT ( ) );
#1827 = VERTEX_POINT ( 'NONE', #3959 ) ;
#1828 =( GEOMETRIC_REPRESENTATION_CONTEXT ( 3 ) GLOBAL_UNCERTAINTY_ASSIGNED_CONTEXT ( ( #6674 ) ) GLOBAL_UNIT_ASSIGNED_CONTEXT ( ( #3686, #4229, #5440 ) ) REPRESENTATION_CONTEXT ( 'NONE', 'WORKASPACE' ) );
#1829 = ORIENTED_EDGE ( 'NONE', *, *, #6011, .F. ) ;
#1830 = CARTESIAN_POINT ( 'NONE',  ( 2.540000000000000480, 7.230341301471685078, 1.859107331326271817 ) ) ;
#1831 = LINE ( 'NONE', #3963, #2408 ) ;
#1832 = AXIS2_PLACEMENT_3D ( 'NONE', #2914, #5011, #2227 ) ;
#1833 = DIRECTION ( 'NONE',  ( -1.000000000000000000, 0.000000000000000000, 3.673940397442059375E-16 ) ) ;
#1834 = CARTESIAN_POINT ( 'NONE',  ( 2.140000000000000568, 4.574339035756188387, 2.152681590485153063 ) ) ;
#1835 = VERTEX_POINT ( 'NONE', #4551 ) ;
#1836 = MECHANICAL_DESIGN_GEOMETRIC_PRESENTATION_REPRESENTATION (  '', ( #949 ), #56 ) ;
#1837 = PRESENTATION_STYLE_ASSIGNMENT (( #5965 ) ) ;
#1838 = EDGE_CURVE ( 'NONE', #222, #3706, #912, .T. ) ;
#1839 = DIRECTION ( 'NONE',  ( -1.000000000000000000, 0.000000000000000000, 3.673940397442059375E-16 ) ) ;
#1840 = EDGE_CURVE ( 'NONE', #5705, #4247, #2973, .T. ) ;
#1841 = FACE_OUTER_BOUND ( 'NONE', #5282, .T. ) ;
#1842 = AXIS2_PLACEMENT_3D ( 'NONE', #4411, #3430, #2925 ) ;
#1843 = CARTESIAN_POINT ( 'NONE',  ( -1.517553315273250769, 5.667534115675922912, -2.565136698081968536 ) ) ;
#1844 = SURFACE_SIDE_STYLE ('',( #4949 ) ) ;
#1845 = DIRECTION ( 'NONE',  ( 1.512507975374611523E-16, -0.9113259857226829741, 0.4116854961576618677 ) ) ;
#1846 = VERTEX_POINT ( 'NONE', #4175 ) ;
#1847 = DIRECTION ( 'NONE',  ( 0.000000000000000000, 1.000000000000000000, 0.000000000000000000 ) ) ;
#1848 = DIRECTION ( 'NONE',  ( -1.000000000000000000, -0.000000000000000000, -0.000000000000000000 ) ) ;
#1850 = EDGE_LOOP ( 'NONE', ( #3564 ) ) ;
#1849 = COLOUR_RGB ( '',0.6039215686274509443, 0.6039215686274509443, 0.6039215686274509443 ) ;
#1851 = SURFACE_SIDE_STYLE ('',( #3366 ) ) ;
#1852 = SURFACE_STYLE_USAGE ( .BOTH. , #5527 ) ;
#1853 = CARTESIAN_POINT ( 'NONE',  ( -0.008548199910681800184, 4.853019561442319940, -2.598081526648863271 ) ) ;
#1854 = CARTESIAN_POINT ( 'NONE',  ( 2.539999999999999591, 0.4655013641736949759, -2.935956669857431311 ) ) ;
#1855 = ORIENTED_EDGE ( 'NONE', *, *, #6631, .T. ) ;
#1856 = UNCERTAINTY_MEASURE_WITH_UNIT (LENGTH_MEASURE( 1.000000000000000082E-05 ), #2030, 'distance_accuracy_value', 'NONE');
#1857 = ORIENTED_EDGE ( 'NONE', *, *, #5218, .F. ) ;
#1858 = CARTESIAN_POINT ( 'NONE',  ( -0.9961482522211160262, 3.737592725646883718, -2.200756845122695093 ) ) ;
#1859 = ORIENTED_EDGE ( 'NONE', *, *, #4792, .F. ) ;
#1860 =( GEOMETRIC_REPRESENTATION_CONTEXT ( 3 ) GLOBAL_UNCERTAINTY_ASSIGNED_CONTEXT ( ( #3041 ) ) GLOBAL_UNIT_ASSIGNED_CONTEXT ( ( #2628, #5234, #573 ) ) REPRESENTATION_CONTEXT ( 'NONE', 'WORKASPACE' ) );
#1861 = DIRECTION ( 'NONE',  ( -1.000000000000000000, 0.000000000000000000, 3.673940397442059375E-16 ) ) ;
#1862 = UNCERTAINTY_MEASURE_WITH_UNIT (LENGTH_MEASURE( 1.000000000000000082E-05 ), #3402, 'distance_accuracy_value', 'NONE');
#1863 =( NAMED_UNIT ( * ) SI_UNIT ( $, .STERADIAN. ) SOLID_ANGLE_UNIT ( ) );
#1864 = VERTEX_POINT ( 'NONE', #6587 ) ;
#1865 = AXIS2_PLACEMENT_3D ( 'NONE', #5816, #2078, #3233 ) ;
#1866 = VERTEX_POINT ( 'NONE', #2572 ) ;
#1867 = VECTOR ( 'NONE', #1805, 1000.000000000000000 ) ;
#1868 = SURFACE_STYLE_FILL_AREA ( #4559 ) ;
#1869 = FILL_AREA_STYLE_COLOUR ( '', #1289 ) ;
#1870 = CARTESIAN_POINT ( 'NONE',  ( 2.540000000000000480, 3.008102457706269384, 1.716962266451821373 ) ) ;
#1871 = MECHANICAL_DESIGN_GEOMETRIC_PRESENTATION_REPRESENTATION (  '', ( #3753 ), #87 ) ;
#1872 = PRODUCT_DEFINITION_FORMATION_WITH_SPECIFIED_SOURCE ( 'ANY', '', #5021, .NOT_KNOWN. ) ;
#1873 = VECTOR ( 'NONE', #5076, 1000.000000000000000 ) ;
#1874 = CARTESIAN_POINT ( 'NONE',  ( 2.540000000000000480, 3.083757038415181118, 1.874763991466977364 ) ) ;
#1875 = CARTESIAN_POINT ( 'NONE',  ( -0.1172450103164985880, 5.501617641858441488, -2.556962251762095129 ) ) ;
#1876 = ORIENTED_EDGE ( 'NONE', *, *, #5827, .T. ) ;
#1877 = FACE_OUTER_BOUND ( 'NONE', #4900, .T. ) ;
#1878 = COLOUR_RGB ( '',0.6039215686274509443, 0.6039215686274509443, 0.6039215686274509443 ) ;
#1879 =( GEOMETRIC_REPRESENTATION_CONTEXT ( 3 ) GLOBAL_UNCERTAINTY_ASSIGNED_CONTEXT ( ( #2979 ) ) GLOBAL_UNIT_ASSIGNED_CONTEXT ( ( #75, #1634, #182 ) ) REPRESENTATION_CONTEXT ( 'NONE', 'WORKASPACE' ) );
#1880 = CARTESIAN_POINT ( 'NONE',  ( 0.1098681276063343676, 5.508470654673405242, -2.606805857389638881 ) ) ;
#1881 = SURFACE_STYLE_USAGE ( .BOTH. , #6672 ) ;
#1882 =( GEOMETRIC_REPRESENTATION_CONTEXT ( 3 ) GLOBAL_UNCERTAINTY_ASSIGNED_CONTEXT ( ( #453 ) ) GLOBAL_UNIT_ASSIGNED_CONTEXT ( ( #1454, #468, #3061 ) ) REPRESENTATION_CONTEXT ( 'NONE', 'WORKASPACE' ) );
#1883 = ORIENTED_EDGE ( 'NONE', *, *, #216, .T. ) ;
#1884 = ADVANCED_FACE ( 'NONE', ( #6825 ), #3030, .F. ) ;
#1885 = CARTESIAN_POINT ( 'NONE',  ( 1.282654434417815459, 4.198479885787356203, -2.440363004768868027 ) ) ;
#1886 = EDGE_CURVE ( 'NONE', #3706, #1168, #2505, .T. ) ;
#1887 = EDGE_CURVE ( 'NONE', #146, #6479, #6222, .T. ) ;
#1888 = FILL_AREA_STYLE_COLOUR ( '', #5490 ) ;
#1889 = B_SPLINE_SURFACE_WITH_KNOTS ( 'NONE', 1, 3, ( 
 ( #3437, #976, #3636, #1528, #4104, #3571, #2021, #3534, #5724, #6753, #5693, #5095, #3663, #1950, #2499, #404, #4137, #4170, #5756, #475, #1008, #6219, #438, #1987, #3103, #2598, #1458, #4712, #943, #6820, #6858, #2092, #4207, #3066, #2568, #905, #5160, #1393, #5205, #2536, #870, #6790, #4678, #3000, #343, #2468, #4577, #4069, #6184, #1425, #5657, #5829, #6353, #5342, #613, #32, #2791, #577, #4338, #1075, #4237, #2708, #5412, #4851, #4882, #6314 ),
 ( #110, #3831, #1147, #144, #4811, #2160, #3207, #1668, #5897, #4269, #655, #2234, #5372, #4780, #5791, #3172, #4306, #2269, #6381, #5932, #1557, #3725, #1039, #5307, #1626, #3695, #2128, #5271, #66, #2748, #6454, #1590, #539, #2668, #6417, #3281, #1698, #3763, #2197, #5867, #1118, #3799, #3244, #1182, #4745, #3319, #504, #2635, #1, #2379, #6012, #4004, #1733, #3393, #4476, #3463, #4509, #714, #756, #1350, #6639, #5480, #175, #2310, #2853, #6603 ) ),
 .UNSPECIFIED., .F., .T., .F.,
 ( 2, 2 ),
 ( 4, 2, 2, 2, 2, 2, 2, 2, 2, 2, 2, 2, 2, 2, 2, 2, 2, 2, 2, 2, 2, 2, 2, 2, 2, 2, 2, 2, 2, 2, 2, 2, 4 ),
 ( 0.000000000000000000, 1.000000000000000000 ),
 ( 0.000000000000000000, 0.03125000000000000000, 0.06250000000000000000, 0.09375000000000000000, 0.1093750000000000000, 0.1250000000000000000, 0.1562500000000000000, 0.1875000000000000000, 0.2187500000000000000, 0.2500000000000000000, 0.3125000000000000000, 0.3750000000000000000, 0.4062500000000000000, 0.4218750000000000000, 0.4375000000000000000, 0.4687500000000000000, 0.4843750000000000000, 0.5000000000000000000, 0.5312500000000000000, 0.5625000000000000000, 0.5937500000000000000, 0.6250000000000000000, 0.6406250000000000000, 0.6562500000000000000, 0.6875000000000000000, 0.7187500000000000000, 0.7500000000000000000, 0.7812500000000000000, 0.8125000000000000000, 0.8437500000000000000, 0.8750000000000000000, 0.9375000000000000000, 1.000000000000000000 ),
 .UNSPECIFIED. ) ;
#1890 =( LENGTH_UNIT ( ) NAMED_UNIT ( * ) SI_UNIT ( .MILLI., .METRE. ) );
#1891 = ORIENTED_EDGE ( 'NONE', *, *, #6763, .T. ) ;
#1892 = CARTESIAN_POINT ( 'NONE',  ( -2.539999999999999591, 7.320652969696258339, 1.530490407259258001 ) ) ;
#1893 =( GEOMETRIC_REPRESENTATION_CONTEXT ( 3 ) GLOBAL_UNCERTAINTY_ASSIGNED_CONTEXT ( ( #2144 ) ) GLOBAL_UNIT_ASSIGNED_CONTEXT ( ( #5623, #1952, #2901 ) ) REPRESENTATION_CONTEXT ( 'NONE', 'WORKASPACE' ) );
#1894 = FACE_OUTER_BOUND ( 'NONE', #899, .T. ) ;
#1895 = DIRECTION ( 'NONE',  ( 1.000000000000000000, -0.000000000000000000, -0.000000000000000000 ) ) ;
#1896 = FILL_AREA_STYLE ('',( #5027 ) ) ;
#1897 = SURFACE_SIDE_STYLE ('',( #802 ) ) ;
#1898 = CARTESIAN_POINT ( 'NONE',  ( -2.540000000000000480, 0.1500000000000303590, -2.642896323400709679 ) ) ;
#1899 = EDGE_CURVE ( 'NONE', #2579, #4596, #5378, .T. ) ;
#1900 = CARTESIAN_POINT ( 'NONE',  ( -0.5341944394297339915, 4.608743361107562997, -2.558493582226994523 ) ) ;
#1901 = DIRECTION ( 'NONE',  ( 1.000000000000000000, 0.000000000000000000, 0.000000000000000000 ) ) ;
#1902 = VECTOR ( 'NONE', #4750, 1000.000000000000000 ) ;
#1903 = FILL_AREA_STYLE ('',( #4526 ) ) ;
#1904 = EDGE_CURVE ( 'NONE', #2493, #419, #1510, .T. ) ;
#1905 = EDGE_CURVE ( 'NONE', #3617, #1925, #74, .T. ) ;
#1906 = CARTESIAN_POINT ( 'NONE',  ( 2.540000000000000036, 7.196575899622825290, -1.534053322119591112 ) ) ;
#1907 = VERTEX_POINT ( 'NONE', #2644 ) ;
#1908 = CARTESIAN_POINT ( 'NONE',  ( -0.4672338650412969363, 4.634352222060693194, -2.512634547463330481 ) ) ;
#1909 = CARTESIAN_POINT ( 'NONE',  ( 2.540000000000000924, 4.724339035756186966, 2.430400387700233367 ) ) ;
#1910 = CARTESIAN_POINT ( 'NONE',  ( -2.464999999999999858, -0.2500000000000002220, 0.7499999999999990008 ) ) ;
#1911 = VERTEX_POINT ( 'NONE', #2714 ) ;
#1912 = SURFACE_STYLE_FILL_AREA ( #5013 ) ;
#1913 = VECTOR ( 'NONE', #2551, 1000.000000000000227 ) ;
#1914 = SURFACE_SIDE_STYLE ('',( #6074 ) ) ;
#1915 =( GEOMETRIC_REPRESENTATION_CONTEXT ( 3 ) GLOBAL_UNCERTAINTY_ASSIGNED_CONTEXT ( ( #318 ) ) GLOBAL_UNIT_ASSIGNED_CONTEXT ( ( #4554, #6623, #813 ) ) REPRESENTATION_CONTEXT ( 'NONE', 'WORKASPACE' ) );
#1916 = CARTESIAN_POINT ( 'NONE',  ( -0.1026655974246883513, 3.683997688322014685, -2.104776938228127392 ) ) ;
#1917 = FILL_AREA_STYLE ('',( #895 ) ) ;
#1918 = VECTOR ( 'NONE', #6543, 1000.000000000000000 ) ;
#1919 = EDGE_LOOP ( 'NONE', ( #1601 ) ) ;
#1920 = PRESENTATION_STYLE_ASSIGNMENT (( #6680 ) ) ;
#1921 =( NAMED_UNIT ( * ) PLANE_ANGLE_UNIT ( ) SI_UNIT ( $, .RADIAN. ) );
#1922 = EDGE_CURVE ( 'NONE', #401, #4999, #3804, .T. ) ;
#1923 = CARTESIAN_POINT ( 'NONE',  ( -0.001458570207583659425, 5.792270597492539252, -2.534899106393897039 ) ) ;
#1924 = AXIS2_PLACEMENT_3D ( 'NONE', #4955, #218, #2347 ) ;
#1925 = VERTEX_POINT ( 'NONE', #5348 ) ;
#1926 = SURFACE_STYLE_USAGE ( .BOTH. , #6121 ) ;
#1927 = SURFACE_STYLE_FILL_AREA ( #3637 ) ;
#1928 = EDGE_CURVE ( 'NONE', #3378, #3303, #4211, .T. ) ;
#1929 = EDGE_CURVE ( 'NONE', #2066, #2501, #5758, .T. ) ;
#1930 = UNCERTAINTY_MEASURE_WITH_UNIT (LENGTH_MEASURE( 1.000000000000000082E-05 ), #3468, 'distance_accuracy_value', 'NONE');
#1931 = VERTEX_POINT ( 'NONE', #5171 ) ;
#1932 =( GEOMETRIC_REPRESENTATION_CONTEXT ( 3 ) GLOBAL_UNCERTAINTY_ASSIGNED_CONTEXT ( ( #3129 ) ) GLOBAL_UNIT_ASSIGNED_CONTEXT ( ( #3396, #1186, #5420 ) ) REPRESENTATION_CONTEXT ( 'NONE', 'WORKASPACE' ) );
#1933 = DIRECTION ( 'NONE',  ( -0.000000000000000000, 0.000000000000000000, 1.000000000000000000 ) ) ;
#1934 = EDGE_CURVE ( 'NONE', #2794, #1511, #933, .T. ) ;
#1935 = DIRECTION ( 'NONE',  ( 0.000000000000000000, 0.000000000000000000, -1.000000000000000000 ) ) ;
#1936 = ORIENTED_EDGE ( 'NONE', *, *, #6485, .T. ) ;
#1937 = CARTESIAN_POINT ( 'NONE',  ( 1.476274681372396369, 5.752291719750301624, -2.493284918399866434 ) ) ;
#1938 = FILL_AREA_STYLE ('',( #2458 ) ) ;
#1939 = PRESENTATION_LAYER_ASSIGNMENT (  '', '', ( #3720 ) ) ;
#1940 = CARTESIAN_POINT ( 'NONE',  ( -0.2161985491391519854, 5.450229006576949864, -2.628331902793934027 ) ) ;
#1941 = PRESENTATION_STYLE_ASSIGNMENT (( #3492 ) ) ;
#1942 = CARTESIAN_POINT ( 'NONE',  ( -2.214999999999999858, 0.000000000000000000, 0.000000000000000000 ) ) ;
#1943 = CARTESIAN_POINT ( 'NONE',  ( -0.4159344732504816067, 6.587432501862473977, -2.124478565150355269 ) ) ;
#1944 = CARTESIAN_POINT ( 'NONE',  ( -2.539999999999999591, 7.402111003794701993, 1.580079948306302162 ) ) ;
#1945 = FILL_AREA_STYLE ('',( #5582 ) ) ;
#1946 = ORIENTED_EDGE ( 'NONE', *, *, #3170, .F. ) ;
#1947 = CARTESIAN_POINT ( 'NONE',  ( -2.539999999999999591, 7.213259400147536304, 1.454572088749639169 ) ) ;
#1948 = SURFACE_STYLE_FILL_AREA ( #6711 ) ;
#1949 = FILL_AREA_STYLE_COLOUR ( '', #681 ) ;
#1950 = CARTESIAN_POINT ( 'NONE',  ( 0.8986758921530749733, 6.628164807353233101, -2.158153934359656301 ) ) ;
#1951 = CARTESIAN_POINT ( 'NONE',  ( 2.540000000000000480, 6.538544579290536340, 2.755247503693926792 ) ) ;
#1952 =( NAMED_UNIT ( * ) PLANE_ANGLE_UNIT ( ) SI_UNIT ( $, .RADIAN. ) );
#1953 = CARTESIAN_POINT ( 'NONE',  ( 0.4541663798313462230, 4.606454379632871188, -2.557949451650564754 ) ) ;
#1954 = PRESENTATION_LAYER_ASSIGNMENT (  '', '', ( #4935 ) ) ;
#1955 = ORIENTED_EDGE ( 'NONE', *, *, #5679, .F. ) ;
#1956 = COLOUR_RGB ( '',0.6039215686274509443, 0.6039215686274509443, 0.6039215686274509443 ) ;
#1957 = CARTESIAN_POINT ( 'NONE',  ( -0.3757375118918828139, 4.858697963709197154, -2.548405015623072423 ) ) ;
#1958 = CARTESIAN_POINT ( 'NONE',  ( 2.214999999999999414, -0.2500000000000002220, -0.7499999999999990008 ) ) ;
#1959 = DIRECTION ( 'NONE',  ( -1.759354438110352156E-16, 0.7456420435382385969, -0.6663467137370151505 ) ) ;
#1960 = VECTOR ( 'NONE', #3642, 1000.000000000000000 ) ;
#1961 = EDGE_CURVE ( 'NONE', #6054, #2683, #1595, .T. ) ;
#1962 = CARTESIAN_POINT ( 'NONE',  ( 2.540000000000000036, 7.546404284867462842, -1.645263485197933306 ) ) ;
#1963 = EDGE_LOOP ( 'NONE', ( #1001, #4673, #3370, #4887 ) ) ;
#1964 = STYLED_ITEM ( 'NONE', ( #5156 ), #4966 ) ;
#1965 = FACE_OUTER_BOUND ( 'NONE', #3455, .T. ) ;
#1966 = DIRECTION ( 'NONE',  ( 0.000000000000000000, 1.000000000000000000, 0.000000000000000000 ) ) ;
#1967 = CARTESIAN_POINT ( 'NONE',  ( 2.387216681721706646, 4.724339035756187855, 2.350192695193466186 ) ) ;
#1968 = FILL_AREA_STYLE ('',( #4694 ) ) ;
#1969 = SURFACE_STYLE_FILL_AREA ( #6731 ) ;
#1970 = ORIENTED_EDGE ( 'NONE', *, *, #4095, .T. ) ;
#1971 = CARTESIAN_POINT ( 'NONE',  ( 0.3324228588288744013, 4.921159026122811753, -2.604967717395925586 ) ) ;
#1972 = VECTOR ( 'NONE', #6409, 1000.000000000000000 ) ;
#1973 =( NAMED_UNIT ( * ) SI_UNIT ( $, .STERADIAN. ) SOLID_ANGLE_UNIT ( ) );
#1974 = VECTOR ( 'NONE', #4735, 1000.000000000000000 ) ;
#1975 = CARTESIAN_POINT ( 'NONE',  ( -0.4062363454372450167, 4.783436653672710648, -2.539802076634513739 ) ) ;
#1976 = LINE ( 'NONE', #3592, #3493 ) ;
#1977 = PRESENTATION_LAYER_ASSIGNMENT (  '', '', ( #5179 ) ) ;
#1978 = CARTESIAN_POINT ( 'NONE',  ( -2.539999999999999591, 7.546404284867462842, 1.645263485197932418 ) ) ;
#1979 = MECHANICAL_DESIGN_GEOMETRIC_PRESENTATION_REPRESENTATION (  '', ( #5294 ), #6189 ) ;
#1980 = FILL_AREA_STYLE ('',( #1385 ) ) ;
#1981 = ORIENTED_EDGE ( 'NONE', *, *, #546, .T. ) ;
#1982 = CARTESIAN_POINT ( 'NONE',  ( -0.4672338650412969363, 4.634352222060693194, -2.512634547463330481 ) ) ;
#1983 = SURFACE_STYLE_USAGE ( .BOTH. , #5122 ) ;
#1984 = CARTESIAN_POINT ( 'NONE',  ( 2.539999999999999147, 7.096088024287080742, -1.555205930408626314 ) ) ;
#1985 = CARTESIAN_POINT ( 'NONE',  ( -0.2163427048019629650, 5.444142483988525960, -2.578171091864080555 ) ) ;
#1986 = LINE ( 'NONE', #4103, #348 ) ;
#1987 = CARTESIAN_POINT ( 'NONE',  ( -1.354582209427660722, 6.305764553276489437, -2.347213909111033558 ) ) ;
#1988 = FACE_OUTER_BOUND ( 'NONE', #2236, .T. ) ;
#1989 = ADVANCED_FACE ( 'NONE', ( #6423, #3145 ), #1442, .T. ) ;
#1990 = CARTESIAN_POINT ( 'NONE',  ( -0.5354548301088427609, 4.643095380264202099, -2.514412994416491021 ) ) ;
#1991 = DIRECTION ( 'NONE',  ( -1.000000000000000000, 0.000000000000000000, -0.000000000000000000 ) ) ;
#1992 = DIRECTION ( 'NONE',  ( 0.000000000000000000, -1.000000000000000000, 0.000000000000000000 ) ) ;
#1993 = LINE ( 'NONE', #5170, #3692 ) ;
#1994 = SHAPE_REPRESENTATION_RELATIONSHIP ( 'NONE' , 'NONE' ,  #6452, #5270 ) ;
#1995 = VECTOR ( 'NONE', #2831, 1000.000000000000000 ) ;
#1996 = SURFACE_STYLE_FILL_AREA ( #3738 ) ;
#1997 = VERTEX_POINT ( 'NONE', #478 ) ;
#1998 = EDGE_CURVE ( 'NONE', #5992, #5456, #5798, .T. ) ;
#1999 = CARTESIAN_POINT ( 'NONE',  ( 1.599775664536740249, 5.260425751139594652, -2.614729346062717230 ) ) ;
#2000 = ORIENTED_EDGE ( 'NONE', *, *, #5277, .F. ) ;
#2001 = STYLED_ITEM ( 'NONE', ( #5000 ), #1658 ) ;
#2002 = EDGE_CURVE ( 'NONE', #339, #1538, #3177, .T. ) ;
#2003 = LINE ( 'NONE', #2394, #5523 ) ;
#2004 = CARTESIAN_POINT ( 'NONE',  ( 2.389060766924690604, 4.724339035756187855, 2.342416316965566292 ) ) ;
#2005 = DIRECTION ( 'NONE',  ( 1.000000000000000000, 0.000000000000000000, -3.673940397442059375E-16 ) ) ;
#2006 =( GEOMETRIC_REPRESENTATION_CONTEXT ( 3 ) GLOBAL_UNCERTAINTY_ASSIGNED_CONTEXT ( ( #3032 ) ) GLOBAL_UNIT_ASSIGNED_CONTEXT ( ( #2677, #4274, #1045 ) ) REPRESENTATION_CONTEXT ( 'NONE', 'WORKASPACE' ) );
#2007 = ORIENTED_EDGE ( 'NONE', *, *, #3485, .T. ) ;
#2008 = CARTESIAN_POINT ( 'NONE',  ( -0.9100493894310072163, 6.634530005799772034, -2.154720466222317388 ) ) ;
#2009 = CARTESIAN_POINT ( 'NONE',  ( 0.04000594994126687592, 5.844307480517364262, -2.469244142227112970 ) ) ;
#2010 = EDGE_CURVE ( 'NONE', #6709, #6241, #6316, .T. ) ;
#2011 = CARTESIAN_POINT ( 'NONE',  ( -2.540000000000000036, 0.000000000000000000, 1.124999999999999112 ) ) ;
#2012 = CARTESIAN_POINT ( 'NONE',  ( -1.437310116802888338, 5.843946854096684795, -2.471202979567321378 ) ) ;
#2013 = EDGE_CURVE ( 'NONE', #1452, #6155, #541, .T. ) ;
#2014 = MECHANICAL_DESIGN_GEOMETRIC_PRESENTATION_REPRESENTATION (  '', ( #4457 ), #3014 ) ;
#2015 = SURFACE_STYLE_FILL_AREA ( #1945 ) ;
#2016 = ORIENTED_EDGE ( 'NONE', *, *, #2554, .F. ) ;
#2017 = DIRECTION ( 'NONE',  ( 1.000000000000000000, 0.000000000000000000, 0.000000000000000000 ) ) ;
#2018 = CARTESIAN_POINT ( 'NONE',  ( 0.5148804987350159568, 4.633214198592939148, -2.563426892943128532 ) ) ;
#2019 = EDGE_CURVE ( 'NONE', #26, #6869, #2769, .T. ) ;
#2020 = CARTESIAN_POINT ( 'NONE',  ( -2.539999999999999591, 0.4006545807089144096, 2.800698048415868335 ) ) ;
#2021 = CARTESIAN_POINT ( 'NONE',  ( 1.560602855690544244, 6.043263814059076644, -2.459635622930913534 ) ) ;
#2022 = AXIS2_PLACEMENT_3D ( 'NONE', #5701, #948, #6794 ) ;
#2023 = SURFACE_STYLE_FILL_AREA ( #5660 ) ;
#2024 = ORIENTED_EDGE ( 'NONE', *, *, #1482, .T. ) ;
#2025 = DIRECTION ( 'NONE',  ( 1.000000000000000000, 0.000000000000000000, 0.000000000000000000 ) ) ;
#2026 = CARTESIAN_POINT ( 'NONE',  ( 9.350000000000001421, -0.02500000000000114284, 0.1499999999999999667 ) ) ;
#2027 = AXIS2_PLACEMENT_3D ( 'NONE', #5125, #6218, #5656 ) ;
#2028 =( NAMED_UNIT ( * ) SI_UNIT ( $, .STERADIAN. ) SOLID_ANGLE_UNIT ( ) );
#2029 = CIRCLE ( 'NONE', #1924, 2.364999999999999769 ) ;
#2030 =( LENGTH_UNIT ( ) NAMED_UNIT ( * ) SI_UNIT ( .MILLI., .METRE. ) );
#2031 = CARTESIAN_POINT ( 'NONE',  ( -2.540000000000000036, 7.282338214665561082, -1.537836191761079885 ) ) ;
#2032 = FACE_OUTER_BOUND ( 'NONE', #4643, .T. ) ;
#2033 =( NAMED_UNIT ( * ) PLANE_ANGLE_UNIT ( ) SI_UNIT ( $, .RADIAN. ) );
#2034 = CARTESIAN_POINT ( 'NONE',  ( -2.540000000000000480, 6.988007637321755894, -1.642544649361741271 ) ) ;
#2035 = STYLED_ITEM ( 'NONE', ( #1322 ), #4163 ) ;
#2036 = PLANE ( 'NONE',  #3992 ) ;
#2037 = LINE ( 'NONE', #4152, #2717 ) ;
#2038 = ORIENTED_EDGE ( 'NONE', *, *, #5513, .T. ) ;
#2039 = CARTESIAN_POINT ( 'NONE',  ( -0.6079715749145313541, 3.780653780833067579, -2.168897400075260773 ) ) ;
#2040 = ADVANCED_FACE ( 'NONE', ( #4958 ), #5092, .F. ) ;
#2041 = LINE ( 'NONE', #3087, #3614 ) ;
#2042 = PRESENTATION_LAYER_ASSIGNMENT (  '', '', ( #926 ) ) ;
#2043 = SURFACE_STYLE_USAGE ( .BOTH. , #2118 ) ;
#2044 = LINE ( 'NONE', #5228, #4295 ) ;
#2045 = DIRECTION ( 'NONE',  ( 0.000000000000000000, 0.000000000000000000, 1.000000000000000000 ) ) ;
#2046 = CARTESIAN_POINT ( 'NONE',  ( -1.272127031887017479, 6.091764955568195639, -2.387365701221262793 ) ) ;
#2047 = CARTESIAN_POINT ( 'NONE',  ( 2.540000000000000480, 7.424894153437775479, 1.590372085710245909 ) ) ;
#2048 = ADVANCED_FACE ( 'NONE', ( #692, #5983 ), #1188, .T. ) ;
#2049 =( GEOMETRIC_REPRESENTATION_CONTEXT ( 3 ) GLOBAL_UNCERTAINTY_ASSIGNED_CONTEXT ( ( #3051 ) ) GLOBAL_UNIT_ASSIGNED_CONTEXT ( ( #2560, #1517, #396 ) ) REPRESENTATION_CONTEXT ( 'NONE', 'WORKASPACE' ) );
#2050 = B_SPLINE_CURVE_WITH_KNOTS ( 'NONE', 3,
 ( #1820, #1291, #5564, #4995 ),
 .UNSPECIFIED., .F., .F.,
 ( 4, 4 ),
 ( 0.000000000000000000, 1.000000000000000000 ),
 .UNSPECIFIED. ) ;
#2051 = EDGE_LOOP ( 'NONE', ( #4587 ) ) ;
#2052 =( LENGTH_UNIT ( ) NAMED_UNIT ( * ) SI_UNIT ( .MILLI., .METRE. ) );
#2053 = EDGE_LOOP ( 'NONE', ( #3256, #3645, #3140, #5022, #2971 ) ) ;
#2054 = AXIS2_PLACEMENT_3D ( 'NONE', #6373, #2189, #6883 ) ;
#2055 = CARTESIAN_POINT ( 'NONE',  ( -1.708169201329161613, 5.721270400482013407, -2.502868096696301059 ) ) ;
#2056 =( NAMED_UNIT ( * ) SI_UNIT ( $, .STERADIAN. ) SOLID_ANGLE_UNIT ( ) );
#2057 = CARTESIAN_POINT ( 'NONE',  ( 2.539999999999999591, 4.858697963709197154, -2.548405015623073311 ) ) ;
#2058 = DIRECTION ( 'NONE',  ( 1.000000000000000000, 0.000000000000000000, 0.000000000000000000 ) ) ;
#2059 = CARTESIAN_POINT ( 'NONE',  ( -0.1172450103164985880, 5.501617641858441488, -2.556962251762095129 ) ) ;
#2060 = CARTESIAN_POINT ( 'NONE',  ( -2.540000000000000036, 7.099853943852493465, -1.742496656422292789 ) ) ;
#2061 = SURFACE_STYLE_USAGE ( .BOTH. , #347 ) ;
#2062 = CARTESIAN_POINT ( 'NONE',  ( 0.2080693561779875522, 5.447317351271956376, -2.628528493996812543 ) ) ;
#2063 = DIRECTION ( 'NONE',  ( 0.000000000000000000, 0.000000000000000000, 1.000000000000000000 ) ) ;
#2064 = ORIENTED_EDGE ( 'NONE', *, *, #5696, .T. ) ;
#2065 = FILL_AREA_STYLE ('',( #6831 ) ) ;
#2066 = VERTEX_POINT ( 'NONE', #149 ) ;
#2067 = AXIS2_PLACEMENT_3D ( 'NONE', #3527, #6112, #5196 ) ;
#2068 = VECTOR ( 'NONE', #780, 1000.000000000000000 ) ;
#2069 = UNCERTAINTY_MEASURE_WITH_UNIT (LENGTH_MEASURE( 1.000000000000000082E-05 ), #2191, 'distance_accuracy_value', 'NONE');
#2070 = PRESENTATION_LAYER_ASSIGNMENT (  '', '', ( #5940 ) ) ;
#2071 = FILL_AREA_STYLE ('',( #3679 ) ) ;
#2072 = SURFACE_SIDE_STYLE ('',( #1969 ) ) ;
#2073 = EDGE_LOOP ( 'NONE', ( #3784 ) ) ;
#2074 = CARTESIAN_POINT ( 'NONE',  ( 1.398481075056037914, 4.376716623528883687, -2.453066808319378733 ) ) ;
#2075 = CARTESIAN_POINT ( 'NONE',  ( 0.6867810738632333933, 6.709145882226303925, -2.099354452667953730 ) ) ;
#2076 = EDGE_CURVE ( 'NONE', #3843, #2326, #6497, .T. ) ;
#2077 = CARTESIAN_POINT ( 'NONE',  ( 0.04990617441077630639, 5.833164433407767469, -2.472350626997626755 ) ) ;
#2078 = DIRECTION ( 'NONE',  ( 1.000000000000000000, 1.224646799147353454E-16, -0.000000000000000000 ) ) ;
#2079 = UNCERTAINTY_MEASURE_WITH_UNIT (LENGTH_MEASURE( 1.000000000000000082E-05 ), #5198, 'distance_accuracy_value', 'NONE');
#2080 = CIRCLE ( 'NONE', #5955, 0.3250000000000000666 ) ;
#2081 = LINE ( 'NONE', #5715, #3327 ) ;
#2082 = DIRECTION ( 'NONE',  ( 3.673940397442059375E-16, 0.000000000000000000, 1.000000000000000000 ) ) ;
#2083 = PRESENTATION_STYLE_ASSIGNMENT (( #6847 ) ) ;
#2084 = DIRECTION ( 'NONE',  ( -3.673940397442059375E-16, 0.000000000000000000, -1.000000000000000000 ) ) ;
#2085 =( GEOMETRIC_REPRESENTATION_CONTEXT ( 3 ) GLOBAL_UNCERTAINTY_ASSIGNED_CONTEXT ( ( #3267 ) ) GLOBAL_UNIT_ASSIGNED_CONTEXT ( ( #801, #279, #2411 ) ) REPRESENTATION_CONTEXT ( 'NONE', 'WORKASPACE' ) );
#2086 = STYLED_ITEM ( 'NONE', ( #1941 ), #5123 ) ;
#2087 = EDGE_LOOP ( 'NONE', ( #3335, #2125, #5797, #4706 ) ) ;
#2088 = EDGE_CURVE ( 'NONE', #3378, #781, #3122, .T. ) ;
#2089 =( NAMED_UNIT ( * ) SI_UNIT ( $, .STERADIAN. ) SOLID_ANGLE_UNIT ( ) );
#2090 = AXIS2_PLACEMENT_3D ( 'NONE', #3623, #4601, #5147 ) ;
#2091 =( GEOMETRIC_REPRESENTATION_CONTEXT ( 3 ) GLOBAL_UNCERTAINTY_ASSIGNED_CONTEXT ( ( #4834 ) ) GLOBAL_UNIT_ASSIGNED_CONTEXT ( ( #6767, #6198, #1305 ) ) REPRESENTATION_CONTEXT ( 'NONE', 'WORKASPACE' ) );
#2092 = CARTESIAN_POINT ( 'NONE',  ( -1.776572241982545819, 5.451127433846931325, -2.598242862386491048 ) ) ;
#2093 =( NAMED_UNIT ( * ) SI_UNIT ( $, .STERADIAN. ) SOLID_ANGLE_UNIT ( ) );
#2094 = DIRECTION ( 'NONE',  ( -1.000000000000000000, -0.000000000000000000, 3.673940397442059375E-16 ) ) ;
#2095 = PRESENTATION_LAYER_ASSIGNMENT (  '', '', ( #5522 ) ) ;
#2096 = STYLED_ITEM ( 'NONE', ( #4584 ), #5805 ) ;
#2097 = VERTEX_POINT ( 'NONE', #6116 ) ;
#2098 = DIRECTION ( 'NONE',  ( 1.000000000000000000, 0.000000000000000000, -3.673940397442059375E-16 ) ) ;
#2099 = DIRECTION ( 'NONE',  ( 1.000000000000000000, 0.000000000000000000, -4.336808689942021680E-16 ) ) ;
#2100 = SURFACE_STYLE_FILL_AREA ( #4894 ) ;
#2101 = PRESENTATION_LAYER_ASSIGNMENT (  '', '', ( #4437 ) ) ;
#2102 = PRODUCT_RELATED_PRODUCT_CATEGORY ( 'part', '', ( #5021 ) ) ;
#2103 = PRESENTATION_STYLE_ASSIGNMENT (( #2648 ) ) ;
#2104 = ORIENTED_EDGE ( 'NONE', *, *, #6264, .F. ) ;
#2105 = EDGE_LOOP ( 'NONE', ( #4573, #406, #2278, #2962 ) ) ;
#2106 = CARTESIAN_POINT ( 'NONE',  ( -2.165000000000000036, 0.1499999999999999944, 0.7499999999999990008 ) ) ;
#2107 = PRESENTATION_STYLE_ASSIGNMENT (( #1604 ) ) ;
#2108 =( GEOMETRIC_REPRESENTATION_CONTEXT ( 3 ) GLOBAL_UNCERTAINTY_ASSIGNED_CONTEXT ( ( #3678 ) ) GLOBAL_UNIT_ASSIGNED_CONTEXT ( ( #120, #1746, #153 ) ) REPRESENTATION_CONTEXT ( 'NONE', 'WORKASPACE' ) );
#2109 = CARTESIAN_POINT ( 'NONE',  ( 2.360462998842284055, 4.724339035756187855, 2.399351046454482272 ) ) ;
#2110 = EDGE_CURVE ( 'NONE', #4709, #4119, #4737, .T. ) ;
#2111 = EDGE_CURVE ( 'NONE', #3518, #1835, #3183, .T. ) ;
#2112 = DIRECTION ( 'NONE',  ( 0.000000000000000000, 0.000000000000000000, 1.000000000000000000 ) ) ;
#2113 = CARTESIAN_POINT ( 'NONE',  ( -0.4996053817988380663, 4.599690585445917357, -2.556439819016505854 ) ) ;
#2114 = ORIENTED_EDGE ( 'NONE', *, *, #3824, .F. ) ;
#2115 = CARTESIAN_POINT ( 'NONE',  ( -1.053439475809845094, 4.012291895007645159, -2.299997678863879624 ) ) ;
#2116 = AXIS2_PLACEMENT_3D ( 'NONE', #1394, #3536, #5096 ) ;
#2117 = CARTESIAN_POINT ( 'NONE',  ( 2.388016543999021746, 5.609476576732736142, 2.343227584626593529 ) ) ;
#2118 = SURFACE_SIDE_STYLE ('',( #6808 ) ) ;
#2119 = CARTESIAN_POINT ( 'NONE',  ( 2.539999999999999591, -5.421010862427522170E-17, -2.642896323400711012 ) ) ;
#2120 = CARTESIAN_POINT ( 'NONE',  ( 2.290000000000000924, 4.724339035756187855, 2.427969881097998162 ) ) ;
#2121 =( NAMED_UNIT ( * ) SI_UNIT ( $, .STERADIAN. ) SOLID_ANGLE_UNIT ( ) );
#2122 =( NAMED_UNIT ( * ) PLANE_ANGLE_UNIT ( ) SI_UNIT ( $, .RADIAN. ) );
#2123 = PLANE ( 'NONE',  #1659 ) ;
#2124 = B_SPLINE_CURVE_WITH_KNOTS ( 'NONE', 3,
 ( #900, #3022, #6212, #1453 ),
 .UNSPECIFIED., .F., .F.,
 ( 4, 4 ),
 ( 0.000000000000000000, 1.000000000000000000 ),
 .UNSPECIFIED. ) ;
#2125 = ORIENTED_EDGE ( 'NONE', *, *, #1022, .F. ) ;
#2126 = CARTESIAN_POINT ( 'NONE',  ( -1.560206824896191335, 4.286965597955157747, -2.417420911145156559 ) ) ;
#2127 = SURFACE_SIDE_STYLE ('',( #2233 ) ) ;
#2128 = CARTESIAN_POINT ( 'NONE',  ( -1.559052641682756368, 6.021577704393607178, -2.412914114579772118 ) ) ;
#2129 = DIRECTION ( 'NONE',  ( 1.000000000000000000, 0.000000000000000000, -3.673940397442059375E-16 ) ) ;
#2130 = ORIENTED_EDGE ( 'NONE', *, *, #2232, .F. ) ;
#2131 = EDGE_CURVE ( 'NONE', #5720, #1585, #5556, .T. ) ;
#2132 = COLOUR_RGB ( '',0.6039215686274509443, 0.6039215686274509443, 0.6039215686274509443 ) ;
#2133 = CARTESIAN_POINT ( 'NONE',  ( 2.140000000000000568, 5.609476576732736142, 2.152681590485153063 ) ) ;
#2134 = CARTESIAN_POINT ( 'NONE',  ( -2.540000000000000480, 7.873020145931590719, -2.152517620978589008 ) ) ;
#2135 = FACE_OUTER_BOUND ( 'NONE', #2723, .T. ) ;
#2136 = CARTESIAN_POINT ( 'NONE',  ( 2.539999999999999591, 7.661453648161000274, -1.830379658008980837 ) ) ;
#2137 = EDGE_CURVE ( 'NONE', #1866, #4009, #2967, .T. ) ;
#2138 = ORIENTED_EDGE ( 'NONE', *, *, #3958, .T. ) ;
#2139 = EDGE_CURVE ( 'NONE', #2512, #1506, #5618, .T. ) ;
#2140 = FACE_OUTER_BOUND ( 'NONE', #1377, .T. ) ;
#2141 = EDGE_LOOP ( 'NONE', ( #1130 ) ) ;
#2142 =( NAMED_UNIT ( * ) PLANE_ANGLE_UNIT ( ) SI_UNIT ( $, .RADIAN. ) );
#2143 = VECTOR ( 'NONE', #5828, 1000.000000000000000 ) ;
#2144 = UNCERTAINTY_MEASURE_WITH_UNIT (LENGTH_MEASURE( 1.000000000000000082E-05 ), #5623, 'distance_accuracy_value', 'NONE');
#2145 = SURFACE_SIDE_STYLE ('',( #6477 ) ) ;
#2146 = CARTESIAN_POINT ( 'NONE',  ( -0.03150215165490023728, 5.850873620230016670, -2.467387690430897340 ) ) ;
#2147 = SURFACE_STYLE_USAGE ( .BOTH. , #2072 ) ;
#2148 = ORIENTED_EDGE ( 'NONE', *, *, #3387, .F. ) ;
#2149 = CARTESIAN_POINT ( 'NONE',  ( 2.540000000000000480, 4.574339035756188387, 2.396839471939220978 ) ) ;
#2150 = EDGE_CURVE ( 'NONE', #702, #702, #6009, .T. ) ;
#2151 = CARTESIAN_POINT ( 'NONE',  ( -0.001191037011240695482, 5.870271769999641620, -2.513848360053084985 ) ) ;
#2152 = VECTOR ( 'NONE', #6782, 1000.000000000000000 ) ;
#2153 = UNCERTAINTY_MEASURE_WITH_UNIT (LENGTH_MEASURE( 1.000000000000000082E-05 ), #2338, 'distance_accuracy_value', 'NONE');
#2154 = CARTESIAN_POINT ( 'NONE',  ( -2.215000000000000302, 0.1499999999999999944, 0.7499999999999990008 ) ) ;
#2155 = SURFACE_SIDE_STYLE ('',( #4298 ) ) ;
#2156 = SURFACE_SIDE_STYLE ('',( #4842 ) ) ;
#2157 = STYLED_ITEM ( 'NONE', ( #4613 ), #3968 ) ;
#2158 = PRESENTATION_STYLE_ASSIGNMENT (( #1036 ) ) ;
#2159 = LINE ( 'NONE', #3206, #803 ) ;
#2160 = CARTESIAN_POINT ( 'NONE',  ( 1.615885103477676221, 5.929547025739889676, -2.446081678548698513 ) ) ;
#2161 = CARTESIAN_POINT ( 'NONE',  ( 2.464999999999999414, -3.500000000000000000, -0.7499999999999988898 ) ) ;
#2162 = LINE ( 'NONE', #5310, #5222 ) ;
#2163 = ORIENTED_EDGE ( 'NONE', *, *, #136, .T. ) ;
#2164 = CARTESIAN_POINT ( 'NONE',  ( -2.540000000000000036, 3.008102457706269384, -1.716962266451820485 ) ) ;
#2165 = STYLED_ITEM ( 'NONE', ( #4259 ), #3771 ) ;
#2166 = CARTESIAN_POINT ( 'NONE',  ( 0.03881981069579296811, 5.858925582788131692, -2.517072984562436222 ) ) ;
#2167 = CARTESIAN_POINT ( 'NONE',  ( 2.540000000000000036, 7.454384449560931714, -1.628050434141022462 ) ) ;
#2168 = PRODUCT_CONTEXT ( 'NONE', #1704, 'mechanical' ) ;
#2169 =( GEOMETRIC_REPRESENTATION_CONTEXT ( 3 ) GLOBAL_UNCERTAINTY_ASSIGNED_CONTEXT ( ( #4830 ) ) GLOBAL_UNIT_ASSIGNED_CONTEXT ( ( #6344, #24, #569 ) ) REPRESENTATION_CONTEXT ( 'NONE', 'WORKASPACE' ) );
#2170 = PRESENTATION_LAYER_ASSIGNMENT (  '', '', ( #939 ) ) ;
#2171 = FACE_OUTER_BOUND ( 'NONE', #1390, .T. ) ;
#2172 = ORIENTED_EDGE ( 'NONE', *, *, #2576, .F. ) ;
#2173 = CARTESIAN_POINT ( 'NONE',  ( 0.9752526230859662748, 3.937518388570210082, -2.317156634415627359 ) ) ;
#2174 = ORIENTED_EDGE ( 'NONE', *, *, #2266, .T. ) ;
#2175 = STYLED_ITEM ( 'NONE', ( #5810 ), #3428 ) ;
#2176 = FILL_AREA_STYLE_COLOUR ( '', #2444 ) ;
#2177 =( LENGTH_UNIT ( ) NAMED_UNIT ( * ) SI_UNIT ( .MILLI., .METRE. ) );
#2178 = ADVANCED_FACE ( 'NONE', ( #1894 ), #4644, .F. ) ;
#2179 =( NAMED_UNIT ( * ) PLANE_ANGLE_UNIT ( ) SI_UNIT ( $, .RADIAN. ) );
#2180 = DIRECTION ( 'NONE',  ( 0.000000000000000000, 0.000000000000000000, -1.000000000000000000 ) ) ;
#2181 = ORIENTED_EDGE ( 'NONE', *, *, #1349, .T. ) ;
#2182 = CARTESIAN_POINT ( 'NONE',  ( -0.4109790127654818215, 3.722468511419260384, -2.131142274402288095 ) ) ;
#2183 = MECHANICAL_DESIGN_GEOMETRIC_PRESENTATION_REPRESENTATION (  '', ( #3305 ), #4501 ) ;
#2184 = PLANE ( 'NONE',  #1065 ) ;
#2185 = VECTOR ( 'NONE', #917, 1000.000000000000000 ) ;
#2186 = DIRECTION ( 'NONE',  ( 1.000000000000000000, 0.000000000000000000, -1.156482317317871725E-15 ) ) ;
#2187 = AXIS2_PLACEMENT_3D ( 'NONE', #4569, #1351, #3057 ) ;
#2188 = DIRECTION ( 'NONE',  ( -1.000000000000000000, -0.000000000000000000, 3.673940397442059375E-16 ) ) ;
#2189 = DIRECTION ( 'NONE',  ( 1.000000000000000000, -0.000000000000000000, 0.000000000000000000 ) ) ;
#2190 = SURFACE_STYLE_USAGE ( .BOTH. , #2156 ) ;
#2191 =( LENGTH_UNIT ( ) NAMED_UNIT ( * ) SI_UNIT ( .MILLI., .METRE. ) );
#2192 = ORIENTED_EDGE ( 'NONE', *, *, #3897, .T. ) ;
#2193 = CIRCLE ( 'NONE', #6173, 0.1750000000000002942 ) ;
#2194 = CARTESIAN_POINT ( 'NONE',  ( -9.350000000000001421, -1.145044757202775450E-15, 0.000000000000000000 ) ) ;
#2195 = CARTESIAN_POINT ( 'NONE',  ( 1.352806461337879629, 6.282044514172401506, -2.302104928850975174 ) ) ;
#2196 = LINE ( 'NONE', #4744, #3811 ) ;
#2197 = CARTESIAN_POINT ( 'NONE',  ( -1.706838109573430851, 4.589006589160374183, -2.505176107223655801 ) ) ;
#2198 = STYLED_ITEM ( 'NONE', ( #6448 ), #4352 ) ;
#2199 = CARTESIAN_POINT ( 'NONE',  ( -0.03848729838402120684, 5.860823952899478329, -2.516536682981898032 ) ) ;
#2200 =( LENGTH_UNIT ( ) NAMED_UNIT ( * ) SI_UNIT ( .MILLI., .METRE. ) );
#2201 = DIRECTION ( 'NONE',  ( 0.000000000000000000, -0.4935405451716421976, 0.8697227893252413855 ) ) ;
#2202 = VECTOR ( 'NONE', #2697, 1000.000000000000114 ) ;
#2203 = AXIS2_PLACEMENT_3D ( 'NONE', #550, #3291, #5318 ) ;
#2204 = COLOUR_RGB ( '',0.6039215686274509443, 0.6039215686274509443, 0.6039215686274509443 ) ;
#2205 = CARTESIAN_POINT ( 'NONE',  ( 2.140000000000000568, 5.150000000000000355, 0.000000000000000000 ) ) ;
#2206 = CONTEXT_DEPENDENT_SHAPE_REPRESENTATION ( #4798, #3339 ) ;
#2207 = VECTOR ( 'NONE', #3639, 1000.000000000000227 ) ;
#2208 = ORIENTED_EDGE ( 'NONE', *, *, #3240, .T. ) ;
#2209 =( LENGTH_UNIT ( ) NAMED_UNIT ( * ) SI_UNIT ( .MILLI., .METRE. ) );
#2210 = ORIENTED_EDGE ( 'NONE', *, *, #5894, .F. ) ;
#2211 = VECTOR ( 'NONE', #3772, 1000.000000000000000 ) ;
#2212 = B_SPLINE_SURFACE_WITH_KNOTS ( 'NONE', 1, 3, ( 
 ( #6453, #6887, #5896, #6416, #1145, #1589, #2597, #5306, #5371, #1697, #3830, #5931, #3142, #4711, #6313, #3694, #6534, #1732, #6010, #3357, #4914, #5445, #5974, #5017, #4410, #6638, #2924, #6601, #1770, #2822, #5411, #1843, #6079, #3974, #3391, #4984, #2378, #3939, #1276, #1320, #3912, #683, #1808, #3318, #6045, #1251, #5478, #4881, #3462, #6490, #174, #211, #3429, #5557, #794, #270, #2403, #713, #237, #2309, #755, #4508, #2852, #1885, #4947, #4002, #1181, #653, #5514, #2789 ),
 ( #143, #2342, #2267, #4474, #4450, #2889, #3870, #4374, #1215, #6565, #6675, #828, #5580, #5612, #2956, #5054, #859, #6811, #4636, #1943, #3016, #6140, #6777, #2559, #5148, #1348, #1382, #307, #2046, #2433, #2012, #5647, #4127, #3625, #930, #4667, #5116, #6704, #2993, #1450, #5681, #4058, #428, #4541, #3054, #6237, #362, #3524, #3563, #1916, #2490, #6111, #1481, #5716, #4094, #5086, #963, #3494, #333, #6207, #395, #3092, #2461, #4602, #5194, #4033, #4567, #6743, #894, #6175 ) ),
 .UNSPECIFIED., .F., .T., .F.,
 ( 2, 2 ),
 ( 4, 2, 2, 2, 2, 2, 2, 2, 2, 2, 2, 2, 2, 2, 2, 2, 2, 2, 2, 2, 2, 2, 2, 2, 2, 2, 2, 2, 2, 2, 2, 2, 2, 2, 4 ),
 ( 0.000000000000000000, 1.000000000000000000 ),
 ( 0.000000000000000000, 0.03125000000000000000, 0.04687500000000000000, 0.06250000000000000000, 0.09375000000000000000, 0.1250000000000000000, 0.1562500000000000000, 0.1875000000000000000, 0.2500000000000000000, 0.2812500000000000000, 0.3125000000000000000, 0.3437500000000000000, 0.3593750000000000000, 0.3750000000000000000, 0.4062500000000000000, 0.4375000000000000000, 0.4687500000000000000, 0.5000000000000000000, 0.5625000000000000000, 0.5937500000000000000, 0.6250000000000000000, 0.6562500000000000000, 0.6875000000000000000, 0.7187500000000000000, 0.7343750000000000000, 0.7500000000000000000, 0.7812500000000000000, 0.8125000000000000000, 0.8281250000000000000, 0.8437500000000000000, 0.8593750000000000000, 0.8750000000000000000, 0.9375000000000000000, 0.9687500000000000000, 1.000000000000000000 ),
 .UNSPECIFIED. ) ;
#2213 = CARTESIAN_POINT ( 'NONE',  ( -1.387774397309575969, 5.947039551947151281, -2.492077056388809275 ) ) ;
#2214 =( NAMED_UNIT ( * ) SI_UNIT ( $, .STERADIAN. ) SOLID_ANGLE_UNIT ( ) );
#2215 = DIRECTION ( 'NONE',  ( -1.000000000000000000, -0.000000000000000000, -0.000000000000000000 ) ) ;
#2216 = STYLED_ITEM ( 'NONE', ( #2940 ), #6860 ) ;
#2217 = UNCERTAINTY_MEASURE_WITH_UNIT (LENGTH_MEASURE( 1.000000000000000082E-05 ), #2663, 'distance_accuracy_value', 'NONE');
#2218 = AXIS2_PLACEMENT_3D ( 'NONE', #3918, #2318, #4786 ) ;
#2219 = CARTESIAN_POINT ( 'NONE',  ( 2.390000000000000568, 4.974339035756188743, 1.035622799379432912 ) ) ;
#2220 = CARTESIAN_POINT ( 'NONE',  ( -0.05183155130142210604, 5.834862392087263316, -2.471881398423739551 ) ) ;
#2221 = EDGE_LOOP ( 'NONE', ( #551, #6195, #1407, #6471 ) ) ;
#2222 = ORIENTED_EDGE ( 'NONE', *, *, #929, .T. ) ;
#2223 = EDGE_CURVE ( 'NONE', #2382, #419, #4813, .T. ) ;
#2224 = CARTESIAN_POINT ( 'NONE',  ( -2.540000000000000036, 7.370676809105185967, -1.565876265680899770 ) ) ;
#2225 =( GEOMETRIC_REPRESENTATION_CONTEXT ( 3 ) GLOBAL_UNCERTAINTY_ASSIGNED_CONTEXT ( ( #6513 ) ) GLOBAL_UNIT_ASSIGNED_CONTEXT ( ( #5163, #908, #25 ) ) REPRESENTATION_CONTEXT ( 'NONE', 'WORKASPACE' ) );
#2226 = CARTESIAN_POINT ( 'NONE',  ( 2.615000000000000657, -3.500000000000000000, 0.2499999999999981681 ) ) ;
#2227 = DIRECTION ( 'NONE',  ( 0.000000000000000000, 0.000000000000000000, -1.000000000000000000 ) ) ;
#2228 = AXIS2_PLACEMENT_3D ( 'NONE', #1951, #2569, #314 ) ;
#2229 = ADVANCED_FACE ( 'NONE', ( #2439 ), #4574, .F. ) ;
#2230 = VECTOR ( 'NONE', #6191, 1000.000000000000000 ) ;
#2231 = CARTESIAN_POINT ( 'NONE',  ( 1.188947373810082642, 3.883630888602828790, -2.232087664485202350 ) ) ;
#2232 = EDGE_CURVE ( 'NONE', #1835, #491, #4415, .T. ) ;
#2233 = SURFACE_STYLE_FILL_AREA ( #474 ) ;
#2234 = CARTESIAN_POINT ( 'NONE',  ( 1.186635205661515480, 6.428867851258967647, -2.224943668326373469 ) ) ;
#2235 = CARTESIAN_POINT ( 'NONE',  ( -0.008668006815635139958, 5.869927365787017237, -2.513947039287586005 ) ) ;
#2236 = EDGE_LOOP ( 'NONE', ( #4952, #5862, #5024, #3900 ) ) ;
#2237 = VERTEX_POINT ( 'NONE', #5370 ) ;
#2238 = FILL_AREA_STYLE_COLOUR ( '', #256 ) ;
#2239 = SURFACE_SIDE_STYLE ('',( #4889 ) ) ;
#2240 = EDGE_CURVE ( 'NONE', #5498, #5498, #5316, .T. ) ;
#2241 = DIRECTION ( 'NONE',  ( -1.000000000000000000, -0.000000000000000000, -0.000000000000000000 ) ) ;
#2242 =( NAMED_UNIT ( * ) SI_UNIT ( $, .STERADIAN. ) SOLID_ANGLE_UNIT ( ) );
#2243 = COLOUR_RGB ( '',0.6039215686274509443, 0.6039215686274509443, 0.6039215686274509443 ) ;
#2244 = ORIENTED_EDGE ( 'NONE', *, *, #6560, .T. ) ;
#2245 = CARTESIAN_POINT ( 'NONE',  ( -0.5339991356368787301, 4.652529559726214181, -2.516300629516195819 ) ) ;
#2246 = ORIENTED_EDGE ( 'NONE', *, *, #6123, .T. ) ;
#2247 = VERTEX_POINT ( 'NONE', #682 ) ;
#2248 = CARTESIAN_POINT ( 'NONE',  ( 2.374614606134597405, 5.609476576732736142, 2.375481306561131323 ) ) ;
#2249 = CARTESIAN_POINT ( 'NONE',  ( -0.1079101302507000371, 6.657180184382881727, -2.136968154923151175 ) ) ;
#2250 = VERTEX_POINT ( 'NONE', #5512 ) ;
#2251 = STYLED_ITEM ( 'NONE', ( #6323 ), #2704 ) ;
#2252 = CARTESIAN_POINT ( 'NONE',  ( 2.540000000000000480, 6.538544579290536340, 2.755247503693926792 ) ) ;
#2253 = CARTESIAN_POINT ( 'NONE',  ( -0.05844314102871005223, 5.823137166547432741, -2.475098251587700915 ) ) ;
#2254 = ORIENTED_EDGE ( 'NONE', *, *, #4353, .T. ) ;
#2255 = PLANE ( 'NONE',  #2959 ) ;
#2256 = MECHANICAL_DESIGN_GEOMETRIC_PRESENTATION_REPRESENTATION (  '', ( #4129 ), #1248 ) ;
#2257 = PLANE ( 'NONE',  #5049 ) ;
#2258 = SURFACE_SIDE_STYLE ('',( #231 ) ) ;
#2259 =( NAMED_UNIT ( * ) SI_UNIT ( $, .STERADIAN. ) SOLID_ANGLE_UNIT ( ) );
#2260 = FACE_OUTER_BOUND ( 'NONE', #2593, .T. ) ;
#2261 = CARTESIAN_POINT ( 'NONE',  ( -2.615000000000001101, -3.500000000000000000, -0.7499999999999981126 ) ) ;
#2262 = CARTESIAN_POINT ( 'NONE',  ( -2.615000000000000657, 0.1499999999999999944, 0.7499999999999990008 ) ) ;
#2263 = DIRECTION ( 'NONE',  ( 1.000000000000000000, 0.000000000000000000, 0.000000000000000000 ) ) ;
#2264 = LINE ( 'NONE', #172, #624 ) ;
#2265 = CARTESIAN_POINT ( 'NONE',  ( 1.800581124373983322, 4.928889651743891598, -2.565566842127511737 ) ) ;
#2266 = EDGE_CURVE ( 'NONE', #2830, #4996, #2821, .T. ) ;
#2267 = CARTESIAN_POINT ( 'NONE',  ( 1.588995228269626914, 5.360880334957957238, -2.558322895155678012 ) ) ;
#2268 = AXIS2_PLACEMENT_3D ( 'NONE', #660, #4888, #6051 ) ;
#2269 = CARTESIAN_POINT ( 'NONE',  ( 0.2337419528556778370, 6.775587991294591106, -1.984235766847592286 ) ) ;
#2270 = CARTESIAN_POINT ( 'NONE',  ( -0.05183155130142211992, 5.848212536182531451, -2.520066221005099472 ) ) ;
#2271 = B_SPLINE_SURFACE_WITH_KNOTS ( 'NONE', 1, 3, ( 
 ( #6822, #3283, #5344, #2 ),
 ( #4173, #2710, #2059, #6281 ) ),
 .UNSPECIFIED., .F., .F., .F.,
 ( 2, 2 ),
 ( 4, 4 ),
 ( 0.000000000000000000, 1.000000000000000000 ),
 ( 0.000000000000000000, 1.000000000000000000 ),
 .UNSPECIFIED. ) ;
#2272 = EDGE_LOOP ( 'NONE', ( #615, #6394, #4816, #4490 ) ) ;
#2273 = ORIENTED_EDGE ( 'NONE', *, *, #761, .T. ) ;
#2274 =( NAMED_UNIT ( * ) SI_UNIT ( $, .STERADIAN. ) SOLID_ANGLE_UNIT ( ) );
#2275 = DIRECTION ( 'NONE',  ( 0.000000000000000000, 0.4116854961576626448, -0.9113259857226826410 ) ) ;
#2276 = CARTESIAN_POINT ( 'NONE',  ( 0.03679060294590549146, 5.846609499932331921, -2.468595119152248607 ) ) ;
#2277 = PRESENTATION_STYLE_ASSIGNMENT (( #151 ) ) ;
#2278 = ORIENTED_EDGE ( 'NONE', *, *, #4765, .F. ) ;
#2279 = COLOUR_RGB ( '',0.6039215686274509443, 0.6039215686274509443, 0.6039215686274509443 ) ;
#2280 = DIRECTION ( 'NONE',  ( 3.316870890969038051E-16, 0.000000000000000000, 1.000000000000000000 ) ) ;
#2281 = VERTEX_POINT ( 'NONE', #652 ) ;
#2282 = EDGE_LOOP ( 'NONE', ( #2104, #1785, #6707, #6361 ) ) ;
#2283 = CARTESIAN_POINT ( 'NONE',  ( 0.8462810550286578026, 3.858521179839255577, -2.274020602125426560 ) ) ;
#2284 = VERTEX_POINT ( 'NONE', #1214 ) ;
#2285 = FILL_AREA_STYLE_COLOUR ( '', #5201 ) ;
#2286 = FILL_AREA_STYLE_COLOUR ( '', #4092 ) ;
#2287 = UNCERTAINTY_MEASURE_WITH_UNIT (LENGTH_MEASURE( 1.000000000000000082E-05 ), #234, 'distance_accuracy_value', 'NONE');
#2288 = DIRECTION ( 'NONE',  ( -0.000000000000000000, 0.000000000000000000, 1.000000000000000000 ) ) ;
#2289 = AXIS2_PLACEMENT_3D ( 'NONE', #3309, #4873, #5963 ) ;
#2290 = DIRECTION ( 'NONE',  ( 0.000000000000000000, -0.000000000000000000, 1.000000000000000000 ) ) ;
#2291 = UNCERTAINTY_MEASURE_WITH_UNIT (LENGTH_MEASURE( 1.000000000000000082E-05 ), #2177, 'distance_accuracy_value', 'NONE');
#2292 = ORIENTED_EDGE ( 'NONE', *, *, #6405, .T. ) ;
#2293 = MECHANICAL_DESIGN_GEOMETRIC_PRESENTATION_REPRESENTATION (  '', ( #3956 ), #2169 ) ;
#2294 =( GEOMETRIC_REPRESENTATION_CONTEXT ( 3 ) GLOBAL_UNCERTAINTY_ASSIGNED_CONTEXT ( ( #2357 ) ) GLOBAL_UNIT_ASSIGNED_CONTEXT ( ( #3647, #3226, #3680 ) ) REPRESENTATION_CONTEXT ( 'NONE', 'WORKASPACE' ) );
#2295 = PRESENTATION_STYLE_ASSIGNMENT (( #2812 ) ) ;
#2296 = DIRECTION ( 'NONE',  ( 0.000000000000000000, 0.7405888751200081499, -0.6719584198806357600 ) ) ;
#2297 = UNCERTAINTY_MEASURE_WITH_UNIT (LENGTH_MEASURE( 1.000000000000000082E-05 ), #3899, 'distance_accuracy_value', 'NONE');
#2298 = FILL_AREA_STYLE_COLOUR ( '', #4527 ) ;
#2299 =( NAMED_UNIT ( * ) PLANE_ANGLE_UNIT ( ) SI_UNIT ( $, .RADIAN. ) );
#2300 = SURFACE_STYLE_FILL_AREA ( #1938 ) ;
#2301 = EDGE_CURVE ( 'NONE', #6839, #2284, #6600, .T. ) ;
#2302 = DIRECTION ( 'NONE',  ( -1.000000000000000000, -0.000000000000000000, 0.000000000000000000 ) ) ;
#2303 = VECTOR ( 'NONE', #2362, 1000.000000000000114 ) ;
#2304 = SURFACE_SIDE_STYLE ('',( #1729 ) ) ;
#2305 = COLOUR_RGB ( '',0.6039215686274509443, 0.6039215686274509443, 0.6039215686274509443 ) ;
#2306 = DIRECTION ( 'NONE',  ( 0.000000000000000000, 0.000000000000000000, 1.000000000000000000 ) ) ;
#2307 = MECHANICAL_DESIGN_GEOMETRIC_PRESENTATION_REPRESENTATION (  '', ( #4821 ), #495 ) ;
#2308 = SURFACE_STYLE_USAGE ( .BOTH. , #1316 ) ;
#2309 = CARTESIAN_POINT ( 'NONE',  ( 0.9333195466929601336, 3.909910551239283993, -2.302447697752767919 ) ) ;
#2310 = CARTESIAN_POINT ( 'NONE',  ( 1.754762515695847069, 4.704346447317633739, -2.535546632903503017 ) ) ;
#2311 = CARTESIAN_POINT ( 'NONE',  ( -0.04098290542693878991, 5.845562383593902567, -2.468890758340228864 ) ) ;
#2312 = LINE ( 'NONE', #5519, #5007 ) ;
#2313 = AXIS2_PLACEMENT_3D ( 'NONE', #6095, #6124, #6060 ) ;
#2314 = DIRECTION ( 'NONE',  ( 1.000000000000000000, -1.224646799147353454E-16, -0.000000000000000000 ) ) ;
#2315 = ADVANCED_FACE ( 'NONE', ( #4880 ), #3973, .F. ) ;
#2316 = ORIENTED_EDGE ( 'NONE', *, *, #2360, .T. ) ;
#2317 = FILL_AREA_STYLE ('',( #6612 ) ) ;
#2318 = DIRECTION ( 'NONE',  ( 1.000000000000000000, 0.000000000000000000, -3.673940397442059375E-16 ) ) ;
#2319 = PRESENTATION_LAYER_ASSIGNMENT (  '', '', ( #5842 ) ) ;
#2320 = LINE ( 'NONE', #4424, #3519 ) ;
#2321 = EDGE_LOOP ( 'NONE', ( #2453, #6135, #1271, #6619 ) ) ;
#2322 = PRODUCT_DEFINITION_FORMATION_WITH_SPECIFIED_SOURCE ( 'ANY', '', #3890, .NOT_KNOWN. ) ;
#2323 = EDGE_LOOP ( 'NONE', ( #3113, #4755, #398, #5711 ) ) ;
#2324 = CARTESIAN_POINT ( 'NONE',  ( -1.799363675551670427, 5.274717959013481838, -2.614782231660305101 ) ) ;
#2325 = CARTESIAN_POINT ( 'NONE',  ( -1.437310116802888338, 5.857474083221376304, -2.519374577609569510 ) ) ;
#2326 = VERTEX_POINT ( 'NONE', #3938 ) ;
#2327 = SURFACE_STYLE_USAGE ( .BOTH. , #192 ) ;
#2328 = MECHANICAL_DESIGN_GEOMETRIC_PRESENTATION_REPRESENTATION (  '', ( #3761 ), #4624 ) ;
#2329 = STYLED_ITEM ( 'NONE', ( #2872 ), #5702 ) ;
#2330 = LINE ( 'NONE', #3304, #2303 ) ;
#2331 = ADVANCED_FACE ( 'NONE', ( #3829 ), #5409, .F. ) ;
#2332 =( NAMED_UNIT ( * ) PLANE_ANGLE_UNIT ( ) SI_UNIT ( $, .RADIAN. ) );
#2333 = ORIENTED_EDGE ( 'NONE', *, *, #156, .T. ) ;
#2334 = CARTESIAN_POINT ( 'NONE',  ( -0.001458570207583642945, 5.779990088936275860, -2.486430672237225359 ) ) ;
#2335 = EDGE_CURVE ( 'NONE', #381, #5874, #1679, .T. ) ;
#2336 = B_SPLINE_SURFACE_WITH_KNOTS ( 'NONE', 1, 3, ( 
 ( #3232, #4700, #3715, #1478, #5777, #493, #4771, #20, #3160, #5332, #2694, #2151 ),
 ( #1578, #565, #5227, #6775, #2077, #5293, #4256, #2009, #4124, #6305, #1060, #1514 ) ),
 .UNSPECIFIED., .F., .F., .F.,
 ( 2, 2 ),
 ( 4, 2, 2, 2, 2, 4 ),
 ( 0.000000000000000000, 1.000000000000000000 ),
 ( 0.000000000000000000, 0.1250000000000000000, 0.2500000000000000000, 0.3750000000000000000, 0.5000000000000000000, 1.000000000000000000 ),
 .UNSPECIFIED. ) ;
#2337 = PRESENTATION_STYLE_ASSIGNMENT (( #3382 ) ) ;
#2338 =( LENGTH_UNIT ( ) NAMED_UNIT ( * ) SI_UNIT ( .MILLI., .METRE. ) );
#2339 = PRESENTATION_STYLE_ASSIGNMENT (( #105 ) ) ;
#2340 = ORIENTED_EDGE ( 'NONE', *, *, #1961, .T. ) ;
#2341 = DIRECTION ( 'NONE',  ( 0.000000000000000000, 0.4323118897652066805, 0.9017241429437473643 ) ) ;
#2342 = CARTESIAN_POINT ( 'NONE',  ( 1.599775664536740249, 5.258314360104422214, -2.564734521090198616 ) ) ;
#2343 = MECHANICAL_DESIGN_GEOMETRIC_PRESENTATION_REPRESENTATION (  '', ( #108 ), #5312 ) ;
#2344 = SURFACE_STYLE_USAGE ( .BOTH. , #213 ) ;
#2345 = ORIENTED_EDGE ( 'NONE', *, *, #6338, .T. ) ;
#2346 = CARTESIAN_POINT ( 'NONE',  ( 2.540000000000000480, 7.720461978346992105, 1.907104934563445653 ) ) ;
#2347 = DIRECTION ( 'NONE',  ( 0.000000000000000000, 3.667491492551389643E-15, -1.000000000000000000 ) ) ;
#2348 = ORIENTED_EDGE ( 'NONE', *, *, #1566, .T. ) ;
#2349 = DIRECTION ( 'NONE',  ( 0.000000000000000000, 0.9935302205158177413, -0.1135680453375450399 ) ) ;
#2350 = CARTESIAN_POINT ( 'NONE',  ( 0.000000000000000000, -3.500000000000000000, 0.2499999999999981681 ) ) ;
#2351 = EDGE_CURVE ( 'NONE', #4946, #2281, #3646, .T. ) ;
#2352 = VERTEX_POINT ( 'NONE', #921 ) ;
#2353 = VERTEX_POINT ( 'NONE', #454 ) ;
#2354 = CARTESIAN_POINT ( 'NONE',  ( 1.754762557072655049, 4.695643276105399444, -2.584968253589626563 ) ) ;
#2355 = FILL_AREA_STYLE_COLOUR ( '', #4070 ) ;
#2356 = PRESENTATION_STYLE_ASSIGNMENT (( #776 ) ) ;
#2357 = UNCERTAINTY_MEASURE_WITH_UNIT (LENGTH_MEASURE( 1.000000000000000082E-05 ), #3647, 'distance_accuracy_value', 'NONE');
#2358 = DIRECTION ( 'NONE',  ( -0.000000000000000000, 1.000000000000000000, 0.000000000000000000 ) ) ;
#2359 = CARTESIAN_POINT ( 'NONE',  ( 1.799999999999999600, 5.156607010677380032, -2.614991653411137484 ) ) ;
#2360 = EDGE_CURVE ( 'NONE', #6554, #638, #5065, .T. ) ;
#2361 = UNCERTAINTY_MEASURE_WITH_UNIT (LENGTH_MEASURE( 1.000000000000000082E-05 ), #893, 'distance_accuracy_value', 'NONE');
#2362 = DIRECTION ( 'NONE',  ( 0.000000000000000000, -0.9876989601903538585, 0.1563674008190127362 ) ) ;
#2363 = ADVANCED_FACE ( 'NONE', ( #4117 ), #1542, .T. ) ;
#2364 = CARTESIAN_POINT ( 'NONE',  ( 2.165000000000000036, -4.001000000000000334, 0.7499999999999983347 ) ) ;
#2365 = VECTOR ( 'NONE', #5219, 1000.000000000000000 ) ;
#2366 = PRESENTATION_STYLE_ASSIGNMENT (( #1763 ) ) ;
#2367 = FACE_OUTER_BOUND ( 'NONE', #2799, .T. ) ;
#2368 = FILL_AREA_STYLE_COLOUR ( '', #4806 ) ;
#2369 = STYLED_ITEM ( 'NONE', ( #480 ), #2633 ) ;
#2370 = ORIENTED_EDGE ( 'NONE', *, *, #4417, .F. ) ;
#2371 = FILL_AREA_STYLE ('',( #605 ) ) ;
#2372 = EDGE_CURVE ( 'NONE', #6178, #1925, #5183, .T. ) ;
#2373 =( NAMED_UNIT ( * ) PLANE_ANGLE_UNIT ( ) SI_UNIT ( $, .RADIAN. ) );
#2374 = FACE_OUTER_BOUND ( 'NONE', #5565, .T. ) ;
#2375 =( NAMED_UNIT ( * ) PLANE_ANGLE_UNIT ( ) SI_UNIT ( $, .RADIAN. ) );
#2376 = MECHANICAL_DESIGN_GEOMETRIC_PRESENTATION_REPRESENTATION (  '', ( #6449 ), #1465 ) ;
#2377 = CARTESIAN_POINT ( 'NONE',  ( 1.570317125233141375, 4.279174495217593410, -2.422656962276577897 ) ) ;
#2378 = CARTESIAN_POINT ( 'NONE',  ( -1.558436533792719070, 4.740808384079215010, -2.590445448337178380 ) ) ;
#2379 = CARTESIAN_POINT ( 'NONE',  ( -0.5750281698376218387, 3.595116112412696019, -2.040478855967144511 ) ) ;
#2380 = FILL_AREA_STYLE_COLOUR ( '', #4283 ) ;
#2381 = ORIENTED_EDGE ( 'NONE', *, *, #3029, .F. ) ;
#2382 = VERTEX_POINT ( 'NONE', #2807 ) ;
#2383 = DIRECTION ( 'NONE',  ( 3.673940397442059375E-16, 0.000000000000000000, 1.000000000000000000 ) ) ;
#2384 = CARTESIAN_POINT ( 'NONE',  ( -0.4672338650412969363, 4.634352222060691417, -2.512634547463330481 ) ) ;
#2385 = VERTEX_POINT ( 'NONE', #47 ) ;
#2386 = VECTOR ( 'NONE', #5276, 1000.000000000000000 ) ;
#2387 = ORIENTED_EDGE ( 'NONE', *, *, #301, .F. ) ;
#2388 = CARTESIAN_POINT ( 'NONE',  ( -1.434768895186192328, 4.075671555840085780, -2.389828369090666094 ) ) ;
#2389 = ORIENTED_EDGE ( 'NONE', *, *, #1117, .F. ) ;
#2390 = DIRECTION ( 'NONE',  ( 1.000000000000000000, 0.000000000000000000, -4.336808689942021680E-16 ) ) ;
#2391 = CARTESIAN_POINT ( 'NONE',  ( -2.540000000000000036, 7.546404284867462842, -1.645263485197931530 ) ) ;
#2392 = CARTESIAN_POINT ( 'NONE',  ( 2.540000000000000480, 7.376562133445771607, 1.570037309908763223 ) ) ;
#2393 = AXIS2_PLACEMENT_3D ( 'NONE', #3789, #3718, #2082 ) ;
#2394 = CARTESIAN_POINT ( 'NONE',  ( 2.165000000000000036, -4.001000000000000334, -1.124999999999999556 ) ) ;
#2395 = CARTESIAN_POINT ( 'NONE',  ( 2.214999999999999858, -0.2500000000000000000, -0.7499999999999990008 ) ) ;
#2396 =( GEOMETRIC_REPRESENTATION_CONTEXT ( 3 ) GLOBAL_UNCERTAINTY_ASSIGNED_CONTEXT ( ( #5463 ) ) GLOBAL_UNIT_ASSIGNED_CONTEXT ( ( #2845, #6486, #678 ) ) REPRESENTATION_CONTEXT ( 'NONE', 'WORKASPACE' ) );
#2397 = ORIENTED_EDGE ( 'NONE', *, *, #1612, .F. ) ;
#2398 = CARTESIAN_POINT ( 'NONE',  ( 0.4160329709823539779, 6.596682694581126327, -2.119584222631037740 ) ) ;
#2399 = FILL_AREA_STYLE_COLOUR ( '', #4310 ) ;
#2400 = FILL_AREA_STYLE ('',( #825 ) ) ;
#2401 = PRESENTATION_STYLE_ASSIGNMENT (( #2527 ) ) ;
#2402 = PRESENTATION_LAYER_ASSIGNMENT (  '', '', ( #3630 ) ) ;
#2403 = CARTESIAN_POINT ( 'NONE',  ( 0.7089459342378672257, 3.791786566037024020, -2.234748590538716329 ) ) ;
#2404 = PRESENTATION_STYLE_ASSIGNMENT (( #4985 ) ) ;
#2405 =( LENGTH_UNIT ( ) NAMED_UNIT ( * ) SI_UNIT ( .MILLI., .METRE. ) );
#2406 = ORIENTED_EDGE ( 'NONE', *, *, #6123, .F. ) ;
#2407 = CARTESIAN_POINT ( 'NONE',  ( 2.540000000000000480, 7.213259400147536304, 1.454572088749639169 ) ) ;
#2408 = VECTOR ( 'NONE', #4588, 1000.000000000000000 ) ;
#2409 = ORIENTED_EDGE ( 'NONE', *, *, #5492, .F. ) ;
#2410 = SURFACE_SIDE_STYLE ('',( #3980 ) ) ;
#2411 =( NAMED_UNIT ( * ) SI_UNIT ( $, .STERADIAN. ) SOLID_ANGLE_UNIT ( ) );
#2412 = CARTESIAN_POINT ( 'NONE',  ( 9.350000000000001421, 0.02499999999999885994, 0.1499999999999999667 ) ) ;
#2413 = DIRECTION ( 'NONE',  ( 2.121061702580433871E-16, -0.8165136664911772924, 0.5773261057956192710 ) ) ;
#2414 = CARTESIAN_POINT ( 'NONE',  ( -1.269351021231991172, 3.929708550113796939, -2.312815119574979317 ) ) ;
#2415 = EDGE_LOOP ( 'NONE', ( #6110 ) ) ;
#2416 = CIRCLE ( 'NONE', #2313, 0.3250000000000000111 ) ;
#2417 = FILL_AREA_STYLE_COLOUR ( '', #210 ) ;
#2418 = UNCERTAINTY_MEASURE_WITH_UNIT (LENGTH_MEASURE( 1.000000000000000082E-05 ), #212, 'distance_accuracy_value', 'NONE');
#2419 = AXIS2_PLACEMENT_3D ( 'NONE', #4031, #1313, #4599 ) ;
#2420 =( LENGTH_UNIT ( ) NAMED_UNIT ( * ) SI_UNIT ( .MILLI., .METRE. ) );
#2421 = ORIENTED_EDGE ( 'NONE', *, *, #2939, .T. ) ;
#2422 = DIRECTION ( 'NONE',  ( 3.381527243619506973E-16, 0.000000000000000000, 1.000000000000000000 ) ) ;
#2423 = UNCERTAINTY_MEASURE_WITH_UNIT (LENGTH_MEASURE( 1.000000000000000082E-05 ), #5536, 'distance_accuracy_value', 'NONE');
#2424 = AXIS2_PLACEMENT_3D ( 'NONE', #3374, #5390, #4932 ) ;
#2425 = FACE_OUTER_BOUND ( 'NONE', #4898, .T. ) ;
#2426 = SURFACE_SIDE_STYLE ('',( #4088 ) ) ;
#2427 = ORIENTED_EDGE ( 'NONE', *, *, #3958, .F. ) ;
#2428 = TOROIDAL_SURFACE ( 'NONE', #311, 2.064999999999999059, 0.2500000000000000000 ) ;
#2429 = VECTOR ( 'NONE', #5432, 1000.000000000000000 ) ;
#2430 = CARTESIAN_POINT ( 'NONE',  ( -0.001191037011240677918, 5.856499843231006253, -2.465782425826448243 ) ) ;
#2431 = CLOSED_SHELL ( 'NONE', ( #4296, #2510, #1213, #1583, #6210, #2550, #6856, #1083, #1483, #4210, #4163, #6768, #635, #618, #3734, #5702, #473, #374, #5473, #4801, #3110, #3968, #3801, #5278, #3428, #3112, #815, #2525, #4380, #3756, #1554, #1504, #1658, #1470, #5005, #3771, #1884, #5577, #3853, #4966, #1416, #3594, #5175, #4619, #6275, #4294, #3683, #2315, #4877, #1717, #2331, #2229, #2874, #5642, #1081, #3135, #672, #938, #6125, #6521, #3798, #2363, #2704, #4040, #6682, #4085, #4783, #5123, #560, #691, #4331, #784, #3111, #2718, #5805, #4466, #898, #3325, #6041, #4475, #841, #1292, #6733, #4831, #6319, #5438, #3676, #3036, #261, #3930, #3512, #5164, #2729, #6860, #4890, #1624, #5383, #5815, #4542, #462, #6215, #1243, #4558, #6298, #37, #273, #54, #2546, #5670, #139, #5098, #1277, #4352, #2633, #2178, #6705, #5042, #6824, #2040 ) ) ;
#2432 = CIRCLE ( 'NONE', #6303, 2.464999999999999858 ) ;
#2433 = CARTESIAN_POINT ( 'NONE',  ( -1.387774397309575969, 5.931799789959633529, -2.444427399478889651 ) ) ;
#2434 = CARTESIAN_POINT ( 'NONE',  ( -2.539999999999999591, 7.033744110214712464, 1.591365531330415362 ) ) ;
#2435 = EDGE_CURVE ( 'NONE', #2250, #6122, #3852, .T. ) ;
#2436 = ORIENTED_EDGE ( 'NONE', *, *, #1272, .F. ) ;
#2437 = CARTESIAN_POINT ( 'NONE',  ( -2.539999999999999591, 7.720461978346992105, 1.907104934563445653 ) ) ;
#2438 = AXIS2_PLACEMENT_3D ( 'NONE', #316, #3506, #3951 ) ;
#2439 = FACE_OUTER_BOUND ( 'NONE', #3136, .T. ) ;
#2440 = DIRECTION ( 'NONE',  ( 0.000000000000000000, 0.000000000000000000, -1.000000000000000000 ) ) ;
#2441 = CARTESIAN_POINT ( 'NONE',  ( 2.215000000000000302, -0.2500000000000000000, 0.7499999999999982236 ) ) ;
#2442 = SURFACE_STYLE_USAGE ( .BOTH. , #1497 ) ;
#2443 = ORIENTED_EDGE ( 'NONE', *, *, #85, .F. ) ;
#2444 = COLOUR_RGB ( '',0.6039215686274509443, 0.6039215686274509443, 0.6039215686274509443 ) ;
#2445 = ORIENTED_EDGE ( 'NONE', *, *, #4417, .T. ) ;
#2446 = CARTESIAN_POINT ( 'NONE',  ( 2.214999999999999858, 0.000000000000000000, 0.7499999999999983347 ) ) ;
#2447 = CARTESIAN_POINT ( 'NONE',  ( 0.4790310504250117618, 4.599690585445917357, -2.556439819016505854 ) ) ;
#2448 =( LENGTH_UNIT ( ) NAMED_UNIT ( * ) SI_UNIT ( .MILLI., .METRE. ) );
#2449 = AXIS2_PLACEMENT_3D ( 'NONE', #6061, #1264, #1825 ) ;
#2450 =( NAMED_UNIT ( * ) PLANE_ANGLE_UNIT ( ) SI_UNIT ( $, .RADIAN. ) );
#2451 = CARTESIAN_POINT ( 'NONE',  ( -9.329128784747791059, 2.164999999999997815, 0.000000000000000000 ) ) ;
#2452 = FILL_AREA_STYLE_COLOUR ( '', #64 ) ;
#2453 = ORIENTED_EDGE ( 'NONE', *, *, #5752, .F. ) ;
#2454 = CARTESIAN_POINT ( 'NONE',  ( -0.5354548301088432050, 4.633214198592940036, -2.563426892943128976 ) ) ;
#2455 =( NAMED_UNIT ( * ) SI_UNIT ( $, .STERADIAN. ) SOLID_ANGLE_UNIT ( ) );
#2456 = ORIENTED_EDGE ( 'NONE', *, *, #6590, .F. ) ;
#2457 = SURFACE_STYLE_USAGE ( .BOTH. , #4630 ) ;
#2458 = FILL_AREA_STYLE_COLOUR ( '', #3199 ) ;
#2459 = CYLINDRICAL_SURFACE ( 'NONE', #5509, 0.5000000000000000000 ) ;
#2460 = MECHANICAL_DESIGN_GEOMETRIC_PRESENTATION_REPRESENTATION (  '', ( #5108 ), #1800 ) ;
#2461 = CARTESIAN_POINT ( 'NONE',  ( 1.094188569625515361, 4.049295950494284924, -2.317116918828683314 ) ) ;
#2462 = CARTESIAN_POINT ( 'NONE',  ( 2.540000000000000480, 7.394516620580349198, 1.576649235838322838 ) ) ;
#2463 = ORIENTED_EDGE ( 'NONE', *, *, #6011, .T. ) ;
#2464 = VERTEX_POINT ( 'NONE', #2690 ) ;
#2465 = EDGE_CURVE ( 'NONE', #6569, #6054, #4116, .T. ) ;
#2466 = PRESENTATION_STYLE_ASSIGNMENT (( #6712 ) ) ;
#2467 = SURFACE_STYLE_FILL_AREA ( #942 ) ;
#2468 = CARTESIAN_POINT ( 'NONE',  ( -1.093466000426426055, 3.795050296432810555, -2.236897667050171901 ) ) ;
#2469 =( NAMED_UNIT ( * ) SI_UNIT ( $, .STERADIAN. ) SOLID_ANGLE_UNIT ( ) );
#2470 = VERTEX_POINT ( 'NONE', #5847 ) ;
#2471 = CARTESIAN_POINT ( 'NONE',  ( -0.5244026613225525324, 4.600951813836060111, -2.556711316061668349 ) ) ;
#2472 = DIRECTION ( 'NONE',  ( 0.000000000000000000, -1.000000000000000000, 0.000000000000000000 ) ) ;
#2473 = UNCERTAINTY_MEASURE_WITH_UNIT (LENGTH_MEASURE( 1.000000000000000082E-05 ), #5819, 'distance_accuracy_value', 'NONE');
#2474 = LINE ( 'NONE', #4585, #3483 ) ;
#2475 = VERTEX_POINT ( 'NONE', #2451 ) ;
#2476 = VECTOR ( 'NONE', #6708, 1000.000000000000000 ) ;
#2477 = UNCERTAINTY_MEASURE_WITH_UNIT (LENGTH_MEASURE( 1.000000000000000082E-05 ), #6090, 'distance_accuracy_value', 'NONE');
#2478 = DIRECTION ( 'NONE',  ( 0.000000000000000000, 0.4116854961576626448, -0.9113259857226826410 ) ) ;
#2479 = ORIENTED_EDGE ( 'NONE', *, *, #2859, .T. ) ;
#2480 = CARTESIAN_POINT ( 'NONE',  ( -2.540000000000000480, 0.4006545807089132993, -2.800698048415867891 ) ) ;
#2481 = LINE ( 'NONE', #5572, #5406 ) ;
#2482 = CARTESIAN_POINT ( 'NONE',  ( 2.301066087030671614, 4.724339035756187855, 2.427969881097998162 ) ) ;
#2483 = DIRECTION ( 'NONE',  ( 1.000000000000000000, 0.000000000000000000, 0.000000000000000000 ) ) ;
#2484 = PLANE ( 'NONE',  #2951 ) ;
#2485 = EDGE_LOOP ( 'NONE', ( #2800, #3221, #3833, #79, #4317 ) ) ;
#2486 = CARTESIAN_POINT ( 'NONE',  ( 1.547154840838675494, 5.562010794536965896, -2.533720569088579122 ) ) ;
#2487 = VECTOR ( 'NONE', #137, 1000.000000000000000 ) ;
#2488 =( NAMED_UNIT ( * ) PLANE_ANGLE_UNIT ( ) SI_UNIT ( $, .RADIAN. ) );
#2489 =( LENGTH_UNIT ( ) NAMED_UNIT ( * ) SI_UNIT ( .MILLI., .METRE. ) );
#2490 = CARTESIAN_POINT ( 'NONE',  ( -0.04931105452048316351, 3.682048986535737534, -2.103412663785706904 ) ) ;
#2491 = ADVANCED_FACE ( 'NONE', ( #634 ), #3345, .F. ) ;
#2492 = CARTESIAN_POINT ( 'NONE',  ( 2.540000000000000480, 7.440082919866492617, 1.597233510646206112 ) ) ;
#2493 = VERTEX_POINT ( 'NONE', #2774 ) ;
#2494 = CARTESIAN_POINT ( 'NONE',  ( 2.540000000000000480, 5.759476576732735609, 2.388464632858134706 ) ) ;
#2495 = COLOUR_RGB ( '',0.6039215686274509443, 0.6039215686274509443, 0.6039215686274509443 ) ;
#2496 = DIRECTION ( 'NONE',  ( 0.000000000000000000, -1.000000000000000000, 0.000000000000000000 ) ) ;
#2497 = CARTESIAN_POINT ( 'NONE',  ( 0.4466595336674702432, 4.624038539803104975, -2.561559982195917407 ) ) ;
#2498 = CARTESIAN_POINT ( 'NONE',  ( 0.000000000000000000, 0.02500000000000000486, 0.1499999999999999667 ) ) ;
#2499 = CARTESIAN_POINT ( 'NONE',  ( 0.7952300805322725097, 6.673251549357416934, -2.126012409935085667 ) ) ;
#2500 = EDGE_CURVE ( 'NONE', #1674, #3348, #138, .T. ) ;
#2501 = VERTEX_POINT ( 'NONE', #1754 ) ;
#2502 =( GEOMETRIC_REPRESENTATION_CONTEXT ( 3 ) GLOBAL_UNCERTAINTY_ASSIGNED_CONTEXT ( ( #4436 ) ) GLOBAL_UNIT_ASSIGNED_CONTEXT ( ( #1027, #4869, #5468 ) ) REPRESENTATION_CONTEXT ( 'NONE', 'WORKASPACE' ) );
#2503 = ORIENTED_EDGE ( 'NONE', *, *, #5320, .F. ) ;
#2504 =( GEOMETRIC_REPRESENTATION_CONTEXT ( 3 ) GLOBAL_UNCERTAINTY_ASSIGNED_CONTEXT ( ( #4289 ) ) GLOBAL_UNIT_ASSIGNED_CONTEXT ( ( #2750, #4713, #2093 ) ) REPRESENTATION_CONTEXT ( 'NONE', 'WORKASPACE' ) );
#2505 = LINE ( 'NONE', #6760, #4870 ) ;
#2506 = CARTESIAN_POINT ( 'NONE',  ( -2.215000000000000302, -0.2500000000000002220, -0.7499999999999982236 ) ) ;
#2507 = VECTOR ( 'NONE', #5740, 1000.000000000000000 ) ;
#2508 = LINE ( 'NONE', #982, #6336 ) ;
#2509 = AXIS2_PLACEMENT_3D ( 'NONE', #2578, #4248, #3114 ) ;
#2510 = ADVANCED_FACE ( 'NONE', ( #4361 ), #1606, .F. ) ;
#2511 = CARTESIAN_POINT ( 'NONE',  ( -2.615000000000001101, -0.2500000000000000000, -0.7499999999999981126 ) ) ;
#2512 = VERTEX_POINT ( 'NONE', #4832 ) ;
#2513 = AXIS2_PLACEMENT_3D ( 'NONE', #5567, #6785, #2017 ) ;
#2514 = SURFACE_STYLE_USAGE ( .BOTH. , #4184 ) ;
#2515 = ORIENTED_EDGE ( 'NONE', *, *, #1270, .F. ) ;
#2516 = PRODUCT_RELATED_PRODUCT_CATEGORY ( 'part', '', ( #3890 ) ) ;
#2517 = CARTESIAN_POINT ( 'NONE',  ( -2.540000000000000036, 7.196575899622825290, -1.534053322119589335 ) ) ;
#2518 = CARTESIAN_POINT ( 'NONE',  ( -0.4672338650412969363, 4.634352222060693194, -2.512634547463330481 ) ) ;
#2519 = PLANE ( 'NONE',  #5037 ) ;
#2520 = VECTOR ( 'NONE', #6234, 1000.000000000000000 ) ;
#2521 = ORIENTED_EDGE ( 'NONE', *, *, #5347, .F. ) ;
#2522 = CARTESIAN_POINT ( 'NONE',  ( 1.270380321732867523, 6.380425244201840762, -2.307439862364964345 ) ) ;
#2523 = EDGE_CURVE ( 'NONE', #6839, #6773, #564, .T. ) ;
#2524 = CIRCLE ( 'NONE', #402, 2.615000000000000213 ) ;
#2525 = ADVANCED_FACE ( 'NONE', ( #5002 ), #5464, .T. ) ;
#2526 = STYLED_ITEM ( 'NONE', ( #2107 ), #5642 ) ;
#2527 = SURFACE_STYLE_USAGE ( .BOTH. , #826 ) ;
#2528 = DIRECTION ( 'NONE',  ( -1.707404996040164265E-16, -0.000000000000000000, -1.000000000000000000 ) ) ;
#2529 = DIRECTION ( 'NONE',  ( -1.000000000000000000, -1.224646799147353454E-16, -0.000000000000000000 ) ) ;
#2530 = PRESENTATION_STYLE_ASSIGNMENT (( #4035 ) ) ;
#2531 = PRESENTATION_LAYER_ASSIGNMENT (  '', '', ( #1099 ) ) ;
#2532 = VECTOR ( 'NONE', #1848, 1000.000000000000000 ) ;
#2533 = ORIENTED_EDGE ( 'NONE', *, *, #4471, .F. ) ;
#2534 = CIRCLE ( 'NONE', #3333, 2.415000000000000036 ) ;
#2535 = ORIENTED_EDGE ( 'NONE', *, *, #2779, .F. ) ;
#2536 = CARTESIAN_POINT ( 'NONE',  ( -1.615506889134032731, 4.367827785938926510, -2.497654135184909308 ) ) ;
#2537 = CYLINDRICAL_SURFACE ( 'NONE', #2228, 1.301549732019052552 ) ;
#2538 = EDGE_LOOP ( 'NONE', ( #5200, #3149, #2563, #1783, #4006, #579 ) ) ;
#2539 = CARTESIAN_POINT ( 'NONE',  ( 2.540000000000000480, 3.324448422829183958, 1.656377505005771411 ) ) ;
#2540 = LINE ( 'NONE', #2645, #6533 ) ;
#2541 = DIRECTION ( 'NONE',  ( -0.000000000000000000, 1.000000000000000000, -0.000000000000000000 ) ) ;
#2542 = VERTEX_POINT ( 'NONE', #1368 ) ;
#2543 = COLOUR_RGB ( '',0.6039215686274509443, 0.6039215686274509443, 0.6039215686274509443 ) ;
#2544 = CARTESIAN_POINT ( 'NONE',  ( -2.540000000000000036, 7.231212604653898701, -1.532305345192615853 ) ) ;
#2545 = ORIENTED_EDGE ( 'NONE', *, *, #3253, .T. ) ;
#2546 = ADVANCED_FACE ( 'NONE', ( #5540 ), #1238, .T. ) ;
#2547 = PRESENTATION_STYLE_ASSIGNMENT (( #2514 ) ) ;
#2548 = STYLED_ITEM ( 'NONE', ( #1463 ), #1884 ) ;
#2549 = CARTESIAN_POINT ( 'NONE',  ( 0.000000000000000000, -4.000000000000000000, 0.000000000000000000 ) ) ;
#2550 = ADVANCED_FACE ( 'NONE', ( #1791 ), #4971, .F. ) ;
#2551 = DIRECTION ( 'NONE',  ( 0.000000000000000000, -0.4323118897652066805, -0.9017241429437473643 ) ) ;
#2552 = FACE_OUTER_BOUND ( 'NONE', #2485, .T. ) ;
#2553 = PRESENTATION_STYLE_ASSIGNMENT (( #4224 ) ) ;
#2554 = EDGE_CURVE ( 'NONE', #6509, #81, #1993, .T. ) ;
#2555 = AXIS2_PLACEMENT_3D ( 'NONE', #3600, #1356, #4609 ) ;
#2556 = ORIENTED_EDGE ( 'NONE', *, *, #4, .F. ) ;
#2557 = DIRECTION ( 'NONE',  ( 0.000000000000000000, -0.9113259857226829741, -0.4116854961576618677 ) ) ;
#2558 =( NAMED_UNIT ( * ) SI_UNIT ( $, .STERADIAN. ) SOLID_ANGLE_UNIT ( ) );
#2559 = CARTESIAN_POINT ( 'NONE',  ( -0.9317342622102392502, 6.379106061252856286, -2.251521332008012521 ) ) ;
#2560 =( LENGTH_UNIT ( ) NAMED_UNIT ( * ) SI_UNIT ( .MILLI., .METRE. ) );
#2561 = COLOUR_RGB ( '',0.6039215686274509443, 0.6039215686274509443, 0.6039215686274509443 ) ;
#2562 = CARTESIAN_POINT ( 'NONE',  ( 2.540000000000000480, 7.230341301471685078, 1.859107331326271817 ) ) ;
#2563 = ORIENTED_EDGE ( 'NONE', *, *, #559, .T. ) ;
#2564 = DIRECTION ( 'NONE',  ( 0.000000000000000000, 0.4323118897652182824, -0.9017241429437418132 ) ) ;
#2565 = EDGE_LOOP ( 'NONE', ( #6832, #77, #5457, #3977 ) ) ;
#2566 = SURFACE_SIDE_STYLE ('',( #3661 ) ) ;
#2567 = DIRECTION ( 'NONE',  ( 0.000000000000000000, 0.000000000000000000, -1.000000000000000000 ) ) ;
#2568 = CARTESIAN_POINT ( 'NONE',  ( -1.799362092292490889, 5.214693281202012365, -2.614889032118373535 ) ) ;
#2569 = DIRECTION ( 'NONE',  ( -1.000000000000000000, -0.000000000000000000, 0.000000000000000000 ) ) ;
#2570 =( GEOMETRIC_REPRESENTATION_CONTEXT ( 3 ) GLOBAL_UNCERTAINTY_ASSIGNED_CONTEXT ( ( #6098 ) ) GLOBAL_UNIT_ASSIGNED_CONTEXT ( ( #4646, #5094, #368 ) ) REPRESENTATION_CONTEXT ( 'NONE', 'WORKASPACE' ) );
#2571 = CARTESIAN_POINT ( 'NONE',  ( 0.4790310504250117618, 4.599690585445917357, -2.556439819016505854 ) ) ;
#2572 = CARTESIAN_POINT ( 'NONE',  ( -9.350000000000001421, -0.02500000000000114284, -0.1500000000000000222 ) ) ;
#2573 = CARTESIAN_POINT ( 'NONE',  ( -2.215000000000000302, 0.000000000000000000, -0.7499999999999982236 ) ) ;
#2574 = CARTESIAN_POINT ( 'NONE',  ( -0.008667450993725312261, 5.869927391389288651, -2.513947031951983657 ) ) ;
#2575 = VECTOR ( 'NONE', #6084, 1000.000000000000000 ) ;
#2576 = EDGE_CURVE ( 'NONE', #5874, #4130, #4340, .T. ) ;
#2577 = ORIENTED_EDGE ( 'NONE', *, *, #3569, .F. ) ;
#2578 = CARTESIAN_POINT ( 'NONE',  ( -2.540000000000000480, 3.083757038415181118, -1.874763991466976476 ) ) ;
#2579 = VERTEX_POINT ( 'NONE', #879 ) ;
#2580 = CARTESIAN_POINT ( 'NONE',  ( -2.540000000000000480, -4.001000000000000334, -1.124999999999998224 ) ) ;
#2581 = EDGE_LOOP ( 'NONE', ( #3246, #5996, #1684, #2556, #248 ) ) ;
#2582 = CARTESIAN_POINT ( 'NONE',  ( 2.312284680115470614, 4.724339035756187855, 2.426050472838727767 ) ) ;
#2583 = SURFACE_SIDE_STYLE ('',( #490 ) ) ;
#2584 = ORIENTED_EDGE ( 'NONE', *, *, #1804, .T. ) ;
#2585 = CARTESIAN_POINT ( 'NONE',  ( 2.367364094876915903, 5.609476576732736142, 2.384496873471698919 ) ) ;
#2586 = EDGE_CURVE ( 'NONE', #6301, #6389, #2930, .T. ) ;
#2587 =( NAMED_UNIT ( * ) PLANE_ANGLE_UNIT ( ) SI_UNIT ( $, .RADIAN. ) );
#2588 = LINE ( 'NONE', #1579, #3873 ) ;
#2589 = CARTESIAN_POINT ( 'NONE',  ( 2.214999999999999858, 0.000000000000000000, 0.7499999999999983347 ) ) ;
#2590 =( LENGTH_UNIT ( ) NAMED_UNIT ( * ) SI_UNIT ( .MILLI., .METRE. ) );
#2591 = CARTESIAN_POINT ( 'NONE',  ( -2.539999999999999591, 6.988007637321757670, 1.642544649361741937 ) ) ;
#2592 = DIRECTION ( 'NONE',  ( -1.000000000000000000, -0.000000000000000000, 0.000000000000000000 ) ) ;
#2593 = EDGE_LOOP ( 'NONE', ( #3070, #3584, #2172, #6679 ) ) ;
#2594 = DIRECTION ( 'NONE',  ( -1.000000000000000000, -0.000000000000000000, 0.000000000000000000 ) ) ;
#2595 = MECHANICAL_DESIGN_GEOMETRIC_PRESENTATION_REPRESENTATION (  '', ( #4046 ), #5813 ) ;
#2596 = DIRECTION ( 'NONE',  ( -1.000000000000000000, 0.000000000000000000, 3.673940397442059375E-16 ) ) ;
#2597 = CARTESIAN_POINT ( 'NONE',  ( 1.496716327665926771, 5.715822691402169475, -2.553532743545266381 ) ) ;
#2598 = CARTESIAN_POINT ( 'NONE',  ( -1.528561878455740208, 6.085993551372825827, -2.442250138028744466 ) ) ;
#2599 = FILL_AREA_STYLE ('',( #5792 ) ) ;
#2600 = VECTOR ( 'NONE', #3198, 999.9999999999998863 ) ;
#2601 = VECTOR ( 'NONE', #1818, 1000.000000000000227 ) ;
#2602 = SURFACE_STYLE_FILL_AREA ( #72 ) ;
#2603 = EDGE_CURVE ( 'NONE', #2626, #2464, #2508, .T. ) ;
#2604 = EDGE_CURVE ( 'NONE', #4514, #5720, #4114, .T. ) ;
#2605 = CARTESIAN_POINT ( 'NONE',  ( -2.540000000000000480, 7.661453648161000274, -1.830379658008979060 ) ) ;
#2606 = CARTESIAN_POINT ( 'NONE',  ( -2.539999999999999591, 0.1500000000000303590, 2.642896323400710124 ) ) ;
#2607 =( LENGTH_UNIT ( ) NAMED_UNIT ( * ) SI_UNIT ( .MILLI., .METRE. ) );
#2608 = B_SPLINE_CURVE_WITH_KNOTS ( 'NONE', 1,
 ( #1062, #6408 ),
 .UNSPECIFIED., .F., .F.,
 ( 2, 2 ),
 ( 0.000000000000000000, 1.000000000000000000 ),
 .UNSPECIFIED. ) ;
#2609 = STYLED_ITEM ( 'NONE', ( #5997 ), #898 ) ;
#2610 = ORIENTED_EDGE ( 'NONE', *, *, #243, .F. ) ;
#2611 =( NAMED_UNIT ( * ) PLANE_ANGLE_UNIT ( ) SI_UNIT ( $, .RADIAN. ) );
#2612 = EDGE_LOOP ( 'NONE', ( #4386, #1544, #2888, #4911, #6427, #1857, #5012, #1680, #3294, #4860, #2687, #4957, #1639, #5617, #5187, #2273, #6104, #1149, #1567, #6886 ) ) ;
#2613 = DIRECTION ( 'NONE',  ( 0.000000000000000000, 0.9017241429437475864, -0.4323118897652064585 ) ) ;
#2614 =( LENGTH_UNIT ( ) NAMED_UNIT ( * ) SI_UNIT ( .MILLI., .METRE. ) );
#2615 = DIRECTION ( 'NONE',  ( 1.000000000000000000, 0.000000000000000000, -1.966535401401894617E-16 ) ) ;
#2616 = ORIENTED_EDGE ( 'NONE', *, *, #6718, .T. ) ;
#2617 = CARTESIAN_POINT ( 'NONE',  ( -1.475716689975024254, 4.558649054021087998, -2.495902453760932449 ) ) ;
#2618 = PLANE ( 'NONE',  #3944 ) ;
#2619 = DIRECTION ( 'NONE',  ( -1.000000000000000000, -0.000000000000000000, -0.000000000000000000 ) ) ;
#2620 = UNCERTAINTY_MEASURE_WITH_UNIT (LENGTH_MEASURE( 1.000000000000000082E-05 ), #529, 'distance_accuracy_value', 'NONE');
#2621 = MECHANICAL_DESIGN_GEOMETRIC_PRESENTATION_REPRESENTATION (  '', ( #5842 ), #297 ) ;
#2622 = LINE ( 'NONE', #1138, #6182 ) ;
#2623 =( NAMED_UNIT ( * ) PLANE_ANGLE_UNIT ( ) SI_UNIT ( $, .RADIAN. ) );
#2624 =( NAMED_UNIT ( * ) PLANE_ANGLE_UNIT ( ) SI_UNIT ( $, .RADIAN. ) );
#2625 = STYLED_ITEM ( 'NONE', ( #2466 ), #6125 ) ;
#2626 = VERTEX_POINT ( 'NONE', #3640 ) ;
#2627 = FILL_AREA_STYLE ('',( #3759 ) ) ;
#2628 =( LENGTH_UNIT ( ) NAMED_UNIT ( * ) SI_UNIT ( .MILLI., .METRE. ) );
#2629 = CARTESIAN_POINT ( 'NONE',  ( -1.776572241982545819, 5.445369739127105646, -2.548563266547361206 ) ) ;
#2630 = MECHANICAL_DESIGN_GEOMETRIC_PRESENTATION_REPRESENTATION (  '', ( #5189 ), #4733 ) ;
#2631 = MECHANICAL_DESIGN_GEOMETRIC_PRESENTATION_REPRESENTATION (  '', ( #4412 ), #5173 ) ;
#2632 = MECHANICAL_DESIGN_GEOMETRIC_PRESENTATION_REPRESENTATION (  '', ( #4301 ), #6868 ) ;
#2633 = ADVANCED_FACE ( 'NONE', ( #1535 ), #3607, .F. ) ;
#2634 = CARTESIAN_POINT ( 'NONE',  ( 2.340000000000000302, 5.150000000000000355, 0.000000000000000000 ) ) ;
#2635 = CARTESIAN_POINT ( 'NONE',  ( -0.8979481499266482869, 3.710953807452940012, -2.124249073620733785 ) ) ;
#2636 = CLOSED_SHELL ( 'NONE', ( #2816, #383, #4245, #1989, #890, #4591, #2048, #3475, #6078 ) ) ;
#2637 =( LENGTH_UNIT ( ) NAMED_UNIT ( * ) SI_UNIT ( .MILLI., .METRE. ) );
#2638 = EDGE_CURVE ( 'NONE', #5387, #2470, #1346, .T. ) ;
#2639 =( NAMED_UNIT ( * ) SI_UNIT ( $, .STERADIAN. ) SOLID_ANGLE_UNIT ( ) );
#2640 = VERTEX_POINT ( 'NONE', #6159 ) ;
#2641 = MECHANICAL_DESIGN_GEOMETRIC_PRESENTATION_REPRESENTATION (  '', ( #5179 ), #4850 ) ;
#2642 = VECTOR ( 'NONE', #3146, 1000.000000000000000 ) ;
#2643 = CARTESIAN_POINT ( 'NONE',  ( 2.540000000000000036, 3.008102457706269384, -1.716962266451822261 ) ) ;
#2644 = CARTESIAN_POINT ( 'NONE',  ( -0.5317093653600362124, 4.656994136244917648, -2.517175047211279271 ) ) ;
#2645 = CARTESIAN_POINT ( 'NONE',  ( 2.140000000000000568, 4.724339035756187855, 2.152681590485153063 ) ) ;
#2646 = EDGE_CURVE ( 'NONE', #1249, #3303, #6447, .T. ) ;
#2647 = ORIENTED_EDGE ( 'NONE', *, *, #1325, .F. ) ;
#2648 = SURFACE_STYLE_USAGE ( .BOTH. , #4115 ) ;
#2649 = EDGE_LOOP ( 'NONE', ( #543 ) ) ;
#2650 = ORIENTED_EDGE ( 'NONE', *, *, #679, .F. ) ;
#2651 =( NAMED_UNIT ( * ) SI_UNIT ( $, .STERADIAN. ) SOLID_ANGLE_UNIT ( ) );
#2652 = ORIENTED_EDGE ( 'NONE', *, *, #4394, .F. ) ;
#2653 = MECHANICAL_DESIGN_GEOMETRIC_PRESENTATION_REPRESENTATION (  '', ( #5083 ), #2657 ) ;
#2654 =( LENGTH_UNIT ( ) NAMED_UNIT ( * ) SI_UNIT ( .MILLI., .METRE. ) );
#2655 = ORIENTED_EDGE ( 'NONE', *, *, #1695, .F. ) ;
#2656 = CARTESIAN_POINT ( 'NONE',  ( -2.539999999999999591, 7.546404284867462842, 1.645263485197932418 ) ) ;
#2657 =( GEOMETRIC_REPRESENTATION_CONTEXT ( 3 ) GLOBAL_UNCERTAINTY_ASSIGNED_CONTEXT ( ( #2689 ) ) GLOBAL_UNIT_ASSIGNED_CONTEXT ( ( #3313, #4876, #649 ) ) REPRESENTATION_CONTEXT ( 'NONE', 'WORKASPACE' ) );
#2658 =( LENGTH_UNIT ( ) NAMED_UNIT ( * ) SI_UNIT ( .MILLI., .METRE. ) );
#2659 = ORIENTED_EDGE ( 'NONE', *, *, #978, .T. ) ;
#2660 = CARTESIAN_POINT ( 'NONE',  ( -2.165000000000000480, -4.001000000000000334, -1.124999999999998224 ) ) ;
#2661 =( NAMED_UNIT ( * ) PLANE_ANGLE_UNIT ( ) SI_UNIT ( $, .RADIAN. ) );
#2662 = VECTOR ( 'NONE', #5208, 1000.000000000000000 ) ;
#2663 =( LENGTH_UNIT ( ) NAMED_UNIT ( * ) SI_UNIT ( .MILLI., .METRE. ) );
#2664 = ORIENTED_EDGE ( 'NONE', *, *, #1928, .F. ) ;
#2665 = DIRECTION ( 'NONE',  ( 0.000000000000000000, 0.9876989601903538585, -0.1563674008190124864 ) ) ;
#2666 = CARTESIAN_POINT ( 'NONE',  ( 0.4653207997174341748, 6.740646509336431613, -2.012354734686273794 ) ) ;
#2667 = LINE ( 'NONE', #575, #3020 ) ;
#2668 = CARTESIAN_POINT ( 'NONE',  ( -1.796515782959990259, 5.272732861021887985, -2.562717986955880711 ) ) ;
#2669 = LINE ( 'NONE', #3726, #6333 ) ;
#2670 = ORIENTED_EDGE ( 'NONE', *, *, #1482, .F. ) ;
#2671 = AXIS2_PLACEMENT_3D ( 'NONE', #63, #3169, #3204 ) ;
#2672 = LINE ( 'NONE', #2060, #2386 ) ;
#2673 = EDGE_CURVE ( 'NONE', #6546, #4009, #2474, .T. ) ;
#2674 = CARTESIAN_POINT ( 'NONE',  ( -2.165000000000000480, 0.1499999999999999944, -1.124999999999998224 ) ) ;
#2675 = APPLICATION_CONTEXT ( 'automotive_design' ) ;
#2676 = CIRCLE ( 'NONE', #3589, 0.3250000000000000111 ) ;
#2677 =( LENGTH_UNIT ( ) NAMED_UNIT ( * ) SI_UNIT ( .MILLI., .METRE. ) );
#2678 = DIRECTION ( 'NONE',  ( -1.000000000000000000, 0.000000000000000000, 6.982962677686266711E-15 ) ) ;
#2679 = AXIS2_PLACEMENT_3D ( 'NONE', #86, #6435, #2976 ) ;
#2680 = ORIENTED_EDGE ( 'NONE', *, *, #6740, .F. ) ;
#2681 = UNCERTAINTY_MEASURE_WITH_UNIT (LENGTH_MEASURE( 1.000000000000000082E-05 ), #49, 'distance_accuracy_value', 'NONE');
#2682 = SURFACE_STYLE_FILL_AREA ( #5875 ) ;
#2683 = VERTEX_POINT ( 'NONE', #5350 ) ;
#2684 = ORIENTED_EDGE ( 'NONE', *, *, #334, .T. ) ;
#2685 = CARTESIAN_POINT ( 'NONE',  ( -1.205640000277716339, 6.184538234414833191, -2.402813539838138279 ) ) ;
#2686 =( GEOMETRIC_REPRESENTATION_CONTEXT ( 3 ) GLOBAL_UNCERTAINTY_ASSIGNED_CONTEXT ( ( #4553 ) ) GLOBAL_UNIT_ASSIGNED_CONTEXT ( ( #585, #2715, #4819 ) ) REPRESENTATION_CONTEXT ( 'NONE', 'WORKASPACE' ) );
#2687 = ORIENTED_EDGE ( 'NONE', *, *, #4705, .T. ) ;
#2688 = CARTESIAN_POINT ( 'NONE',  ( 2.540000000000000036, 7.546404284867462842, -1.645263485197933306 ) ) ;
#2689 = UNCERTAINTY_MEASURE_WITH_UNIT (LENGTH_MEASURE( 1.000000000000000082E-05 ), #3313, 'distance_accuracy_value', 'NONE');
#2690 = CARTESIAN_POINT ( 'NONE',  ( -2.540000000000000036, 6.988007637321755894, 1.642544649361742159 ) ) ;
#2691 = CARTESIAN_POINT ( 'NONE',  ( -0.008668006815843315449, 5.856162024184961901, -2.465879218268705930 ) ) ;
#2692 = EDGE_LOOP ( 'NONE', ( #1233, #4014, #3817, #1569 ) ) ;
#2693 = CARTESIAN_POINT ( 'NONE',  ( 0.2133977202168753917, 3.682540709054201944, -2.103755800732298287 ) ) ;
#2694 = CARTESIAN_POINT ( 'NONE',  ( 0.01465588941657614171, 5.869442047793461015, -2.514086093359337859 ) ) ;
#2695 = STYLED_ITEM ( 'NONE', ( #5824 ), #4331 ) ;
#2696 =( NAMED_UNIT ( * ) PLANE_ANGLE_UNIT ( ) SI_UNIT ( $, .RADIAN. ) );
#2697 = DIRECTION ( 'NONE',  ( 0.000000000000000000, -0.7405888751200064846, 0.6719584198806376474 ) ) ;
#2698 = FACE_OUTER_BOUND ( 'NONE', #4926, .T. ) ;
#2699 = SURFACE_STYLE_USAGE ( .BOTH. , #6446 ) ;
#2700 = FACE_OUTER_BOUND ( 'NONE', #2926, .T. ) ;
#2701 = PRESENTATION_STYLE_ASSIGNMENT (( #6220 ) ) ;
#2702 = CARTESIAN_POINT ( 'NONE',  ( -2.540000000000000036, -4.001000000000000334, 1.124999999999999112 ) ) ;
#2703 = SURFACE_STYLE_USAGE ( .BOTH. , #5863 ) ;
#2704 = ADVANCED_FACE ( 'NONE', ( #5424 ), #1564, .F. ) ;
#2705 = CARTESIAN_POINT ( 'NONE',  ( 0.5111350339862094083, 4.656994136244917648, -2.517175047211279271 ) ) ;
#2706 = DIRECTION ( 'NONE',  ( -0.000000000000000000, -0.000000000000000000, 1.000000000000000000 ) ) ;
#2707 = VECTOR ( 'NONE', #5190, 1000.000000000000000 ) ;
#2708 = CARTESIAN_POINT ( 'NONE',  ( 1.440024537138342442, 4.080200424840840334, -2.391972027170035098 ) ) ;
#2709 = CARTESIAN_POINT ( 'NONE',  ( -0.03150215165490025809, 5.864535874035669671, -2.515484916365222645 ) ) ;
#2710 = CARTESIAN_POINT ( 'NONE',  ( -0.2329302189522929334, 5.211601671302621419, -2.580289936634078796 ) ) ;
#2711 = ORIENTED_EDGE ( 'NONE', *, *, #6718, .F. ) ;
#2712 = CIRCLE ( 'NONE', #2944, 0.2500000000000000000 ) ;
#2713 = DIRECTION ( 'NONE',  ( 1.000000000000000000, 0.000000000000000000, 0.000000000000000000 ) ) ;
#2714 = CARTESIAN_POINT ( 'NONE',  ( 0.05632860020257252076, 5.819591393833615456, -2.476059846874456127 ) ) ;
#2715 =( NAMED_UNIT ( * ) PLANE_ANGLE_UNIT ( ) SI_UNIT ( $, .RADIAN. ) );
#2716 =( GEOMETRIC_REPRESENTATION_CONTEXT ( 3 ) GLOBAL_UNCERTAINTY_ASSIGNED_CONTEXT ( ( #6799 ) ) GLOBAL_UNIT_ASSIGNED_CONTEXT ( ( #2960, #932, #530 ) ) REPRESENTATION_CONTEXT ( 'NONE', 'WORKASPACE' ) );
#2717 = VECTOR ( 'NONE', #5221, 1000.000000000000114 ) ;
#2718 = ADVANCED_FACE ( 'NONE', ( #1047 ), #1823, .T. ) ;
#2719 = EDGE_CURVE ( 'NONE', #3181, #4999, #837, .T. ) ;
#2720 = ORIENTED_EDGE ( 'NONE', *, *, #2646, .F. ) ;
#2721 = CARTESIAN_POINT ( 'NONE',  ( -2.540000000000000480, 7.824083896241788239, -2.551727555061424457 ) ) ;
#2722 = ORIENTED_EDGE ( 'NONE', *, *, #6013, .T. ) ;
#2723 = EDGE_LOOP ( 'NONE', ( #3488, #1536, #4837, #3158 ) ) ;
#2724 = CARTESIAN_POINT ( 'NONE',  ( 0.4162006676246871040, 6.624830035265024897, -2.160935538015271273 ) ) ;
#2725 = ORIENTED_EDGE ( 'NONE', *, *, #909, .F. ) ;
#2726 =( LENGTH_UNIT ( ) NAMED_UNIT ( * ) SI_UNIT ( .MILLI., .METRE. ) );
#2727 = CARTESIAN_POINT ( 'NONE',  ( 2.540000000000000480, 0.3250000000000000111, 2.642896323400713676 ) ) ;
#2728 = FILL_AREA_STYLE_COLOUR ( '', #3556 ) ;
#2729 = ADVANCED_FACE ( 'NONE', ( #4382 ), #1286, .T. ) ;
#2730 =( NAMED_UNIT ( * ) PLANE_ANGLE_UNIT ( ) SI_UNIT ( $, .RADIAN. ) );
#2731 =( GEOMETRIC_REPRESENTATION_CONTEXT ( 3 ) GLOBAL_UNCERTAINTY_ASSIGNED_CONTEXT ( ( #6109 ) ) GLOBAL_UNIT_ASSIGNED_CONTEXT ( ( #2658, #2587, #3621 ) ) REPRESENTATION_CONTEXT ( 'NONE', 'WORKASPACE' ) );
#2732 =( LENGTH_UNIT ( ) NAMED_UNIT ( * ) SI_UNIT ( .MILLI., .METRE. ) );
#2733 = STYLED_ITEM ( 'NONE', ( #5575 ), #815 ) ;
#2734 = CARTESIAN_POINT ( 'NONE',  ( 0.5131543837401685293, 4.642833828191710310, -2.565351627235597398 ) ) ;
#2735 = DIRECTION ( 'NONE',  ( 5.744845107119854686E-17, 0.9876989601903538585, 0.1563674008190127362 ) ) ;
#2736 = AXIS2_PLACEMENT_3D ( 'NONE', #2580, #4688, #6291 ) ;
#2737 = SURFACE_STYLE_FILL_AREA ( #5858 ) ;
#2738 = DIRECTION ( 'NONE',  ( -1.000000000000000000, -0.000000000000000000, 3.673940397442059375E-16 ) ) ;
#2739 =( NAMED_UNIT ( * ) SI_UNIT ( $, .STERADIAN. ) SOLID_ANGLE_UNIT ( ) );
#2740 = EDGE_CURVE ( 'NONE', #5506, #3046, #5985, .T. ) ;
#2741 = FILL_AREA_STYLE ('',( #5339 ) ) ;
#2742 = B_SPLINE_CURVE_WITH_KNOTS ( 'NONE', 3,
 ( #1629, #3800, #5239, #3765 ),
 .UNSPECIFIED., .F., .F.,
 ( 4, 4 ),
 ( 0.000000000000000000, 1.000000000000000000 ),
 .UNSPECIFIED. ) ;
#2743 = CARTESIAN_POINT ( 'NONE',  ( 2.539999999999999591, -4.001000000000000334, -1.124999999999999112 ) ) ;
#2744 =( GEOMETRIC_REPRESENTATION_CONTEXT ( 3 ) GLOBAL_UNCERTAINTY_ASSIGNED_CONTEXT ( ( #1655 ) ) GLOBAL_UNIT_ASSIGNED_CONTEXT ( ( #792, #141, #4335 ) ) REPRESENTATION_CONTEXT ( 'NONE', 'WORKASPACE' ) );
#2745 = CARTESIAN_POINT ( 'NONE',  ( 2.615000000000000213, -3.500000000000000000, -0.7499999999999991118 ) ) ;
#2746 = CARTESIAN_POINT ( 'NONE',  ( -0.2371672461589701963, 6.784501190027034667, -1.976772853693353760 ) ) ;
#2747 =( LENGTH_UNIT ( ) NAMED_UNIT ( * ) SI_UNIT ( .MILLI., .METRE. ) );
#2748 = CARTESIAN_POINT ( 'NONE',  ( -1.708169201329161613, 5.721270400482013407, -2.502868096696301059 ) ) ;
#2749 = MECHANICAL_DESIGN_GEOMETRIC_PRESENTATION_REPRESENTATION (  '', ( #2086 ), #201 ) ;
#2750 =( LENGTH_UNIT ( ) NAMED_UNIT ( * ) SI_UNIT ( .MILLI., .METRE. ) );
#2751 = DIRECTION ( 'NONE',  ( 3.316870890969038051E-16, 0.000000000000000000, 1.000000000000000000 ) ) ;
#2752 = VERTEX_POINT ( 'NONE', #2968 ) ;
#2753 = ORIENTED_EDGE ( 'NONE', *, *, #6740, .T. ) ;
#2754 = CARTESIAN_POINT ( 'NONE',  ( -2.539999999999999591, 7.364139087722924693, 1.562926385966399767 ) ) ;
#2755 = CARTESIAN_POINT ( 'NONE',  ( 2.214999999999999858, -0.2500000000000002220, 0.7499999999999982236 ) ) ;
#2756 = AXIS2_PLACEMENT_3D ( 'NONE', #5881, #1681, #4902 ) ;
#2757 = CARTESIAN_POINT ( 'NONE',  ( -1.897869264403945473E-16, 7.296267852966717982, -1.697000299375239996 ) ) ;
#2758 =( NAMED_UNIT ( * ) PLANE_ANGLE_UNIT ( ) SI_UNIT ( $, .RADIAN. ) );
#2759 = CARTESIAN_POINT ( 'NONE',  ( 2.540000000000000036, 7.320652969696258339, -1.530490407259258889 ) ) ;
#2760 = VECTOR ( 'NONE', #5950, 1000.000000000000000 ) ;
#2761 = EDGE_LOOP ( 'NONE', ( #2753, #2246, #1280, #2443 ) ) ;
#2762 = SURFACE_SIDE_STYLE ('',( #3219 ) ) ;
#2763 = SURFACE_STYLE_FILL_AREA ( #627 ) ;
#2764 = ORIENTED_EDGE ( 'NONE', *, *, #4788, .F. ) ;
#2765 = CARTESIAN_POINT ( 'NONE',  ( 0.4699455928158570162, 6.780919461563742701, -2.046049742482212608 ) ) ;
#2766 = VECTOR ( 'NONE', #2201, 1000.000000000000000 ) ;
#2767 = PRODUCT ( 'Fusible 20mm', 'Fusible 20mm', '', ( #4276 ) ) ;
#2768 = FILL_AREA_STYLE ('',( #1236 ) ) ;
#2769 = B_SPLINE_CURVE_WITH_KNOTS ( 'NONE', 1,
 ( #2829, #3945 ),
 .UNSPECIFIED., .F., .F.,
 ( 2, 2 ),
 ( 0.000000000000000000, 1.000000000000000000 ),
 .UNSPECIFIED. ) ;
#2770 = ORIENTED_EDGE ( 'NONE', *, *, #4975, .T. ) ;
#2771 =( NAMED_UNIT ( * ) PLANE_ANGLE_UNIT ( ) SI_UNIT ( $, .RADIAN. ) );
#2772 = LINE ( 'NONE', #5462, #308 ) ;
#2773 = VECTOR ( 'NONE', #245, 1000.000000000000000 ) ;
#2774 = CARTESIAN_POINT ( 'NONE',  ( -0.001458570207583642945, 5.779990088936275860, -2.486430672237225359 ) ) ;
#2775 = SURFACE_SIDE_STYLE ('',( #1024 ) ) ;
#2776 = EDGE_LOOP ( 'NONE', ( #5652 ) ) ;
#2777 = VERTEX_POINT ( 'NONE', #2412 ) ;
#2778 = ORIENTED_EDGE ( 'NONE', *, *, #5981, .T. ) ;
#2779 = EDGE_CURVE ( 'NONE', #3369, #5583, #4081, .T. ) ;
#2780 = VECTOR ( 'NONE', #3793, 1000.000000000000000 ) ;
#2781 = CARTESIAN_POINT ( 'NONE',  ( 0.5144028721215830879, 4.647897946943161607, -2.515381189872671008 ) ) ;
#2782 = LINE ( 'NONE', #4367, #1972 ) ;
#2783 = CARTESIAN_POINT ( 'NONE',  ( -2.165000000000000036, 0.000000000000000000, 0.7499999999999990008 ) ) ;
#2784 = COLOUR_RGB ( '',0.6039215686274509443, 0.6039215686274509443, 0.6039215686274509443 ) ;
#2785 = DIRECTION ( 'NONE',  ( -0.000000000000000000, -0.000000000000000000, -1.000000000000000000 ) ) ;
#2786 = ORIENTED_EDGE ( 'NONE', *, *, #127, .F. ) ;
#2787 = VECTOR ( 'NONE', #2472, 1000.000000000000000 ) ;
#2788 = CARTESIAN_POINT ( 'NONE',  ( -0.1156878373770389573, 3.525617141074103511, -1.985095809075543283 ) ) ;
#2789 = CARTESIAN_POINT ( 'NONE',  ( 1.599999999999999423, 5.156607010677380920, -2.614991653411137040 ) ) ;
#2790 = EDGE_CURVE ( 'NONE', #1168, #1016, #142, .T. ) ;
#2791 = CARTESIAN_POINT ( 'NONE',  ( 0.5814634931234334836, 3.566184025875405617, -2.081294437608248060 ) ) ;
#2792 = CARTESIAN_POINT ( 'NONE',  ( -0.02393074193700274813, 5.853408903083706427, -2.466666042764343647 ) ) ;
#2793 = ORIENTED_EDGE ( 'NONE', *, *, #3603, .T. ) ;
#2794 = VERTEX_POINT ( 'NONE', #4991 ) ;
#2795 = PLANE ( 'NONE',  #2268 ) ;
#2796 = CARTESIAN_POINT ( 'NONE',  ( -0.5339991356368787301, 4.652529559726214181, -2.516300629516195819 ) ) ;
#2797 = CARTESIAN_POINT ( 'NONE',  ( 0.04646025892239639965, 5.837988646599090004, -2.471012522841530945 ) ) ;
#2798 = VECTOR ( 'NONE', #126, 1000.000000000000000 ) ;
#2799 = EDGE_LOOP ( 'NONE', ( #3152, #6364, #1033, #1576 ) ) ;
#2800 = ORIENTED_EDGE ( 'NONE', *, *, #853, .T. ) ;
#2801 = ORIENTED_EDGE ( 'NONE', *, *, #1904, .T. ) ;
#2802 = CARTESIAN_POINT ( 'NONE',  ( -1.354561438847108557, 6.305786991455279988, -2.347201955674583118 ) ) ;
#2803 = CARTESIAN_POINT ( 'NONE',  ( 0.4184030326135496636, 3.696189788619753891, -2.173726641899293988 ) ) ;
#2804 = FILL_AREA_STYLE ('',( #2837 ) ) ;
#2805 = FACE_BOUND ( 'NONE', #2272, .T. ) ;
#2806 = PRESENTATION_LAYER_ASSIGNMENT (  '', '', ( #6688 ) ) ;
#2807 = CARTESIAN_POINT ( 'NONE',  ( -0.3487166590612078565, 4.921159026122811753, -2.604967717395925586 ) ) ;
#2808 = LINE ( 'NONE', #4905, #1098 ) ;
#2809 = ORIENTED_EDGE ( 'NONE', *, *, #4373, .T. ) ;
#2810 = ORIENTED_EDGE ( 'NONE', *, *, #2137, .T. ) ;
#2811 = VECTOR ( 'NONE', #6789, 1000.000000000000000 ) ;
#2812 = SURFACE_STYLE_USAGE ( .BOTH. , #5437 ) ;
#2813 = CARTESIAN_POINT ( 'NONE',  ( 2.540000000000000036, 7.376562133445771607, -1.570037309908765222 ) ) ;
#2814 = LINE ( 'NONE', #3997, #6756 ) ;
#2815 = CARTESIAN_POINT ( 'NONE',  ( 2.615000000000000657, -3.500000000000000000, 0.7499999999999982236 ) ) ;
#2816 = ADVANCED_FACE ( 'NONE', ( #6118 ), #1358, .T. ) ;
#2817 = SURFACE_STYLE_FILL_AREA ( #3312 ) ;
#2818 =( NAMED_UNIT ( * ) PLANE_ANGLE_UNIT ( ) SI_UNIT ( $, .RADIAN. ) );
#2819 = CARTESIAN_POINT ( 'NONE',  ( -0.3757375118918828139, 4.858697963709197154, -2.548405015623072423 ) ) ;
#2820 = EDGE_LOOP ( 'NONE', ( #3497, #6503, #180, #389 ) ) ;
#2821 = LINE ( 'NONE', #4912, #6441 ) ;
#2822 = CARTESIAN_POINT ( 'NONE',  ( -1.387774397309575969, 5.947039551947151281, -2.492077056388809275 ) ) ;
#2823 = PRESENTATION_LAYER_ASSIGNMENT (  '', '', ( #1473 ) ) ;
#2824 =( NAMED_UNIT ( * ) PLANE_ANGLE_UNIT ( ) SI_UNIT ( $, .RADIAN. ) );
#2825 = CARTESIAN_POINT ( 'NONE',  ( 0.4790310504250117618, 4.599690585445917357, -2.556439819016505854 ) ) ;
#2826 = PRODUCT_DEFINITION_SHAPE ( 'NONE', 'NONE',  #5180 ) ;
#2827 = VERTEX_POINT ( 'NONE', #904 ) ;
#2828 = VERTEX_POINT ( 'NONE', #5159 ) ;
#2829 = CARTESIAN_POINT ( 'NONE',  ( 0.3586411120705192412, 4.853019561442319940, -2.598081526648863271 ) ) ;
#2830 = VERTEX_POINT ( 'NONE', #2020 ) ;
#2831 = DIRECTION ( 'NONE',  ( 1.000000000000000000, 0.000000000000000000, 0.000000000000000000 ) ) ;
#2832 = EDGE_CURVE ( 'NONE', #638, #6054, #6713, .T. ) ;
#2833 = ADVANCED_FACE ( 'NONE', ( #3065 ), #6278, .F. ) ;
#2834 = ORIENTED_EDGE ( 'NONE', *, *, #654, .F. ) ;
#2835 = CARTESIAN_POINT ( 'NONE',  ( -0.4628324301927396744, 3.538044046575820722, -2.059207603972849299 ) ) ;
#2836 = CARTESIAN_POINT ( 'NONE',  ( 1.600224335463258596, 5.052788270215166300, -2.615253960759556850 ) ) ;
#2837 = FILL_AREA_STYLE_COLOUR ( '', #3576 ) ;
#2838 = CARTESIAN_POINT ( 'NONE',  ( 0.4173200117820191068, 4.708384204035701792, -2.527835442509405617 ) ) ;
#2839 =( LENGTH_UNIT ( ) NAMED_UNIT ( * ) SI_UNIT ( .MILLI., .METRE. ) );
#2840 = PRESENTATION_LAYER_ASSIGNMENT (  '', '', ( #487 ) ) ;
#2841 = DIRECTION ( 'NONE',  ( 0.000000000000000000, 0.7456420435382385969, 0.6663467137370150395 ) ) ;
#2842 = CARTESIAN_POINT ( 'NONE',  ( 0.5148804987350159568, 4.633214198592939148, -2.563426892943128532 ) ) ;
#2843 = FILL_AREA_STYLE_COLOUR ( '', #1878 ) ;
#2844 = DIRECTION ( 'NONE',  ( 0.000000000000000000, 0.000000000000000000, 1.000000000000000000 ) ) ;
#2845 =( LENGTH_UNIT ( ) NAMED_UNIT ( * ) SI_UNIT ( .MILLI., .METRE. ) );
#2846 = ORIENTED_EDGE ( 'NONE', *, *, #3358, .F. ) ;
#2847 = FILL_AREA_STYLE ('',( #5407 ) ) ;
#2848 = PRESENTATION_LAYER_ASSIGNMENT (  '', '', ( #6064 ) ) ;
#2849 = SURFACE_SIDE_STYLE ('',( #2919 ) ) ;
#2850 = B_SPLINE_CURVE_WITH_KNOTS ( 'NONE', 1,
 ( #5661, #5069 ),
 .UNSPECIFIED., .F., .F.,
 ( 2, 2 ),
 ( 0.000000000000000000, 1.000000000000000000 ),
 .UNSPECIFIED. ) ;
#2851 = EDGE_CURVE ( 'NONE', #4596, #3303, #1457, .T. ) ;
#2852 = CARTESIAN_POINT ( 'NONE',  ( 1.094188569625515361, 4.027839731205673957, -2.362284889955948319 ) ) ;
#2853 = CARTESIAN_POINT ( 'NONE',  ( 1.800581124373983322, 4.928889651743891598, -2.565566842127511737 ) ) ;
#2854 = CARTESIAN_POINT ( 'NONE',  ( -0.03150215165490023728, 5.850873620230016670, -2.467387690430897340 ) ) ;
#2855 =( GEOMETRIC_REPRESENTATION_CONTEXT ( 3 ) GLOBAL_UNCERTAINTY_ASSIGNED_CONTEXT ( ( #2423 ) ) GLOBAL_UNIT_ASSIGNED_CONTEXT ( ( #5536, #5302, #3203 ) ) REPRESENTATION_CONTEXT ( 'NONE', 'WORKASPACE' ) );
#2856 = ORIENTED_EDGE ( 'NONE', *, *, #1961, .F. ) ;
#2857 = CARTESIAN_POINT ( 'NONE',  ( -2.540000000000000036, 3.324448422829183514, -1.656377505005770301 ) ) ;
#2858 = ORIENTED_EDGE ( 'NONE', *, *, #1899, .F. ) ;
#2859 = EDGE_CURVE ( 'NONE', #5033, #6869, #3533, .T. ) ;
#2860 = DIRECTION ( 'NONE',  ( 1.000000000000000000, -0.000000000000000000, -3.673940397442059375E-16 ) ) ;
#2861 = SURFACE_SIDE_STYLE ('',( #3504 ) ) ;
#2862 =( GEOMETRIC_REPRESENTATION_CONTEXT ( 3 ) GLOBAL_UNCERTAINTY_ASSIGNED_CONTEXT ( ( #5817 ) ) GLOBAL_UNIT_ASSIGNED_CONTEXT ( ( #3657, #3238, #3137 ) ) REPRESENTATION_CONTEXT ( 'NONE', 'WORKASPACE' ) );
#2863 = CARTESIAN_POINT ( 'NONE',  ( -0.4811045252837794495, 4.611410857060564972, -2.507817424988412203 ) ) ;
#2864 = ORIENTED_EDGE ( 'NONE', *, *, #3538, .T. ) ;
#2865 = CARTESIAN_POINT ( 'NONE',  ( -9.502000000000000668, 0.000000000000000000, 0.000000000000000000 ) ) ;
#2866 = CARTESIAN_POINT ( 'NONE',  ( 0.1098352394712353991, 5.508554494857690109, -2.606784614695947688 ) ) ;
#2867 = COLOUR_RGB ( '',0.6039215686274509443, 0.6039215686274509443, 0.6039215686274509443 ) ;
#2868 = VERTEX_POINT ( 'NONE', #1495 ) ;
#2869 = CARTESIAN_POINT ( 'NONE',  ( -0.6850932072026597597, 3.601480494047997638, -2.107204864194785809 ) ) ;
#2870 = CARTESIAN_POINT ( 'NONE',  ( 0.4540028292151079836, 4.606837483291729818, -2.558028113778807011 ) ) ;
#2871 = CYLINDRICAL_SURFACE ( 'NONE', #1782, 0.2500000000000002220 ) ;
#2872 = PRESENTATION_STYLE_ASSIGNMENT (( #84 ) ) ;
#2873 = PRESENTATION_LAYER_ASSIGNMENT (  '', '', ( #5071 ) ) ;
#2874 = ADVANCED_FACE ( 'NONE', ( #437 ), #869, .T. ) ;
#2875 = CARTESIAN_POINT ( 'NONE',  ( 0.000000000000000000, 0.1499999999999999944, 0.7500000000000001110 ) ) ;
#2876 = ORIENTED_EDGE ( 'NONE', *, *, #6360, .T. ) ;
#2877 = PRESENTATION_LAYER_ASSIGNMENT (  '', '', ( #3449 ) ) ;
#2878 =( GEOMETRIC_REPRESENTATION_CONTEXT ( 3 ) GLOBAL_UNCERTAINTY_ASSIGNED_CONTEXT ( ( #4349 ) ) GLOBAL_UNIT_ASSIGNED_CONTEXT ( ( #255, #734, #3479 ) ) REPRESENTATION_CONTEXT ( 'NONE', 'WORKASPACE' ) );
#2879 = VECTOR ( 'NONE', #4717, 1000.000000000000000 ) ;
#2880 = FACE_OUTER_BOUND ( 'NONE', #5300, .T. ) ;
#2881 = B_SPLINE_SURFACE_WITH_KNOTS ( 'NONE', 1, 3, ( 
 ( #3173, #2235, #3208, #540, #578, #2709, #68, #2199, #6280, #1278, #5976, #2270, #715, #3464 ),
 ( #3976, #1810, #4951, #2792, #3941, #2854, #6014, #1253, #2311, #6083, #4916, #4376, #6491, #1734 ) ),
 .UNSPECIFIED., .F., .F., .F.,
 ( 2, 2 ),
 ( 4, 2, 2, 2, 2, 2, 4 ),
 ( 0.000000000000000000, 1.000000000000000000 ),
 ( 0.000000000000000000, 0.2500000000000000000, 0.3750000000000000000, 0.5000000000000000000, 0.6250000000000000000, 0.7500000000000000000, 1.000000000000000000 ),
 .UNSPECIFIED. ) ;
#2882 = CARTESIAN_POINT ( 'NONE',  ( -2.465000000000000302, -4.000000000000000000, -0.7499999999999981126 ) ) ;
#2883 = FILL_AREA_STYLE ('',( #2368 ) ) ;
#2884 = SURFACE_STYLE_USAGE ( .BOTH. , #102 ) ;
#2885 = PRESENTATION_LAYER_ASSIGNMENT (  '', '', ( #321 ) ) ;
#2886 = CARTESIAN_POINT ( 'NONE',  ( -2.165000000000000036, -4.001000000000000334, 0.7499999999999990008 ) ) ;
#2887 = LINE ( 'NONE', #5408, #3433 ) ;
#2888 = ORIENTED_EDGE ( 'NONE', *, *, #3265, .T. ) ;
#2889 = CARTESIAN_POINT ( 'NONE',  ( 1.514141130348148234, 5.658117888835426434, -2.514651302670458666 ) ) ;
#2890 =( GEOMETRIC_REPRESENTATION_CONTEXT ( 3 ) GLOBAL_UNCERTAINTY_ASSIGNED_CONTEXT ( ( #2217 ) ) GLOBAL_UNIT_ASSIGNED_CONTEXT ( ( #2663, #3237, #1142 ) ) REPRESENTATION_CONTEXT ( 'NONE', 'WORKASPACE' ) );
#2891 = COLOUR_RGB ( '',0.7058823529411764053, 0.7058823529411764053, 0.7058823529411764053 ) ;
#2892 = LINE ( 'NONE', #656, #4936 ) ;
#2893 = FACE_BOUND ( 'NONE', #6550, .T. ) ;
#2894 = SURFACE_STYLE_USAGE ( .BOTH. , #760 ) ;
#2895 = FILL_AREA_STYLE_COLOUR ( '', #887 ) ;
#2896 = CARTESIAN_POINT ( 'NONE',  ( 2.540000000001914504, 5.609476576732737030, 2.424147929365755072 ) ) ;
#2897 = FILL_AREA_STYLE ('',( #1781 ) ) ;
#2898 = VECTOR ( 'NONE', #5836, 1000.000000000000000 ) ;
#2899 = ORIENTED_EDGE ( 'NONE', *, *, #5004, .F. ) ;
#2900 = EDGE_CURVE ( 'NONE', #4514, #6569, #1986, .T. ) ;
#2901 =( NAMED_UNIT ( * ) SI_UNIT ( $, .STERADIAN. ) SOLID_ANGLE_UNIT ( ) );
#2902 = EDGE_LOOP ( 'NONE', ( #4303, #328, #2876, #3190 ) ) ;
#2903 = DIRECTION ( 'NONE',  ( 1.000000000000000000, 0.000000000000000000, 0.000000000000000000 ) ) ;
#2904 =( NAMED_UNIT ( * ) PLANE_ANGLE_UNIT ( ) SI_UNIT ( $, .RADIAN. ) );
#2905 = UNCERTAINTY_MEASURE_WITH_UNIT (LENGTH_MEASURE( 1.000000000000000082E-05 ), #4866, 'distance_accuracy_value', 'NONE');
#2906 =( NAMED_UNIT ( * ) SI_UNIT ( $, .STERADIAN. ) SOLID_ANGLE_UNIT ( ) );
#2907 = VERTEX_POINT ( 'NONE', #5003 ) ;
#2908 = LINE ( 'NONE', #6588, #3638 ) ;
#2909 = DIRECTION ( 'NONE',  ( 0.000000000000000000, 0.9876989601903538585, -0.1563674008190125697 ) ) ;
#2910 = PRESENTATION_LAYER_ASSIGNMENT (  '', '', ( #4993 ) ) ;
#2911 =( NAMED_UNIT ( * ) PLANE_ANGLE_UNIT ( ) SI_UNIT ( $, .RADIAN. ) );
#2912 = DIRECTION ( 'NONE',  ( 1.000000000000000000, 0.000000000000000000, -3.673940397442059375E-16 ) ) ;
#2913 = PLANE ( 'NONE',  #4305 ) ;
#2914 = CARTESIAN_POINT ( 'NONE',  ( -2.615000000000000657, -3.500000000000000000, -0.2499999999999980571 ) ) ;
#2915 = COLOUR_RGB ( '',0.6039215686274509443, 0.6039215686274509443, 0.6039215686274509443 ) ;
#2916 = ORIENTED_EDGE ( 'NONE', *, *, #2131, .F. ) ;
#2917 = CARTESIAN_POINT ( 'NONE',  ( 0.7984504420425122539, 6.455267767025746117, -2.208799368190559775 ) ) ;
#2918 = SURFACE_STYLE_FILL_AREA ( #3970 ) ;
#2919 = SURFACE_STYLE_FILL_AREA ( #5927 ) ;
#2920 = UNCERTAINTY_MEASURE_WITH_UNIT (LENGTH_MEASURE( 1.000000000000000082E-05 ), #3619, 'distance_accuracy_value', 'NONE');
#2921 = COLOUR_RGB ( '',0.7058823529411764053, 0.7058823529411764053, 0.7058823529411764053 ) ;
#2922 = VECTOR ( 'NONE', #758, 1000.000000000000000 ) ;
#2923 =( NAMED_UNIT ( * ) PLANE_ANGLE_UNIT ( ) SI_UNIT ( $, .RADIAN. ) );
#2924 = CARTESIAN_POINT ( 'NONE',  ( -1.092914429516731678, 6.285941960761804559, -2.355684651689299969 ) ) ;
#2925 = DIRECTION ( 'NONE',  ( -1.000000000000000000, 0.000000000000000000, 0.000000000000000000 ) ) ;
#2926 = EDGE_LOOP ( 'NONE', ( #3150, #888, #1672, #666 ) ) ;
#2927 = FILL_AREA_STYLE ('',( #3565 ) ) ;
#2928 = VERTEX_POINT ( 'NONE', #107 ) ;
#2929 = LINE ( 'NONE', #4067, #3894 ) ;
#2930 = B_SPLINE_CURVE_WITH_KNOTS ( 'NONE', 3,
 ( #4177, #377, #411, #1013 ),
 .UNSPECIFIED., .F., .F.,
 ( 4, 4 ),
 ( 0.000000000000000000, 1.000000000000000000 ),
 .UNSPECIFIED. ) ;
#2931 = DIRECTION ( 'NONE',  ( 0.000000000000000000, 0.000000000000000000, -1.000000000000000000 ) ) ;
#2932 = STYLED_ITEM ( 'NONE', ( #842 ), #4040 ) ;
#2933 = CARTESIAN_POINT ( 'NONE',  ( -1.569872349545746282, 4.262761731237920237, -2.469491124916264990 ) ) ;
#2934 = B_SPLINE_SURFACE_WITH_KNOTS ( 'NONE', 1, 3, ( 
 ( #5619, #3634, #472, #367 ),
 ( #1423, #1985, #1523, #5754 ) ),
 .UNSPECIFIED., .F., .F., .F.,
 ( 2, 2 ),
 ( 4, 4 ),
 ( 0.000000000000000000, 1.000000000000000000 ),
 ( 0.000000000000000000, 1.000000000000000000 ),
 .UNSPECIFIED. ) ;
#2935 = FILL_AREA_STYLE ('',( #435 ) ) ;
#2936 = ORIENTED_EDGE ( 'NONE', *, *, #5063, .T. ) ;
#2937 = FILL_AREA_STYLE ('',( #2285 ) ) ;
#2938 = EDGE_CURVE ( 'NONE', #2066, #6830, #3243, .T. ) ;
#2939 = EDGE_CURVE ( 'NONE', #3465, #3369, #6021, .T. ) ;
#2940 = PRESENTATION_STYLE_ASSIGNMENT (( #1718 ) ) ;
#2941 = CIRCLE ( 'NONE', #366, 2.615000000000000213 ) ;
#2942 = ORIENTED_EDGE ( 'NONE', *, *, #2010, .F. ) ;
#2943 =( NAMED_UNIT ( * ) SI_UNIT ( $, .STERADIAN. ) SOLID_ANGLE_UNIT ( ) );
#2944 = AXIS2_PLACEMENT_3D ( 'NONE', #3351, #1766, #3903 ) ;
#2945 = FACE_OUTER_BOUND ( 'NONE', #2221, .T. ) ;
#2946 = EDGE_CURVE ( 'NONE', #4946, #3999, #2667, .T. ) ;
#2947 =( NAMED_UNIT ( * ) SI_UNIT ( $, .STERADIAN. ) SOLID_ANGLE_UNIT ( ) );
#2948 = B_SPLINE_CURVE_WITH_KNOTS ( 'NONE', 3,
 ( #6067, #3452, #4469, #6589 ),
 .UNSPECIFIED., .F., .F.,
 ( 4, 4 ),
 ( 0.000000000000000000, 1.000000000000000000 ),
 .UNSPECIFIED. ) ;
#2949 = FILL_AREA_STYLE ('',( #327 ) ) ;
#2950 = ORIENTED_EDGE ( 'NONE', *, *, #6217, .T. ) ;
#2951 = AXIS2_PLACEMENT_3D ( 'NONE', #6299, #4767, #2180 ) ;
#2952 = DIRECTION ( 'NONE',  ( -0.000000000000000000, 0.000000000000000000, 1.000000000000000000 ) ) ;
#2953 = SURFACE_STYLE_USAGE ( .BOTH. , #1914 ) ;
#2954 = FACE_OUTER_BOUND ( 'NONE', #3528, .T. ) ;
#2955 = B_SPLINE_CURVE_WITH_KNOTS ( 'NONE', 1,
 ( #1471, #3118 ),
 .UNSPECIFIED., .F., .F.,
 ( 2, 2 ),
 ( 0.000000000000000000, 1.000000000000000000 ),
 .UNSPECIFIED. ) ;
#2956 = CARTESIAN_POINT ( 'NONE',  ( 0.7070189380690325986, 6.496317715447713859, -2.183627012846471427 ) ) ;
#2957 = CARTESIAN_POINT ( 'NONE',  ( 2.540000000000000480, 3.213360091561182852, 1.757171267987867269 ) ) ;
#2958 = EDGE_CURVE ( 'NONE', #2827, #2626, #1074, .T. ) ;
#2959 = AXIS2_PLACEMENT_3D ( 'NONE', #1164, #3785, #197 ) ;
#2960 =( LENGTH_UNIT ( ) NAMED_UNIT ( * ) SI_UNIT ( .MILLI., .METRE. ) );
#2961 = STYLED_ITEM ( 'NONE', ( #6780 ), #635 ) ;
#2962 = ORIENTED_EDGE ( 'NONE', *, *, #6160, .T. ) ;
#2963 = SURFACE_SIDE_STYLE ('',( #4606 ) ) ;
#2964 = VECTOR ( 'NONE', #1570, 1000.000000000000000 ) ;
#2966 = VERTEX_POINT ( 'NONE', #6857 ) ;
#2965 =( GEOMETRIC_REPRESENTATION_CONTEXT ( 3 ) GLOBAL_UNCERTAINTY_ASSIGNED_CONTEXT ( ( #1790 ) ) GLOBAL_UNIT_ASSIGNED_CONTEXT ( ( #8, #1468, #1568 ) ) REPRESENTATION_CONTEXT ( 'NONE', 'WORKASPACE' ) );
#2967 = LINE ( 'NONE', #5202, #434 ) ;
#2968 = CARTESIAN_POINT ( 'NONE',  ( 2.539999999999999591, 7.972238740270340962, -2.528272444938574726 ) ) ;
#2969 = FACE_OUTER_BOUND ( 'NONE', #6467, .T. ) ;
#2970 = SURFACE_STYLE_FILL_AREA ( #6650 ) ;
#2971 = ORIENTED_EDGE ( 'NONE', *, *, #6631, .F. ) ;
#2972 = STYLED_ITEM ( 'NONE', ( #4564 ), #4475 ) ;
#2973 = LINE ( 'NONE', #4681, #2230 ) ;
#2974 = CARTESIAN_POINT ( 'NONE',  ( 9.350000000000001421, -1.145044757202775450E-15, 0.000000000000000000 ) ) ;
#2975 = UNCERTAINTY_MEASURE_WITH_UNIT (LENGTH_MEASURE( 1.000000000000000082E-05 ), #6800, 'distance_accuracy_value', 'NONE');
#2976 = DIRECTION ( 'NONE',  ( 0.000000000000000000, 0.000000000000000000, -1.000000000000000000 ) ) ;
#2977 = COLOUR_RGB ( '',0.6039215686274509443, 0.6039215686274509443, 0.6039215686274509443 ) ;
#2978 =( GEOMETRIC_REPRESENTATION_CONTEXT ( 3 ) GLOBAL_UNCERTAINTY_ASSIGNED_CONTEXT ( ( #602 ) ) GLOBAL_UNIT_ASSIGNED_CONTEXT ( ( #6843, #4227, #1613 ) ) REPRESENTATION_CONTEXT ( 'NONE', 'WORKASPACE' ) );
#2979 = UNCERTAINTY_MEASURE_WITH_UNIT (LENGTH_MEASURE( 1.000000000000000082E-05 ), #75, 'distance_accuracy_value', 'NONE');
#2980 = CARTESIAN_POINT ( 'NONE',  ( -2.540000000000000036, 2.943255674241489483, -1.581703645010258175 ) ) ;
#2981 = PLANE ( 'NONE',  #6268 ) ;
#2982 = EDGE_LOOP ( 'NONE', ( #3656 ) ) ;
#2983 = LINE ( 'NONE', #920, #1873 ) ;
#2984 = MECHANICAL_DESIGN_GEOMETRIC_PRESENTATION_REPRESENTATION (  '', ( #4948 ), #1306 ) ;
#2985 = CARTESIAN_POINT ( 'NONE',  ( -0.4996053817988379553, 4.610212753984236578, -2.507559516549650702 ) ) ;
#2986 = DIRECTION ( 'NONE',  ( 0.000000000000000000, 0.000000000000000000, 1.000000000000000000 ) ) ;
#2987 = VERTEX_POINT ( 'NONE', #30 ) ;
#2988 = AXIS2_PLACEMENT_3D ( 'NONE', #2727, #6551, #125 ) ;
#2989 = EDGE_CURVE ( 'NONE', #2247, #4794, #1807, .T. ) ;
#2990 = FACE_OUTER_BOUND ( 'NONE', #2649, .T. ) ;
#2991 = CARTESIAN_POINT ( 'NONE',  ( -0.4062363456957163721, 4.776291168688588051, -2.589310888970214108 ) ) ;
#2992 = PRESENTATION_LAYER_ASSIGNMENT (  '', '', ( #2625 ) ) ;
#2993 = CARTESIAN_POINT ( 'NONE',  ( -1.384660726175924061, 4.376134540769238690, -2.446952769917929427 ) ) ;
#2994 = CARTESIAN_POINT ( 'NONE',  ( -2.539999999999999591, 7.332316474780156135, 1.550044293084931635 ) ) ;
#2995 = SURFACE_STYLE_FILL_AREA ( #1980 ) ;
#2996 = ORIENTED_EDGE ( 'NONE', *, *, #3898, .F. ) ;
#2997 = CARTESIAN_POINT ( 'NONE',  ( -2.539999999999999591, 7.454384449560931714, 1.628050434141021574 ) ) ;
#2998 = STYLED_ITEM ( 'NONE', ( #2701 ), #1416 ) ;
#2999 = DIRECTION ( 'NONE',  ( -0.000000000000000000, 1.000000000000000000, -0.000000000000000000 ) ) ;
#3000 = CARTESIAN_POINT ( 'NONE',  ( -1.227983998753523931, 3.893208739694741016, -2.293557027477662658 ) ) ;
#3001 = PRESENTATION_STYLE_ASSIGNMENT (( #977 ) ) ;
#3002 =( GEOMETRIC_REPRESENTATION_CONTEXT ( 3 ) GLOBAL_UNCERTAINTY_ASSIGNED_CONTEXT ( ( #4149 ) ) GLOBAL_UNIT_ASSIGNED_CONTEXT ( ( #5496, #6655, #4931 ) ) REPRESENTATION_CONTEXT ( 'NONE', 'WORKASPACE' ) );
#3003 = CARTESIAN_POINT ( 'NONE',  ( -0.5341944170133328118, 4.619092009521915010, -2.509573924802424028 ) ) ;
#3004 = SURFACE_SIDE_STYLE ('',( #4552 ) ) ;
#3005 = MECHANICAL_DESIGN_GEOMETRIC_PRESENTATION_REPRESENTATION (  '', ( #4220 ), #6431 ) ;
#3006 = DIRECTION ( 'NONE',  ( 1.000000000000000000, -0.000000000000000000, -3.673940397442059375E-16 ) ) ;
#3007 = CARTESIAN_POINT ( 'NONE',  ( 2.540000000000000036, 7.379327854151634725, -1.569787810902361525 ) ) ;
#3008 = ORIENTED_EDGE ( 'NONE', *, *, #5783, .F. ) ;
#3009 = CARTESIAN_POINT ( 'NONE',  ( -2.539999999999999591, 6.538544579290536340, 2.755247503693926792 ) ) ;
#3010 = EDGE_CURVE ( 'NONE', #1462, #1599, #2159, .T. ) ;
#3011 = CARTESIAN_POINT ( 'NONE',  ( 4.336808689942017736E-16, 7.296267852966717982, 1.697000299375239996 ) ) ;
#3012 = ORIENTED_EDGE ( 'NONE', *, *, #2351, .T. ) ;
#3013 = CARTESIAN_POINT ( 'NONE',  ( 1.054985861412912174, 6.297904889751616331, -2.294931703905403797 ) ) ;
#3014 =( GEOMETRIC_REPRESENTATION_CONTEXT ( 3 ) GLOBAL_UNCERTAINTY_ASSIGNED_CONTEXT ( ( #5596 ) ) GLOBAL_UNIT_ASSIGNED_CONTEXT ( ( #903, #6749, #2089 ) ) REPRESENTATION_CONTEXT ( 'NONE', 'WORKASPACE' ) );
#3015 = CARTESIAN_POINT ( 'NONE',  ( 0.2210961610149561329, 5.212803647156409426, -2.630588088296371474 ) ) ;
#3016 = CARTESIAN_POINT ( 'NONE',  ( -0.5161221196822095569, 6.562457607013582717, -2.141434596501170518 ) ) ;
#3017 = EDGE_CURVE ( 'NONE', #2987, #3465, #1556, .T. ) ;
#3018 = CARTESIAN_POINT ( 'NONE',  ( 2.540000000000000480, 7.402111003794701993, 1.580079948306302162 ) ) ;
#3019 =( NAMED_UNIT ( * ) PLANE_ANGLE_UNIT ( ) SI_UNIT ( $, .RADIAN. ) );
#3020 = VECTOR ( 'NONE', #612, 1000.000000000000000 ) ;
#3021 = ORIENTED_EDGE ( 'NONE', *, *, #1929, .T. ) ;
#3022 = CARTESIAN_POINT ( 'NONE',  ( -0.3487166590612078565, 4.924076055745210567, -2.571762265294001981 ) ) ;
#3023 = CYLINDRICAL_SURFACE ( 'NONE', #3764, 2.615000000000000213 ) ;
#3024 = ORIENTED_EDGE ( 'NONE', *, *, #5783, .T. ) ;
#3025 =( NAMED_UNIT ( * ) PLANE_ANGLE_UNIT ( ) SI_UNIT ( $, .RADIAN. ) );
#3026 =( LENGTH_UNIT ( ) NAMED_UNIT ( * ) SI_UNIT ( .MILLI., .METRE. ) );
#3027 = DIRECTION ( 'NONE',  ( 1.000000000000000000, 0.000000000000000000, 0.000000000000000000 ) ) ;
#3028 = PRODUCT_RELATED_PRODUCT_CATEGORY ( 'part', '', ( #2767 ) ) ;
#3029 = EDGE_CURVE ( 'NONE', #2385, #3123, #2196, .T. ) ;
#3030 = PLANE ( 'NONE',  #5879 ) ;
#3031 = FACE_OUTER_BOUND ( 'NONE', #5945, .T. ) ;
#3032 = UNCERTAINTY_MEASURE_WITH_UNIT (LENGTH_MEASURE( 1.000000000000000082E-05 ), #2677, 'distance_accuracy_value', 'NONE');
#3033 = FILL_AREA_STYLE_COLOUR ( '', #345 ) ;
#3034 = VERTEX_POINT ( 'NONE', #3578 ) ;
#3035 = VECTOR ( 'NONE', #3247, 999.9999999999998863 ) ;
#3036 = ADVANCED_FACE ( 'NONE', ( #5238, #65 ), #2212, .F. ) ;
#3037 = DIRECTION ( 'NONE',  ( 0.000000000000000000, 0.000000000000000000, 1.000000000000000000 ) ) ;
#3038 = ORIENTED_EDGE ( 'NONE', *, *, #1059, .T. ) ;
#3039 = FILL_AREA_STYLE_COLOUR ( '', #6846 ) ;
#3040 = PLANE ( 'NONE',  #3881 ) ;
#3041 = UNCERTAINTY_MEASURE_WITH_UNIT (LENGTH_MEASURE( 1.000000000000000082E-05 ), #2628, 'distance_accuracy_value', 'NONE');
#3042 = CARTESIAN_POINT ( 'NONE',  ( 2.539999999999999591, 3.083757038415181118, -1.874763991466978252 ) ) ;
#3043 = COLOUR_RGB ( '',0.6039215686274509443, 0.6039215686274509443, 0.6039215686274509443 ) ;
#3044 = CARTESIAN_POINT ( 'NONE',  ( -2.165000000000000480, -4.001000000000000334, -0.7499999999999983347 ) ) ;
#3045 = CARTESIAN_POINT ( 'NONE',  ( 2.390000000000000568, 5.609476576732736142, 2.574316661841344445 ) ) ;
#3046 = VERTEX_POINT ( 'NONE', #1414 ) ;
#3047 =( NAMED_UNIT ( * ) SI_UNIT ( $, .STERADIAN. ) SOLID_ANGLE_UNIT ( ) );
#3048 = COLOUR_RGB ( '',0.6039215686274509443, 0.6039215686274509443, 0.6039215686274509443 ) ;
#3049 = DIRECTION ( 'NONE',  ( 0.000000000000000000, 0.4323118897652182824, 0.9017241429437418132 ) ) ;
#3050 = SURFACE_STYLE_FILL_AREA ( #361 ) ;
#3051 = UNCERTAINTY_MEASURE_WITH_UNIT (LENGTH_MEASURE( 1.000000000000000082E-05 ), #2560, 'distance_accuracy_value', 'NONE');
#3052 =( NAMED_UNIT ( * ) SI_UNIT ( $, .STERADIAN. ) SOLID_ANGLE_UNIT ( ) );
#3053 = PRESENTATION_LAYER_ASSIGNMENT (  '', '', ( #4494 ) ) ;
#3054 = CARTESIAN_POINT ( 'NONE',  ( -0.7052787356082539372, 3.814177520006757582, -2.190062811352086580 ) ) ;
#3055 = MECHANICAL_DESIGN_GEOMETRIC_PRESENTATION_REPRESENTATION (  '', ( #4699 ), #481 ) ;
#3056 = DIRECTION ( 'NONE',  ( 1.000000000000000000, 0.000000000000000000, 0.000000000000000000 ) ) ;
#3057 = DIRECTION ( 'NONE',  ( 0.000000000000000000, 0.000000000000000000, -1.000000000000000000 ) ) ;
#3058 = ORIENTED_EDGE ( 'NONE', *, *, #3170, .T. ) ;
#3059 = SURFACE_STYLE_FILL_AREA ( #5686 ) ;
#3060 = COLOUR_RGB ( '',0.7058823529411764053, 0.7058823529411764053, 0.7058823529411764053 ) ;
#3061 =( NAMED_UNIT ( * ) SI_UNIT ( $, .STERADIAN. ) SOLID_ANGLE_UNIT ( ) );
#3062 = SURFACE_SIDE_STYLE ('',( #1824 ) ) ;
#3063 = EDGE_CURVE ( 'NONE', #2777, #2353, #1976, .T. ) ;
#3064 = SURFACE_SIDE_STYLE ('',( #4134 ) ) ;
#3065 = FACE_OUTER_BOUND ( 'NONE', #241, .T. ) ;
#3066 = CARTESIAN_POINT ( 'NONE',  ( -1.796515782959990259, 5.275125314453114278, -2.612673503270810382 ) ) ;
#3067 = FILL_AREA_STYLE ('',( #871 ) ) ;
#3068 = PRESENTATION_LAYER_ASSIGNMENT (  '', '', ( #4277 ) ) ;
#3069 = CARTESIAN_POINT ( 'NONE',  ( -9.099999999999999645, -1.114428587224091465E-15, 0.000000000000000000 ) ) ;
#3070 = ORIENTED_EDGE ( 'NONE', *, *, #861, .T. ) ;
#3071 =( NAMED_UNIT ( * ) PLANE_ANGLE_UNIT ( ) SI_UNIT ( $, .RADIAN. ) );
#3072 = VECTOR ( 'NONE', #5397, 1000.000000000000000 ) ;
#3073 = EDGE_CURVE ( 'NONE', #3518, #6389, #6348, .T. ) ;
#3074 = CARTESIAN_POINT ( 'NONE',  ( -2.540000000000000036, 0.1499999999999999944, 1.124999999999999112 ) ) ;
#3075 = CARTESIAN_POINT ( 'NONE',  ( -2.615000000000000657, -4.000000000000000000, 0.2499999999999990286 ) ) ;
#3076 =( GEOMETRIC_REPRESENTATION_CONTEXT ( 3 ) GLOBAL_UNCERTAINTY_ASSIGNED_CONTEXT ( ( #326 ) ) GLOBAL_UNIT_ASSIGNED_CONTEXT ( ( #4250, #919, #3182 ) ) REPRESENTATION_CONTEXT ( 'NONE', 'WORKASPACE' ) );
#3077 = DIRECTION ( 'NONE',  ( 1.707404996040164018E-16, 0.000000000000000000, 1.000000000000000000 ) ) ;
#3078 =( LENGTH_UNIT ( ) NAMED_UNIT ( * ) SI_UNIT ( .MILLI., .METRE. ) );
#3079 = ORIENTED_EDGE ( 'NONE', *, *, #1804, .F. ) ;
#3080 = CARTESIAN_POINT ( 'NONE',  ( 1.588995228269626914, 5.364991062734915772, -2.608192737166509900 ) ) ;
#3081 = SURFACE_SIDE_STYLE ('',( #5708 ) ) ;
#3082 = CARTESIAN_POINT ( 'NONE',  ( 2.390000000000958025, 4.724339035756187855, 2.334370716191579209 ) ) ;
#3083 = STYLED_ITEM ( 'NONE', ( #1654 ), #5278 ) ;
#3084 =( GEOMETRIC_REPRESENTATION_CONTEXT ( 3 ) GLOBAL_UNCERTAINTY_ASSIGNED_CONTEXT ( ( #3193 ) ) GLOBAL_UNIT_ASSIGNED_CONTEXT ( ( #650, #2818, #1175 ) ) REPRESENTATION_CONTEXT ( 'NONE', 'WORKASPACE' ) );
#3085 = EDGE_LOOP ( 'NONE', ( #4024 ) ) ;
#3086 = CARTESIAN_POINT ( 'NONE',  ( -0.8843955499080050631, 3.904990158620471608, -2.242582327333406234 ) ) ;
#3087 = CARTESIAN_POINT ( 'NONE',  ( -2.540000000000000036, 3.008102457706269384, -1.716962266451820485 ) ) ;
#3088 = PRESENTATION_LAYER_ASSIGNMENT (  '', '', ( #3753 ) ) ;
#3089 = FACE_OUTER_BOUND ( 'NONE', #3877, .T. ) ;
#3090 = AXIS2_PLACEMENT_3D ( 'NONE', #5599, #4214, #38 ) ;
#3091 = SURFACE_STYLE_FILL_AREA ( #5680 ) ;
#3092 = CARTESIAN_POINT ( 'NONE',  ( 1.055946436993688620, 4.018768886661208128, -2.302303406159141197 ) ) ;
#3093 = AXIS2_PLACEMENT_3D ( 'NONE', #3044, #6259, #1543 ) ;
#3094 = CARTESIAN_POINT ( 'NONE',  ( -2.539999999999999591, 7.350297063655214735, 1.556692173267455903 ) ) ;
#3095 = MECHANICAL_DESIGN_GEOMETRIC_PRESENTATION_REPRESENTATION (  '', ( #4631 ), #1879 ) ;
#3096 = VERTEX_POINT ( 'NONE', #99 ) ;
#3097 = PLANE ( 'NONE',  #3934 ) ;
#3098 = CARTESIAN_POINT ( 'NONE',  ( 0.4540042251699730191, 4.617219792478043594, -2.509116783819339780 ) ) ;
#3099 = COLOUR_RGB ( '',0.7058823529411764053, 0.7058823529411764053, 0.7058823529411764053 ) ;
#3100 = CARTESIAN_POINT ( 'NONE',  ( -0.1172112664921250574, 5.508554494857690109, -2.606784614695947244 ) ) ;
#3101 = SURFACE_SIDE_STYLE ('',( #5723 ) ) ;
#3102 = SURFACE_SIDE_STYLE ('',( #2467 ) ) ;
#3103 = CARTESIAN_POINT ( 'NONE',  ( -1.429180357250152911, 6.223472316934867798, -2.386558368116362683 ) ) ;
#3104 = CARTESIAN_POINT ( 'NONE',  ( -0.5244024027185406611, 4.611449854207280374, -2.507825819669490919 ) ) ;
#3105 = AXIS2_PLACEMENT_3D ( 'NONE', #224, #4579, #2931 ) ;
#3106 = ORIENTED_EDGE ( 'NONE', *, *, #6187, .T. ) ;
#3107 = CARTESIAN_POINT ( 'NONE',  ( -0.4062363454372450167, 4.783436653672710648, -2.539802076634513739 ) ) ;
#3108 = CARTESIAN_POINT ( 'NONE',  ( 0.5131543837427789967, 4.652531078124914288, -2.516300926904914359 ) ) ;
#3109 = SURFACE_STYLE_USAGE ( .BOTH. , #1466 ) ;
#3110 = ADVANCED_FACE ( 'NONE', ( #2698 ), #4258, .F. ) ;
#3111 = ADVANCED_FACE ( 'NONE', ( #6410 ), #528, .F. ) ;
#3112 = ADVANCED_FACE ( 'NONE', ( #1616 ), #5887, .F. ) ;
#3113 = ORIENTED_EDGE ( 'NONE', *, *, #4243, .T. ) ;
#3114 = DIRECTION ( 'NONE',  ( 0.000000000000000000, 0.7405888751200081499, 0.6719584198806357600 ) ) ;
#3115 = VERTEX_POINT ( 'NONE', #2815 ) ;
#3116 = SURFACE_STYLE_FILL_AREA ( #4147 ) ;
#3117 = MECHANICAL_DESIGN_GEOMETRIC_PRESENTATION_REPRESENTATION (  '', ( #777 ), #2006 ) ;
#3118 = CARTESIAN_POINT ( 'NONE',  ( -0.4996053817988379553, 4.610212753984236578, -2.507559516549650702 ) ) ;
#3119 = CARTESIAN_POINT ( 'NONE',  ( 4.336808689942017736E-16, 7.370677469140104243, 1.565874949273638350 ) ) ;
#3120 = CARTESIAN_POINT ( 'NONE',  ( 2.464999999999999858, -3.500000000000000000, 0.7499999999999981126 ) ) ;
#3121 =( NAMED_UNIT ( * ) PLANE_ANGLE_UNIT ( ) SI_UNIT ( $, .RADIAN. ) );
#3122 = CIRCLE ( 'NONE', #1670, 0.1749999999999999334 ) ;
#3123 = VERTEX_POINT ( 'NONE', #4909 ) ;
#3124 = CARTESIAN_POINT ( 'NONE',  ( 0.003173460551411316256, 3.682139212093434200, -2.103475625560304874 ) ) ;
#3125 = CARTESIAN_POINT ( 'NONE',  ( 2.390000000000000568, 5.609476576732736142, 2.331502181661291750 ) ) ;
#3126 = PRODUCT_DEFINITION ( 'UNKNOWN', '', #743, #5883 ) ;
#3127 = CARTESIAN_POINT ( 'NONE',  ( -2.540000000000000036, 0.1499999999999999944, 9.331808609502830990E-16 ) ) ;
#3128 = FILL_AREA_STYLE ('',( #3192 ) ) ;
#3129 = UNCERTAINTY_MEASURE_WITH_UNIT (LENGTH_MEASURE( 1.000000000000000082E-05 ), #3396, 'distance_accuracy_value', 'NONE');
#3130 = CARTESIAN_POINT ( 'NONE',  ( 2.390000000000000568, 5.609476576732736142, 2.319936696428151368 ) ) ;
#3131 = CARTESIAN_POINT ( 'NONE',  ( -2.539999999999999591, 7.440082919866492617, 1.597233510646206112 ) ) ;
#3132 = AXIS2_PLACEMENT_3D ( 'NONE', #4066, #6787, #972 ) ;
#3133 = DIRECTION ( 'NONE',  ( 0.000000000000000000, 0.000000000000000000, -1.000000000000000000 ) ) ;
#3134 = EDGE_CURVE ( 'NONE', #1662, #5685, #135, .T. ) ;
#3135 = ADVANCED_FACE ( 'NONE', ( #2260 ), #645, .F. ) ;
#3136 = EDGE_LOOP ( 'NONE', ( #2503, #3985, #3632, #2370 ) ) ;
#3137 =( NAMED_UNIT ( * ) SI_UNIT ( $, .STERADIAN. ) SOLID_ANGLE_UNIT ( ) );
#3138 = CARTESIAN_POINT ( 'NONE',  ( -0.008146900116166713723, 4.921159026122811753, -2.604967717395925586 ) ) ;
#3139 =( GEOMETRIC_REPRESENTATION_CONTEXT ( 3 ) GLOBAL_UNCERTAINTY_ASSIGNED_CONTEXT ( ( #2905 ) ) GLOBAL_UNIT_ASSIGNED_CONTEXT ( ( #4866, #5287, #5328 ) ) REPRESENTATION_CONTEXT ( 'NONE', 'WORKASPACE' ) );
#3140 = ORIENTED_EDGE ( 'NONE', *, *, #2958, .T. ) ;
#3141 = CARTESIAN_POINT ( 'NONE',  ( -0.9100761994653759901, 6.606131076094529320, -2.113531636053274543 ) ) ;
#3142 = CARTESIAN_POINT ( 'NONE',  ( 0.9740925169998897459, 6.378676856176457299, -2.309112302453354193 ) ) ;
#3143 = DIRECTION ( 'NONE',  ( 0.000000000000000000, -0.9017241429437475864, 0.4323118897652064585 ) ) ;
#3144 = DIRECTION ( 'NONE',  ( 0.000000000000000000, 0.4323118897652180603, 0.9017241429437419242 ) ) ;
#3145 = FACE_OUTER_BOUND ( 'NONE', #6726, .T. ) ;
#3146 = DIRECTION ( 'NONE',  ( -1.000000000000000000, 0.000000000000000000, -0.000000000000000000 ) ) ;
#3147 = CARTESIAN_POINT ( 'NONE',  ( -0.04690940864914749237, 5.854150605252575801, -2.518413472270232933 ) ) ;
#3148 = SHAPE_DEFINITION_REPRESENTATION ( #4041, #6452 ) ;
#3149 = ORIENTED_EDGE ( 'NONE', *, *, #1899, .T. ) ;
#3150 = ORIENTED_EDGE ( 'NONE', *, *, #1270, .T. ) ;
#3151 = CARTESIAN_POINT ( 'NONE',  ( 1.203184189283022620, 6.187364577979381330, -2.401556267101416342 ) ) ;
#3152 = ORIENTED_EDGE ( 'NONE', *, *, #1840, .F. ) ;
#3153 = PLANE ( 'NONE',  #1756 ) ;
#3154 = EDGE_CURVE ( 'NONE', #1506, #2237, #5550, .T. ) ;
#3155 = CARTESIAN_POINT ( 'NONE',  ( 2.322724228107014621, 4.724339035756187855, 2.422379761749221316 ) ) ;
#3156 = PRESENTATION_LAYER_ASSIGNMENT (  '', '', ( #6137 ) ) ;
#3157 = FILL_AREA_STYLE_COLOUR ( '', #3060 ) ;
#3158 = ORIENTED_EDGE ( 'NONE', *, *, #2076, .T. ) ;
#3159 = CARTESIAN_POINT ( 'NONE',  ( 2.331975795740682145, 5.609476576732736142, 2.413097364400788258 ) ) ;
#3160 = CARTESIAN_POINT ( 'NONE',  ( 0.03679060294590547758, 5.860188632484618410, -2.516715881708822433 ) ) ;
#3161 = EDGE_CURVE ( 'NONE', #6155, #4963, #3950, .T. ) ;
#3162 = EDGE_CURVE ( 'NONE', #5376, #3843, #1383, .T. ) ;
#3163 =( NAMED_UNIT ( * ) PLANE_ANGLE_UNIT ( ) SI_UNIT ( $, .RADIAN. ) );
#3164 =( GEOMETRIC_REPRESENTATION_CONTEXT ( 3 ) GLOBAL_UNCERTAINTY_ASSIGNED_CONTEXT ( ( #4158 ) ) GLOBAL_UNIT_ASSIGNED_CONTEXT ( ( #497, #3196, #5336 ) ) REPRESENTATION_CONTEXT ( 'NONE', 'WORKASPACE' ) );
#3165 = LINE ( 'NONE', #6412, #2600 ) ;
#3166 = ORIENTED_EDGE ( 'NONE', *, *, #4593, .F. ) ;
#3167 = DIRECTION ( 'NONE',  ( 0.000000000000000000, 0.000000000000000000, -1.000000000000000000 ) ) ;
#3168 = COLOUR_RGB ( '',0.6039215686274509443, 0.6039215686274509443, 0.6039215686274509443 ) ;
#3169 = DIRECTION ( 'NONE',  ( -1.000000000000000000, 0.000000000000000000, 1.966535401401895357E-16 ) ) ;
#3170 = EDGE_CURVE ( 'NONE', #4794, #1462, #3822, .T. ) ;
#3171 = DIRECTION ( 'NONE',  ( 0.000000000000000000, -0.7456420435382390410, -0.6663467137370144844 ) ) ;
#3172 = CARTESIAN_POINT ( 'NONE',  ( 0.5783320671941941660, 6.714542314232949671, -2.033065587266963181 ) ) ;
#3173 = CARTESIAN_POINT ( 'NONE',  ( -0.001191037011240695482, 5.870271769999641620, -2.513848360053084985 ) ) ;
#3174 = VECTOR ( 'NONE', #6647, 1000.000000000000000 ) ;
#3175 = ORIENTED_EDGE ( 'NONE', *, *, #6715, .F. ) ;
#3176 = SURFACE_STYLE_FILL_AREA ( #4311 ) ;
#3177 = LINE ( 'NONE', #5279, #4326 ) ;
#3178 = DIRECTION ( 'NONE',  ( 0.000000000000000000, 0.7405888751200081499, -0.6719584198806357600 ) ) ;
#3179 = PRESENTATION_LAYER_ASSIGNMENT (  '', '', ( #2609 ) ) ;
#3180 = PRESENTATION_STYLE_ASSIGNMENT (( #5767 ) ) ;
#3181 = VERTEX_POINT ( 'NONE', #1725 ) ;
#3182 =( NAMED_UNIT ( * ) SI_UNIT ( $, .STERADIAN. ) SOLID_ANGLE_UNIT ( ) );
#3183 = B_SPLINE_CURVE_WITH_KNOTS ( 'NONE', 3,
 ( #2018, #340, #3531, #1492 ),
 .UNSPECIFIED., .F., .F.,
 ( 4, 4 ),
 ( 0.000000000000000000, 1.000000000000000000 ),
 .UNSPECIFIED. ) ;
#3184 = VECTOR ( 'NONE', #3546, 1000.000000000000000 ) ;
#3185 = EDGE_LOOP ( 'NONE', ( #4458 ) ) ;
#3186 = DIRECTION ( 'NONE',  ( 1.512507975374611523E-16, -0.9113259857226829741, 0.4116854961576618677 ) ) ;
#3187 = UNCERTAINTY_MEASURE_WITH_UNIT (LENGTH_MEASURE( 1.000000000000000082E-05 ), #5558, 'distance_accuracy_value', 'NONE');
#3188 = PRESENTATION_STYLE_ASSIGNMENT (( #1055 ) ) ;
#3189 = PLANE ( 'NONE',  #4808 ) ;
#3190 = ORIENTED_EDGE ( 'NONE', *, *, #2372, .T. ) ;
#3191 = CARTESIAN_POINT ( 'NONE',  ( 1.282672346657818929, 4.216697403566009861, -2.393713133270853888 ) ) ;
#3192 = FILL_AREA_STYLE_COLOUR ( '', #1627 ) ;
#3193 = UNCERTAINTY_MEASURE_WITH_UNIT (LENGTH_MEASURE( 1.000000000000000082E-05 ), #650, 'distance_accuracy_value', 'NONE');
#3194 = PRESENTATION_LAYER_ASSIGNMENT (  '', '', ( #2972 ) ) ;
#3195 = LINE ( 'NONE', #5857, #200 ) ;
#3196 =( NAMED_UNIT ( * ) PLANE_ANGLE_UNIT ( ) SI_UNIT ( $, .RADIAN. ) );
#3197 = EDGE_CURVE ( 'NONE', #2284, #401, #370, .T. ) ;
#3198 = DIRECTION ( 'NONE',  ( -0.000000000000000000, -0.9017241429437475864, 0.4323118897652065140 ) ) ;
#3199 = COLOUR_RGB ( '',0.6039215686274509443, 0.6039215686274509443, 0.6039215686274509443 ) ;
#3200 = PRESENTATION_STYLE_ASSIGNMENT (( #1068 ) ) ;
#3201 = VERTEX_POINT ( 'NONE', #1210 ) ;
#3202 =( LENGTH_UNIT ( ) NAMED_UNIT ( * ) SI_UNIT ( .MILLI., .METRE. ) );
#3203 =( NAMED_UNIT ( * ) SI_UNIT ( $, .STERADIAN. ) SOLID_ANGLE_UNIT ( ) );
#3204 = DIRECTION ( 'NONE',  ( -1.966535401401895357E-16, 0.000000000000000000, -1.000000000000000000 ) ) ;
#3205 = STYLED_ITEM ( 'NONE', ( #4087 ), #6768 ) ;
#3206 = CARTESIAN_POINT ( 'NONE',  ( -2.165000000000000036, -4.001000000000000334, 0.7499999999999990008 ) ) ;
#3207 = CARTESIAN_POINT ( 'NONE',  ( 1.560602855690544244, 6.026184200023529058, -2.412606261115790574 ) ) ;
#3208 = CARTESIAN_POINT ( 'NONE',  ( -0.01528755427882338459, 5.869096672141969506, -2.514185127046301815 ) ) ;
#3209 = DIRECTION ( 'NONE',  ( 1.000000000000000000, 0.000000000000000000, -2.710505431213761085E-16 ) ) ;
#3210 = ORIENTED_EDGE ( 'NONE', *, *, #5942, .F. ) ;
#3211 = MECHANICAL_DESIGN_GEOMETRIC_PRESENTATION_REPRESENTATION (  '', ( #412 ), #2878 ) ;
#3212 = VECTOR ( 'NONE', #443, 1000.000000000000000 ) ;
#3213 = FACE_OUTER_BOUND ( 'NONE', #6211, .T. ) ;
#3214 = PRESENTATION_STYLE_ASSIGNMENT (( #3248 ) ) ;
#3215 = CARTESIAN_POINT ( 'NONE',  ( -2.540000000000000480, 7.720461978346992105, -1.907104934563444765 ) ) ;
#3216 = DIRECTION ( 'NONE',  ( -6.982962677686266711E-15, -1.396592535537253342E-14, -1.000000000000000000 ) ) ;
#3217 =( GEOMETRIC_REPRESENTATION_CONTEXT ( 3 ) GLOBAL_UNCERTAINTY_ASSIGNED_CONTEXT ( ( #6033 ) ) GLOBAL_UNIT_ASSIGNED_CONTEXT ( ( #4205, #6817, #2056 ) ) REPRESENTATION_CONTEXT ( 'NONE', 'WORKASPACE' ) );
#3218 = EDGE_LOOP ( 'NONE', ( #771 ) ) ;
#3219 = SURFACE_STYLE_FILL_AREA ( #657 ) ;
#3220 = CARTESIAN_POINT ( 'NONE',  ( -2.540000000000000036, 7.424894153437775479, -1.590372085710245020 ) ) ;
#3221 = ORIENTED_EDGE ( 'NONE', *, *, #759, .T. ) ;
#3222 = CARTESIAN_POINT ( 'NONE',  ( 1.055946436993688620, 3.996717597902167185, -2.347182614856200278 ) ) ;
#3223 = FILL_AREA_STYLE ('',( #632 ) ) ;
#3224 = SURFACE_STYLE_FILL_AREA ( #6836 ) ;
#3225 = FILL_AREA_STYLE ('',( #670 ) ) ;
#3226 =( NAMED_UNIT ( * ) PLANE_ANGLE_UNIT ( ) SI_UNIT ( $, .RADIAN. ) );
#3227 = EDGE_LOOP ( 'NONE', ( #3269, #532, #275, #6256 ) ) ;
#3228 = CARTESIAN_POINT ( 'NONE',  ( -0.9754760195810882051, 6.354032710764945691, -2.265575568484900604 ) ) ;
#3229 = ORIENTED_EDGE ( 'NONE', *, *, #5752, .T. ) ;
#3230 = STYLED_ITEM ( 'NONE', ( #3892 ), #1624 ) ;
#3231 = EDGE_CURVE ( 'NONE', #2683, #4514, #2712, .T. ) ;
#3232 = CARTESIAN_POINT ( 'NONE',  ( 0.05632860020257249994, 5.832643857651035546, -2.524326120692671704 ) ) ;
#3233 = DIRECTION ( 'NONE',  ( 0.000000000000000000, 1.000000000000000000, 0.000000000000000000 ) ) ;
#3234 = CARTESIAN_POINT ( 'NONE',  ( 2.464999999999999414, -0.2500000000000002220, -0.7499999999999988898 ) ) ;
#3235 = MECHANICAL_DESIGN_GEOMETRIC_PRESENTATION_REPRESENTATION (  '', ( #2548 ), #3790 ) ;
#3236 = FACE_OUTER_BOUND ( 'NONE', #5626, .T. ) ;
#3237 =( NAMED_UNIT ( * ) PLANE_ANGLE_UNIT ( ) SI_UNIT ( $, .RADIAN. ) );
#3238 =( NAMED_UNIT ( * ) PLANE_ANGLE_UNIT ( ) SI_UNIT ( $, .RADIAN. ) );
#3239 = DIRECTION ( 'NONE',  ( 0.000000000000000000, -1.000000000000000000, 0.000000000000000000 ) ) ;
#3240 = EDGE_CURVE ( 'NONE', #6661, #2281, #6002, .T. ) ;
#3241 = EDGE_CURVE ( 'NONE', #4233, #6830, #707, .T. ) ;
#3242 = CARTESIAN_POINT ( 'NONE',  ( -0.2336030819982660711, 3.534085249411964558, -1.992118983054385950 ) ) ;
#3243 = LINE ( 'NONE', #6380, #2143 ) ;
#3244 = CARTESIAN_POINT ( 'NONE',  ( -1.352085066188925433, 4.024644917205217887, -2.306372770236732705 ) ) ;
#3245 = PLANE ( 'NONE',  #885 ) ;
#3246 = ORIENTED_EDGE ( 'NONE', *, *, #5860, .F. ) ;
#3247 = DIRECTION ( 'NONE',  ( -1.588288116102910685E-16, -0.9017241429437475864, -0.4323118897652065140 ) ) ;
#3248 = SURFACE_STYLE_USAGE ( .BOTH. , #2239 ) ;
#3249 = EDGE_CURVE ( 'NONE', #4388, #2493, #4768, .T. ) ;
#3250 =( LENGTH_UNIT ( ) NAMED_UNIT ( * ) SI_UNIT ( .MILLI., .METRE. ) );
#3251 = CONTEXT_DEPENDENT_SHAPE_REPRESENTATION ( #6724, #6037 ) ;
#3252 = MECHANICAL_DESIGN_GEOMETRIC_PRESENTATION_REPRESENTATION (  '', ( #2369 ), #5001 ) ;
#3253 = EDGE_CURVE ( 'NONE', #170, #2066, #3931, .T. ) ;
#3254 = ORIENTED_EDGE ( 'NONE', *, *, #909, .T. ) ;
#3255 = ORIENTED_EDGE ( 'NONE', *, *, #1792, .F. ) ;
#3256 = ORIENTED_EDGE ( 'NONE', *, *, #2946, .T. ) ;
#3257 = CYLINDRICAL_SURFACE ( 'NONE', #2513, 0.4000000000000001887 ) ;
#3258 = COLOUR_RGB ( '',0.7058823529411764053, 0.7058823529411764053, 0.7058823529411764053 ) ;
#3259 = ORIENTED_EDGE ( 'NONE', *, *, #3547, .T. ) ;
#3260 = FILL_AREA_STYLE ('',( #2176 ) ) ;
#3261 = DIRECTION ( 'NONE',  ( 0.000000000000000000, 0.4323118897652180603, -0.9017241429437419242 ) ) ;
#3262 = UNCERTAINTY_MEASURE_WITH_UNIT (LENGTH_MEASURE( 1.000000000000000082E-05 ), #4307, 'distance_accuracy_value', 'NONE');
#3263 = DIRECTION ( 'NONE',  ( 1.000000000000000000, 0.000000000000000000, 0.000000000000000000 ) ) ;
#3264 = EDGE_CURVE ( 'NONE', #5915, #2247, #923, .T. ) ;
#3265 = EDGE_CURVE ( 'NONE', #5832, #5685, #955, .T. ) ;
#3266 = CARTESIAN_POINT ( 'NONE',  ( -0.03304027690389520211, 5.850257968291346700, -2.467562815686596966 ) ) ;
#3267 = UNCERTAINTY_MEASURE_WITH_UNIT (LENGTH_MEASURE( 1.000000000000000082E-05 ), #801, 'distance_accuracy_value', 'NONE');
#3268 =( NAMED_UNIT ( * ) SI_UNIT ( $, .STERADIAN. ) SOLID_ANGLE_UNIT ( ) );
#3269 = ORIENTED_EDGE ( 'NONE', *, *, #499, .F. ) ;
#3270 = VECTOR ( 'NONE', #148, 999.9999999999998863 ) ;
#3271 = CARTESIAN_POINT ( 'NONE',  ( 2.540000000000000036, 7.941995772557271849, -2.337241912955471346 ) ) ;
#3272 = UNCERTAINTY_MEASURE_WITH_UNIT (LENGTH_MEASURE( 1.000000000000000082E-05 ), #2052, 'distance_accuracy_value', 'NONE');
#3273 = LINE ( 'NONE', #5364, #1200 ) ;
#3274 = PRESENTATION_STYLE_ASSIGNMENT (( #1516 ) ) ;
#3275 = CARTESIAN_POINT ( 'NONE',  ( 2.615000000000000657, 0.1499999999999999944, 0.7499999999999982236 ) ) ;
#3276 = CARTESIAN_POINT ( 'NONE',  ( -0.3757375118918828694, 4.853019561442319940, -2.598081526648863271 ) ) ;
#3277 = AXIS2_PLACEMENT_3D ( 'NONE', #2164, #1080, #1592 ) ;
#3278 = FILL_AREA_STYLE_COLOUR ( '', #764 ) ;
#3279 = FILL_AREA_STYLE ('',( #5340 ) ) ;
#3280 = CARTESIAN_POINT ( 'NONE',  ( 1.740748562162879987, 5.611611818046178257, -2.525720517541889532 ) ) ;
#3281 = CARTESIAN_POINT ( 'NONE',  ( -1.799347933066028027, 5.036778873836125214, -2.565205511776627922 ) ) ;
#3282 = CARTESIAN_POINT ( 'NONE',  ( -9.500000000000000000, -1.163414459189985682E-15, 0.000000000000000000 ) ) ;
#3283 = CARTESIAN_POINT ( 'NONE',  ( -0.2329300621283940664, 5.212802878617527114, -2.630588020781836178 ) ) ;
#3284 = EDGE_CURVE ( 'NONE', #4747, #6439, #356, .T. ) ;
#3285 = ORIENTED_EDGE ( 'NONE', *, *, #3264, .F. ) ;
#3286 =( NAMED_UNIT ( * ) PLANE_ANGLE_UNIT ( ) SI_UNIT ( $, .RADIAN. ) );
#3287 = CARTESIAN_POINT ( 'NONE',  ( -0.001458570207583659425, 5.792270597492539252, -2.534899106393897039 ) ) ;
#3288 = DIRECTION ( 'NONE',  ( 1.000000000000000000, -1.224646799147353454E-16, 0.000000000000000000 ) ) ;
#3289 = B_SPLINE_CURVE_WITH_KNOTS ( 'NONE', 1,
 ( #799, #1982 ),
 .UNSPECIFIED., .F., .F.,
 ( 2, 2 ),
 ( 0.000000000000000000, 1.000000000000000000 ),
 .UNSPECIFIED. ) ;
#3290 = CARTESIAN_POINT ( 'NONE',  ( 2.540000000000000036, 7.562239391993868409, -1.725018051074101999 ) ) ;
#3291 = DIRECTION ( 'NONE',  ( 0.000000000000000000, 0.000000000000000000, 1.000000000000000000 ) ) ;
#3292 = COLOUR_RGB ( '',0.6039215686274509443, 0.6039215686274509443, 0.6039215686274509443 ) ;
#3293 = CIRCLE ( 'NONE', #3417, 0.4000000000000001887 ) ;
#3294 = ORIENTED_EDGE ( 'NONE', *, *, #2554, .T. ) ;
#3295 = EDGE_CURVE ( 'NONE', #5057, #3378, #5258, .T. ) ;
#3296 = CARTESIAN_POINT ( 'NONE',  ( -0.5354548301088432050, 4.633214198592940036, -2.563426892943128976 ) ) ;
#3297 = ORIENTED_EDGE ( 'NONE', *, *, #853, .F. ) ;
#3298 = CARTESIAN_POINT ( 'NONE',  ( 1.615893938220574810, 5.944729999505740992, -2.493767093446889849 ) ) ;
#3299 = CARTESIAN_POINT ( 'NONE',  ( 1.398500051903131203, 4.361703703790449360, -2.500899197984836952 ) ) ;
#3300 =( GEOMETRIC_REPRESENTATION_CONTEXT ( 3 ) GLOBAL_UNCERTAINTY_ASSIGNED_CONTEXT ( ( #2418 ) ) GLOBAL_UNIT_ASSIGNED_CONTEXT ( ( #212, #2824, #795 ) ) REPRESENTATION_CONTEXT ( 'NONE', 'WORKASPACE' ) );
#3301 = CARTESIAN_POINT ( 'NONE',  ( 2.539999999999999591, 0.1499999999999997169, -2.642896323400711012 ) ) ;
#3302 = AXIS2_PLACEMENT_3D ( 'NONE', #1650, #4080, #5040 ) ;
#3303 = VERTEX_POINT ( 'NONE', #5079 ) ;
#3304 = CARTESIAN_POINT ( 'NONE',  ( -2.539999999999999591, 7.972238740270340962, 2.528272444938573837 ) ) ;
#3305 = STYLED_ITEM ( 'NONE', ( #6880 ), #4558 ) ;
#3306 = SURFACE_STYLE_FILL_AREA ( #4838 ) ;
#3307 = CARTESIAN_POINT ( 'NONE',  ( 0.5111350339862094083, 4.647383885489458244, -2.566242786923000008 ) ) ;
#3308 = B_SPLINE_CURVE_WITH_KNOTS ( 'NONE', 3,
 ( #3489, #5081, #6202, #925, #2486, #3456, #1937, #6136, #3520, #889, #3013, #329, #787, #2917, #4598, #3585, #2398, #6736, #3555, #1444, #5677, #4503, #6632, #4000, #6105, #3228, #6262, #18, #1102, #5812, #4730, #5737, #492, #5256, #3649, #1512, #2617, #6878, #6806, #5330, #2115, #4226, #3086, #563, #5775, #2039, #6335, #2182, #4255, #6368, #1577, #3124, #2693, #5712, #459, #3714, #523, #1608, #4697, #1058, #6840, #3191, #2074, #3745, #4190, #991, #5291 ),
 .UNSPECIFIED., .T., .F.,
 ( 4, 3, 3, 3, 3, 3, 3, 3, 3, 3, 3, 3, 3, 3, 3, 3, 3, 3, 3, 3, 3, 3, 4 ),
 ( 0.000000000000000000, 0.04545454545454545581, 0.09090909090909091161, 0.1363636363636363535, 0.1818181818181818232, 0.2272727272727272652, 0.2727272727272727071, 0.3181818181818181768, 0.3636363636363636465, 0.4090909090909091161, 0.4545454545454545303, 0.5000000000000000000, 0.5454545454545454142, 0.5909090909090909394, 0.6363636363636363535, 0.6818181818181817677, 0.7272727272727272929, 0.7727272727272727071, 0.8181818181818182323, 0.8636363636363636465, 0.9090909090909090606, 0.9545454545454545858, 1.000000000000000000 ),
 .UNSPECIFIED. ) ;
#3309 = CARTESIAN_POINT ( 'NONE',  ( 2.464999999999999858, -3.500000000000000000, -0.2499999999999990841 ) ) ;
#3310 = MECHANICAL_DESIGN_GEOMETRIC_PRESENTATION_REPRESENTATION (  '', ( #6510 ), #4178 ) ;
#3311 = PLANE ( 'NONE',  #4260 ) ;
#3312 = FILL_AREA_STYLE ('',( #3423 ) ) ;
#3313 =( LENGTH_UNIT ( ) NAMED_UNIT ( * ) SI_UNIT ( .MILLI., .METRE. ) );
#3314 = CARTESIAN_POINT ( 'NONE',  ( -2.540000000000000480, 3.083757038415181118, -1.874763991466976476 ) ) ;
#3315 = AXIS2_PLACEMENT_3D ( 'NONE', #3459, #5555, #790 ) ;
#3316 =( NAMED_UNIT ( * ) SI_UNIT ( $, .STERADIAN. ) SOLID_ANGLE_UNIT ( ) );
#3317 = SURFACE_STYLE_USAGE ( .BOTH. , #1179 ) ;
#3318 = CARTESIAN_POINT ( 'NONE',  ( -0.7966670292812415566, 3.829890327845861364, -2.258077843897560388 ) ) ;
#3319 = CARTESIAN_POINT ( 'NONE',  ( -1.093466000426426055, 3.820957556539257727, -2.194127157163935582 ) ) ;
#3320 =( GEOMETRIC_REPRESENTATION_CONTEXT ( 3 ) GLOBAL_UNCERTAINTY_ASSIGNED_CONTEXT ( ( #1794 ) ) GLOBAL_UNIT_ASSIGNED_CONTEXT ( ( #6035, #6519, #3901 ) ) REPRESENTATION_CONTEXT ( 'NONE', 'WORKASPACE' ) );
#3321 = VECTOR ( 'NONE', #1143, 1000.000000000000000 ) ;
#3322 = DIRECTION ( 'NONE',  ( 1.000000000000000000, 0.000000000000000000, -0.000000000000000000 ) ) ;
#3323 = ORIENTED_EDGE ( 'NONE', *, *, #2740, .F. ) ;
#3324 = SURFACE_STYLE_FILL_AREA ( #717 ) ;
#3325 = ADVANCED_FACE ( 'NONE', ( #4500 ), #2519, .T. ) ;
#3326 = CARTESIAN_POINT ( 'NONE',  ( 0.05323923654678346801, 5.840170505706899995, -2.522290718047223379 ) ) ;
#3327 = VECTOR ( 'NONE', #427, 999.9999999999998863 ) ;
#3328 = PRESENTATION_LAYER_ASSIGNMENT (  '', '', ( #2329 ) ) ;
#3329 = DIRECTION ( 'NONE',  ( 1.224646799147353454E-16, 1.000000000000000000, 0.000000000000000000 ) ) ;
#3330 = DIRECTION ( 'NONE',  ( -1.224646799147353454E-16, -1.000000000000000000, 0.000000000000000000 ) ) ;
#3331 = CARTESIAN_POINT ( 'NONE',  ( -2.540000000000000480, 7.873020145931590719, -2.152517620978589008 ) ) ;
#3332 = COLOUR_RGB ( '',0.6039215686274509443, 0.6039215686274509443, 0.6039215686274509443 ) ;
#3333 = AXIS2_PLACEMENT_3D ( 'NONE', #877, #1901, #3540 ) ;
#3334 = ORIENTED_EDGE ( 'NONE', *, *, #5727, .F. ) ;
#3335 = ORIENTED_EDGE ( 'NONE', *, *, #3466, .F. ) ;
#3336 = ORIENTED_EDGE ( 'NONE', *, *, #94, .T. ) ;
#3337 = CARTESIAN_POINT ( 'NONE',  ( -1.094319547565726358, 3.792270398778597507, -2.235848019982418666 ) ) ;
#3338 = CIRCLE ( 'NONE', #643, 0.2500000000000002220 ) ;
#3339 = PRODUCT_DEFINITION_SHAPE ( 'NONE', 'NONE',  #6889 ) ;
#3340 = CARTESIAN_POINT ( 'NONE',  ( -0.9737983128954684764, 6.375639331343606386, -2.310221914465174997 ) ) ;
#3341 = EDGE_LOOP ( 'NONE', ( #6024 ) ) ;
#3342 = SURFACE_SIDE_STYLE ('',( #4864 ) ) ;
#3343 = SURFACE_SIDE_STYLE ('',( #6433 ) ) ;
#3344 = UNCERTAINTY_MEASURE_WITH_UNIT (LENGTH_MEASURE( 1.000000000000000082E-05 ), #4051, 'distance_accuracy_value', 'NONE');
#3345 = PLANE ( 'NONE',  #907 ) ;
#3346 = EDGE_CURVE ( 'NONE', #3201, #5152, #4595, .T. ) ;
#3347 = CARTESIAN_POINT ( 'NONE',  ( -2.165000000000000036, -4.001000000000000334, 1.124999999999999112 ) ) ;
#3348 = VERTEX_POINT ( 'NONE', #1405 ) ;
#3349 = FILL_AREA_STYLE_COLOUR ( '', #5500 ) ;
#3350 = LINE ( 'NONE', #3861, #5731 ) ;
#3351 = CARTESIAN_POINT ( 'NONE',  ( 2.540000000000000480, 4.974339035756188743, 1.035622799379432912 ) ) ;
#3352 = SURFACE_STYLE_USAGE ( .BOTH. , #4405 ) ;
#3353 = PRESENTATION_LAYER_ASSIGNMENT (  '', '', ( #2001 ) ) ;
#3354 = SURFACE_SIDE_STYLE ('',( #3971 ) ) ;
#3355 = VECTOR ( 'NONE', #2098, 1000.000000000000000 ) ;
#3356 = DIRECTION ( 'NONE',  ( 0.000000000000000000, 0.000000000000000000, -1.000000000000000000 ) ) ;
#3357 = CARTESIAN_POINT ( 'NONE',  ( -0.4159344732504816067, 6.615452628604432839, -2.165891402677652788 ) ) ;
#3358 = EDGE_CURVE ( 'NONE', #3999, #1452, #1376, .T. ) ;
#3359 = FILL_AREA_STYLE ('',( #1252 ) ) ;
#3360 = AXIS2_PLACEMENT_3D ( 'NONE', #6859, #5757, #1669 ) ;
#3361 = CARTESIAN_POINT ( 'NONE',  ( 2.464999999999999858, -0.2500000000000002220, 0.7499999999999981126 ) ) ;
#3362 = LINE ( 'NONE', #1220, #979 ) ;
#3363 = ORIENTED_EDGE ( 'NONE', *, *, #984, .F. ) ;
#3364 = CARTESIAN_POINT ( 'NONE',  ( 2.540000000000000036, 2.943255674241488595, -1.581703645010260173 ) ) ;
#3365 = CARTESIAN_POINT ( 'NONE',  ( 0.05632860020257249994, 5.832643857651035546, -2.524326120692671704 ) ) ;
#3366 = SURFACE_STYLE_FILL_AREA ( #6573 ) ;
#3367 = FILL_AREA_STYLE_COLOUR ( '', #3562 ) ;
#3368 = CARTESIAN_POINT ( 'NONE',  ( -0.5354548301088432050, 4.633214198592940036, -2.563426892943128976 ) ) ;
#3369 = VERTEX_POINT ( 'NONE', #5710 ) ;
#3370 = ORIENTED_EDGE ( 'NONE', *, *, #4034, .F. ) ;
#3371 = CARTESIAN_POINT ( 'NONE',  ( 0.7978247778599022455, 3.638893082328737538, -2.134669543983382489 ) ) ;
#3372 = CARTESIAN_POINT ( 'NONE',  ( -0.4110820809184525526, 3.694672633327017675, -2.172705938691765315 ) ) ;
#3373 = CARTESIAN_POINT ( 'NONE',  ( 0.4790310504250117618, 4.610212753984236578, -2.507559516549651146 ) ) ;
#3374 = CARTESIAN_POINT ( 'NONE',  ( -2.464999999999999858, -3.500000000000000000, 0.2499999999999990286 ) ) ;
#3375 = VECTOR ( 'NONE', #2541, 1000.000000000000000 ) ;
#3376 = SURFACE_STYLE_USAGE ( .BOTH. , #4021 ) ;
#3377 = CARTESIAN_POINT ( 'NONE',  ( 0.3879806339559704331, 4.783349744982900553, -2.539792142311610768 ) ) ;
#3378 = VERTEX_POINT ( 'NONE', #264 ) ;
#3379 = CYLINDRICAL_SURFACE ( 'NONE', #3302, 2.464999999999999858 ) ;
#3380 = COLOUR_RGB ( '',0.6039215686274509443, 0.6039215686274509443, 0.6039215686274509443 ) ;
#3381 = FACE_OUTER_BOUND ( 'NONE', #1185, .T. ) ;
#3382 = SURFACE_STYLE_USAGE ( .BOTH. , #5046 ) ;
#3383 = DIRECTION ( 'NONE',  ( 0.000000000000000000, -0.8165136664911772924, -0.5773261057956192710 ) ) ;
#3384 = PRESENTATION_LAYER_ASSIGNMENT (  '', '', ( #6349 ) ) ;
#3385 = CARTESIAN_POINT ( 'NONE',  ( 2.539999999999999591, 3.038476588390626176E-14, -2.642896323400711012 ) ) ;
#3386 = SURFACE_STYLE_FILL_AREA ( #2371 ) ;
#3387 = EDGE_CURVE ( 'NONE', #491, #1911, #3795, .T. ) ;
#3388 = CARTESIAN_POINT ( 'NONE',  ( -2.539999999999999591, 7.972238740270340962, 2.528272444938573837 ) ) ;
#3389 = DIRECTION ( 'NONE',  ( -1.000000000000000000, 0.000000000000000000, 3.673940397442059375E-16 ) ) ;
#3390 = ORIENTED_EDGE ( 'NONE', *, *, #4053, .T. ) ;
#3391 = CARTESIAN_POINT ( 'NONE',  ( -1.599967773784684466, 5.258509340024730250, -2.614836490192406604 ) ) ;
#3392 = COLOUR_RGB ( '',0.6039215686274509443, 0.6039215686274509443, 0.6039215686274509443 ) ;
#3393 = CARTESIAN_POINT ( 'NONE',  ( 0.1201857549245338164, 3.525940291238925717, -1.985360195521319371 ) ) ;
#3394 = CARTESIAN_POINT ( 'NONE',  ( 2.540000000000000036, 0.1499999999999999944, 1.124999999999998224 ) ) ;
#3395 = VERTEX_POINT ( 'NONE', #3552 ) ;
#3396 =( LENGTH_UNIT ( ) NAMED_UNIT ( * ) SI_UNIT ( .MILLI., .METRE. ) );
#3397 = EDGE_CURVE ( 'NONE', #3181, #5832, #3293, .T. ) ;
#3398 = VERTEX_POINT ( 'NONE', #820 ) ;
#3399 = CARTESIAN_POINT ( 'NONE',  ( 2.539999999999999591, 7.230341301471685078, -1.859107331326272705 ) ) ;
#3400 = DIRECTION ( 'NONE',  ( 1.000000000000000000, -1.224646799147353454E-16, -0.000000000000000000 ) ) ;
#3401 = ADVANCED_BREP_SHAPE_REPRESENTATION ( '', ( #6369, #1317 ), #5516 ) ;
#3402 =( LENGTH_UNIT ( ) NAMED_UNIT ( * ) SI_UNIT ( .MILLI., .METRE. ) );
#3403 = B_SPLINE_CURVE_WITH_KNOTS ( 'NONE', 1,
 ( #52, #5851 ),
 .UNSPECIFIED., .F., .F.,
 ( 2, 2 ),
 ( 0.000000000000000000, 1.000000000000000000 ),
 .UNSPECIFIED. ) ;
#3404 = CARTESIAN_POINT ( 'NONE',  ( -0.4743773468325555021, 4.617886065968147769, -2.509255330693070718 ) ) ;
#3405 = EDGE_LOOP ( 'NONE', ( #2655 ) ) ;
#3406 = UNCERTAINTY_MEASURE_WITH_UNIT (LENGTH_MEASURE( 1.000000000000000082E-05 ), #6224, 'distance_accuracy_value', 'NONE');
#3407 = CARTESIAN_POINT ( 'NONE',  ( -2.539999999999999591, 7.099853943852493465, 1.742496656422293677 ) ) ;
#3408 = ORIENTED_EDGE ( 'NONE', *, *, #1293, .F. ) ;
#3409 = SURFACE_SIDE_STYLE ('',( #5032 ) ) ;
#3410 = FACE_OUTER_BOUND ( 'NONE', #2323, .T. ) ;
#3411 = DIRECTION ( 'NONE',  ( 0.000000000000000000, -1.000000000000000000, 0.000000000000000000 ) ) ;
#3412 = CARTESIAN_POINT ( 'NONE',  ( -2.165000000000000480, -4.001000000000000334, -0.7499999999999983347 ) ) ;
#3413 = UNCERTAINTY_MEASURE_WITH_UNIT (LENGTH_MEASURE( 1.000000000000000082E-05 ), #3026, 'distance_accuracy_value', 'NONE');
#3414 = MECHANICAL_DESIGN_GEOMETRIC_PRESENTATION_REPRESENTATION (  '', ( #939 ), #5028 ) ;
#3415 =( LENGTH_UNIT ( ) NAMED_UNIT ( * ) SI_UNIT ( .MILLI., .METRE. ) );
#3416 = UNCERTAINTY_MEASURE_WITH_UNIT (LENGTH_MEASURE( 1.000000000000000082E-05 ), #1342, 'distance_accuracy_value', 'NONE');
#3417 = AXIS2_PLACEMENT_3D ( 'NONE', #2395, #3486, #5573 ) ;
#3418 = CARTESIAN_POINT ( 'NONE',  ( 0.5144028721219534583, 4.638110382552292243, -2.564413961604316228 ) ) ;
#3419 = APPLICATION_CONTEXT ( 'automotive_design' ) ;
#3420 = CARTESIAN_POINT ( 'NONE',  ( 2.165000000000000036, 0.1499999999999999944, 0.7499999999999983347 ) ) ;
#3421 = CARTESIAN_POINT ( 'NONE',  ( 2.540000000000000480, 5.150000000000000355, 0.000000000000000000 ) ) ;
#3422 = ORIENTED_EDGE ( 'NONE', *, *, #1904, .F. ) ;
#3423 = FILL_AREA_STYLE_COLOUR ( '', #4278 ) ;
#3424 = MECHANICAL_DESIGN_GEOMETRIC_PRESENTATION_REPRESENTATION (  '', ( #4935 ), #290 ) ;
#3425 = AXIS2_PLACEMENT_3D ( 'NONE', #3431, #3322, #796 ) ;
#3426 = DIRECTION ( 'NONE',  ( 1.000000000000000000, 0.000000000000000000, -0.000000000000000000 ) ) ;
#3427 = VECTOR ( 'NONE', #198, 1000.000000000000000 ) ;
#3428 = ADVANCED_FACE ( 'NONE', ( #5639 ), #2484, .F. ) ;
#3429 = CARTESIAN_POINT ( 'NONE',  ( 0.2111867060516018635, 3.662033647730356112, -2.150490125280659637 ) ) ;
#3430 = DIRECTION ( 'NONE',  ( 0.000000000000000000, 0.000000000000000000, -1.000000000000000000 ) ) ;
#3431 = CARTESIAN_POINT ( 'NONE',  ( -2.539999999999999591, 0.4006545807089132993, 2.800698048415868779 ) ) ;
#3432 = LINE ( 'NONE', #686, #2575 ) ;
#3433 = VECTOR ( 'NONE', #5510, 1000.000000000000000 ) ;
#3434 = DIRECTION ( 'NONE',  ( 0.000000000000000000, -0.4323118897652064030, -0.9017241429437475864 ) ) ;
#3435 = SURFACE_STYLE_FILL_AREA ( #5061 ) ;
#3436 = MECHANICAL_DESIGN_GEOMETRIC_PRESENTATION_REPRESENTATION (  '', ( #2198 ), #3084 ) ;
#3437 = CARTESIAN_POINT ( 'NONE',  ( 1.799999999999999600, 5.156607010677380920, -2.614991653411137484 ) ) ;
#3438 = ORIENTED_EDGE ( 'NONE', *, *, #154, .T. ) ;
#3439 = FACE_OUTER_BOUND ( 'NONE', #2982, .T. ) ;
#3440 = STYLED_ITEM ( 'NONE', ( #884 ), #5473 ) ;
#3441 = ORIENTED_EDGE ( 'NONE', *, *, #6818, .F. ) ;
#3442 = CARTESIAN_POINT ( 'NONE',  ( -1.742368356869781199, 5.622346337831698015, -2.574565740191407048 ) ) ;
#3443 = CARTESIAN_POINT ( 'NONE',  ( -2.540000000000000480, 0.3250000000000000111, -2.642896323400712788 ) ) ;
#3444 = CARTESIAN_POINT ( 'NONE',  ( 0.5032846037515847915, 4.600804826053475516, -2.556679674886320086 ) ) ;
#3445 = FILL_AREA_STYLE ('',( #2417 ) ) ;
#3446 = CIRCLE ( 'NONE', #6188, 0.3250000000000000666 ) ;
#3447 = FILL_AREA_STYLE_COLOUR ( '', #5531 ) ;
#3448 = AXIS2_PLACEMENT_3D ( 'NONE', #2974, #1430, #6656 ) ;
#3449 = STYLED_ITEM ( 'NONE', ( #4672 ), #37 ) ;
#3450 = CARTESIAN_POINT ( 'NONE',  ( 2.540000000000000036, 7.095961269702384833, -1.555351096021628354 ) ) ;
#3451 = B_SPLINE_CURVE_WITH_KNOTS ( 'NONE', 3,
 ( #2447, #1533, #6283, #6792 ),
 .UNSPECIFIED., .F., .F.,
 ( 4, 4 ),
 ( 0.000000000000000000, 1.000000000000000000 ),
 .UNSPECIFIED. ) ;
#3452 = CARTESIAN_POINT ( 'NONE',  ( -0.4816747904446821438, 4.600874393485333336, -2.556694650248702239 ) ) ;
#3453 = AXIS2_PLACEMENT_3D ( 'NONE', #2886, #5576, #5554 ) ;
#3454 = B_SPLINE_SURFACE_WITH_KNOTS ( 'NONE', 1, 3, ( 
 ( #1962, #4530, #5633, #3481, #881, #379, #816, #3007, #5543, #1336, #291, #1303, #6695, #4468, #1906, #3450, #779, #257 ),
 ( #2391, #4495, #4023, #5601, #3220, #1092, #4217, #4721, #5322, #447, #6255, #4756, #2031, #2544, #1537, #3705, #6288, #3674 ) ),
 .UNSPECIFIED., .F., .F., .F.,
 ( 2, 2 ),
 ( 4, 2, 2, 2, 2, 2, 2, 2, 4 ),
 ( 0.000000000000000000, 1.000000000000000000 ),
 ( -0.02401140337297315297, -0.01200570168648657648, -0.006002850843243288242, -0.003001425421621644121, 0.000000000000000000, 0.004754703201812562202, 0.009509406403625124404, 0.01901881280725024881, 0.03803762561450049762 ),
 .UNSPECIFIED. ) ;
#3455 = EDGE_LOOP ( 'NONE', ( #2684, #3408, #3648, #2778 ) ) ;
#3456 = CARTESIAN_POINT ( 'NONE',  ( 1.517166935421220497, 5.657703363074452874, -2.516134205936251700 ) ) ;
#3457 = STYLED_ITEM ( 'NONE', ( #1460 ), #1404 ) ;
#3458 = SURFACE_STYLE_USAGE ( .BOTH. , #6671 ) ;
#3459 = CARTESIAN_POINT ( 'NONE',  ( -4.500000000000000000, -5.510910596163089556E-16, 0.000000000000000000 ) ) ;
#3460 = CARTESIAN_POINT ( 'NONE',  ( 2.140000000000000568, 0.000000000000000000, 0.000000000000000000 ) ) ;
#3461 = CARTESIAN_POINT ( 'NONE',  ( 1.754762515695847069, 4.704346447317633739, -2.535546632903503017 ) ) ;
#3462 = CARTESIAN_POINT ( 'NONE',  ( -0.2067982759443129925, 3.663583151427405760, -2.151468016095477331 ) ) ;
#3463 = CARTESIAN_POINT ( 'NONE',  ( 0.4690094629668434822, 3.570073151721242954, -2.020784372072188084 ) ) ;
#3464 = CARTESIAN_POINT ( 'NONE',  ( -0.05844314102871007305, 5.836258748741340874, -2.523345780858416099 ) ) ;
#3465 = VERTEX_POINT ( 'NONE', #5773 ) ;
#3466 = EDGE_CURVE ( 'NONE', #2794, #1249, #2037, .T. ) ;
#3467 = ORIENTED_EDGE ( 'NONE', *, *, #4470, .T. ) ;
#3468 =( LENGTH_UNIT ( ) NAMED_UNIT ( * ) SI_UNIT ( .MILLI., .METRE. ) );
#3469 = DIRECTION ( 'NONE',  ( -1.000000000000000000, 0.000000000000000000, 0.000000000000000000 ) ) ;
#3470 = FILL_AREA_STYLE ('',( #6499 ) ) ;
#3471 = CYLINDRICAL_SURFACE ( 'NONE', #5142, 0.5000000000000000000 ) ;
#3472 = AXIS2_PLACEMENT_3D ( 'NONE', #4422, #5526, #3329 ) ;
#3473 = CARTESIAN_POINT ( 'NONE',  ( -0.4996053817988379553, 4.610212753984236578, -2.507559516549650702 ) ) ;
#3474 = CARTESIAN_POINT ( 'NONE',  ( -1.186642084254890595, 3.856727047250652518, -2.274308494817136150 ) ) ;
#3475 = ADVANCED_FACE ( 'NONE', ( #16, #1025 ), #3189, .T. ) ;
#3476 =( LENGTH_UNIT ( ) NAMED_UNIT ( * ) SI_UNIT ( .MILLI., .METRE. ) );
#3477 = DIRECTION ( 'NONE',  ( -3.673940397442059375E-16, 0.000000000000000000, -1.000000000000000000 ) ) ;
#3478 = UNCERTAINTY_MEASURE_WITH_UNIT (LENGTH_MEASURE( 1.000000000000000082E-05 ), #1527, 'distance_accuracy_value', 'NONE');
#3479 =( NAMED_UNIT ( * ) SI_UNIT ( $, .STERADIAN. ) SOLID_ANGLE_UNIT ( ) );
#3480 = STYLED_ITEM ( 'NONE', ( #3869 ), #2331 ) ;
#3481 = CARTESIAN_POINT ( 'NONE',  ( 2.540000000000000036, 7.440082919866492617, -1.597233510646207000 ) ) ;
#3482 = COLOUR_RGB ( '',0.6039215686274509443, 0.6039215686274509443, 0.6039215686274509443 ) ;
#3483 = VECTOR ( 'NONE', #6722, 1000.000000000000000 ) ;
#3484 = CARTESIAN_POINT ( 'NONE',  ( 2.445246988262583354, 4.724339035756187855, 2.557732533748164894 ) ) ;
#3485 = EDGE_CURVE ( 'NONE', #5152, #282, #4658, .T. ) ;
#3486 = DIRECTION ( 'NONE',  ( 3.673940397442059375E-16, -0.000000000000000000, 1.000000000000000000 ) ) ;
#3487 = PRESENTATION_LAYER_ASSIGNMENT (  '', '', ( #797 ) ) ;
#3488 = ORIENTED_EDGE ( 'NONE', *, *, #51, .T. ) ;
#3489 = CARTESIAN_POINT ( 'NONE',  ( 1.599999999999999423, 5.156480681601331106, -2.564991813001746390 ) ) ;
#3490 = DIRECTION ( 'NONE',  ( -0.000000000000000000, -0.000000000000000000, 1.000000000000000000 ) ) ;
#3491 =( NAMED_UNIT ( * ) PLANE_ANGLE_UNIT ( ) SI_UNIT ( $, .RADIAN. ) );
#3492 = SURFACE_STYLE_USAGE ( .BOTH. , #6703 ) ;
#3493 = VECTOR ( 'NONE', #2529, 1000.000000000000000 ) ;
#3494 = CARTESIAN_POINT ( 'NONE',  ( 0.8008141517402070919, 3.859738264106538974, -2.216990339510882535 ) ) ;
#3495 = FACE_OUTER_BOUND ( 'NONE', #422, .T. ) ;
#3496 = CYLINDRICAL_SURFACE ( 'NONE', #5035, 0.1750000000000000167 ) ;
#3497 = ORIENTED_EDGE ( 'NONE', *, *, #5191, .T. ) ;
#3498 = SURFACE_STYLE_USAGE ( .BOTH. , #4007 ) ;
#3499 =( NAMED_UNIT ( * ) SI_UNIT ( $, .STERADIAN. ) SOLID_ANGLE_UNIT ( ) );
#3500 = ORIENTED_EDGE ( 'NONE', *, *, #3773, .T. ) ;
#3501 = CARTESIAN_POINT ( 'NONE',  ( 2.539999999999999591, 7.034329549285301297, -1.590710424948165613 ) ) ;
#3502 =( GEOMETRIC_REPRESENTATION_CONTEXT ( 3 ) GLOBAL_UNCERTAINTY_ASSIGNED_CONTEXT ( ( #4702 ) ) GLOBAL_UNIT_ASSIGNED_CONTEXT ( ( #3202, #3691, #1070 ) ) REPRESENTATION_CONTEXT ( 'NONE', 'WORKASPACE' ) );
#3503 = PRESENTATION_STYLE_ASSIGNMENT (( #1852 ) ) ;
#3504 = SURFACE_STYLE_FILL_AREA ( #1896 ) ;
#3505 = DIRECTION ( 'NONE',  ( -1.000000000000000000, 0.000000000000000000, -0.000000000000000000 ) ) ;
#3506 = DIRECTION ( 'NONE',  ( -1.000000000000000000, 0.000000000000000000, 3.673940397442059375E-16 ) ) ;
#3507 = PRESENTATION_LAYER_ASSIGNMENT (  '', '', ( #2157 ) ) ;
#3508 = CARTESIAN_POINT ( 'NONE',  ( 9.350000000000001421, -0.02500000000000114284, -0.1500000000000000222 ) ) ;
#3509 = SURFACE_STYLE_USAGE ( .BOTH. , #3004 ) ;
#3510 = DIRECTION ( 'NONE',  ( 1.000000000000000000, 0.000000000000000000, 0.000000000000000000 ) ) ;
#3511 = VERTEX_POINT ( 'NONE', #4618 ) ;
#3512 = ADVANCED_FACE ( 'NONE', ( #1229 ), #262, .T. ) ;
#3513 = AXIS2_PLACEMENT_3D ( 'NONE', #4059, #4543, #5117 ) ;
#3514 = ORIENTED_EDGE ( 'NONE', *, *, #3249, .F. ) ;
#3515 = DIRECTION ( 'NONE',  ( 1.000000000000000000, 0.000000000000000000, 0.000000000000000000 ) ) ;
#3516 = SURFACE_SIDE_STYLE ('',( #3548 ) ) ;
#3517 = PRESENTATION_STYLE_ASSIGNMENT (( #4535 ) ) ;
#3518 = VERTEX_POINT ( 'NONE', #6147 ) ;
#3519 = VECTOR ( 'NONE', #6020, 1000.000000000000000 ) ;
#3520 = CARTESIAN_POINT ( 'NONE',  ( 1.277321083316605099, 6.102314810712049287, -2.386002964650669078 ) ) ;
#3521 = CARTESIAN_POINT ( 'NONE',  ( -0.001458570207584093106, 5.792270597492539252, -2.534899106393897039 ) ) ;
#3522 = DIRECTION ( 'NONE',  ( -0.000000000000000000, -0.000000000000000000, -1.000000000000000000 ) ) ;
#3523 = CARTESIAN_POINT ( 'NONE',  ( -0.4672338650412969363, 4.624300608455638617, -2.561613778408034836 ) ) ;
#3524 = CARTESIAN_POINT ( 'NONE',  ( -0.2582958220519667725, 3.698060688782866201, -2.114519891772324467 ) ) ;
#3525 = CARTESIAN_POINT ( 'NONE',  ( 2.540000000000000480, 7.033744110214712464, 1.591365531330415362 ) ) ;
#3526 = AXIS2_PLACEMENT_3D ( 'NONE', #6555, #1134, #229 ) ;
#3527 = CARTESIAN_POINT ( 'NONE',  ( 0.000000000000000000, 0.1499999999999999944, 0.000000000000000000 ) ) ;
#3528 = EDGE_LOOP ( 'NONE', ( #5941, #2793, #951, #5610 ) ) ;
#3529 =( GEOMETRIC_REPRESENTATION_CONTEXT ( 3 ) GLOBAL_UNCERTAINTY_ASSIGNED_CONTEXT ( ( #5672 ) ) GLOBAL_UNIT_ASSIGNED_CONTEXT ( ( #418, #2142, #2651 ) ) REPRESENTATION_CONTEXT ( 'NONE', 'WORKASPACE' ) );
#3530 = ORIENTED_EDGE ( 'NONE', *, *, #6360, .F. ) ;
#3531 = CARTESIAN_POINT ( 'NONE',  ( 0.5131543839348542413, 4.642833827753039877, -2.565351627149680347 ) ) ;
#3532 = FACE_OUTER_BOUND ( 'NONE', #2820, .T. ) ;
#3533 = LINE ( 'NONE', #2057, #2811 ) ;
#3534 = CARTESIAN_POINT ( 'NONE',  ( 1.462873724836457390, 6.178748328467575490, -2.404636674520643780 ) ) ;
#3535 = CIRCLE ( 'NONE', #5280, 1.451549732019052685 ) ;
#3536 = DIRECTION ( 'NONE',  ( -1.000000000000000000, -0.000000000000000000, 0.000000000000000000 ) ) ;
#3537 = PRESENTATION_STYLE_ASSIGNMENT (( #6152 ) ) ;
#3538 = EDGE_CURVE ( 'NONE', #5456, #4062, #6119, .T. ) ;
#3539 = SURFACE_SIDE_STYLE ('',( #2023 ) ) ;
#3540 = DIRECTION ( 'NONE',  ( 0.000000000000000000, 0.000000000000000000, 1.000000000000000000 ) ) ;
#3541 = UNCERTAINTY_MEASURE_WITH_UNIT (LENGTH_MEASURE( 1.000000000000000082E-05 ), #3250, 'distance_accuracy_value', 'NONE');
#3542 = CARTESIAN_POINT ( 'NONE',  ( -2.540000000000000480, 6.538544579290536340, -2.755247503693926348 ) ) ;
#3543 =( NAMED_UNIT ( * ) SI_UNIT ( $, .STERADIAN. ) SOLID_ANGLE_UNIT ( ) );
#3544 = VECTOR ( 'NONE', #3469, 1000.000000000000000 ) ;
#3545 = CARTESIAN_POINT ( 'NONE',  ( 2.540000000000000036, 2.943255674241489483, -1.581703645010259951 ) ) ;
#3546 = DIRECTION ( 'NONE',  ( -1.000000000000000000, -1.224646799147353454E-16, -0.000000000000000000 ) ) ;
#3547 = EDGE_CURVE ( 'NONE', #6773, #3115, #724, .T. ) ;
#3548 = SURFACE_STYLE_FILL_AREA ( #5137 ) ;
#3549 = PRESENTATION_LAYER_ASSIGNMENT (  '', '', ( #5404 ) ) ;
#3550 = COLOUR_RGB ( '',0.6039215686274509443, 0.6039215686274509443, 0.6039215686274509443 ) ;
#3551 = SURFACE_STYLE_FILL_AREA ( #6199 ) ;
#3552 = CARTESIAN_POINT ( 'NONE',  ( 2.140000000000000568, 4.724339035756187855, 2.427969881097998162 ) ) ;
#3553 = VECTOR ( 'NONE', #2496, 1000.000000000000000 ) ;
#3554 = ORIENTED_EDGE ( 'NONE', *, *, #499, .T. ) ;
#3555 = CARTESIAN_POINT ( 'NONE',  ( -0.001074976151369488181, 6.628408615535869686, -2.096075610637487152 ) ) ;
#3556 = COLOUR_RGB ( '',0.6039215686274509443, 0.6039215686274509443, 0.6039215686274509443 ) ;
#3557 = PLANE ( 'NONE',  #5966 ) ;
#3558 = PLANE ( 'NONE',  #2419 ) ;
#3559 = SURFACE_SIDE_STYLE ('',( #4032 ) ) ;
#3560 = UNCERTAINTY_MEASURE_WITH_UNIT (LENGTH_MEASURE( 1.000000000000000082E-05 ), #1500, 'distance_accuracy_value', 'NONE');
#3561 = DIRECTION ( 'NONE',  ( -0.000000000000000000, 0.000000000000000000, -1.000000000000000000 ) ) ;
#3562 = COLOUR_RGB ( '',0.6039215686274509443, 0.6039215686274509443, 0.6039215686274509443 ) ;
#3563 = CARTESIAN_POINT ( 'NONE',  ( -0.2067982759443129648, 3.692004123675447502, -2.110330960338393957 ) ) ;
#3564 = ORIENTED_EDGE ( 'NONE', *, *, #4471, .T. ) ;
#3565 = FILL_AREA_STYLE_COLOUR ( '', #6813 ) ;
#3566 = PRESENTATION_STYLE_ASSIGNMENT (( #1422 ) ) ;
#3567 = EDGE_CURVE ( 'NONE', #2928, #2828, #5820, .T. ) ;
#3568 = FACE_OUTER_BOUND ( 'NONE', #5120, .T. ) ;
#3569 = EDGE_CURVE ( 'NONE', #4247, #2966, #1359, .T. ) ;
#3570 = SURFACE_SIDE_STYLE ('',( #6819 ) ) ;
#3571 = CARTESIAN_POINT ( 'NONE',  ( 1.615885103477676221, 5.944742874194858473, -2.493763582613975682 ) ) ;
#3572 = FILL_AREA_STYLE_COLOUR ( '', #1115 ) ;
#3573 = VECTOR ( 'NONE', #3186, 1000.000000000000114 ) ;
#3574 = CARTESIAN_POINT ( 'NONE',  ( 0.000000000000000000, -3.500000000000000000, 0.2499999999999990286 ) ) ;
#3575 = DIRECTION ( 'NONE',  ( -1.000000000000000000, -0.000000000000000000, -0.000000000000000000 ) ) ;
#3576 = COLOUR_RGB ( '',0.6039215686274509443, 0.6039215686274509443, 0.6039215686274509443 ) ;
#3577 = CARTESIAN_POINT ( 'NONE',  ( 2.540000000000000036, 0.1499999999999999944, -9.331808609502830990E-16 ) ) ;
#3578 = CARTESIAN_POINT ( 'NONE',  ( 9.350000000000001421, 2.064999999999997726, 0.000000000000000000 ) ) ;
#3579 = SURFACE_STYLE_USAGE ( .BOTH. , #1401 ) ;
#3580 = DIRECTION ( 'NONE',  ( -0.000000000000000000, 1.000000000000000000, -0.000000000000000000 ) ) ;
#3581 = ORIENTED_EDGE ( 'NONE', *, *, #3538, .F. ) ;
#3582 = PRESENTATION_STYLE_ASSIGNMENT (( #1440 ) ) ;
#3583 = CARTESIAN_POINT ( 'NONE',  ( 0.2080688162669344643, 5.441633851900542496, -2.578269459308644596 ) ) ;
#3584 = ORIENTED_EDGE ( 'NONE', *, *, #5614, .F. ) ;
#3585 = CARTESIAN_POINT ( 'NONE',  ( 0.6100795145875841374, 6.529755346366644453, -2.162290494862487478 ) ) ;
#3586 = AXIS2_PLACEMENT_3D ( 'NONE', #3042, #6230, #5709 ) ;
#3587 = CARTESIAN_POINT ( 'NONE',  ( 1.661296845149215384, 5.837970681463207967, -2.522879573314400492 ) ) ;
#3588 = CARTESIAN_POINT ( 'NONE',  ( -9.184850993605080645E-17, -3.500000000000000000, -0.2499999999999981681 ) ) ;
#3589 = AXIS2_PLACEMENT_3D ( 'NONE', #6354, #3698, #5240 ) ;
#3590 = PLANE ( 'NONE',  #6751 ) ;
#3591 = SURFACE_STYLE_USAGE ( .BOTH. , #5193 ) ;
#3592 = CARTESIAN_POINT ( 'NONE',  ( 0.000000000000000000, 0.02500000000000000486, 0.1499999999999999667 ) ) ;
#3593 = CARTESIAN_POINT ( 'NONE',  ( 2.540000000000000480, 7.516026752010046330, 1.631540635326033328 ) ) ;
#3594 = ADVANCED_FACE ( 'NONE', ( #6092 ), #3471, .T. ) ;
#3595 =( NAMED_UNIT ( * ) SI_UNIT ( $, .STERADIAN. ) SOLID_ANGLE_UNIT ( ) );
#3596 = AXIS2_PLACEMENT_3D ( 'NONE', #5269, #1038, #503 ) ;
#3597 = ORIENTED_EDGE ( 'NONE', *, *, #6326, .T. ) ;
#3598 = PLANE ( 'NONE',  #6240 ) ;
#3599 = CARTESIAN_POINT ( 'NONE',  ( 2.540000000000000480, 7.370676809105185967, 1.565876265680900659 ) ) ;
#3600 = CARTESIAN_POINT ( 'NONE',  ( 2.540000000000000480, 5.359476576732735253, 1.035622799379432912 ) ) ;
#3601 =( NAMED_UNIT ( * ) SI_UNIT ( $, .STERADIAN. ) SOLID_ANGLE_UNIT ( ) );
#3602 = CARTESIAN_POINT ( 'NONE',  ( 0.000000000000000000, 7.824083896241788239, 2.551727555061425345 ) ) ;
#3603 = EDGE_CURVE ( 'NONE', #5534, #2284, #4456, .T. ) ;
#3604 = ORIENTED_EDGE ( 'NONE', *, *, #5606, .T. ) ;
#3605 = CARTESIAN_POINT ( 'NONE',  ( -0.4996053817988380663, 4.599690585445917357, -2.556439819016505854 ) ) ;
#3606 = SURFACE_SIDE_STYLE ('',( #1464 ) ) ;
#3607 = PLANE ( 'NONE',  #2022 ) ;
#3608 = COLOUR_RGB ( '',0.6039215686274509443, 0.6039215686274509443, 0.6039215686274509443 ) ;
#3609 = DIRECTION ( 'NONE',  ( -1.000000000000000000, -0.000000000000000000, 0.000000000000000000 ) ) ;
#3610 = EDGE_LOOP ( 'NONE', ( #1260, #5385, #43, #1774 ) ) ;
#3611 = FILL_AREA_STYLE_COLOUR ( '', #2204 ) ;
#3612 = UNCERTAINTY_MEASURE_WITH_UNIT (LENGTH_MEASURE( 1.000000000000000082E-05 ), #6618, 'distance_accuracy_value', 'NONE');
#3613 = CARTESIAN_POINT ( 'NONE',  ( 2.368095621630840864, 4.724339035756187855, 2.390825919122406162 ) ) ;
#3614 = VECTOR ( 'NONE', #425, 999.9999999999998863 ) ;
#3615 = CARTESIAN_POINT ( 'NONE',  ( 0.05632860020257252076, 5.819591393833615456, -2.476059846874456127 ) ) ;
#3616 = DIRECTION ( 'NONE',  ( -3.673940397442059375E-16, 0.000000000000000000, -1.000000000000000000 ) ) ;
#3617 = VERTEX_POINT ( 'NONE', #4518 ) ;
#3618 = DIRECTION ( 'NONE',  ( -1.658435445484519025E-16, 0.7456420435382385969, -0.6663467137370150395 ) ) ;
#3619 =( LENGTH_UNIT ( ) NAMED_UNIT ( * ) SI_UNIT ( .MILLI., .METRE. ) );
#3620 = VECTOR ( 'NONE', #3383, 1000.000000000000227 ) ;
#3621 =( NAMED_UNIT ( * ) SI_UNIT ( $, .STERADIAN. ) SOLID_ANGLE_UNIT ( ) );
#3622 = DIRECTION ( 'NONE',  ( 0.000000000000000000, 0.000000000000000000, 1.000000000000000000 ) ) ;
#3623 = CARTESIAN_POINT ( 'NONE',  ( 0.000000000000000000, -4.001000000000000334, 0.000000000000000000 ) ) ;
#3624 = CIRCLE ( 'NONE', #4704, 0.3249999999999998446 ) ;
#3625 = CARTESIAN_POINT ( 'NONE',  ( -1.589556565696177204, 5.358136229872321188, -2.558579245899296861 ) ) ;
#3626 = PRESENTATION_LAYER_ASSIGNMENT (  '', '', ( #1275 ) ) ;
#3627 = DIRECTION ( 'NONE',  ( -3.673940397442059375E-16, 0.000000000000000000, -1.000000000000000000 ) ) ;
#3628 = EDGE_LOOP ( 'NONE', ( #6272, #522, #5585, #3915 ) ) ;
#3629 = ORIENTED_EDGE ( 'NONE', *, *, #5606, .F. ) ;
#3630 = STYLED_ITEM ( 'NONE', ( #1772 ), #3734 ) ;
#3631 = PRESENTATION_STYLE_ASSIGNMENT (( #6244 ) ) ;
#3632 = ORIENTED_EDGE ( 'NONE', *, *, #5218, .T. ) ;
#3633 =( LENGTH_UNIT ( ) NAMED_UNIT ( * ) SI_UNIT ( .MILLI., .METRE. ) );
#3634 = CARTESIAN_POINT ( 'NONE',  ( -0.2163433060550361553, 5.449874784331358413, -2.628428238427710451 ) ) ;
#3635 = CARTESIAN_POINT ( 'NONE',  ( 2.390000000000000568, 4.724339035756187855, 2.580123590745029283 ) ) ;
#3636 = CARTESIAN_POINT ( 'NONE',  ( 1.787773425907654978, 5.389179607534054561, -2.606656744991724395 ) ) ;
#3637 = FILL_AREA_STYLE ('',( #4581 ) ) ;
#3638 = VECTOR ( 'NONE', #5074, 1000.000000000000000 ) ;
#3639 = DIRECTION ( 'NONE',  ( -3.312880756109851530E-16, 0.4323118897652066805, -0.9017241429437473643 ) ) ;
#3640 = CARTESIAN_POINT ( 'NONE',  ( 2.540000000000000480, 6.988007637321755894, 1.642544649361742159 ) ) ;
#3641 = SURFACE_STYLE_FILL_AREA ( #5130 ) ;
#3642 = DIRECTION ( 'NONE',  ( 0.000000000000000000, 0.000000000000000000, -1.000000000000000000 ) ) ;
#3643 = ORIENTED_EDGE ( 'NONE', *, *, #1838, .F. ) ;
#3644 =( GEOMETRIC_REPRESENTATION_CONTEXT ( 3 ) GLOBAL_UNCERTAINTY_ASSIGNED_CONTEXT ( ( #3272 ) ) GLOBAL_UNIT_ASSIGNED_CONTEXT ( ( #2052, #3760, #1664 ) ) REPRESENTATION_CONTEXT ( 'NONE', 'WORKASPACE' ) );
#3645 = ORIENTED_EDGE ( 'NONE', *, *, #984, .T. ) ;
#3646 = LINE ( 'NONE', #3119, #2365 ) ;
#3647 =( LENGTH_UNIT ( ) NAMED_UNIT ( * ) SI_UNIT ( .MILLI., .METRE. ) );
#3648 = ORIENTED_EDGE ( 'NONE', *, *, #4954, .F. ) ;
#3649 = CARTESIAN_POINT ( 'NONE',  ( -1.599928902836116551, 4.948913199801966201, -2.565311746470747334 ) ) ;
#3650 = CARTESIAN_POINT ( 'NONE',  ( 1.799709477800262913, 5.272604795917420262, -2.614698574615021975 ) ) ;
#3651 = STYLED_ITEM ( 'NONE', ( #4703 ), #6319 ) ;
#3652 = CARTESIAN_POINT ( 'NONE',  ( -0.3757375118918828694, 4.853019561442319940, -2.598081526648863271 ) ) ;
#3653 = CARTESIAN_POINT ( 'NONE',  ( 0.4173200598018199647, 4.699775585029142277, -2.577110961745471940 ) ) ;
#3654 =( GEOMETRIC_REPRESENTATION_CONTEXT ( 3 ) GLOBAL_UNCERTAINTY_ASSIGNED_CONTEXT ( ( #2291 ) ) GLOBAL_UNIT_ASSIGNED_CONTEXT ( ( #2177, #6156, #251 ) ) REPRESENTATION_CONTEXT ( 'NONE', 'WORKASPACE' ) );
#3655 = MECHANICAL_DESIGN_GEOMETRIC_PRESENTATION_REPRESENTATION (  '', ( #3449 ), #1882 ) ;
#3656 = ORIENTED_EDGE ( 'NONE', *, *, #5465, .T. ) ;
#3657 =( LENGTH_UNIT ( ) NAMED_UNIT ( * ) SI_UNIT ( .MILLI., .METRE. ) );
#3658 = AXIS2_PLACEMENT_3D ( 'NONE', #4959, #1285, #2383 ) ;
#3659 = EDGE_LOOP ( 'NONE', ( #586, #113, #1052, #3323 ) ) ;
#3660 = CARTESIAN_POINT ( 'NONE',  ( 0.1171985023482098459, 6.784229326301278284, -1.976997603155239203 ) ) ;
#3661 = SURFACE_STYLE_FILL_AREA ( #941 ) ;
#3662 = DIRECTION ( 'NONE',  ( -1.000000000000000000, 0.000000000000000000, -0.000000000000000000 ) ) ;
#3663 = CARTESIAN_POINT ( 'NONE',  ( 1.096409476293170426, 6.517172884633281704, -2.230120603378480837 ) ) ;
#3664 = SURFACE_SIDE_STYLE ('',( #4746 ) ) ;
#3665 =( NAMED_UNIT ( * ) SI_UNIT ( $, .STERADIAN. ) SOLID_ANGLE_UNIT ( ) );
#3666 = EDGE_CURVE ( 'NONE', #6709, #3708, #5078, .T. ) ;
#3667 =( NAMED_UNIT ( * ) SI_UNIT ( $, .STERADIAN. ) SOLID_ANGLE_UNIT ( ) );
#3668 = VECTOR ( 'NONE', #6468, 1000.000000000000000 ) ;
#3669 = DIRECTION ( 'NONE',  ( -1.000000000000000000, -0.000000000000000000, -0.000000000000000000 ) ) ;
#3670 = CARTESIAN_POINT ( 'NONE',  ( -0.01528672053769430071, 5.869096710550901541, -2.514185116060740466 ) ) ;
#3671 = MECHANICAL_DESIGN_GEOMETRIC_PRESENTATION_REPRESENTATION (  '', ( #6663 ), #5433 ) ;
#3672 = ORIENTED_EDGE ( 'NONE', *, *, #2019, .F. ) ;
#3673 = EDGE_CURVE ( 'NONE', #2828, #3728, #2320, .T. ) ;
#3674 = CARTESIAN_POINT ( 'NONE',  ( -2.540000000000000036, 6.988007637321757670, -1.642544649361741049 ) ) ;
#3675 = ORIENTED_EDGE ( 'NONE', *, *, #216, .F. ) ;
#3676 = ADVANCED_FACE ( 'NONE', ( #1288, #6544 ), #1889, .T. ) ;
#3677 = SURFACE_STYLE_USAGE ( .BOTH. , #5769 ) ;
#3678 = UNCERTAINTY_MEASURE_WITH_UNIT (LENGTH_MEASURE( 1.000000000000000082E-05 ), #120, 'distance_accuracy_value', 'NONE');
#3679 = FILL_AREA_STYLE_COLOUR ( '', #1010 ) ;
#3680 =( NAMED_UNIT ( * ) SI_UNIT ( $, .STERADIAN. ) SOLID_ANGLE_UNIT ( ) );
#3681 = ORIENTED_EDGE ( 'NONE', *, *, #5827, .F. ) ;
#3682 =( NAMED_UNIT ( * ) PLANE_ANGLE_UNIT ( ) SI_UNIT ( $, .RADIAN. ) );
#3683 = ADVANCED_FACE ( 'NONE', ( #5055 ), #3913, .T. ) ;
#3684 = SURFACE_SIDE_STYLE ('',( #1548 ) ) ;
#3685 = CARTESIAN_POINT ( 'NONE',  ( 2.140000000000000568, 5.150000000000000355, 0.000000000000000000 ) ) ;
#3686 =( LENGTH_UNIT ( ) NAMED_UNIT ( * ) SI_UNIT ( .MILLI., .METRE. ) );
#3687 = STYLED_ITEM ( 'NONE', ( #3814 ), #2491 ) ;
#3688 = PRESENTATION_STYLE_ASSIGNMENT (( #4739 ) ) ;
#3689 = CIRCLE ( 'NONE', #5447, 2.615000000000000213 ) ;
#3690 = ORIENTED_EDGE ( 'NONE', *, *, #6205, .T. ) ;
#3691 =( NAMED_UNIT ( * ) PLANE_ANGLE_UNIT ( ) SI_UNIT ( $, .RADIAN. ) );
#3692 = VECTOR ( 'NONE', #4617, 1000.000000000000000 ) ;
#3693 = CARTESIAN_POINT ( 'NONE',  ( -1.799347933066028027, 5.036778873836125214, -2.565205511776627922 ) ) ;
#3694 = CARTESIAN_POINT ( 'NONE',  ( 0.4162006676246871040, 6.624830035265024897, -2.160935538015271273 ) ) ;
#3695 = CARTESIAN_POINT ( 'NONE',  ( -1.528561878455740208, 6.068096925151547971, -2.395553194662994212 ) ) ;
#3696 = SURFACE_STYLE_FILL_AREA ( #2599 ) ;
#3697 = AXIS2_PLACEMENT_3D ( 'NONE', #2498, #2567, #3662 ) ;
#3698 = DIRECTION ( 'NONE',  ( -1.000000000000000000, -0.000000000000000000, 3.673940397442059375E-16 ) ) ;
#3699 = ORIENTED_EDGE ( 'NONE', *, *, #4664, .T. ) ;
#3700 = PRESENTATION_STYLE_ASSIGNMENT (( #1561 ) ) ;
#3701 = DIRECTION ( 'NONE',  ( 0.000000000000000000, 0.000000000000000000, 1.000000000000000000 ) ) ;
#3702 = SURFACE_SIDE_STYLE ('',( #2100 ) ) ;
#3703 = CARTESIAN_POINT ( 'NONE',  ( -7.066456736879445089, -2.154325122055493758, 0.7333716237099280333 ) ) ;
#3704 = VERTEX_POINT ( 'NONE', #5019 ) ;
#3705 = CARTESIAN_POINT ( 'NONE',  ( -2.540000000000000036, 7.095961269702384833, -1.555351096021626578 ) ) ;
#3706 = VERTEX_POINT ( 'NONE', #1809 ) ;
#3707 = FILL_AREA_STYLE ('',( #3039 ) ) ;
#3708 = VERTEX_POINT ( 'NONE', #272 ) ;
#3709 = SURFACE_STYLE_USAGE ( .BOTH. , #3812 ) ;
#3710 = FACE_OUTER_BOUND ( 'NONE', #2581, .T. ) ;
#3711 = EDGE_CURVE ( 'NONE', #1813, #3096, #3940, .T. ) ;
#3712 = SURFACE_SIDE_STYLE ('',( #6331 ) ) ;
#3713 = EDGE_LOOP ( 'NONE', ( #4680 ) ) ;
#3714 = CARTESIAN_POINT ( 'NONE',  ( 0.7099351495149217595, 3.815658522023821053, -2.190961942461789214 ) ) ;
#3715 = CARTESIAN_POINT ( 'NONE',  ( 0.05333248050519428379, 5.839646634009475257, -2.522423527285034606 ) ) ;
#3716 = LINE ( 'NONE', #6306, #4614 ) ;
#3717 = CARTESIAN_POINT ( 'NONE',  ( 2.390000000000000568, 4.974339035756188743, 0.7856227993794330233 ) ) ;
#3718 = DIRECTION ( 'NONE',  ( 1.000000000000000000, 0.000000000000000000, -3.673940397442059375E-16 ) ) ;
#3719 = CARTESIAN_POINT ( 'NONE',  ( 2.390000000000000568, 5.359476576732735253, 0.7856227993794330233 ) ) ;
#3720 = STYLED_ITEM ( 'NONE', ( #2530 ), #3756 ) ;
#3721 = ORIENTED_EDGE ( 'NONE', *, *, #5088, .T. ) ;
#3722 = SURFACE_STYLE_FILL_AREA ( #6347 ) ;
#3723 = CARTESIAN_POINT ( 'NONE',  ( -1.785120835228594327, 5.388407838233147729, -2.554554469669969130 ) ) ;
#3724 =( NAMED_UNIT ( * ) PLANE_ANGLE_UNIT ( ) SI_UNIT ( $, .RADIAN. ) );
#3725 = CARTESIAN_POINT ( 'NONE',  ( -0.9100761994653759901, 6.606131076094529320, -2.113531636053274543 ) ) ;
#3726 = CARTESIAN_POINT ( 'NONE',  ( 2.540000000000000036, 0.000000000000000000, 0.7499999999999983347 ) ) ;
#3727 = MECHANICAL_DESIGN_GEOMETRIC_PRESENTATION_REPRESENTATION (  '', ( #1721 ), #4597 ) ;
#3728 = VERTEX_POINT ( 'NONE', #5446 ) ;
#3729 = CARTESIAN_POINT ( 'NONE',  ( -2.539999999999999591, 2.943255674241489483, 1.581703645010259507 ) ) ;
#3730 = CARTESIAN_POINT ( 'NONE',  ( 0.5111350339862094083, 4.647383885489458244, -2.566242786923000008 ) ) ;
#3731 = SURFACE_STYLE_FILL_AREA ( #1705 ) ;
#3732 = CARTESIAN_POINT ( 'NONE',  ( 0.5148804987350159568, 4.643095380264202099, -2.514412994416491021 ) ) ;
#3733 = FILL_AREA_STYLE ('',( #3840 ) ) ;
#3734 = ADVANCED_FACE ( 'NONE', ( #3495 ), #5975, .F. ) ;
#3735 = MECHANICAL_DESIGN_GEOMETRIC_PRESENTATION_REPRESENTATION (  '', ( #2733 ), #953 ) ;
#3736 = ORIENTED_EDGE ( 'NONE', *, *, #4243, .F. ) ;
#3737 = UNCERTAINTY_MEASURE_WITH_UNIT (LENGTH_MEASURE( 1.000000000000000082E-05 ), #455, 'distance_accuracy_value', 'NONE');
#3738 = FILL_AREA_STYLE ('',( #5800 ) ) ;
#3739 = EDGE_LOOP ( 'NONE', ( #6669, #3758, #3629, #2942 ) ) ;
#3740 = PRESENTATION_LAYER_ASSIGNMENT (  '', '', ( #2961 ) ) ;
#3741 = AXIS2_PLACEMENT_3D ( 'NONE', #5544, #323, #6130 ) ;
#3742 = PRESENTATION_LAYER_ASSIGNMENT (  '', '', ( #1066 ) ) ;
#3743 = CARTESIAN_POINT ( 'NONE',  ( 2.540000000000000480, 7.099853943852494353, 1.742496656422294343 ) ) ;
#3744 = ORIENTED_EDGE ( 'NONE', *, *, #5679, .T. ) ;
#3745 = CARTESIAN_POINT ( 'NONE',  ( 1.478534726609532557, 4.562116767317819566, -2.496721511248531922 ) ) ;
#3746 = VERTEX_POINT ( 'NONE', #5195 ) ;
#3747 = EDGE_CURVE ( 'NONE', #2512, #1813, #2941, .T. ) ;
#3748 = SURFACE_SIDE_STYLE ('',( #5333 ) ) ;
#3749 = MECHANICAL_DESIGN_GEOMETRIC_PRESENTATION_REPRESENTATION (  '', ( #2972 ), #6516 ) ;
#3750 = CARTESIAN_POINT ( 'NONE',  ( 2.165000000000000036, -4.001000000000000334, 1.124999999999998668 ) ) ;
#3751 = FILL_AREA_STYLE ('',( #1139 ) ) ;
#3752 = FILL_AREA_STYLE ('',( #1140 ) ) ;
#3753 = STYLED_ITEM ( 'NONE', ( #789 ), #6298 ) ;
#3754 = DIRECTION ( 'NONE',  ( -0.000000000000000000, 0.000000000000000000, 1.000000000000000000 ) ) ;
#3755 = DIRECTION ( 'NONE',  ( 0.000000000000000000, 0.000000000000000000, -1.000000000000000000 ) ) ;
#3756 = ADVANCED_FACE ( 'NONE', ( #6238 ), #5356, .F. ) ;
#3757 = APPLICATION_CONTEXT ( 'automotive_design' ) ;
#3758 = ORIENTED_EDGE ( 'NONE', *, *, #4394, .T. ) ;
#3759 = FILL_AREA_STYLE_COLOUR ( '', #3392 ) ;
#3760 =( NAMED_UNIT ( * ) PLANE_ANGLE_UNIT ( ) SI_UNIT ( $, .RADIAN. ) );
#3761 = STYLED_ITEM ( 'NONE', ( #1162 ), #6824 ) ;
#3762 = MECHANICAL_DESIGN_GEOMETRIC_PRESENTATION_REPRESENTATION (  '', ( #2329 ), #5517 ) ;
#3763 = CARTESIAN_POINT ( 'NONE',  ( -1.741766182825288167, 4.698086459402049719, -2.527390950352925714 ) ) ;
#3764 = AXIS2_PLACEMENT_3D ( 'NONE', #690, #583, #5313 ) ;
#3765 = CARTESIAN_POINT ( 'NONE',  ( -0.3757375118918828694, 4.853019561442319940, -2.598081526648863271 ) ) ;
#3766 = DIRECTION ( 'NONE',  ( -0.000000000000000000, -0.000000000000000000, 1.000000000000000000 ) ) ;
#3767 = EDGE_LOOP ( 'NONE', ( #500, #2950, #854, #4896, #1819, #5801, #5750, #2670, #1719, #5427, #1309, #6494 ) ) ;
#3768 = PRESENTATION_LAYER_ASSIGNMENT (  '', '', ( #2216 ) ) ;
#3769 = VECTOR ( 'NONE', #3477, 1000.000000000000000 ) ;
#3770 = DIRECTION ( 'NONE',  ( -0.000000000000000000, -0.000000000000000000, -1.000000000000000000 ) ) ;
#3771 = ADVANCED_FACE ( 'NONE', ( #5888 ), #3311, .T. ) ;
#3772 = DIRECTION ( 'NONE',  ( 1.000000000000000000, 0.000000000000000000, -3.673940397442059375E-16 ) ) ;
#3773 = EDGE_CURVE ( 'NONE', #985, #5720, #1030, .T. ) ;
#3774 = CARTESIAN_POINT ( 'NONE',  ( -2.540000000000000480, 7.941858515889400394, -2.336374965640304779 ) ) ;
#3775 = FILL_AREA_STYLE ('',( #116 ) ) ;
#3776 = CARTESIAN_POINT ( 'NONE',  ( -2.540000000000000036, 7.454384449560931714, -1.628050434141020686 ) ) ;
#3777 = DIRECTION ( 'NONE',  ( 1.000000000000000000, 0.000000000000000000, 0.000000000000000000 ) ) ;
#3778 = PRESENTATION_LAYER_ASSIGNMENT (  '', '', ( #5988 ) ) ;
#3779 = ORIENTED_EDGE ( 'NONE', *, *, #3860, .T. ) ;
#3780 = ORIENTED_EDGE ( 'NONE', *, *, #452, .F. ) ;
#3781 = CARTESIAN_POINT ( 'NONE',  ( -1.434356768066177068, 4.450278425659308645, -2.521610560383948485 ) ) ;
#3782 = ORIENTED_EDGE ( 'NONE', *, *, #6367, .T. ) ;
#3783 = CARTESIAN_POINT ( 'NONE',  ( 2.464999999999999858, -4.000000000000000000, 0.2499999999999981681 ) ) ;
#3784 = ORIENTED_EDGE ( 'NONE', *, *, #851, .T. ) ;
#3785 = DIRECTION ( 'NONE',  ( -3.673940397442059375E-16, 0.000000000000000000, -1.000000000000000000 ) ) ;
#3786 = DIRECTION ( 'NONE',  ( 1.000000000000000000, 0.000000000000000000, 0.000000000000000000 ) ) ;
#3787 = LINE ( 'NONE', #2660, #509 ) ;
#3788 = SURFACE_SIDE_STYLE ('',( #4872 ) ) ;
#3789 = CARTESIAN_POINT ( 'NONE',  ( -2.540000000000000480, 7.972238740270340962, -2.528272444938572949 ) ) ;
#3790 =( GEOMETRIC_REPRESENTATION_CONTEXT ( 3 ) GLOBAL_UNCERTAINTY_ASSIGNED_CONTEXT ( ( #6157 ) ) GLOBAL_UNIT_ASSIGNED_CONTEXT ( ( #1429, #6692, #4615 ) ) REPRESENTATION_CONTEXT ( 'NONE', 'WORKASPACE' ) );
#3791 = FILL_AREA_STYLE ('',( #1550 ) ) ;
#3792 = SURFACE_SIDE_STYLE ('',( #4773 ) ) ;
#3793 = DIRECTION ( 'NONE',  ( -1.000000000000000000, 0.000000000000000000, 3.673940397442059375E-16 ) ) ;
#3794 = LINE ( 'NONE', #2743, #1867 ) ;
#3795 = B_SPLINE_CURVE_WITH_KNOTS ( 'NONE', 3,
 ( #1339, #6167, #3583, #5675 ),
 .UNSPECIFIED., .F., .F.,
 ( 4, 4 ),
 ( 0.000000000000000000, 1.000000000000000000 ),
 .UNSPECIFIED. ) ;
#3796 = CARTESIAN_POINT ( 'NONE',  ( 1.799709437813007629, 5.270276196530051749, -2.564704298438864161 ) ) ;
#3797 = STYLED_ITEM ( 'NONE', ( #4409 ), #2315 ) ;
#3798 = ADVANCED_FACE ( 'NONE', ( #3236 ), #1109, .F. ) ;
#3799 = CARTESIAN_POINT ( 'NONE',  ( -1.427089946623273820, 4.105744177639812698, -2.344841576358972279 ) ) ;
#3800 = CARTESIAN_POINT ( 'NONE',  ( -0.4367350806581589140, 4.699951887126981198, -2.577139081832891421 ) ) ;
#3801 = ADVANCED_FACE ( 'NONE', ( #3823 ), #6375, .F. ) ;
#3802 = ORIENTED_EDGE ( 'NONE', *, *, #2946, .F. ) ;
#3803 = COLOUR_RGB ( '',0.6039215686274509443, 0.6039215686274509443, 0.6039215686274509443 ) ;
#3804 = LINE ( 'NONE', #4344, #4982 ) ;
#3805 =( LENGTH_UNIT ( ) NAMED_UNIT ( * ) SI_UNIT ( .MILLI., .METRE. ) );
#3806 =( NAMED_UNIT ( * ) PLANE_ANGLE_UNIT ( ) SI_UNIT ( $, .RADIAN. ) );
#3807 =( GEOMETRIC_REPRESENTATION_CONTEXT ( 3 ) GLOBAL_UNCERTAINTY_ASSIGNED_CONTEXT ( ( #1367 ) ) GLOBAL_UNIT_ASSIGNED_CONTEXT ( ( #5453, #183, #6575 ) ) REPRESENTATION_CONTEXT ( 'NONE', 'WORKASPACE' ) );
#3808 = ORIENTED_EDGE ( 'NONE', *, *, #415, .T. ) ;
#3809 = CARTESIAN_POINT ( 'NONE',  ( 2.464999999999999858, -4.000000000000000000, 0.7499999999999981126 ) ) ;
#3810 = CARTESIAN_POINT ( 'NONE',  ( -0.04931105452048319127, 3.653433957033510371, -2.144414859960866782 ) ) ;
#3811 = VECTOR ( 'NONE', #2706, 1000.000000000000000 ) ;
#3812 = SURFACE_SIDE_STYLE ('',( #6399 ) ) ;
#3813 = CARTESIAN_POINT ( 'NONE',  ( 2.540000000000000480, 5.759476576732735609, 2.388464632858134706 ) ) ;
#3814 = PRESENTATION_STYLE_ASSIGNMENT (( #4322 ) ) ;
#3815 = CARTESIAN_POINT ( 'NONE',  ( -0.02659744890167288836, 5.852643442930465234, -2.466884277490752009 ) ) ;
#3816 = UNCERTAINTY_MEASURE_WITH_UNIT (LENGTH_MEASURE( 1.000000000000000082E-05 ), #1375, 'distance_accuracy_value', 'NONE');
#3817 = ORIENTED_EDGE ( 'NONE', *, *, #534, .F. ) ;
#3818 = EDGE_LOOP ( 'NONE', ( #4775, #5460, #6089, #4502 ) ) ;
#3819 =( NAMED_UNIT ( * ) SI_UNIT ( $, .STERADIAN. ) SOLID_ANGLE_UNIT ( ) );
#3820 = SURFACE_STYLE_FILL_AREA ( #6000 ) ;
#3821 =( NAMED_UNIT ( * ) PLANE_ANGLE_UNIT ( ) SI_UNIT ( $, .RADIAN. ) );
#3822 = LINE ( 'NONE', #5923, #6151 ) ;
#3823 = FACE_OUTER_BOUND ( 'NONE', #432, .T. ) ;
#3824 = EDGE_CURVE ( 'NONE', #5212, #1591, #3904, .T. ) ;
#3825 = DIRECTION ( 'NONE',  ( 3.673940397442059375E-16, 0.000000000000000000, 1.000000000000000000 ) ) ;
#3826 = VECTOR ( 'NONE', #5207, 1000.000000000000114 ) ;
#3827 = LINE ( 'NONE', #5441, #3321 ) ;
#3828 = FILL_AREA_STYLE_COLOUR ( '', #1735 ) ;
#3829 = FACE_OUTER_BOUND ( 'NONE', #2105, .T. ) ;
#3830 = CARTESIAN_POINT ( 'NONE',  ( 1.203184189283022620, 6.187364577979381330, -2.401556267101416342 ) ) ;
#3831 = CARTESIAN_POINT ( 'NONE',  ( 1.799709437813007629, 5.270276196530051749, -2.564704298438864161 ) ) ;
#3832 = CARTESIAN_POINT ( 'NONE',  ( 0.4790310504250117618, 4.610212753984236578, -2.507559516549650702 ) ) ;
#3833 = ORIENTED_EDGE ( 'NONE', *, *, #6495, .T. ) ;
#3834 = SURFACE_STYLE_USAGE ( .BOTH. , #689 ) ;
#3835 = AXIS2_PLACEMENT_3D ( 'NONE', #5140, #6134, #296 ) ;
#3836 = EDGE_CURVE ( 'NONE', #1462, #3201, #5402, .T. ) ;
#3837 = CARTESIAN_POINT ( 'NONE',  ( 0.05162742632287666000, 5.844024166490529026, -2.521226187261367713 ) ) ;
#3838 =( NAMED_UNIT ( * ) SI_UNIT ( $, .STERADIAN. ) SOLID_ANGLE_UNIT ( ) );
#3839 =( NAMED_UNIT ( * ) SI_UNIT ( $, .STERADIAN. ) SOLID_ANGLE_UNIT ( ) );
#3840 = FILL_AREA_STYLE_COLOUR ( '', #445 ) ;
#3841 = MECHANICAL_DESIGN_GEOMETRIC_PRESENTATION_REPRESENTATION (  '', ( #4494 ), #4266 ) ;
#3842 = PRESENTATION_LAYER_ASSIGNMENT (  '', '', ( #949 ) ) ;
#3843 = VERTEX_POINT ( 'NONE', #2261 ) ;
#3844 = CARTESIAN_POINT ( 'NONE',  ( -0.5317093653600362124, 4.656994136244918536, -2.517175047211279271 ) ) ;
#3845 = VERTEX_POINT ( 'NONE', #646 ) ;
#3846 = ORIENTED_EDGE ( 'NONE', *, *, #4095, .F. ) ;
#3847 = CARTESIAN_POINT ( 'NONE',  ( 0.9014977616217574319, 3.684467641863024223, -2.166744184007110885 ) ) ;
#3848 = CARTESIAN_POINT ( 'NONE',  ( 1.282654434417815459, 4.198479885787356203, -2.440363004768868027 ) ) ;
#3849 = ORIENTED_EDGE ( 'NONE', *, *, #2900, .T. ) ;
#3850 = PRESENTATION_STYLE_ASSIGNMENT (( #4828 ) ) ;
#3851 = CARTESIAN_POINT ( 'NONE',  ( 0.3879806339559704331, 4.783349744982900553, -2.539792142311610768 ) ) ;
#3852 = LINE ( 'NONE', #1716, #2798 ) ;
#3853 = ADVANCED_FACE ( 'NONE', ( #4369 ), #2618, .F. ) ;
#3854 = PRESENTATION_LAYER_ASSIGNMENT (  '', '', ( #1287 ) ) ;
#3855 = ORIENTED_EDGE ( 'NONE', *, *, #6560, .F. ) ;
#3856 = PRESENTATION_LAYER_ASSIGNMENT (  '', '', ( #5609 ) ) ;
#3857 = CARTESIAN_POINT ( 'NONE',  ( 0.3324228588288744013, 4.921159026122811753, -2.604967717395925586 ) ) ;
#3858 = EDGE_CURVE ( 'NONE', #6594, #4987, #959, .T. ) ;
#3859 = FILL_AREA_STYLE_COLOUR ( '', #4728 ) ;
#3860 = EDGE_CURVE ( 'NONE', #3845, #5992, #2041, .T. ) ;
#3861 = CARTESIAN_POINT ( 'NONE',  ( -2.539999999999999591, 6.988007637321756782, 1.642544649361741493 ) ) ;
#3862 = STYLED_ITEM ( 'NONE', ( #5969 ), #5042 ) ;
#3863 = DIRECTION ( 'NONE',  ( 0.000000000000000000, 1.000000000000000000, 0.000000000000000000 ) ) ;
#3864 = CARTESIAN_POINT ( 'NONE',  ( 2.540000000000000036, 7.099853943852493465, -1.742496656422294565 ) ) ;
#3865 = EDGE_LOOP ( 'NONE', ( #372, #517, #4740, #6786 ) ) ;
#3866 = FILL_AREA_STYLE ('',( #4980 ) ) ;
#3867 = AXIS2_PLACEMENT_3D ( 'NONE', #5678, #6634, #3049 ) ;
#3868 = CARTESIAN_POINT ( 'NONE',  ( 2.539999999999999591, 7.824083896241788239, -2.551727555061426234 ) ) ;
#3869 = PRESENTATION_STYLE_ASSIGNMENT (( #3317 ) ) ;
#3870 = CARTESIAN_POINT ( 'NONE',  ( 1.496716327665926771, 5.705003901891611662, -2.504708025695452367 ) ) ;
#3871 = PRESENTATION_LAYER_ASSIGNMENT (  '', '', ( #6862 ) ) ;
#3872 =( NAMED_UNIT ( * ) SI_UNIT ( $, .STERADIAN. ) SOLID_ANGLE_UNIT ( ) );
#3873 = VECTOR ( 'NONE', #6881, 1000.000000000000000 ) ;
#3874 = FILL_AREA_STYLE_COLOUR ( '', #4397 ) ;
#3875 = B_SPLINE_CURVE_WITH_KNOTS ( 'NONE', 3,
 ( #2334, #133, #6483, #5921 ),
 .UNSPECIFIED., .F., .F.,
 ( 4, 4 ),
 ( 0.000000000000000000, 1.000000000000000000 ),
 .UNSPECIFIED. ) ;
#3876 = CARTESIAN_POINT ( 'NONE',  ( 2.540000000000000480, 2.943255674241488595, 1.581703645010259285 ) ) ;
#3877 = EDGE_LOOP ( 'NONE', ( #165, #3441, #2406, #2148, #3681, #466, #2647, #1955, #5395, #3255, #3887, #2652, #2786 ) ) ;
#3878 = CARTESIAN_POINT ( 'NONE',  ( 2.540000000000000480, 3.008102457706270272, 1.716962266451821595 ) ) ;
#3879 = PLANE ( 'NONE',  #1640 ) ;
#3880 = CIRCLE ( 'NONE', #860, 0.1749999999999998501 ) ;
#3881 = AXIS2_PLACEMENT_3D ( 'NONE', #2549, #488, #1572 ) ;
#3882 =( NAMED_UNIT ( * ) PLANE_ANGLE_UNIT ( ) SI_UNIT ( $, .RADIAN. ) );
#3883 = CARTESIAN_POINT ( 'NONE',  ( -0.001191037011240677918, 5.856499843231006253, -2.465782425826448243 ) ) ;
#3884 = DIRECTION ( 'NONE',  ( 1.000000000000000000, 0.000000000000000000, 0.000000000000000000 ) ) ;
#3885 = FILL_AREA_STYLE ('',( #3157 ) ) ;
#3886 = AXIS2_PLACEMENT_3D ( 'NONE', #1958, #811, #2390 ) ;
#3887 = ORIENTED_EDGE ( 'NONE', *, *, #6763, .F. ) ;
#3888 = ORIENTED_EDGE ( 'NONE', *, *, #346, .F. ) ;
#3889 = FACE_OUTER_BOUND ( 'NONE', #3739, .T. ) ;
#3890 = PRODUCT ( 'Ensamblaje Fusible', 'Ensamblaje Fusible', '', ( #2168 ) ) ;
#3891 = CARTESIAN_POINT ( 'NONE',  ( -1.599935377850848717, 4.945025537899334189, -2.615317774027456466 ) ) ;
#3892 = PRESENTATION_STYLE_ASSIGNMENT (( #83 ) ) ;
#3893 = UNCERTAINTY_MEASURE_WITH_UNIT (LENGTH_MEASURE( 1.000000000000000082E-05 ), #1268, 'distance_accuracy_value', 'NONE');
#3894 = VECTOR ( 'NONE', #2999, 1000.000000000000000 ) ;
#3895 = FILL_AREA_STYLE_COLOUR ( '', #4126 ) ;
#3896 = CARTESIAN_POINT ( 'NONE',  ( 9.500000000000000000, -1.965000000000000524, 0.000000000000000000 ) ) ;
#3897 = EDGE_CURVE ( 'NONE', #6439, #1538, #355, .T. ) ;
#3898 = EDGE_CURVE ( 'NONE', #2626, #4233, #588, .T. ) ;
#3899 =( LENGTH_UNIT ( ) NAMED_UNIT ( * ) SI_UNIT ( .MILLI., .METRE. ) );
#3900 = ORIENTED_EDGE ( 'NONE', *, *, #5994, .F. ) ;
#3901 =( NAMED_UNIT ( * ) SI_UNIT ( $, .STERADIAN. ) SOLID_ANGLE_UNIT ( ) );
#3902 = DIRECTION ( 'NONE',  ( 0.000000000000000000, 0.7405888751200081499, -0.6719584198806358710 ) ) ;
#3903 = DIRECTION ( 'NONE',  ( 0.000000000000000000, 0.000000000000000000, 1.000000000000000000 ) ) ;
#3904 = LINE ( 'NONE', #3385, #6046 ) ;
#3905 =( GEOMETRIC_REPRESENTATION_CONTEXT ( 3 ) GLOBAL_UNCERTAINTY_ASSIGNED_CONTEXT ( ( #5181 ) ) GLOBAL_UNIT_ASSIGNED_CONTEXT ( ( #5590, #6754, #1459 ) ) REPRESENTATION_CONTEXT ( 'NONE', 'WORKASPACE' ) );
#3906 = DIRECTION ( 'NONE',  ( 1.000000000000000000, 1.224646799147353454E-16, 0.000000000000000000 ) ) ;
#3907 = EDGE_CURVE ( 'NONE', #6099, #6099, #4439, .T. ) ;
#3908 = VERTEX_POINT ( 'NONE', #6025 ) ;
#3909 = LINE ( 'NONE', #6007, #4718 ) ;
#3910 = AXIS2_PLACEMENT_3D ( 'NONE', #1225, #4455, #2275 ) ;
#3911 =( NAMED_UNIT ( * ) PLANE_ANGLE_UNIT ( ) SI_UNIT ( $, .RADIAN. ) );
#3912 = CARTESIAN_POINT ( 'NONE',  ( -1.201582755399667191, 4.122937245424183494, -2.405973955520572805 ) ) ;
#3913 = CYLINDRICAL_SURFACE ( 'NONE', #1842, 0.4000000000000001887 ) ;
#3914 = FILL_AREA_STYLE ('',( #2380 ) ) ;
#3915 = ORIENTED_EDGE ( 'NONE', *, *, #2139, .F. ) ;
#3916 = ORIENTED_EDGE ( 'NONE', *, *, #4582, .T. ) ;
#3917 = CARTESIAN_POINT ( 'NONE',  ( -2.465000000000000302, -3.500000000000000000, -0.7499999999999982236 ) ) ;
#3918 = CARTESIAN_POINT ( 'NONE',  ( -9.184850993605112692E-17, -3.500000000000000000, -0.2499999999999990286 ) ) ;
#3919 = CARTESIAN_POINT ( 'NONE',  ( 2.518724135366511963, 5.609476576732736142, 2.476559521775455686 ) ) ;
#3920 = SURFACE_STYLE_FILL_AREA ( #767 ) ;
#3921 = MECHANICAL_DESIGN_GEOMETRIC_PRESENTATION_REPRESENTATION (  '', ( #3480 ), #132 ) ;
#3922 = ORIENTED_EDGE ( 'NONE', *, *, #350, .T. ) ;
#3923 = FACE_OUTER_BOUND ( 'NONE', #1475, .T. ) ;
#3924 = ORIENTED_EDGE ( 'NONE', *, *, #5088, .F. ) ;
#3925 = CARTESIAN_POINT ( 'NONE',  ( 1.000045069713015433, 3.739951429755706602, -2.202268836802633967 ) ) ;
#3926 =( NAMED_UNIT ( * ) PLANE_ANGLE_UNIT ( ) SI_UNIT ( $, .RADIAN. ) );
#3927 = CARTESIAN_POINT ( 'NONE',  ( 0.4466595336674702432, 4.624038539803104086, -2.561559982195917407 ) ) ;
#3928 = DIRECTION ( 'NONE',  ( 0.000000000000000000, 0.4116854961576619232, -0.9113259857226829741 ) ) ;
#3929 = VECTOR ( 'NONE', #3171, 1000.000000000000000 ) ;
#3930 = ADVANCED_FACE ( 'NONE', ( #3889 ), #4366, .T. ) ;
#3931 = LINE ( 'NONE', #4118, #597 ) ;
#3932 = EDGE_LOOP ( 'NONE', ( #3012, #1096, #4548, #4670, #934, #5059 ) ) ;
#3933 = FILL_AREA_STYLE_COLOUR ( '', #3292 ) ;
#3934 = AXIS2_PLACEMENT_3D ( 'NONE', #1520, #969, #3754 ) ;
#3935 = EDGE_LOOP ( 'NONE', ( #6572, #1683, #6748, #3008, #3675, #1427, #5491, #5251 ) ) ;
#3936 = CARTESIAN_POINT ( 'NONE',  ( -0.3487166590612078010, 4.925534570556409975, -2.555159539243040179 ) ) ;
#3937 = FILL_AREA_STYLE_COLOUR ( '', #1297 ) ;
#3938 = CARTESIAN_POINT ( 'NONE',  ( -2.465000000000000302, -3.500000000000000000, -0.7499999999999981126 ) ) ;
#3939 = CARTESIAN_POINT ( 'NONE',  ( -1.434356768066177068, 4.450278425659308645, -2.521610560383948485 ) ) ;
#3940 = LINE ( 'NONE', #2957, #6616 ) ;
#3941 = CARTESIAN_POINT ( 'NONE',  ( -0.02659744890167288836, 5.852643442930465234, -2.466884277490752009 ) ) ;
#3942 = ORIENTED_EDGE ( 'NONE', *, *, #4732, .T. ) ;
#3943 = ORIENTED_EDGE ( 'NONE', *, *, #3836, .T. ) ;
#3944 = AXIS2_PLACEMENT_3D ( 'NONE', #3809, #6807, #6841 ) ;
#3945 = CARTESIAN_POINT ( 'NONE',  ( 0.3586411120705192968, 4.858697963709197154, -2.548405015623072423 ) ) ;
#3946 = FILL_AREA_STYLE_COLOUR ( '', #4531 ) ;
#3947 = CARTESIAN_POINT ( 'NONE',  ( -2.540000000000000036, 7.268806921813508737, -1.493847652265797299 ) ) ;
#3948 = DIRECTION ( 'NONE',  ( -1.000000000000000000, 0.000000000000000000, 3.673940397442059375E-16 ) ) ;
#3949 = VERTEX_POINT ( 'NONE', #3508 ) ;
#3950 = CIRCLE ( 'NONE', #5591, 2.615000000000000213 ) ;
#3951 = DIRECTION ( 'NONE',  ( -3.673940397442059375E-16, 0.000000000000000000, -1.000000000000000000 ) ) ;
#3952 = EDGE_LOOP ( 'NONE', ( #3736, #4454, #4621, #3229, #2244, #4481 ) ) ;
#3953 = CARTESIAN_POINT ( 'NONE',  ( -1.799344766547669172, 4.914522478716813580, -2.615423118770282329 ) ) ;
#3954 = SURFACE_SIDE_STYLE ('',( #285 ) ) ;
#3955 = UNCERTAINTY_MEASURE_WITH_UNIT (LENGTH_MEASURE( 1.000000000000000082E-05 ), #227, 'distance_accuracy_value', 'NONE');
#3956 = STYLED_ITEM ( 'NONE', ( #5232 ), #672 ) ;
#3957 =( LENGTH_UNIT ( ) NAMED_UNIT ( * ) SI_UNIT ( .MILLI., .METRE. ) );
#3958 = EDGE_CURVE ( 'NONE', #1419, #6329, #5165, .T. ) ;
#3959 = CARTESIAN_POINT ( 'NONE',  ( -9.000000000000000000, -2.465000000000000746, 0.000000000000000000 ) ) ;
#3960 = UNCERTAINTY_MEASURE_WITH_UNIT (LENGTH_MEASURE( 1.000000000000000082E-05 ), #1107, 'distance_accuracy_value', 'NONE');
#3961 = ORIENTED_EDGE ( 'NONE', *, *, #3231, .F. ) ;
#3962 = CARTESIAN_POINT ( 'NONE',  ( 2.539999999999999591, 7.972238740270340962, -2.528272444938574726 ) ) ;
#3963 = CARTESIAN_POINT ( 'NONE',  ( -2.615000000000001101, 0.1499999999999999944, -0.7499999999999981126 ) ) ;
#3964 = DIRECTION ( 'NONE',  ( -1.000000000000000000, 0.000000000000000000, 0.000000000000000000 ) ) ;
#3965 = DIRECTION ( 'NONE',  ( 0.000000000000000000, 0.7456420435382385969, 0.6663467137370150395 ) ) ;
#3966 = CIRCLE ( 'NONE', #388, 2.615000000000000213 ) ;
#3967 = ORIENTED_EDGE ( 'NONE', *, *, #332, .T. ) ;
#3968 = ADVANCED_FACE ( 'NONE', ( #5726 ), #407, .T. ) ;
#3969 = STYLED_ITEM ( 'NONE', ( #6725 ), #1081 ) ;
#3970 = FILL_AREA_STYLE ('',( #2399 ) ) ;
#3971 = SURFACE_STYLE_FILL_AREA ( #710 ) ;
#3972 = MECHANICAL_DESIGN_GEOMETRIC_PRESENTATION_REPRESENTATION (  '', ( #6066 ), #6274 ) ;
#3973 = CYLINDRICAL_SURFACE ( 'NONE', #6115, 0.2500000000000002220 ) ;
#3974 = CARTESIAN_POINT ( 'NONE',  ( -1.589556565696177204, 5.362193466322073832, -2.608454085000647016 ) ) ;
#3975 = EDGE_CURVE ( 'NONE', #1079, #3845, #945, .T. ) ;
#3976 = CARTESIAN_POINT ( 'NONE',  ( -0.001191037011240679002, 5.856499843231006253, -2.465782425826448243 ) ) ;
#3977 = ORIENTED_EDGE ( 'NONE', *, *, #587, .T. ) ;
#3978 =( LENGTH_UNIT ( ) NAMED_UNIT ( * ) SI_UNIT ( .MILLI., .METRE. ) );
#3979 = ORIENTED_EDGE ( 'NONE', *, *, #3295, .F. ) ;
#3980 = SURFACE_STYLE_FILL_AREA ( #2317 ) ;
#3981 = COLOUR_RGB ( '',0.6039215686274509443, 0.6039215686274509443, 0.6039215686274509443 ) ;
#3982 = CARTESIAN_POINT ( 'NONE',  ( 2.393285818793418951, 5.609476576732737030, 2.574316661841345777 ) ) ;
#3983 = COLOUR_RGB ( '',0.6039215686274509443, 0.6039215686274509443, 0.6039215686274509443 ) ;
#3984 =( NAMED_UNIT ( * ) SI_UNIT ( $, .STERADIAN. ) SOLID_ANGLE_UNIT ( ) );
#3985 = ORIENTED_EDGE ( 'NONE', *, *, #3824, .T. ) ;
#3986 = MECHANICAL_DESIGN_GEOMETRIC_PRESENTATION_REPRESENTATION (  '', ( #3440 ), #2091 ) ;
#3987 = ORIENTED_EDGE ( 'NONE', *, *, #3161, .T. ) ;
#3988 = CARTESIAN_POINT ( 'NONE',  ( 1.570317083856333396, 4.262215306635193990, -2.469886483796693621 ) ) ;
#3989 =( NAMED_UNIT ( * ) SI_UNIT ( $, .STERADIAN. ) SOLID_ANGLE_UNIT ( ) );
#3990 = SURFACE_STYLE_FILL_AREA ( #2804 ) ;
#3991 = DIRECTION ( 'NONE',  ( 0.000000000000000000, -0.000000000000000000, 1.000000000000000000 ) ) ;
#3992 = AXIS2_PLACEMENT_3D ( 'NONE', #4561, #2483, #1935 ) ;
#3993 = VERTEX_POINT ( 'NONE', #2875 ) ;
#3994 =( GEOMETRIC_REPRESENTATION_CONTEXT ( 3 ) GLOBAL_UNCERTAINTY_ASSIGNED_CONTEXT ( ( #5951 ) ) GLOBAL_UNIT_ASSIGNED_CONTEXT ( ( #4379, #1223, #2274 ) ) REPRESENTATION_CONTEXT ( 'NONE', 'WORKASPACE' ) );
#3995 =( NAMED_UNIT ( * ) PLANE_ANGLE_UNIT ( ) SI_UNIT ( $, .RADIAN. ) );
#3996 = CIRCLE ( 'NONE', #6879, 2.464999999999999858 ) ;
#3997 = CARTESIAN_POINT ( 'NONE',  ( 2.540000000000000480, 7.546404284867462842, 1.645263485197932418 ) ) ;
#3998 = CARTESIAN_POINT ( 'NONE',  ( -0.2329302189522929334, 5.211601671302621419, -2.580289936634078796 ) ) ;
#3999 = VERTEX_POINT ( 'NONE', #6154 ) ;
#4000 = CARTESIAN_POINT ( 'NONE',  ( -0.8005601475072201545, 6.454290405535096475, -2.209378637340543960 ) ) ;
#4001 = PRESENTATION_STYLE_ASSIGNMENT (( #1881 ) ) ;
#4002 = CARTESIAN_POINT ( 'NONE',  ( 1.518552063962733456, 4.645133730874422717, -2.567636220840862737 ) ) ;
#4003 = STYLED_ITEM ( 'NONE', ( #4647 ), #1483 ) ;
#4004 = CARTESIAN_POINT ( 'NONE',  ( -0.2336030819982660711, 3.534085249411964558, -1.992118983054385950 ) ) ;
#4005 =( GEOMETRIC_REPRESENTATION_CONTEXT ( 3 ) GLOBAL_UNCERTAINTY_ASSIGNED_CONTEXT ( ( #6229 ) ) GLOBAL_UNIT_ASSIGNED_CONTEXT ( ( #1890, #2911, #5546 ) ) REPRESENTATION_CONTEXT ( 'NONE', 'WORKASPACE' ) );
#4006 = ORIENTED_EDGE ( 'NONE', *, *, #5513, .F. ) ;
#4007 = SURFACE_SIDE_STYLE ('',( #3059 ) ) ;
#4008 = VECTOR ( 'NONE', #1861, 1000.000000000000000 ) ;
#4009 = VERTEX_POINT ( 'NONE', #1396 ) ;
#4010 = EDGE_CURVE ( 'NONE', #1155, #10, #1449, .T. ) ;
#4011 = CARTESIAN_POINT ( 'NONE',  ( -0.3487166590612078565, 4.921159026122811753, -2.604967717395925586 ) ) ;
#4012 = SURFACE_SIDE_STYLE ('',( #693 ) ) ;
#4013 = CARTESIAN_POINT ( 'NONE',  ( -2.540000000000000480, 0.000000000000000000, -1.124999999999998224 ) ) ;
#4014 = ORIENTED_EDGE ( 'NONE', *, *, #4664, .F. ) ;
#4015 = LINE ( 'NONE', #59, #2780 ) ;
#4016 = LINE ( 'NONE', #2539, #818 ) ;
#4017 = CARTESIAN_POINT ( 'NONE',  ( 0.4466595336674702432, 4.624038539803104975, -2.561559982195917407 ) ) ;
#4018 = FACE_OUTER_BOUND ( 'NONE', #5768, .T. ) ;
#4019 = FILL_AREA_STYLE ('',( #5538 ) ) ;
#4020 = UNCERTAINTY_MEASURE_WITH_UNIT (LENGTH_MEASURE( 1.000000000000000082E-05 ), #3633, 'distance_accuracy_value', 'NONE');
#4021 = SURFACE_SIDE_STYLE ('',( #6658 ) ) ;
#4022 = DIRECTION ( 'NONE',  ( 1.000000000000000000, 0.000000000000000000, 0.000000000000000000 ) ) ;
#4023 = CARTESIAN_POINT ( 'NONE',  ( -2.540000000000000036, 7.485649219152596068, -1.617817785454086943 ) ) ;
#4024 = ORIENTED_EDGE ( 'NONE', *, *, #2150, .T. ) ;
#4025 = CARTESIAN_POINT ( 'NONE',  ( -0.5317093653600362124, 4.647383885489458244, -2.566242786923000008 ) ) ;
#4026 = LINE ( 'NONE', #5671, #403 ) ;
#4027 =( NAMED_UNIT ( * ) PLANE_ANGLE_UNIT ( ) SI_UNIT ( $, .RADIAN. ) );
#4028 = CARTESIAN_POINT ( 'NONE',  ( 2.615000000000000213, 0.1499999999999999944, -0.7499999999999991118 ) ) ;
#4029 = STYLED_ITEM ( 'NONE', ( #4068 ), #2874 ) ;
#4030 = EDGE_LOOP ( 'NONE', ( #4391 ) ) ;
#4031 = CARTESIAN_POINT ( 'NONE',  ( 2.539999999999999591, 7.824083896241788239, -2.551727555061426234 ) ) ;
#4032 = SURFACE_STYLE_FILL_AREA ( #6108 ) ;
#4033 = CARTESIAN_POINT ( 'NONE',  ( 1.518552063962733456, 4.654787005618698181, -2.518541838033197866 ) ) ;
#4034 = EDGE_CURVE ( 'NONE', #3096, #6170, #4016, .T. ) ;
#4035 = SURFACE_STYLE_USAGE ( .BOTH. , #1415 ) ;
#4036 = ORIENTED_EDGE ( 'NONE', *, *, #2240, .F. ) ;
#4037 = CARTESIAN_POINT ( 'NONE',  ( -2.539999999999999591, 7.661453648161000274, 1.830379658008979948 ) ) ;
#4038 = CARTESIAN_POINT ( 'NONE',  ( -2.540000000000000036, 0.1499999999999999944, 0.000000000000000000 ) ) ;
#4039 = DIRECTION ( 'NONE',  ( -1.000000000000000000, 0.000000000000000000, 0.000000000000000000 ) ) ;
#4040 = ADVANCED_FACE ( 'NONE', ( #5593 ), #6653, .F. ) ;
#4041 = PRODUCT_DEFINITION_SHAPE ( 'NONE', 'NONE',  #5267 ) ;
#4042 = CARTESIAN_POINT ( 'NONE',  ( -0.05844314102871007305, 5.836258748741340874, -2.523345780858416099 ) ) ;
#4043 =( GEOMETRIC_REPRESENTATION_CONTEXT ( 3 ) GLOBAL_UNCERTAINTY_ASSIGNED_CONTEXT ( ( #6657 ) ) GLOBAL_UNIT_ASSIGNED_CONTEXT ( ( #5581, #830, #3872 ) ) REPRESENTATION_CONTEXT ( 'NONE', 'WORKASPACE' ) );
#4044 = LINE ( 'NONE', #5570, #284 ) ;
#4045 = LINE ( 'NONE', #4083, #3184 ) ;
#4046 = STYLED_ITEM ( 'NONE', ( #3517 ), #3325 ) ;
#4047 = FILL_AREA_STYLE_COLOUR ( '', #1090 ) ;
#4048 = FACE_OUTER_BOUND ( 'NONE', #852, .T. ) ;
#4049 = ORIENTED_EDGE ( 'NONE', *, *, #6641, .F. ) ;
#4050 = STYLED_ITEM ( 'NONE', ( #6714 ), #3676 ) ;
#4051 =( LENGTH_UNIT ( ) NAMED_UNIT ( * ) SI_UNIT ( .MILLI., .METRE. ) );
#4052 = CARTESIAN_POINT ( 'NONE',  ( -2.215000000000000302, 0.1499999999999999944, 0.000000000000000000 ) ) ;
#4053 = EDGE_CURVE ( 'NONE', #70, #5456, #6419, .T. ) ;
#4054 = EDGE_CURVE ( 'NONE', #3398, #5331, #4209, .T. ) ;
#4055 = CARTESIAN_POINT ( 'NONE',  ( -0.3739539572495939601, 5.039976152820375255, -2.643134654285770768 ) ) ;
#4056 = CARTESIAN_POINT ( 'NONE',  ( 2.539999999999999591, 0.3250000000000000111, -2.642896323400714564 ) ) ;
#4057 = CARTESIAN_POINT ( 'NONE',  ( -2.615000000000000657, -0.2500000000000000000, 0.7499999999999990008 ) ) ;
#4058 = CARTESIAN_POINT ( 'NONE',  ( -1.053464682090483384, 4.012310060543465617, -2.300006040957123243 ) ) ;
#4059 = CARTESIAN_POINT ( 'NONE',  ( 2.540000000000000480, 0.4655013641736958641, 2.935956669857429979 ) ) ;
#4060 = DIRECTION ( 'NONE',  ( -1.000000000000000000, 0.000000000000000000, 3.673940397442059375E-16 ) ) ;
#4061 = MECHANICAL_DESIGN_GEOMETRIC_PRESENTATION_REPRESENTATION (  '', ( #2961 ), #2716 ) ;
#4062 = VERTEX_POINT ( 'NONE', #5833 ) ;
#4063 = CARTESIAN_POINT ( 'NONE',  ( -2.540000000000000036, -4.001000000000000334, 1.124999999999999112 ) ) ;
#4064 = DIRECTION ( 'NONE',  ( 0.000000000000000000, -0.9961635630577154732, 0.08751088867196490928 ) ) ;
#4065 = COLOUR_RGB ( '',0.6039215686274509443, 0.6039215686274509443, 0.6039215686274509443 ) ;
#4066 = CARTESIAN_POINT ( 'NONE',  ( 2.140000000000000568, 0.000000000000000000, 0.000000000000000000 ) ) ;
#4067 = CARTESIAN_POINT ( 'NONE',  ( -2.464999999999999858, -4.000000000000000000, 0.7499999999999988898 ) ) ;
#4068 = PRESENTATION_STYLE_ASSIGNMENT (( #4549 ) ) ;
#4069 = CARTESIAN_POINT ( 'NONE',  ( -0.8979481499266482869, 3.682902224752217180, -2.165657437628935700 ) ) ;
#4070 = COLOUR_RGB ( '',0.6039215686274509443, 0.6039215686274509443, 0.6039215686274509443 ) ;
#4071 = FACE_OUTER_BOUND ( 'NONE', #5067, .T. ) ;
#4072 = DIRECTION ( 'NONE',  ( -1.000000000000000000, 0.000000000000000000, 0.000000000000000000 ) ) ;
#4073 = STYLED_ITEM ( 'NONE', ( #6339 ), #4542 ) ;
#4074 = CARTESIAN_POINT ( 'NONE',  ( -2.540000000000000036, 3.213360091561182852, -1.757171267987866381 ) ) ;
#4075 = UNCERTAINTY_MEASURE_WITH_UNIT (LENGTH_MEASURE( 1.000000000000000082E-05 ), #6332, 'distance_accuracy_value', 'NONE');
#4076 = DIRECTION ( 'NONE',  ( -1.000000000000000000, 0.000000000000000000, 1.707404996040164018E-16 ) ) ;
#4077 = EDGE_CURVE ( 'NONE', #5419, #781, #2672, .T. ) ;
#4078 = VECTOR ( 'NONE', #4841, 1000.000000000000000 ) ;
#4079 = STYLED_ITEM ( 'NONE', ( #2401 ), #5175 ) ;
#4080 = DIRECTION ( 'NONE',  ( 1.000000000000000000, 0.000000000000000000, -3.673940397442059375E-16 ) ) ;
#4082 = ORIENTED_EDGE ( 'NONE', *, *, #1362, .F. ) ;
#4081 = B_SPLINE_CURVE_WITH_KNOTS ( 'NONE', 3,
 ( #6614, #3982, #4516, #3919, #2896, #1228 ),
 .UNSPECIFIED., .F., .F.,
 ( 4, 2, 4 ),
 ( 0.000000000000000000, 0.0001575747865243624099, 0.0003151495730487248199 ),
 .UNSPECIFIED. ) ;
#4083 = CARTESIAN_POINT ( 'NONE',  ( 0.000000000000000000, -0.02499999999999999792, -0.1500000000000000222 ) ) ;
#4084 = MECHANICAL_DESIGN_GEOMETRIC_PRESENTATION_REPRESENTATION (  '', ( #204 ), #5733 ) ;
#4085 = ADVANCED_FACE ( 'NONE', ( #3213 ), #1150, .F. ) ;
#4086 = CARTESIAN_POINT ( 'NONE',  ( 2.390000000000000568, 4.724339035756187855, 2.326378675864921863 ) ) ;
#4087 = PRESENTATION_STYLE_ASSIGNMENT (( #5220 ) ) ;
#4088 = SURFACE_STYLE_FILL_AREA ( #2949 ) ;
#4089 = EDGE_CURVE ( 'NONE', #5331, #4996, #4748, .T. ) ;
#4090 = VERTEX_POINT ( 'NONE', #5241 ) ;
#4091 = MECHANICAL_DESIGN_GEOMETRIC_PRESENTATION_REPRESENTATION (  '', ( #2216 ), #6093 ) ;
#4092 = COLOUR_RGB ( '',0.7058823529411764053, 0.7058823529411764053, 0.7058823529411764053 ) ;
#4093 = CARTESIAN_POINT ( 'NONE',  ( 2.165000000000000036, 0.000000000000000000, 0.7499999999999983347 ) ) ;
#4094 = CARTESIAN_POINT ( 'NONE',  ( 0.5184846730091314804, 3.748921578212337735, -2.148897268642484093 ) ) ;
#4095 = EDGE_CURVE ( 'NONE', #2501, #339, #3, .T. ) ;
#4096 = SURFACE_STYLE_USAGE ( .BOTH. , #6677 ) ;
#4097 = UNCERTAINTY_MEASURE_WITH_UNIT (LENGTH_MEASURE( 1.000000000000000082E-05 ), #1636, 'distance_accuracy_value', 'NONE');
#4098 = EDGE_LOOP ( 'NONE', ( #5044 ) ) ;
#4099 = CARTESIAN_POINT ( 'NONE',  ( -2.539999999999999591, 7.873020145931590719, 2.152517620978589896 ) ) ;
#4100 = CARTESIAN_POINT ( 'NONE',  ( 0.4790310504250117618, 4.599690585445917357, -2.556439819016505854 ) ) ;
#4101 = VECTOR ( 'NONE', #2413, 1000.000000000000227 ) ;
#4102 = DIRECTION ( 'NONE',  ( -1.000000000000000000, -0.000000000000000000, -0.000000000000000000 ) ) ;
#4103 = CARTESIAN_POINT ( 'NONE',  ( 2.390000000000000568, 4.974339035756188743, 0.7856227993794330233 ) ) ;
#4104 = CARTESIAN_POINT ( 'NONE',  ( 1.706708586820754769, 5.731198488731560126, -2.551995564014824858 ) ) ;
#4105 = MANIFOLD_SOLID_BREP ( 'Redondeo12', #2431 ) ;
#4106 = PLANE ( 'NONE',  #5648 ) ;
#4107 = MECHANICAL_DESIGN_GEOMETRIC_PRESENTATION_REPRESENTATION (  '', ( #3230 ), #6311 ) ;
#4108 = FACE_OUTER_BOUND ( 'NONE', #2141, .T. ) ;
#4109 = DIRECTION ( 'NONE',  ( -0.000000000000000000, -0.000000000000000000, 1.000000000000000000 ) ) ;
#4110 = SHAPE_REPRESENTATION ( 'Ensamblaje Fusible', ( #3090, #1084, #2203, #4845 ), #1201 ) ;
#4111 = DIRECTION ( 'NONE',  ( 2.468735184200808801E-16, 0.7405888751200064846, 0.6719584198806376474 ) ) ;
#4112 = FILL_AREA_STYLE ('',( #6358 ) ) ;
#4113 = VECTOR ( 'NONE', #547, 1000.000000000000000 ) ;
#4114 = LINE ( 'NONE', #6223, #3375 ) ;
#4115 = SURFACE_SIDE_STYLE ('',( #1996 ) ) ;
#4116 = CIRCLE ( 'NONE', #673, 0.2500000000000000000 ) ;
#4117 = FACE_OUTER_BOUND ( 'NONE', #4885, .T. ) ;
#4118 = CARTESIAN_POINT ( 'NONE',  ( 2.140000000000000568, 5.759476576732735609, 2.152681590485153063 ) ) ;
#4119 = VERTEX_POINT ( 'NONE', #4854 ) ;
#4120 =( NAMED_UNIT ( * ) SI_UNIT ( $, .STERADIAN. ) SOLID_ANGLE_UNIT ( ) );
#4121 =( GEOMETRIC_REPRESENTATION_CONTEXT ( 3 ) GLOBAL_UNCERTAINTY_ASSIGNED_CONTEXT ( ( #2975 ) ) GLOBAL_UNIT_ASSIGNED_CONTEXT ( ( #6800, #2923, #4185 ) ) REPRESENTATION_CONTEXT ( 'NONE', 'WORKASPACE' ) );
#4122 = EDGE_CURVE ( 'NONE', #1827, #1827, #4575, .T. ) ;
#4123 = CARTESIAN_POINT ( 'NONE',  ( -1.105273195847129353, 6.526924941284333315, -2.229395673142943402 ) ) ;
#4124 = CARTESIAN_POINT ( 'NONE',  ( 0.03679060294590549146, 5.846609499932331921, -2.468595119152248607 ) ) ;
#4125 = LINE ( 'NONE', #1942, #4844 ) ;
#4126 = COLOUR_RGB ( '',0.6039215686274509443, 0.6039215686274509443, 0.6039215686274509443 ) ;
#4127 = CARTESIAN_POINT ( 'NONE',  ( -1.547890382372949736, 5.560835036934627773, -2.533942189585034921 ) ) ;
#4128 =( LENGTH_UNIT ( ) NAMED_UNIT ( * ) SI_UNIT ( .MILLI., .METRE. ) );
#4129 = STYLED_ITEM ( 'NONE', ( #5588 ), #2729 ) ;
#4130 = VERTEX_POINT ( 'NONE', #2857 ) ;
#4131 = CARTESIAN_POINT ( 'NONE',  ( 2.540000000000000480, 7.415204580369008092, 1.597370737635540827 ) ) ;
#4132 = FACE_OUTER_BOUND ( 'NONE', #709, .T. ) ;
#4133 =( NAMED_UNIT ( * ) PLANE_ANGLE_UNIT ( ) SI_UNIT ( $, .RADIAN. ) );
#4134 = SURFACE_STYLE_FILL_AREA ( #5060 ) ;
#4135 = CARTESIAN_POINT ( 'NONE',  ( 2.290000000000000924, 5.150000000000000355, 0.000000000000000000 ) ) ;
#4136 = FILL_AREA_STYLE_COLOUR ( '', #2921 ) ;
#4137 = CARTESIAN_POINT ( 'NONE',  ( 0.4653207997174341748, 6.771653263904394038, -2.051581922496922061 ) ) ;
#4138 = CARTESIAN_POINT ( 'NONE',  ( 2.140000000000000568, 4.574339035756188387, 2.550850731470950983 ) ) ;
#4139 =( NAMED_UNIT ( * ) SI_UNIT ( $, .STERADIAN. ) SOLID_ANGLE_UNIT ( ) );
#4140 = CARTESIAN_POINT ( 'NONE',  ( -2.539999999999999591, 7.824083896241788239, 2.551727555061425345 ) ) ;
#4141 = CARTESIAN_POINT ( 'NONE',  ( 0.05632860020257249994, 5.832643857651035546, -2.524326120692671704 ) ) ;
#4142 = SURFACE_STYLE_FILL_AREA ( #6252 ) ;
#4143 = FILL_AREA_STYLE_COLOUR ( '', #6193 ) ;
#4144 = COLOUR_RGB ( '',0.6039215686274509443, 0.6039215686274509443, 0.6039215686274509443 ) ;
#4145 = CARTESIAN_POINT ( 'NONE',  ( 2.540000000000000036, 3.324448422829183514, -1.656377505005772077 ) ) ;
#4146 = ORIENTED_EDGE ( 'NONE', *, *, #3387, .T. ) ;
#4147 = FILL_AREA_STYLE ('',( #1053 ) ) ;
#4148 =( LENGTH_UNIT ( ) NAMED_UNIT ( * ) SI_UNIT ( .MILLI., .METRE. ) );
#4149 = UNCERTAINTY_MEASURE_WITH_UNIT (LENGTH_MEASURE( 1.000000000000000082E-05 ), #5496, 'distance_accuracy_value', 'NONE');
#4150 = AXIS2_PLACEMENT_3D ( 'NONE', #4698, #4355, #6774 ) ;
#4151 = SURFACE_SIDE_STYLE ('',( #354 ) ) ;
#4152 = CARTESIAN_POINT ( 'NONE',  ( -2.540000000000000480, 7.972238740270340962, -2.528272444938572949 ) ) ;
#4153 = ORIENTED_EDGE ( 'NONE', *, *, #536, .T. ) ;
#4154 = SURFACE_STYLE_USAGE ( .BOTH. , #4660 ) ;
#4155 = CARTESIAN_POINT ( 'NONE',  ( 2.360183654015200361, 5.609476576732736142, 2.393425312134226601 ) ) ;
#4156 = MECHANICAL_DESIGN_GEOMETRIC_PRESENTATION_REPRESENTATION (  '', ( #4589 ), #1161 ) ;
#4157 = CARTESIAN_POINT ( 'NONE',  ( 0.3586411120705192412, 4.853019561442319940, -2.598081526648863271 ) ) ;
#4158 = UNCERTAINTY_MEASURE_WITH_UNIT (LENGTH_MEASURE( 1.000000000000000082E-05 ), #497, 'distance_accuracy_value', 'NONE');
#4159 = CARTESIAN_POINT ( 'NONE',  ( -2.615000000000000657, -0.2500000000000000000, 0.7499999999999990008 ) ) ;
#4160 = STYLED_ITEM ( 'NONE', ( #203 ), #784 ) ;
#4161 = PRESENTATION_STYLE_ASSIGNMENT (( #5365 ) ) ;
#4162 = EDGE_CURVE ( 'NONE', #1997, #3617, #4378, .T. ) ;
#4163 = ADVANCED_FACE ( 'NONE', ( #1701 ), #2795, .F. ) ;
#4164 = CARTESIAN_POINT ( 'NONE',  ( -2.539999999999999591, 7.424894153437775479, 1.590372085710245909 ) ) ;
#4165 = DIRECTION ( 'NONE',  ( 0.000000000000000000, 0.000000000000000000, 1.000000000000000000 ) ) ;
#4166 = ORIENTED_EDGE ( 'NONE', *, *, #4758, .F. ) ;
#4167 = ORIENTED_EDGE ( 'NONE', *, *, #2673, .T. ) ;
#4168 = CARTESIAN_POINT ( 'NONE',  ( 1.462873724836457390, 6.159078188343912075, -2.358658917837648250 ) ) ;
#4169 = EDGE_CURVE ( 'NONE', #2907, #2907, #6032, .T. ) ;
#4170 = CARTESIAN_POINT ( 'NONE',  ( 0.2337419528556778370, 6.807275866368559747, -2.022914826630196394 ) ) ;
#4171 = PRESENTATION_LAYER_ASSIGNMENT (  '', '', ( #6844 ) ) ;
#4172 = AXIS2_PLACEMENT_3D ( 'NONE', #6440, #166, #4400 ) ;
#4173 = CARTESIAN_POINT ( 'NONE',  ( -0.3487166590612078565, 4.925534570556409975, -2.555159539243040179 ) ) ;
#4174 = SURFACE_SIDE_STYLE ('',( #3176 ) ) ;
#4175 = CARTESIAN_POINT ( 'NONE',  ( -2.540000000000000480, -5.421010862427522170E-17, -2.642896323400709679 ) ) ;
#4176 = LINE ( 'NONE', #1563, #1531 ) ;
#4177 = CARTESIAN_POINT ( 'NONE',  ( 0.4790310504250117618, 4.610212753984236578, -2.507559516549650702 ) ) ;
#4178 =( GEOMETRIC_REPRESENTATION_CONTEXT ( 3 ) GLOBAL_UNCERTAINTY_ASSIGNED_CONTEXT ( ( #6036 ) ) GLOBAL_UNIT_ASSIGNED_CONTEXT ( ( #6815, #970, #3989 ) ) REPRESENTATION_CONTEXT ( 'NONE', 'WORKASPACE' ) );
#4179 = PRODUCT_CONTEXT ( 'NONE', #3419, 'mechanical' ) ;
#4180 = EDGE_CURVE ( 'NONE', #1016, #4062, #6086, .T. ) ;
#4181 = ORIENTED_EDGE ( 'NONE', *, *, #712, .F. ) ;
#4182 = SURFACE_STYLE_FILL_AREA ( #2065 ) ;
#4183 = ORIENTED_EDGE ( 'NONE', *, *, #3010, .T. ) ;
#4184 = SURFACE_SIDE_STYLE ('',( #3116 ) ) ;
#4185 =( NAMED_UNIT ( * ) SI_UNIT ( $, .STERADIAN. ) SOLID_ANGLE_UNIT ( ) );
#4186 = AXIS2_PLACEMENT_3D ( 'NONE', #6574, #5488, #721 ) ;
#4187 = CARTESIAN_POINT ( 'NONE',  ( 0.05632860020257249994, 5.832643857651035546, -2.524326120692671704 ) ) ;
#4188 = CIRCLE ( 'NONE', #1194, 0.5000000000000000000 ) ;
#4189 = VERTEX_POINT ( 'NONE', #2754 ) ;
#4190 = CARTESIAN_POINT ( 'NONE',  ( 1.558588378163027199, 4.747516911106754556, -2.540376214177684666 ) ) ;
#4191 = CARTESIAN_POINT ( 'NONE',  ( 0.2349739397197722901, 6.815945396027915493, -2.015651514662968324 ) ) ;
#4192 = MECHANICAL_DESIGN_GEOMETRIC_PRESENTATION_REPRESENTATION (  '', ( #3651 ), #742 ) ;
#4193 = FILL_AREA_STYLE_COLOUR ( '', #5831 ) ;
#4194 = CARTESIAN_POINT ( 'NONE',  ( 0.4466595336674702432, 4.624038539803104975, -2.561559982195917407 ) ) ;
#4195 = LINE ( 'NONE', #1208, #636 ) ;
#4196 = SURFACE_STYLE_FILL_AREA ( #3751 ) ;
#4197 = VECTOR ( 'NONE', #5471, 1000.000000000000000 ) ;
#4198 = CIRCLE ( 'NONE', #3886, 0.2499999999999997780 ) ;
#4199 = DIRECTION ( 'NONE',  ( -1.000000000000000000, -0.000000000000000000, 3.673940397442059375E-16 ) ) ;
#4200 = ORIENTED_EDGE ( 'NONE', *, *, #5305, .F. ) ;
#4201 = DIRECTION ( 'NONE',  ( -0.000000000000000000, 0.000000000000000000, 1.000000000000000000 ) ) ;
#4202 = SURFACE_SIDE_STYLE ('',( #4235 ) ) ;
#4203 = AXIS2_PLACEMENT_3D ( 'NONE', #6424, #3288, #3330 ) ;
#4204 = CARTESIAN_POINT ( 'NONE',  ( -1.796515782959990259, 5.272732861021887985, -2.562717986955880711 ) ) ;
#4205 =( LENGTH_UNIT ( ) NAMED_UNIT ( * ) SI_UNIT ( .MILLI., .METRE. ) );
#4206 = PRESENTATION_STYLE_ASSIGNMENT (( #1667 ) ) ;
#4207 = CARTESIAN_POINT ( 'NONE',  ( -1.785120835228594327, 5.393055164514495736, -2.604350853094335339 ) ) ;
#4208 = DIRECTION ( 'NONE',  ( -1.658435445484519025E-16, 0.7456420435382385969, -0.6663467137370150395 ) ) ;
#4209 = LINE ( 'NONE', #3729, #4370 ) ;
#4210 = ADVANCED_FACE ( 'NONE', ( #5451 ), #158, .F. ) ;
#4211 = LINE ( 'NONE', #2757, #6668 ) ;
#4212 = CARTESIAN_POINT ( 'NONE',  ( 0.3593948179218475203, 5.041227697747955538, -2.592429805152074884 ) ) ;
#4213 = SURFACE_STYLE_USAGE ( .BOTH. , #3702 ) ;
#4214 = DIRECTION ( 'NONE',  ( 0.000000000000000000, 0.000000000000000000, 1.000000000000000000 ) ) ;
#4215 = MECHANICAL_DESIGN_GEOMETRIC_PRESENTATION_REPRESENTATION (  '', ( #2001 ), #3002 ) ;
#4216 = EDGE_LOOP ( 'NONE', ( #6696, #2333, #6637, #4570, #225, #446 ) ) ;
#4217 = CARTESIAN_POINT ( 'NONE',  ( -2.540000000000000036, 7.394516620580349198, -1.576649235838321950 ) ) ;
#4218 = ORIENTED_EDGE ( 'NONE', *, *, #5981, .F. ) ;
#4219 = ORIENTED_EDGE ( 'NONE', *, *, #3231, .T. ) ;
#4220 = STYLED_ITEM ( 'NONE', ( #5561 ), #2048 ) ;
#4221 = LINE ( 'NONE', #5880, #5319 ) ;
#4222 = CARTESIAN_POINT ( 'NONE',  ( 2.290000000000000924, 4.724339035756187855, 2.427969881097998162 ) ) ;
#4223 = CARTESIAN_POINT ( 'NONE',  ( -2.464999999999999858, -3.500000000000000000, 0.7499999999999988898 ) ) ;
#4224 = SURFACE_STYLE_USAGE ( .BOTH. , #6501 ) ;
#4225 = ORIENTED_EDGE ( 'NONE', *, *, #4913, .T. ) ;
#4226 = CARTESIAN_POINT ( 'NONE',  ( -0.9721528262853111890, 3.954862079576760170, -2.270269619631349212 ) ) ;
#4227 =( NAMED_UNIT ( * ) PLANE_ANGLE_UNIT ( ) SI_UNIT ( $, .RADIAN. ) );
#4228 = CARTESIAN_POINT ( 'NONE',  ( 2.539999999999999591, 3.083757038415181118, -1.874763991466978252 ) ) ;
#4229 =( NAMED_UNIT ( * ) PLANE_ANGLE_UNIT ( ) SI_UNIT ( $, .RADIAN. ) );
#4230 = FILL_AREA_STYLE ('',( #57 ) ) ;
#4231 = FILL_AREA_STYLE ('',( #6755 ) ) ;
#4232 = STYLED_ITEM ( 'NONE', ( #832 ), #374 ) ;
#4233 = VERTEX_POINT ( 'NONE', #2494 ) ;
#4234 = CYLINDRICAL_SURFACE ( 'NONE', #737, 0.1750000000000000167 ) ;
#4235 = SURFACE_STYLE_FILL_AREA ( #1072 ) ;
#4236 = CARTESIAN_POINT ( 'NONE',  ( -1.427089946623273820, 4.105744177639812698, -2.344841576358972279 ) ) ;
#4237 = CARTESIAN_POINT ( 'NONE',  ( 1.188947373810082642, 3.858945330875788393, -2.275598145274387640 ) ) ;
#4238 = AXIS2_PLACEMENT_3D ( 'NONE', #4315, #1125, #117 ) ;
#4239 = CARTESIAN_POINT ( 'NONE',  ( -2.540000000000000480, 3.038476588390626176E-14, -2.642896323400709679 ) ) ;
#4240 = ORIENTED_EDGE ( 'NONE', *, *, #3197, .F. ) ;
#4241 = CARTESIAN_POINT ( 'NONE',  ( -1.416122543536937406E-16, 7.370677469140104243, -1.565874949273638350 ) ) ;
#4242 = DIRECTION ( 'NONE',  ( 1.000000000000000000, -0.000000000000000000, -3.673940397442059375E-16 ) ) ;
#4243 = EDGE_CURVE ( 'NONE', #5534, #5878, #5584, .T. ) ;
#4244 = APPLICATION_PROTOCOL_DEFINITION ( 'draft international standard', 'automotive_design', 1998, #3757 ) ;
#4245 = ADVANCED_FACE ( 'NONE', ( #1387, #1488 ), #3598, .T. ) ;
#4246 = EDGE_CURVE ( 'NONE', #5152, #146, #4571, .T. ) ;
#4247 = VERTEX_POINT ( 'NONE', #6179 ) ;
#4248 = DIRECTION ( 'NONE',  ( 1.000000000000000000, 0.000000000000000000, -3.673940397442059375E-16 ) ) ;
#4249 = ORIENTED_EDGE ( 'NONE', *, *, #3773, .F. ) ;
#4250 =( LENGTH_UNIT ( ) NAMED_UNIT ( * ) SI_UNIT ( .MILLI., .METRE. ) );
#4251 = VERTEX_POINT ( 'NONE', #4513 ) ;
#4252 = FACE_BOUND ( 'NONE', #2415, .T. ) ;
#4253 = PLANE ( 'NONE',  #2756 ) ;
#4254 = CARTESIAN_POINT ( 'NONE',  ( -0.04098290542693878991, 5.845562383593902567, -2.468890758340228864 ) ) ;
#4255 = CARTESIAN_POINT ( 'NONE',  ( -0.3091215068544913014, 3.706176356565670460, -2.120046765205904293 ) ) ;
#4256 = CARTESIAN_POINT ( 'NONE',  ( 0.04448021402849434286, 5.840217093943534721, -2.470390631995964981 ) ) ;
#4257 = LINE ( 'NONE', #3750, #1524 ) ;
#4258 = PLANE ( 'NONE',  #2054 ) ;
#4259 = PRESENTATION_STYLE_ASSIGNMENT (( #2190 ) ) ;
#4260 = AXIS2_PLACEMENT_3D ( 'NONE', #3275, #5366, #568 ) ;
#4261 = EDGE_CURVE ( 'NONE', #5640, #4791, #3289, .T. ) ;
#4262 = EDGE_CURVE ( 'NONE', #4388, #2382, #2124, .T. ) ;
#4263 = SURFACE_STYLE_USAGE ( .BOTH. , #103 ) ;
#4264 = EDGE_LOOP ( 'NONE', ( #3780 ) ) ;
#4265 = CARTESIAN_POINT ( 'NONE',  ( 2.464999999999999414, -4.000000000000000000, -0.7499999999999988898 ) ) ;
#4266 =( GEOMETRIC_REPRESENTATION_CONTEXT ( 3 ) GLOBAL_UNCERTAINTY_ASSIGNED_CONTEXT ( ( #2069 ) ) GLOBAL_UNIT_ASSIGNED_CONTEXT ( ( #2191, #2122, #1582 ) ) REPRESENTATION_CONTEXT ( 'NONE', 'WORKASPACE' ) );
#4267 = CARTESIAN_POINT ( 'NONE',  ( -1.227983998753523931, 3.917239165321993344, -2.249703164619581308 ) ) ;
#4268 = DIRECTION ( 'NONE',  ( 1.000000000000000000, 0.000000000000000000, 0.000000000000000000 ) ) ;
#4269 = CARTESIAN_POINT ( 'NONE',  ( 1.352806461337879629, 6.282044514172401506, -2.302104928850975174 ) ) ;
#4270 =( NAMED_UNIT ( * ) PLANE_ANGLE_UNIT ( ) SI_UNIT ( $, .RADIAN. ) );
#4271 = EDGE_LOOP ( 'NONE', ( #6085, #3643, #1262, #4512 ) ) ;
#4272 = CARTESIAN_POINT ( 'NONE',  ( 2.540000000000000036, 2.943255674241488595, -1.581703645010260173 ) ) ;
#4273 = CARTESIAN_POINT ( 'NONE',  ( 0.02664165182312594124, 5.866504033606999791, -2.514930324284763596 ) ) ;
#4274 =( NAMED_UNIT ( * ) PLANE_ANGLE_UNIT ( ) SI_UNIT ( $, .RADIAN. ) );
#4275 = FACE_OUTER_BOUND ( 'NONE', #3185, .T. ) ;
#4276 = PRODUCT_CONTEXT ( 'NONE', #2675, 'mechanical' ) ;
#4277 = STYLED_ITEM ( 'NONE', ( #294 ), #4783 ) ;
#4278 = COLOUR_RGB ( '',0.6039215686274509443, 0.6039215686274509443, 0.6039215686274509443 ) ;
#4279 = UNCERTAINTY_MEASURE_WITH_UNIT (LENGTH_MEASURE( 1.000000000000000082E-05 ), #6402, 'distance_accuracy_value', 'NONE');
#4280 =( NAMED_UNIT ( * ) SI_UNIT ( $, .STERADIAN. ) SOLID_ANGLE_UNIT ( ) );
#4281 = B_SPLINE_CURVE_WITH_KNOTS ( 'NONE', 1,
 ( #2497, #1493 ),
 .UNSPECIFIED., .F., .F.,
 ( 2, 2 ),
 ( 0.000000000000000000, 1.000000000000000000 ),
 .UNSPECIFIED. ) ;
#4282 = ORIENTED_EDGE ( 'NONE', *, *, #2851, .T. ) ;
#4283 = COLOUR_RGB ( '',0.6039215686274509443, 0.6039215686274509443, 0.6039215686274509443 ) ;
#4284 = CARTESIAN_POINT ( 'NONE',  ( -0.4159344732504816067, 6.615452628604432839, -2.165891402677652788 ) ) ;
#4285 = VECTOR ( 'NONE', #6626, 1000.000000000000227 ) ;
#4286 = ORIENTED_EDGE ( 'NONE', *, *, #2938, .F. ) ;
#4287 = LINE ( 'NONE', #6432, #1222 ) ;
#4288 = FACE_OUTER_BOUND ( 'NONE', #2565, .T. ) ;
#4289 = UNCERTAINTY_MEASURE_WITH_UNIT (LENGTH_MEASURE( 1.000000000000000082E-05 ), #2750, 'distance_accuracy_value', 'NONE');
#4290 = FILL_AREA_STYLE ('',( #2728 ) ) ;
#4291 = EDGE_LOOP ( 'NONE', ( #1163, #2515, #2038, #5869 ) ) ;
#4292 = FACE_OUTER_BOUND ( 'NONE', #1850, .T. ) ;
#4293 = CARTESIAN_POINT ( 'NONE',  ( 2.540000000000000480, 5.150000000000000355, 0.000000000000000000 ) ) ;
#4294 = ADVANCED_FACE ( 'NONE', ( #5653 ), #835, .F. ) ;
#4295 = VECTOR ( 'NONE', #463, 1000.000000000000000 ) ;
#4296 = ADVANCED_FACE ( 'NONE', ( #467 ), #3097, .F. ) ;
#4297 = DIRECTION ( 'NONE',  ( -0.000000000000000000, 1.000000000000000000, -0.000000000000000000 ) ) ;
#4298 = SURFACE_STYLE_FILL_AREA ( #997 ) ;
#4299 = SURFACE_SIDE_STYLE ('',( #5821 ) ) ;
#4300 = COLOUR_RGB ( '',0.7921568627450980005, 0.8196078431372548767, 0.9333333333333333481 ) ;
#4301 = STYLED_ITEM ( 'NONE', ( #6164 ), #5577 ) ;
#4302 = DIRECTION ( 'NONE',  ( 1.000000000000000000, -0.000000000000000000, 0.000000000000000000 ) ) ;
#4303 = ORIENTED_EDGE ( 'NONE', *, *, #1905, .F. ) ;
#4304 = CARTESIAN_POINT ( 'NONE',  ( 0.2337419528556778370, 6.775587991294591106, -1.984235766847592286 ) ) ;
#4305 = AXIS2_PLACEMENT_3D ( 'NONE', #4403, #1833, #706 ) ;
#4306 = CARTESIAN_POINT ( 'NONE',  ( 0.4653207997174341748, 6.740646509336431613, -2.012354734686273794 ) ) ;
#4307 =( LENGTH_UNIT ( ) NAMED_UNIT ( * ) SI_UNIT ( .MILLI., .METRE. ) );
#4308 = ORIENTED_EDGE ( 'NONE', *, *, #5721, .F. ) ;
#4309 =( GEOMETRIC_REPRESENTATION_CONTEXT ( 3 ) GLOBAL_UNCERTAINTY_ASSIGNED_CONTEXT ( ( #1856 ) ) GLOBAL_UNIT_ASSIGNED_CONTEXT ( ( #2030, #5631, #3543 ) ) REPRESENTATION_CONTEXT ( 'NONE', 'WORKASPACE' ) );
#4310 = COLOUR_RGB ( '',0.7058823529411764053, 0.7058823529411764053, 0.7058823529411764053 ) ;
#4311 = FILL_AREA_STYLE ('',( #581 ) ) ;
#4312 = DIRECTION ( 'NONE',  ( -0.000000000000000000, -0.000000000000000000, -1.000000000000000000 ) ) ;
#4313 = CARTESIAN_POINT ( 'NONE',  ( -0.001458570207583642945, 5.779990088936275860, -2.486430672237225359 ) ) ;
#4314 = CARTESIAN_POINT ( 'NONE',  ( 2.615000000000000657, -3.500000000000000000, -0.2499999999999991396 ) ) ;
#4315 = CARTESIAN_POINT ( 'NONE',  ( -2.540000000000000036, 2.943255674241488595, -1.581703645010258397 ) ) ;
#4316 = ITEM_DEFINED_TRANSFORMATION ( 'NONE', 'NONE', #4845,  #1317 ) ;
#4317 = ORIENTED_EDGE ( 'NONE', *, *, #97, .F. ) ;
#4318 = PRESENTATION_STYLE_ASSIGNMENT (( #1050 ) ) ;
#4319 = EDGE_LOOP ( 'NONE', ( #4166 ) ) ;
#4320 = CARTESIAN_POINT ( 'NONE',  ( -0.7081403091810860584, 6.522229591327075582, -2.226392986834664800 ) ) ;
#4321 = DIRECTION ( 'NONE',  ( -0.000000000000000000, 0.000000000000000000, 1.000000000000000000 ) ) ;
#4322 = SURFACE_STYLE_USAGE ( .BOTH. , #4904 ) ;
#4323 = CARTESIAN_POINT ( 'NONE',  ( -0.05485592470637912915, 5.829986106706579463, -2.473235587683501269 ) ) ;
#4324 = SURFACE_STYLE_USAGE ( .BOTH. , #1758 ) ;
#4325 = ORIENTED_EDGE ( 'NONE', *, *, #4169, .F. ) ;
#4326 = VECTOR ( 'NONE', #6055, 1000.000000000000000 ) ;
#4327 = ORIENTED_EDGE ( 'NONE', *, *, #5063, .F. ) ;
#4328 = CARTESIAN_POINT ( 'NONE',  ( -2.540000000000000036, 7.099853943852493465, -1.742496656422292789 ) ) ;
#4329 = CARTESIAN_POINT ( 'NONE',  ( 2.165000000000000036, 0.1499999999999999944, 1.124999999999998668 ) ) ;
#4330 =( NAMED_UNIT ( * ) SI_UNIT ( $, .STERADIAN. ) SOLID_ANGLE_UNIT ( ) );
#4331 = ADVANCED_FACE ( 'NONE', ( #572 ), #4234, .F. ) ;
#4332 = CARTESIAN_POINT ( 'NONE',  ( 2.540000000000000036, 3.213360091561182408, -1.757171267987867047 ) ) ;
#4333 = EDGE_CURVE ( 'NONE', #401, #6505, #1586, .T. ) ;
#4334 = CARTESIAN_POINT ( 'NONE',  ( 2.540000000000000480, 4.574339035756188387, 2.152681590485153063 ) ) ;
#4335 =( NAMED_UNIT ( * ) SI_UNIT ( $, .STERADIAN. ) SOLID_ANGLE_UNIT ( ) );
#4336 = CARTESIAN_POINT ( 'NONE',  ( 0.2364924867060082814, 3.534623252548797279, -1.992560234501633776 ) ) ;
#4337 = DIRECTION ( 'NONE',  ( -1.000000000000000000, -0.000000000000000000, -0.000000000000000000 ) ) ;
#4338 = CARTESIAN_POINT ( 'NONE',  ( 0.9014728084345089432, 3.684450435280067992, -2.166733167133380267 ) ) ;
#4339 = LINE ( 'NONE', #3394, #4825 ) ;
#4340 = CIRCLE ( 'NONE', #1565, 2.464999999999999858 ) ;
#4341 = ORIENTED_EDGE ( 'NONE', *, *, #2740, .T. ) ;
#4342 = CARTESIAN_POINT ( 'NONE',  ( 2.540000000000000480, 7.941858515889400394, 2.336374965640305668 ) ) ;
#4343 = FILL_AREA_STYLE_COLOUR ( '', #6759 ) ;
#4344 = CARTESIAN_POINT ( 'NONE',  ( 2.615000000000000213, -3.500000000000000000, -0.7499999999999991118 ) ) ;
#4345 = SURFACE_STYLE_FILL_AREA ( #3775 ) ;
#4346 = CARTESIAN_POINT ( 'NONE',  ( 2.540000000000000036, 7.268806921813508737, -1.493847652265799075 ) ) ;
#4347 = VECTOR ( 'NONE', #975, 1000.000000000000000 ) ;
#4348 = ORIENTED_EDGE ( 'NONE', *, *, #1022, .T. ) ;
#4349 = UNCERTAINTY_MEASURE_WITH_UNIT (LENGTH_MEASURE( 1.000000000000000082E-05 ), #255, 'distance_accuracy_value', 'NONE');
#4350 = CARTESIAN_POINT ( 'NONE',  ( -0.5352476240562432652, 4.647896430280368918, -2.515380884114079674 ) ) ;
#4351 = ORIENTED_EDGE ( 'NONE', *, *, #6518, .T. ) ;
#4352 = ADVANCED_FACE ( 'NONE', ( #5367 ), #1693, .T. ) ;
#4353 = EDGE_CURVE ( 'NONE', #3908, #2683, #3827, .T. ) ;
#4354 = ORIENTED_EDGE ( 'NONE', *, *, #2790, .F. ) ;
#4355 = DIRECTION ( 'NONE',  ( 1.000000000000000000, 0.000000000000000000, 0.000000000000000000 ) ) ;
#4356 = CARTESIAN_POINT ( 'NONE',  ( -0.5161221196822095569, 6.589990893700005792, -2.183177960955384300 ) ) ;
#4357 = ORIENTED_EDGE ( 'NONE', *, *, #6515, .T. ) ;
#4358 = PRESENTATION_STYLE_ASSIGNMENT (( #3709 ) ) ;
#4359 = CARTESIAN_POINT ( 'NONE',  ( 2.539999999999999591, 0.3250000000000000111, -2.642896323400714564 ) ) ;
#4360 = UNCERTAINTY_MEASURE_WITH_UNIT (LENGTH_MEASURE( 1.000000000000000082E-05 ), #5553, 'distance_accuracy_value', 'NONE');
#4361 = FACE_OUTER_BOUND ( 'NONE', #3610, .T. ) ;
#4362 = FILL_AREA_STYLE ('',( #5884 ) ) ;
#4363 = EDGE_LOOP ( 'NONE', ( #2533 ) ) ;
#4364 =( NAMED_UNIT ( * ) SI_UNIT ( $, .STERADIAN. ) SOLID_ANGLE_UNIT ( ) );
#4365 = STYLED_ITEM ( 'NONE', ( #4776 ), #4296 ) ;
#4366 = B_SPLINE_SURFACE_WITH_KNOTS ( 'NONE', 1, 3, ( 
 ( #1331, #1900, #2471, #3605 ),
 ( #1990, #3003, #3104, #911 ) ),
 .UNSPECIFIED., .F., .F., .F.,
 ( 2, 2 ),
 ( 4, 4 ),
 ( 0.000000000000000000, 1.000000000000000000 ),
 ( 0.000000000000000000, 1.000000000000000000 ),
 .UNSPECIFIED. ) ;
#4367 = CARTESIAN_POINT ( 'NONE',  ( -2.615000000000000657, 0.1499999999999999944, 0.7499999999999990008 ) ) ;
#4368 =( LENGTH_UNIT ( ) NAMED_UNIT ( * ) SI_UNIT ( .MILLI., .METRE. ) );
#4369 = FACE_OUTER_BOUND ( 'NONE', #1234, .T. ) ;
#4370 = VECTOR ( 'NONE', #5346, 1000.000000000000114 ) ;
#4371 = DIRECTION ( 'NONE',  ( 0.000000000000000000, 0.000000000000000000, -1.000000000000000000 ) ) ;
#4372 = CARTESIAN_POINT ( 'NONE',  ( 0.3324228588288744568, 4.925534570556409975, -2.555159539243040179 ) ) ;
#4373 = EDGE_CURVE ( 'NONE', #4130, #1079, #2080, .T. ) ;
#4374 = CARTESIAN_POINT ( 'NONE',  ( 1.435391388785335565, 5.846867355467683325, -2.470438703808692349 ) ) ;
#4375 =( GEOMETRIC_REPRESENTATION_CONTEXT ( 3 ) GLOBAL_UNCERTAINTY_ASSIGNED_CONTEXT ( ( #1106 ) ) GLOBAL_UNIT_ASSIGNED_CONTEXT ( ( #226, #6581, #4997 ) ) REPRESENTATION_CONTEXT ( 'NONE', 'WORKASPACE' ) );
#4376 = CARTESIAN_POINT ( 'NONE',  ( -0.05183155130142210604, 5.834862392087263316, -2.471881398423739551 ) ) ;
#4377 = ORIENTED_EDGE ( 'NONE', *, *, #5030, .F. ) ;
#4378 = LINE ( 'NONE', #3878, #5242 ) ;
#4379 =( LENGTH_UNIT ( ) NAMED_UNIT ( * ) SI_UNIT ( .MILLI., .METRE. ) );
#4380 = ADVANCED_FACE ( 'NONE', ( #2374 ), #6006, .F. ) ;
#4381 = CARTESIAN_POINT ( 'NONE',  ( 0.02663971024089791320, 5.852804247501438795, -2.466843674184961976 ) ) ;
#4382 = FACE_OUTER_BOUND ( 'NONE', #4994, .T. ) ;
#4383 = CARTESIAN_POINT ( 'NONE',  ( 4.500000000000000000, -1.163414459189985485E-15, 0.000000000000000000 ) ) ;
#4384 = AXIS2_PLACEMENT_3D ( 'NONE', #1692, #5474, #3825 ) ;
#4385 = COLOUR_RGB ( '',0.6039215686274509443, 0.6039215686274509443, 0.6039215686274509443 ) ;
#4386 = ORIENTED_EDGE ( 'NONE', *, *, #3673, .F. ) ;
#4387 = FILL_AREA_STYLE_COLOUR ( '', #5866 ) ;
#4388 = VERTEX_POINT ( 'NONE', #3936 ) ;
#4389 = VERTEX_POINT ( 'NONE', #3388 ) ;
#4390 = CARTESIAN_POINT ( 'NONE',  ( -1.201582755399667191, 4.122937245424183494, -2.405973955520572805 ) ) ;
#4391 = ORIENTED_EDGE ( 'NONE', *, *, #3907, .T. ) ;
#4392 = SURFACE_STYLE_FILL_AREA ( #5497 ) ;
#4393 = DIRECTION ( 'NONE',  ( -1.000000000000000000, -0.000000000000000000, 0.000000000000000000 ) ) ;
#4394 = EDGE_CURVE ( 'NONE', #3708, #1340, #1209, .T. ) ;
#4395 = CARTESIAN_POINT ( 'NONE',  ( 0.4173200115465124926, 4.699775709595602535, -2.577110987322525304 ) ) ;
#4396 = PRESENTATION_LAYER_ASSIGNMENT (  '', '', ( #1174 ) ) ;
#4397 = COLOUR_RGB ( '',0.6039215686274509443, 0.6039215686274509443, 0.6039215686274509443 ) ;
#4398 = ORIENTED_EDGE ( 'NONE', *, *, #2223, .F. ) ;
#4399 = AXIS2_PLACEMENT_3D ( 'NONE', #5178, #5706, #2613 ) ;
#4400 = DIRECTION ( 'NONE',  ( 3.381527243619506973E-16, 0.000000000000000000, 1.000000000000000000 ) ) ;
#4401 = MECHANICAL_DESIGN_GEOMETRIC_PRESENTATION_REPRESENTATION (  '', ( #5940 ), #6737 ) ;
#4402 = CARTESIAN_POINT ( 'NONE',  ( 2.540000000000000036, 7.534990167066731637, -1.682055814255790427 ) ) ;
#4403 = CARTESIAN_POINT ( 'NONE',  ( 2.540000000000000036, 3.008102457706269384, -1.716962266451822261 ) ) ;
#4404 = SURFACE_SIDE_STYLE ('',( #675 ) ) ;
#4405 = SURFACE_SIDE_STYLE ('',( #167 ) ) ;
#4406 =( GEOMETRIC_REPRESENTATION_CONTEXT ( 3 ) GLOBAL_UNCERTAINTY_ASSIGNED_CONTEXT ( ( #2153 ) ) GLOBAL_UNIT_ASSIGNED_CONTEXT ( ( #2338, #4847, #6529 ) ) REPRESENTATION_CONTEXT ( 'NONE', 'WORKASPACE' ) );
#4407 = DIRECTION ( 'NONE',  ( 0.000000000000000000, 0.000000000000000000, -1.000000000000000000 ) ) ;
#4408 = ORIENTED_EDGE ( 'NONE', *, *, #3666, .F. ) ;
#4409 = PRESENTATION_STYLE_ASSIGNMENT (( #2308 ) ) ;
#4410 = CARTESIAN_POINT ( 'NONE',  ( -0.9737983128954684764, 6.375639331343606386, -2.310221914465174997 ) ) ;
#4411 = CARTESIAN_POINT ( 'NONE',  ( -2.215000000000000302, -0.2500000000000000000, 0.7499999999999990008 ) ) ;
#4412 = STYLED_ITEM ( 'NONE', ( #349 ), #5270 ) ;
#4413 = COLOUR_RGB ( '',0.6039215686274509443, 0.6039215686274509443, 0.6039215686274509443 ) ;
#4414 = DIRECTION ( 'NONE',  ( 0.000000000000000000, 0.000000000000000000, -1.000000000000000000 ) ) ;
#4415 = B_SPLINE_CURVE_WITH_KNOTS ( 'NONE', 1,
 ( #6276, #2705 ),
 .UNSPECIFIED., .F., .F.,
 ( 2, 2 ),
 ( 0.000000000000000000, 1.000000000000000000 ),
 .UNSPECIFIED. ) ;
#4416 = FILL_AREA_STYLE ('',( #716 ) ) ;
#4417 = EDGE_CURVE ( 'NONE', #6594, #6122, #3794, .T. ) ;
#4418 =( NAMED_UNIT ( * ) PLANE_ANGLE_UNIT ( ) SI_UNIT ( $, .RADIAN. ) );
#4419 = DIRECTION ( 'NONE',  ( 1.000000000000000000, 0.000000000000000000, 0.000000000000000000 ) ) ;
#4420 = VECTOR ( 'NONE', #962, 1000.000000000000000 ) ;
#4421 = COLOUR_RGB ( '',0.6039215686274509443, 0.6039215686274509443, 0.6039215686274509443 ) ;
#4422 = CARTESIAN_POINT ( 'NONE',  ( 0.000000000000000000, 0.000000000000000000, 0.000000000000000000 ) ) ;
#4423 = DIRECTION ( 'NONE',  ( 1.000000000000000000, 0.000000000000000000, -3.673940397442059375E-16 ) ) ;
#4424 = CARTESIAN_POINT ( 'NONE',  ( 2.615000000000000657, 0.1499999999999999944, 0.7499999999999982236 ) ) ;
#4425 = PRESENTATION_LAYER_ASSIGNMENT (  '', '', ( #3761 ) ) ;
#4426 = PRESENTATION_LAYER_ASSIGNMENT (  '', '', ( #2096 ) ) ;
#4427 = ORIENTED_EDGE ( 'NONE', *, *, #2604, .F. ) ;
#4428 = EDGE_CURVE ( 'NONE', #2830, #9, #1628, .T. ) ;
#4429 = UNCERTAINTY_MEASURE_WITH_UNIT (LENGTH_MEASURE( 1.000000000000000082E-05 ), #3415, 'distance_accuracy_value', 'NONE');
#4430 = SURFACE_SIDE_STYLE ('',( #2682 ) ) ;
#4431 = ORIENTED_EDGE ( 'NONE', *, *, #4766, .F. ) ;
#4432 = CARTESIAN_POINT ( 'NONE',  ( -1.661172499353731791, 4.472949415514176685, -2.525832042327320615 ) ) ;
#4433 = CARTESIAN_POINT ( 'NONE',  ( -1.517553315273250769, 5.667534115675922912, -2.565136698081968536 ) ) ;
#4434 = ORIENTED_EDGE ( 'NONE', *, *, #5465, .F. ) ;
#4435 =( NAMED_UNIT ( * ) PLANE_ANGLE_UNIT ( ) SI_UNIT ( $, .RADIAN. ) );
#4436 = UNCERTAINTY_MEASURE_WITH_UNIT (LENGTH_MEASURE( 1.000000000000000082E-05 ), #1027, 'distance_accuracy_value', 'NONE');
#4437 = STYLED_ITEM ( 'NONE', ( #3503 ), #6210 ) ;
#4438 =( LENGTH_UNIT ( ) NAMED_UNIT ( * ) SI_UNIT ( .MILLI., .METRE. ) );
#4439 = B_SPLINE_CURVE_WITH_KNOTS ( 'NONE', 3,
 ( #6304, #3650, #5910, #5226, #460, #6472, #3587, #3298, #1028, #5388, #629, #5739, #2522, #993, #5713, #2075, #2765, #4191, #122, #1547, #5143, #4632, #2008, #4123, #6233, #2802, #4522, #1196, #4491, #1263, #249, #6094, #3442, #283, #729, #2324, #1235, #3953, #1295, #4432, #2933, #2388, #2414, #3474, #3337, #1858, #5946, #1786, #2869, #6548, #2835, #5429, #1712, #5566, #6506, #6620, #4461, #6059, #3371, #3847, #3925, #1750, #697, #1822, #5535, #3988, #5458, #2354, #4929, #189 ),
 .UNSPECIFIED., .T., .F.,
 ( 4, 3, 3, 3, 3, 3, 3, 3, 3, 3, 3, 3, 3, 3, 3, 3, 3, 3, 3, 3, 3, 3, 3, 4 ),
 ( 0.000000000000000000, 0.04347826086956521618, 0.08695652173913043237, 0.1304347826086956486, 0.1739130434782608647, 0.2173913043478260809, 0.2608695652173912971, 0.3043478260869565410, 0.3478260869565217295, 0.3913043478260869734, 0.4347826086956521618, 0.4782608695652174058, 0.5217391304347825942, 0.5652173913043477826, 0.6086956521739130821, 0.6521739130434782705, 0.6956521739130434590, 0.7391304347826086474, 0.7826086956521739468, 0.8260869565217391353, 0.8695652173913043237, 0.9130434782608695121, 0.9565217391304348116, 1.000000000000000000 ),
 .UNSPECIFIED. ) ;
#4440 = COLOUR_RGB ( '',0.6039215686274509443, 0.6039215686274509443, 0.6039215686274509443 ) ;
#4441 = DIRECTION ( 'NONE',  ( 1.000000000000000000, 0.000000000000000000, 0.000000000000000000 ) ) ;
#4442 = CARTESIAN_POINT ( 'NONE',  ( 2.540000000000000480, 5.759476576732735609, 2.152681590485153063 ) ) ;
#4443 = B_SPLINE_CURVE_WITH_KNOTS ( 'NONE', 3,
 ( #1153, #6498, #5379, #5423, #662, #2797, #4893, #150, #2276, #4381, #1740, #3883 ),
 .UNSPECIFIED., .F., .F.,
 ( 4, 2, 2, 2, 2, 4 ),
 ( 0.000000000000000000, 0.1250000000000000000, 0.2500000000000000000, 0.3750000000000000000, 0.5000000000000000000, 1.000000000000000000 ),
 .UNSPECIFIED. ) ;
#4444 = CIRCLE ( 'NONE', #2116, 1.301549732019052774 ) ;
#4445 = DIRECTION ( 'NONE',  ( 1.707404996040164758E-16, 0.000000000000000000, 1.000000000000000000 ) ) ;
#4446 = DIRECTION ( 'NONE',  ( 1.000000000000000000, 0.000000000000000000, 0.000000000000000000 ) ) ;
#4447 = LINE ( 'NONE', #1769, #5948 ) ;
#4448 = MECHANICAL_DESIGN_GEOMETRIC_PRESENTATION_REPRESENTATION (  '', ( #118 ), #429 ) ;
#4449 = CARTESIAN_POINT ( 'NONE',  ( 0.5814634931234334836, 3.596467314099585089, -2.041499132873864752 ) ) ;
#4450 = CARTESIAN_POINT ( 'NONE',  ( 1.544742845135316678, 5.561124289307205260, -2.532317472537448655 ) ) ;
#4451 = VERTEX_POINT ( 'NONE', #2430 ) ;
#4452 = CARTESIAN_POINT ( 'NONE',  ( 2.540000000000000480, 7.661453648161000274, 1.830379658008979948 ) ) ;
#4453 = EDGE_CURVE ( 'NONE', #2828, #5832, #6171, .T. ) ;
#4454 = ORIENTED_EDGE ( 'NONE', *, *, #6053, .F. ) ;
#4455 = DIRECTION ( 'NONE',  ( -1.000000000000000000, -0.000000000000000000, 0.000000000000000000 ) ) ;
#4456 = LINE ( 'NONE', #280, #3174 ) ;
#4457 = STYLED_ITEM ( 'NONE', ( #3566 ), #2229 ) ;
#4458 = ORIENTED_EDGE ( 'NONE', *, *, #1695, .T. ) ;
#4459 = DIRECTION ( 'NONE',  ( 1.000000000000000000, 0.000000000000000000, 0.000000000000000000 ) ) ;
#4460 = ORIENTED_EDGE ( 'NONE', *, *, #4122, .T. ) ;
#4461 = CARTESIAN_POINT ( 'NONE',  ( 0.4733260345520671208, 3.529848229231680179, -2.054620635118059813 ) ) ;
#4462 = FILL_AREA_STYLE ('',( #2355 ) ) ;
#4463 = FACE_OUTER_BOUND ( 'NONE', #5785, .T. ) ;
#4464 = AXIS2_PLACEMENT_3D ( 'NONE', #5568, #3510, #5597 ) ;
#4465 = SURFACE_SIDE_STYLE ('',( #253 ) ) ;
#4466 = ADVANCED_FACE ( 'NONE', ( #4506 ), #3558, .F. ) ;
#4467 = SURFACE_SIDE_STYLE ('',( #5953 ) ) ;
#4468 = CARTESIAN_POINT ( 'NONE',  ( 2.540000000000000036, 7.231212604653898701, -1.532305345192617629 ) ) ;
#4469 = CARTESIAN_POINT ( 'NONE',  ( -0.4746456033603914659, 4.606883073639190584, -2.558039317834630566 ) ) ;
#4470 = EDGE_CURVE ( 'NONE', #70, #1016, #5578, .T. ) ;
#4471 = EDGE_CURVE ( 'NONE', #1931, #1931, #5400, .T. ) ;
#4472 = AXIS2_PLACEMENT_3D ( 'NONE', #6320, #1812, #1738 ) ;
#4473 = CARTESIAN_POINT ( 'NONE',  ( -0.4996053817988379553, 4.610212753984236578, -2.507559516549650702 ) ) ;
#4474 = CARTESIAN_POINT ( 'NONE',  ( 1.557622124466039981, 5.511705160537845316, -2.539873966307722331 ) ) ;
#4475 = ADVANCED_FACE ( 'NONE', ( #2954 ), #2459, .T. ) ;
#4476 = CARTESIAN_POINT ( 'NONE',  ( 0.2364924867060082814, 3.534623252548797279, -1.992560234501633776 ) ) ;
#4477 = EDGE_CURVE ( 'NONE', #2470, #2097, #4510, .T. ) ;
#4478 = B_SPLINE_SURFACE_WITH_KNOTS ( 'NONE', 1, 3, ( 
 ( #6127, #981, #2062, #5169 ),
 ( #1596, #4212, #376, #410 ) ),
 .UNSPECIFIED., .F., .F., .F.,
 ( 2, 2 ),
 ( 4, 4 ),
 ( 0.000000000000000000, 1.000000000000000000 ),
 ( 0.000000000000000000, 1.000000000000000000 ),
 .UNSPECIFIED. ) ;
#4479 = CARTESIAN_POINT ( 'NONE',  ( -0.3738098015867823420, 5.042431747600785386, -2.592665626509972565 ) ) ;
#4480 = ORIENTED_EDGE ( 'NONE', *, *, #1929, .F. ) ;
#4481 = ORIENTED_EDGE ( 'NONE', *, *, #5393, .T. ) ;
#4482 = COLOUR_RGB ( '',0.6039215686274509443, 0.6039215686274509443, 0.6039215686274509443 ) ;
#4483 = CARTESIAN_POINT ( 'NONE',  ( -0.5354548301088432050, 4.633214198592940036, -2.563426892943128976 ) ) ;
#4484 = CARTESIAN_POINT ( 'NONE',  ( -2.539999999999999591, 3.324448422829183514, 1.656377505005771189 ) ) ;
#4485 = CARTESIAN_POINT ( 'NONE',  ( 2.540000000000000036, -4.001000000000000334, 1.124999999999998224 ) ) ;
#4486 = CARTESIAN_POINT ( 'NONE',  ( 2.615000000000000657, -3.500000000000000000, 0.7499999999999982236 ) ) ;
#4487 = ORIENTED_EDGE ( 'NONE', *, *, #2335, .F. ) ;
#4488 = VECTOR ( 'NONE', #387, 1000.000000000000000 ) ;
#4489 = FILL_AREA_STYLE_COLOUR ( '', #4440 ) ;
#4490 = ORIENTED_EDGE ( 'NONE', *, *, #5727, .T. ) ;
#4491 = CARTESIAN_POINT ( 'NONE',  ( -1.561673840858998297, 6.040193509714552711, -2.460803442399658092 ) ) ;
#4492 = SURFACE_STYLE_FILL_AREA ( #2937 ) ;
#4493 = UNCERTAINTY_MEASURE_WITH_UNIT (LENGTH_MEASURE( 1.000000000000000082E-05 ), #1778, 'distance_accuracy_value', 'NONE');
#4494 = STYLED_ITEM ( 'NONE', ( #3688 ), #691 ) ;
#4495 = CARTESIAN_POINT ( 'NONE',  ( -2.540000000000000036, 7.516026752010046330, -1.631540635326032662 ) ) ;
#4496 = EDGE_CURVE ( 'NONE', #1925, #4251, #1190, .T. ) ;
#4497 = CARTESIAN_POINT ( 'NONE',  ( -2.540000000000000036, 0.000000000000000000, 9.331808609502830990E-16 ) ) ;
#4498 = DIRECTION ( 'NONE',  ( 0.000000000000000000, 1.000000000000000000, 0.000000000000000000 ) ) ;
#4499 = DIRECTION ( 'NONE',  ( 0.000000000000000000, -0.9113259857226829741, -0.4116854961576618677 ) ) ;
#4500 = FACE_OUTER_BOUND ( 'NONE', #3935, .T. ) ;
#4501 =( GEOMETRIC_REPRESENTATION_CONTEXT ( 3 ) GLOBAL_UNCERTAINTY_ASSIGNED_CONTEXT ( ( #827 ) ) GLOBAL_UNIT_ASSIGNED_CONTEXT ( ( #5398, #1241, #3819 ) ) REPRESENTATION_CONTEXT ( 'NONE', 'WORKASPACE' ) );
#4502 = ORIENTED_EDGE ( 'NONE', *, *, #4496, .T. ) ;
#4503 = CARTESIAN_POINT ( 'NONE',  ( -0.6121312144316478632, 6.529224769425328034, -2.162628963877911481 ) ) ;
#4504 = EDGE_CURVE ( 'NONE', #6509, #2640, #526, .T. ) ;
#4505 = LINE ( 'NONE', #4052, #6401 ) ;
#4506 = FACE_OUTER_BOUND ( 'NONE', #6050, .T. ) ;
#4507 = FACE_OUTER_BOUND ( 'NONE', #3659, .T. ) ;
#4508 = CARTESIAN_POINT ( 'NONE',  ( 1.055946436993688620, 3.996717597902167185, -2.347182614856200278 ) ) ;
#4509 = CARTESIAN_POINT ( 'NONE',  ( 0.5814634931234334836, 3.596467314099585089, -2.041499132873864752 ) ) ;
#4510 = B_SPLINE_CURVE_WITH_KNOTS ( 'NONE', 3,
 ( #6702, #1940, #4055, #927 ),
 .UNSPECIFIED., .F., .F.,
 ( 4, 4 ),
 ( 0.000000000000000000, 1.000000000000000000 ),
 .UNSPECIFIED. ) ;
#4511 = PRESENTATION_LAYER_ASSIGNMENT (  '', '', ( #1964 ) ) ;
#4512 = ORIENTED_EDGE ( 'NONE', *, *, #4077, .T. ) ;
#4513 = CARTESIAN_POINT ( 'NONE',  ( 2.540000000000000480, 0.1499999999999997169, 2.642896323400710124 ) ) ;
#4514 = VERTEX_POINT ( 'NONE', #1610 ) ;
#4515 = PRESENTATION_LAYER_ASSIGNMENT (  '', '', ( #5849 ) ) ;
#4516 = CARTESIAN_POINT ( 'NONE',  ( 2.445278161538850803, 5.609476576732736142, 2.551837906913883014 ) ) ;
#4517 = VECTOR ( 'NONE', #5051, 1000.000000000000114 ) ;
#4518 = CARTESIAN_POINT ( 'NONE',  ( 2.540000000000000480, 2.943255674241489483, 1.581703645010259063 ) ) ;
#4519 = FACE_OUTER_BOUND ( 'NONE', #5353, .T. ) ;
#4520 = PRESENTATION_LAYER_ASSIGNMENT (  '', '', ( #3440 ) ) ;
#4521 = VERTEX_POINT ( 'NONE', #3652 ) ;
#4522 = CARTESIAN_POINT ( 'NONE',  ( -1.429195568582090514, 6.223446103405793295, -2.386568987049576762 ) ) ;
#4523 = CARTESIAN_POINT ( 'NONE',  ( 0.4600781757444046827, 4.601134866100037968, -2.556750720620881268 ) ) ;
#4524 = ORIENTED_EDGE ( 'NONE', *, *, #1612, .T. ) ;
#4525 = CARTESIAN_POINT ( 'NONE',  ( 0.5032844429057964364, 4.611305682551883223, -2.507794784704894475 ) ) ;
#4526 = FILL_AREA_STYLE_COLOUR ( '', #19 ) ;
#4527 = COLOUR_RGB ( '',0.6039215686274509443, 0.6039215686274509443, 0.6039215686274509443 ) ;
#4528 = FILL_AREA_STYLE ('',( #3447 ) ) ;
#4529 = AXIS2_PLACEMENT_3D ( 'NONE', #288, #913, #6584 ) ;
#4530 = CARTESIAN_POINT ( 'NONE',  ( 2.540000000000000036, 7.516026752010046330, -1.631540635326034216 ) ) ;
#4531 = COLOUR_RGB ( '',0.6039215686274509443, 0.6039215686274509443, 0.6039215686274509443 ) ;
#4532 = EDGE_CURVE ( 'NONE', #1674, #4389, #6371, .T. ) ;
#4533 = CARTESIAN_POINT ( 'NONE',  ( 2.340000000000000302, 4.724339035756187855, 2.580123590745030171 ) ) ;
#4534 = FILL_AREA_STYLE ('',( #2843 ) ) ;
#4535 = SURFACE_STYLE_USAGE ( .BOTH. , #2426 ) ;
#4536 = ORIENTED_EDGE ( 'NONE', *, *, #4262, .T. ) ;
#4537 =( NAMED_UNIT ( * ) SI_UNIT ( $, .STERADIAN. ) SOLID_ANGLE_UNIT ( ) );
#4538 = CIRCLE ( 'NONE', #6203, 2.464999999999999858 ) ;
#4539 =( NAMED_UNIT ( * ) SI_UNIT ( $, .STERADIAN. ) SOLID_ANGLE_UNIT ( ) );
#4540 = ORIENTED_EDGE ( 'NONE', *, *, #1445, .F. ) ;
#4541 = CARTESIAN_POINT ( 'NONE',  ( -0.7966670292812415566, 3.855131430563913497, -2.214902359310609192 ) ) ;
#4542 = ADVANCED_FACE ( 'NONE', ( #4663 ), #2336, .T. ) ;
#4543 = DIRECTION ( 'NONE',  ( -1.000000000000000000, -0.000000000000000000, 0.000000000000000000 ) ) ;
#4544 = CARTESIAN_POINT ( 'NONE',  ( -2.215000000000000746, 0.1499999999999999944, -0.7499999999999982236 ) ) ;
#4545 = ORIENTED_EDGE ( 'NONE', *, *, #5082, .F. ) ;
#4546 = CARTESIAN_POINT ( 'NONE',  ( -2.539999999999999591, 7.415204580369008092, 1.597370737635540827 ) ) ;
#4547 = AXIS2_PLACEMENT_3D ( 'NONE', #6541, #4921, #4892 ) ;
#4548 = ORIENTED_EDGE ( 'NONE', *, *, #4975, .F. ) ;
#4549 = SURFACE_STYLE_USAGE ( .BOTH. , #3570 ) ;
#4550 = CARTESIAN_POINT ( 'NONE',  ( -2.540000000000000036, 2.943255674241489483, -1.581703645010258619 ) ) ;
#4551 = CARTESIAN_POINT ( 'NONE',  ( 0.5111350339862094083, 4.647383885489458244, -2.566242786923000008 ) ) ;
#4552 = SURFACE_STYLE_FILL_AREA ( #4019 ) ;
#4553 = UNCERTAINTY_MEASURE_WITH_UNIT (LENGTH_MEASURE( 1.000000000000000082E-05 ), #585, 'distance_accuracy_value', 'NONE');
#4554 =( LENGTH_UNIT ( ) NAMED_UNIT ( * ) SI_UNIT ( .MILLI., .METRE. ) );
#4555 = SURFACE_SIDE_STYLE ('',( #3641 ) ) ;
#4556 = PRESENTATION_LAYER_ASSIGNMENT (  '', '', ( #3687 ) ) ;
#4557 = EDGE_CURVE ( 'NONE', #4251, #3046, #5814, .T. ) ;
#4558 = ADVANCED_FACE ( 'NONE', ( #5714, #3089 ), #5192, .T. ) ;
#4559 = FILL_AREA_STYLE ('',( #2452 ) ) ;
#4560 = LINE ( 'NONE', #380, #2964 ) ;
#4561 = CARTESIAN_POINT ( 'NONE',  ( -2.539999999999999591, 7.546404284867462842, 1.645263485197932418 ) ) ;
#4562 =( NAMED_UNIT ( * ) PLANE_ANGLE_UNIT ( ) SI_UNIT ( $, .RADIAN. ) );
#4563 = ORIENTED_EDGE ( 'NONE', *, *, #5259, .T. ) ;
#4564 = PRESENTATION_STYLE_ASSIGNMENT (( #1381 ) ) ;
#4565 = DIRECTION ( 'NONE',  ( -1.000000000000000000, 0.000000000000000000, -0.000000000000000000 ) ) ;
#4566 = UNCERTAINTY_MEASURE_WITH_UNIT (LENGTH_MEASURE( 1.000000000000000082E-05 ), #6143, 'distance_accuracy_value', 'NONE');
#4567 = CARTESIAN_POINT ( 'NONE',  ( 1.548736786268210208, 4.751076427187919116, -2.535822481890889435 ) ) ;
#4568 = CARTESIAN_POINT ( 'NONE',  ( 2.540000000000000480, 5.150000000000000355, 0.000000000000000000 ) ) ;
#4569 = CARTESIAN_POINT ( 'NONE',  ( 2.540000000000000480, 0.3250000000000000111, 2.642896323400713676 ) ) ;
#4570 = ORIENTED_EDGE ( 'NONE', *, *, #654, .T. ) ;
#4571 = LINE ( 'NONE', #4063, #2476 ) ;
#4572 = EDGE_CURVE ( 'NONE', #6554, #3395, #4908, .T. ) ;
#4573 = ORIENTED_EDGE ( 'NONE', *, *, #4504, .T. ) ;
#4574 = PLANE ( 'NONE',  #2671 ) ;
#4575 = CIRCLE ( 'NONE', #4472, 2.464999999999999414 ) ;
#4576 = FACE_OUTER_BOUND ( 'NONE', #5417, .T. ) ;
#4577 = CARTESIAN_POINT ( 'NONE',  ( -1.045248303368349951, 3.764937976094217209, -2.218306548869574790 ) ) ;
#4578 = FILL_AREA_STYLE ('',( #5725 ) ) ;
#4579 = DIRECTION ( 'NONE',  ( 1.000000000000000000, 0.000000000000000000, 0.000000000000000000 ) ) ;
#4580 = ORIENTED_EDGE ( 'NONE', *, *, #4676, .T. ) ;
#4581 = FILL_AREA_STYLE_COLOUR ( '', #6246 ) ;
#4582 = EDGE_CURVE ( 'NONE', #5090, #3704, #6508, .T. ) ;
#4583 = CARTESIAN_POINT ( 'NONE',  ( -2.615000000000000657, 0.1499999999999999944, 0.7499999999999990008 ) ) ;
#4584 = PRESENTATION_STYLE_ASSIGNMENT (( #3509 ) ) ;
#4585 = CARTESIAN_POINT ( 'NONE',  ( 0.000000000000000000, 0.02500000000000000486, -0.1500000000000000222 ) ) ;
#4586 = CARTESIAN_POINT ( 'NONE',  ( 2.390000000000000568, 5.359476576732735253, 0.7856227993794330233 ) ) ;
#4587 = ORIENTED_EDGE ( 'NONE', *, *, #452, .T. ) ;
#4588 = DIRECTION ( 'NONE',  ( -1.000000000000000000, -0.000000000000000000, 3.673940397442059375E-16 ) ) ;
#4589 = STYLED_ITEM ( 'NONE', ( #464 ), #3111 ) ;
#4590 = CARTESIAN_POINT ( 'NONE',  ( 2.540000000000000036, 0.000000000000000000, 1.124999999999998224 ) ) ;
#4591 = ADVANCED_FACE ( 'NONE', ( #1685 ), #2184, .T. ) ;
#4592 = CARTESIAN_POINT ( 'NONE',  ( -2.539999999999999147, 7.350297063655141905, -1.556692173267428592 ) ) ;
#4593 = EDGE_CURVE ( 'NONE', #2827, #6830, #3966, .T. ) ;
#4594 = CARTESIAN_POINT ( 'NONE',  ( 2.539999999999999591, 0.3250000000000000111, -2.642896323400714564 ) ) ;
#4595 = LINE ( 'NONE', #6629, #1166 ) ;
#4596 = VERTEX_POINT ( 'NONE', #2224 ) ;
#4597 =( GEOMETRIC_REPRESENTATION_CONTEXT ( 3 ) GLOBAL_UNCERTAINTY_ASSIGNED_CONTEXT ( ( #1431 ) ) GLOBAL_UNIT_ASSIGNED_CONTEXT ( ( #5289, #5185, #3984 ) ) REPRESENTATION_CONTEXT ( 'NONE', 'WORKASPACE' ) );
#4598 = CARTESIAN_POINT ( 'NONE',  ( 0.7071027863901993005, 6.496291672259403960, -2.183643630978212791 ) ) ;
#4599 = DIRECTION ( 'NONE',  ( -3.673940397442059375E-16, 0.000000000000000000, -1.000000000000000000 ) ) ;
#4600 =( LENGTH_UNIT ( ) NAMED_UNIT ( * ) SI_UNIT ( .MILLI., .METRE. ) );
#4601 = DIRECTION ( 'NONE',  ( -0.000000000000000000, 1.000000000000000000, -0.000000000000000000 ) ) ;
#4602 = CARTESIAN_POINT ( 'NONE',  ( 1.282654434417815459, 4.216673387015131169, -2.393702144257034981 ) ) ;
#4603 = CARTESIAN_POINT ( 'NONE',  ( 2.540000000000000480, 7.282338214665561082, 1.537836191761080773 ) ) ;
#4604 = CIRCLE ( 'NONE', #5830, 0.3999999999999999667 ) ;
#4605 = ORIENTED_EDGE ( 'NONE', *, *, #6187, .F. ) ;
#4606 = SURFACE_STYLE_FILL_AREA ( #2927 ) ;
#4607 = CIRCLE ( 'NONE', #1615, 1.301549732019052774 ) ;
#4608 = ORIENTED_EDGE ( 'NONE', *, *, #6405, .F. ) ;
#4609 = DIRECTION ( 'NONE',  ( 0.000000000000000000, 0.000000000000000000, 1.000000000000000000 ) ) ;
#4610 = COLOUR_RGB ( '',0.6039215686274509443, 0.6039215686274509443, 0.6039215686274509443 ) ;
#4611 = CARTESIAN_POINT ( 'NONE',  ( -2.539999999999999591, 5.150000000000000355, 0.000000000000000000 ) ) ;
#4612 = FACE_OUTER_BOUND ( 'NONE', #6580, .T. ) ;
#4613 = PRESENTATION_STYLE_ASSIGNMENT (( #373 ) ) ;
#4614 = VECTOR ( 'NONE', #5261, 1000.000000000000000 ) ;
#4615 =( NAMED_UNIT ( * ) SI_UNIT ( $, .STERADIAN. ) SOLID_ANGLE_UNIT ( ) );
#4616 = DIRECTION ( 'NONE',  ( 0.000000000000000000, 0.000000000000000000, 1.000000000000000000 ) ) ;
#4617 = DIRECTION ( 'NONE',  ( 1.000000000000000000, 0.000000000000000000, -3.673940397442059375E-16 ) ) ;
#4618 = CARTESIAN_POINT ( 'NONE',  ( -4.500000000000000000, 2.464999999999998526, 0.000000000000000000 ) ) ;
#4619 = ADVANCED_FACE ( 'NONE', ( #5918 ), #2257, .F. ) ;
#4620 = CIRCLE ( 'NONE', #1865, 2.464999999999998970 ) ;
#4621 = ORIENTED_EDGE ( 'NONE', *, *, #2719, .F. ) ;
#4622 = CARTESIAN_POINT ( 'NONE',  ( 1.496716327665926771, 5.715822691402169475, -2.553532743545266381 ) ) ;
#4623 = CARTESIAN_POINT ( 'NONE',  ( -9.329128784747791059, -1.142488770507482087E-15, 0.000000000000000000 ) ) ;
#4624 =( GEOMETRIC_REPRESENTATION_CONTEXT ( 3 ) GLOBAL_UNCERTAINTY_ASSIGNED_CONTEXT ( ( #4279 ) ) GLOBAL_UNIT_ASSIGNED_CONTEXT ( ( #6402, #4867, #520 ) ) REPRESENTATION_CONTEXT ( 'NONE', 'WORKASPACE' ) );
#4625 = AXIS2_PLACEMENT_3D ( 'NONE', #295, #2912, #2422 ) ;
#4626 = CARTESIAN_POINT ( 'NONE',  ( -2.540000000000000036, 7.332316474780122384, -1.550044293084921865 ) ) ;
#4627 = DIRECTION ( 'NONE',  ( -1.000000000000000000, -0.000000000000000000, 3.673940397442059375E-16 ) ) ;
#4628 = CARTESIAN_POINT ( 'NONE',  ( 2.615000000000000213, 0.1499999999999999944, -0.7499999999999991118 ) ) ;
#4629 = ORIENTED_EDGE ( 'NONE', *, *, #334, .F. ) ;
#4630 = SURFACE_SIDE_STYLE ('',( #1912 ) ) ;
#4631 = STYLED_ITEM ( 'NONE', ( #947 ), #6041 ) ;
#4632 = CARTESIAN_POINT ( 'NONE',  ( -0.6879592000283073494, 6.708240347417466332, -2.100026671183081284 ) ) ;
#4633 = B_SPLINE_CURVE_WITH_KNOTS ( 'NONE', 3,
 ( #6567, #240, #4479, #6048 ),
 .UNSPECIFIED., .F., .F.,
 ( 4, 4 ),
 ( 0.000000000000000000, 1.000000000000000000 ),
 .UNSPECIFIED. ) ;
#4634 = DIRECTION ( 'NONE',  ( 0.000000000000000000, 0.000000000000000000, -1.000000000000000000 ) ) ;
#4635 = CARTESIAN_POINT ( 'NONE',  ( -2.540000000000000480, 0.000000000000000000, -0.7499999999999981126 ) ) ;
#4636 = CARTESIAN_POINT ( 'NONE',  ( -0.2122490604903884137, 6.620236975235623156, -2.101909752545034760 ) ) ;
#4637 = CARTESIAN_POINT ( 'NONE',  ( -2.539999999999999591, 7.379327854151634725, 1.569787810902360636 ) ) ;
#4638 = COLOUR_RGB ( '',0.6039215686274509443, 0.6039215686274509443, 0.6039215686274509443 ) ;
#4639 = EDGE_LOOP ( 'NONE', ( #247 ) ) ;
#4640 = CARTESIAN_POINT ( 'NONE',  ( 2.540000000000000480, 7.527386901043757739, 1.691515034104493775 ) ) ;
#4641 = CARTESIAN_POINT ( 'NONE',  ( 9.350000000000001421, 0.02499999999999885994, 0.1499999999999999667 ) ) ;
#4642 =( LENGTH_UNIT ( ) NAMED_UNIT ( * ) SI_UNIT ( .MILLI., .METRE. ) );
#4643 = EDGE_LOOP ( 'NONE', ( #3530, #6016, #6599, #3942 ) ) ;
#4644 = PLANE ( 'NONE',  #3132 ) ;
#4645 = DIRECTION ( 'NONE',  ( 1.000000000000000000, 0.000000000000000000, 0.000000000000000000 ) ) ;
#4646 =( LENGTH_UNIT ( ) NAMED_UNIT ( * ) SI_UNIT ( .MILLI., .METRE. ) );
#4647 = PRESENTATION_STYLE_ASSIGNMENT (( #2442 ) ) ;
#4648 = CARTESIAN_POINT ( 'NONE',  ( 0.4466595336674702432, 4.624038539803104975, -2.561559982195917407 ) ) ;
#4649 = DIRECTION ( 'NONE',  ( 0.000000000000000000, 0.4116854961576626448, 0.9113259857226826410 ) ) ;
#4650 = COLOUR_RGB ( '',0.7058823529411764053, 0.7058823529411764053, 0.7058823529411764053 ) ;
#4651 = VERTEX_POINT ( 'NONE', #6194 ) ;
#4652 = CARTESIAN_POINT ( 'NONE',  ( 0.4466595336674702432, 4.624038539803104975, -2.561559982195917407 ) ) ;
#4653 = PLANE ( 'NONE',  #4399 ) ;
#4654 = EDGE_CURVE ( 'NONE', #6241, #5640, #2948, .T. ) ;
#4655 = CARTESIAN_POINT ( 'NONE',  ( -0.4672338650412969363, 4.624300608455638617, -2.561613778408034836 ) ) ;
#4656 = MECHANICAL_DESIGN_GEOMETRIC_PRESENTATION_REPRESENTATION (  '', ( #3797 ), #1341 ) ;
#4657 = SURFACE_SIDE_STYLE ('',( #3551 ) ) ;
#4658 = LINE ( 'NONE', #5254, #277 ) ;
#4659 = ORIENTED_EDGE ( 'NONE', *, *, #127, .T. ) ;
#4660 = SURFACE_SIDE_STYLE ('',( #5224 ) ) ;
#4661 = AXIS2_PLACEMENT_3D ( 'NONE', #2252, #4393, #1645 ) ;
#4662 = CARTESIAN_POINT ( 'NONE',  ( 2.351340497701882359, 5.609476576732736142, 2.401230667677667352 ) ) ;
#4663 = FACE_OUTER_BOUND ( 'NONE', #2761, .T. ) ;
#4664 = EDGE_CURVE ( 'NONE', #3949, #1866, #4045, .T. ) ;
#4665 =( LENGTH_UNIT ( ) NAMED_UNIT ( * ) SI_UNIT ( .MILLI., .METRE. ) );
#4666 = CARTESIAN_POINT ( 'NONE',  ( 0.5148804987350159568, 4.643095380264202099, -2.514412994416491021 ) ) ;
#4667 = CARTESIAN_POINT ( 'NONE',  ( -1.599935377850848717, 4.948944743675636637, -2.565311698042228361 ) ) ;
#4668 = CARTESIAN_POINT ( 'NONE',  ( 2.540000000000000480, 7.095961269702384833, 1.555351096021627466 ) ) ;
#4669 = VECTOR ( 'NONE', #4268, 1000.000000000000000 ) ;
#4670 = ORIENTED_EDGE ( 'NONE', *, *, #4532, .F. ) ;
#4671 = MECHANICAL_DESIGN_GEOMETRIC_PRESENTATION_REPRESENTATION (  '', ( #6349 ), #6805 ) ;
#4672 = PRESENTATION_STYLE_ASSIGNMENT (( #1983 ) ) ;
#4673 = ORIENTED_EDGE ( 'NONE', *, *, #1494, .F. ) ;
#4674 = CARTESIAN_POINT ( 'NONE',  ( 2.540000000000000036, 7.229987355011609829, -1.527099229765248589 ) ) ;
#4675 = PRESENTATION_STYLE_ASSIGNMENT (( #5655 ) ) ;
#4676 = EDGE_CURVE ( 'NONE', #6773, #219, #1304, .T. ) ;
#4677 = FILL_AREA_STYLE ('',( #1949 ) ) ;
#4678 = CARTESIAN_POINT ( 'NONE',  ( -1.352085066188925655, 4.002708170951908784, -2.351331303769612191 ) ) ;
#4679 =( GEOMETRIC_REPRESENTATION_CONTEXT ( 3 ) GLOBAL_UNCERTAINTY_ASSIGNED_CONTEXT ( ( #4566 ) ) GLOBAL_UNIT_ASSIGNED_CONTEXT ( ( #6143, #5091, #365 ) ) REPRESENTATION_CONTEXT ( 'NONE', 'WORKASPACE' ) );
#4680 = ORIENTED_EDGE ( 'NONE', *, *, #5818, .F. ) ;
#4681 = CARTESIAN_POINT ( 'NONE',  ( -2.165000000000000480, 0.000000000000000000, -0.7499999999999983347 ) ) ;
#4682 = DIRECTION ( 'NONE',  ( -3.673940397442059375E-16, 0.000000000000000000, -1.000000000000000000 ) ) ;
#4683 = CARTESIAN_POINT ( 'NONE',  ( -0.02681097074860014015, 5.866461917850104513, -2.514937215362846867 ) ) ;
#4684 = SHAPE_DEFINITION_REPRESENTATION ( #5415, #6150 ) ;
#4685 =( GEOMETRIC_REPRESENTATION_CONTEXT ( 3 ) GLOBAL_UNCERTAINTY_ASSIGNED_CONTEXT ( ( #1580 ) ) GLOBAL_UNIT_ASSIGNED_CONTEXT ( ( #1364, #3071, #4139 ) ) REPRESENTATION_CONTEXT ( 'NONE', 'WORKASPACE' ) );
#4686 = CYLINDRICAL_SURFACE ( 'NONE', #5834, 2.615000000000000213 ) ;
#4687 = ORIENTED_EDGE ( 'NONE', *, *, #4593, .T. ) ;
#4688 = DIRECTION ( 'NONE',  ( -3.673940397442059375E-16, 0.000000000000000000, -1.000000000000000000 ) ) ;
#4689 = ORIENTED_EDGE ( 'NONE', *, *, #5853, .T. ) ;
#4690 =( NAMED_UNIT ( * ) PLANE_ANGLE_UNIT ( ) SI_UNIT ( $, .RADIAN. ) );
#4691 = UNCERTAINTY_MEASURE_WITH_UNIT (LENGTH_MEASURE( 1.000000000000000082E-05 ), #5421, 'distance_accuracy_value', 'NONE');
#4692 = CARTESIAN_POINT ( 'NONE',  ( 2.351756264445993949, 4.724339035756187855, 2.406293554431107040 ) ) ;
#4693 = VECTOR ( 'NONE', #100, 1000.000000000000000 ) ;
#4694 = FILL_AREA_STYLE_COLOUR ( '', #3332 ) ;
#4695 = DIRECTION ( 'NONE',  ( -1.000000000000000000, 1.224646799147353454E-16, 0.000000000000000000 ) ) ;
#4696 = ORIENTED_EDGE ( 'NONE', *, *, #3747, .F. ) ;
#4697 = CARTESIAN_POINT ( 'NONE',  ( 0.9768643604664227764, 3.958843026890497718, -2.272375579188048889 ) ) ;
#4698 = CARTESIAN_POINT ( 'NONE',  ( 2.540000000000000480, 5.150000000000000355, 0.000000000000000000 ) ) ;
#4699 = STYLED_ITEM ( 'NONE', ( #3274 ), #3110 ) ;
#4700 = CARTESIAN_POINT ( 'NONE',  ( 0.05478370789997689949, 5.836407694460619133, -2.523308280700365724 ) ) ;
#4701 = SURFACE_STYLE_USAGE ( .BOTH. , #3748 ) ;
#4702 = UNCERTAINTY_MEASURE_WITH_UNIT (LENGTH_MEASURE( 1.000000000000000082E-05 ), #3202, 'distance_accuracy_value', 'NONE');
#4703 = PRESENTATION_STYLE_ASSIGNMENT (( #3591 ) ) ;
#4704 = AXIS2_PLACEMENT_3D ( 'NONE', #1660, #2302, #648 ) ;
#4705 = EDGE_CURVE ( 'NONE', #6225, #590, #1831, .T. ) ;
#4706 = ORIENTED_EDGE ( 'NONE', *, *, #1267, .F. ) ;
#4707 = SURFACE_STYLE_FILL_AREA ( #5654 ) ;
#4708 = FILL_AREA_STYLE_COLOUR ( '', #4610 ) ;
#4709 = VERTEX_POINT ( 'NONE', #5008 ) ;
#4710 = PRESENTATION_STYLE_ASSIGNMENT (( #1006 ) ) ;
#4711 = CARTESIAN_POINT ( 'NONE',  ( 0.7984791808302404981, 6.480698114622867045, -2.251863443902458961 ) ) ;
#4712 = CARTESIAN_POINT ( 'NONE',  ( -1.614761347120431401, 5.940535452564732921, -2.493182178071638777 ) ) ;
#4713 =( NAMED_UNIT ( * ) PLANE_ANGLE_UNIT ( ) SI_UNIT ( $, .RADIAN. ) );
#4714 = FACE_OUTER_BOUND ( 'NONE', #6539, .T. ) ;
#4715 = SURFACE_STYLE_USAGE ( .BOTH. , #5870 ) ;
#4716 = VECTOR ( 'NONE', #1505, 1000.000000000000000 ) ;
#4717 = DIRECTION ( 'NONE',  ( 0.000000000000000000, -1.000000000000000000, 0.000000000000000000 ) ) ;
#4718 = VECTOR ( 'NONE', #3389, 1000.000000000000000 ) ;
#4719 = SHAPE_DEFINITION_REPRESENTATION ( #2826, #4110 ) ;
#4720 = ORIENTED_EDGE ( 'NONE', *, *, #4428, .T. ) ;
#4721 = CARTESIAN_POINT ( 'NONE',  ( -2.540000000000000036, 7.379327854151634725, -1.569787810902359748 ) ) ;
#4722 = ORIENTED_EDGE ( 'NONE', *, *, #1840, .T. ) ;
#4723 = COLOUR_RGB ( '',0.6039215686274509443, 0.6039215686274509443, 0.6039215686274509443 ) ;
#4724 = PLANE ( 'NONE',  #2736 ) ;
#4725 = DIRECTION ( 'NONE',  ( 0.000000000000000000, -0.000000000000000000, 1.000000000000000000 ) ) ;
#4726 = CARTESIAN_POINT ( 'NONE',  ( -2.540000000000000036, 7.095961269702384833, -1.555351096021626578 ) ) ;
#4727 = DIRECTION ( 'NONE',  ( -1.000000000000000000, -0.000000000000000000, -0.000000000000000000 ) ) ;
#4728 = COLOUR_RGB ( '',0.6039215686274509443, 0.6039215686274509443, 0.6039215686274509443 ) ;
#4729 = ORIENTED_EDGE ( 'NONE', *, *, #5030, .T. ) ;
#4730 = CARTESIAN_POINT ( 'NONE',  ( -1.477431716038069442, 5.750792739994564862, -2.493646543431891960 ) ) ;
#4731 = CARTESIAN_POINT ( 'NONE',  ( 2.303576126504963906, 5.609476576732736142, 2.421090627678908369 ) ) ;
#4732 = EDGE_CURVE ( 'NONE', #4996, #6178, #817, .T. ) ;
#4733 =( GEOMETRIC_REPRESENTATION_CONTEXT ( 3 ) GLOBAL_UNCERTAINTY_ASSIGNED_CONTEXT ( ( #6436 ) ) GLOBAL_UNIT_ASSIGNED_CONTEXT ( ( #4979, #1408, #4539 ) ) REPRESENTATION_CONTEXT ( 'NONE', 'WORKASPACE' ) );
#4734 = SURFACE_STYLE_USAGE ( .BOTH. , #3684 ) ;
#4735 = DIRECTION ( 'NONE',  ( 1.966535401401895110E-16, -0.000000000000000000, 1.000000000000000000 ) ) ;
#4736 = DIRECTION ( 'NONE',  ( 0.000000000000000000, 0.7456420435382390410, 0.6663467137370144844 ) ) ;
#4737 = B_SPLINE_CURVE_WITH_KNOTS ( 'NONE', 3,
 ( #5093, #1456, #4674, #1984, #3501, #1391 ),
 .UNSPECIFIED., .F., .F.,
 ( 4, 2, 4 ),
 ( 0.000000000000000000, 0.5000000000000000000, 1.000000000000000000 ),
 .UNSPECIFIED. ) ;
#4738 = SURFACE_STYLE_USAGE ( .BOTH. , #6343 ) ;
#4739 = SURFACE_STYLE_USAGE ( .BOTH. , #1551 ) ;
#4740 = ORIENTED_EDGE ( 'NONE', *, *, #536, .F. ) ;
#4741 = MECHANICAL_DESIGN_GEOMETRIC_PRESENTATION_REPRESENTATION (  '', ( #4437 ), #5636 ) ;
#4742 = EDGE_CURVE ( 'NONE', #3348, #4946, #6163, .T. ) ;
#4743 = CARTESIAN_POINT ( 'NONE',  ( -1.706838109573430851, 4.589006589160374183, -2.505176107223655801 ) ) ;
#4744 = CARTESIAN_POINT ( 'NONE',  ( -2.464999999999999858, -4.000000000000000000, 0.7499999999999988898 ) ) ;
#4745 = CARTESIAN_POINT ( 'NONE',  ( -1.184533590096717548, 3.883702409134035527, -2.230927656758830757 ) ) ;
#4746 = SURFACE_STYLE_FILL_AREA ( #5898 ) ;
#4747 = VERTEX_POINT ( 'NONE', #6697 ) ;
#4748 = LINE ( 'NONE', #6386, #5913 ) ;
#4749 = VECTOR ( 'NONE', #1661, 1000.000000000000114 ) ;
#4750 = DIRECTION ( 'NONE',  ( -1.000000000000000000, 0.000000000000000000, 3.673940397442059375E-16 ) ) ;
#4751 = CARTESIAN_POINT ( 'NONE',  ( -2.540000000000000480, 0.4006545807089141875, -2.800698048415867447 ) ) ;
#4752 = CARTESIAN_POINT ( 'NONE',  ( 2.539999999999999591, 7.873020145931590719, -2.152517620978590784 ) ) ;
#4753 = DIRECTION ( 'NONE',  ( 1.000000000000000000, 0.000000000000000000, 0.000000000000000000 ) ) ;
#4754 = PRESENTATION_LAYER_ASSIGNMENT (  '', '', ( #4003 ) ) ;
#4755 = ORIENTED_EDGE ( 'NONE', *, *, #6641, .T. ) ;
#4756 = CARTESIAN_POINT ( 'NONE',  ( -2.540000000000000036, 7.299235467949205081, -1.541031095784586080 ) ) ;
#4757 = ORIENTED_EDGE ( 'NONE', *, *, #3134, .F. ) ;
#4758 = EDGE_CURVE ( 'NONE', #5664, #5664, #6062, .T. ) ;
#4759 = CARTESIAN_POINT ( 'NONE',  ( 0.7984791808302404981, 6.480698114622867045, -2.251863443902458961 ) ) ;
#4760 = ORIENTED_EDGE ( 'NONE', *, *, #1532, .T. ) ;
#4761 = CIRCLE ( 'NONE', #5206, 1.964999999999999192 ) ;
#4762 = FACE_OUTER_BOUND ( 'NONE', #1461, .T. ) ;
#4763 =( NAMED_UNIT ( * ) SI_UNIT ( $, .STERADIAN. ) SOLID_ANGLE_UNIT ( ) );
#4764 =( NAMED_UNIT ( * ) SI_UNIT ( $, .STERADIAN. ) SOLID_ANGLE_UNIT ( ) );
#4765 = EDGE_CURVE ( 'NONE', #2966, #1846, #5668, .T. ) ;
#4766 = EDGE_CURVE ( 'NONE', #3746, #1452, #4607, .T. ) ;
#4767 = DIRECTION ( 'NONE',  ( 1.000000000000000000, 0.000000000000000000, 0.000000000000000000 ) ) ;
#4768 = B_SPLINE_CURVE_WITH_KNOTS ( 'NONE', 3,
 ( #5504, #3998, #1875, #6667 ),
 .UNSPECIFIED., .F., .F.,
 ( 4, 4 ),
 ( 0.000000000000000000, 1.000000000000000000 ),
 .UNSPECIFIED. ) ;
#4769 = ORIENTED_EDGE ( 'NONE', *, *, #3241, .F. ) ;
#4770 = DIRECTION ( 'NONE',  ( -1.000000000000000000, -0.000000000000000000, 3.673940397442059375E-16 ) ) ;
#4771 = CARTESIAN_POINT ( 'NONE',  ( 0.04448021402849432898, 5.853671618191946813, -2.518546394802903876 ) ) ;
#4772 = DIRECTION ( 'NONE',  ( 0.000000000000000000, 0.000000000000000000, 1.000000000000000000 ) ) ;
#4773 = SURFACE_STYLE_FILL_AREA ( #4230 ) ;
#4774 = LINE ( 'NONE', #5659, #4749 ) ;
#4775 = ORIENTED_EDGE ( 'NONE', *, *, #5525, .T. ) ;
#4776 = PRESENTATION_STYLE_ASSIGNMENT (( #1002 ) ) ;
#4777 = AXIS2_PLACEMENT_3D ( 'NONE', #4933, #2358, #3991 ) ;
#4778 = CARTESIAN_POINT ( 'NONE',  ( 1.427829721356196790, 6.201373313076399718, -2.340048299086694872 ) ) ;
#4779 = CARTESIAN_POINT ( 'NONE',  ( 2.540000000000000480, 4.724339035756187855, 2.580123590745030171 ) ) ;
#4780 = CARTESIAN_POINT ( 'NONE',  ( 0.8986758921530749733, 6.599901617920093777, -2.116889040777253594 ) ) ;
#4781 = FACE_OUTER_BOUND ( 'NONE', #4098, .T. ) ;
#4782 = SURFACE_SIDE_STYLE ('',( #5374 ) ) ;
#4783 = ADVANCED_FACE ( 'NONE', ( #1965 ), #2981, .F. ) ;
#4784 = CARTESIAN_POINT ( 'NONE',  ( 0.2079307447971177891, 5.447669337386639832, -2.628433307738112568 ) ) ;
#4785 = DIRECTION ( 'NONE',  ( 0.000000000000000000, 0.000000000000000000, -1.000000000000000000 ) ) ;
#4786 = DIRECTION ( 'NONE',  ( 3.673940397442059868E-16, 0.000000000000000000, 1.000000000000000000 ) ) ;
#4787 = CARTESIAN_POINT ( 'NONE',  ( 2.539999999999999591, 7.941858515889400394, -2.336374965640306556 ) ) ;
#4788 = EDGE_CURVE ( 'NONE', #2097, #6709, #1372, .T. ) ;
#4789 =( NAMED_UNIT ( * ) SI_UNIT ( $, .STERADIAN. ) SOLID_ANGLE_UNIT ( ) );
#4790 = PRESENTATION_LAYER_ASSIGNMENT (  '', '', ( #2695 ) ) ;
#4791 = VERTEX_POINT ( 'NONE', #1908 ) ;
#4792 = EDGE_CURVE ( 'NONE', #5823, #5376, #4560, .T. ) ;
#4793 = CARTESIAN_POINT ( 'NONE',  ( 0.8008141517402070919, 3.834586963211929156, -2.260206525466259997 ) ) ;
#4794 = VERTEX_POINT ( 'NONE', #5250 ) ;
#4795 = DIRECTION ( 'NONE',  ( 2.121061702580433871E-16, -0.8165136664911772924, 0.5773261057956192710 ) ) ;
#4796 = DIRECTION ( 'NONE',  ( 0.000000000000000000, 0.000000000000000000, -1.000000000000000000 ) ) ;
#4797 = PRESENTATION_LAYER_ASSIGNMENT (  '', '', ( #2932 ) ) ;
#4798 =( REPRESENTATION_RELATIONSHIP ('NONE','NONE', #4110, #6452 ) REPRESENTATION_RELATIONSHIP_WITH_TRANSFORMATION ( #5245 )SHAPE_REPRESENTATION_RELATIONSHIP( ) );
#4799 = CARTESIAN_POINT ( 'NONE',  ( -2.539999999999999591, 5.150000000000000355, 9.331808609502829018E-16 ) ) ;
#4800 = ORIENTED_EDGE ( 'NONE', *, *, #4169, .T. ) ;
#4801 = ADVANCED_FACE ( 'NONE', ( #2032 ), #4653, .F. ) ;
#4802 =( NAMED_UNIT ( * ) PLANE_ANGLE_UNIT ( ) SI_UNIT ( $, .RADIAN. ) );
#4803 = STYLED_ITEM ( 'NONE', ( #2083 ), #3798 ) ;
#4804 =( NAMED_UNIT ( * ) SI_UNIT ( $, .STERADIAN. ) SOLID_ANGLE_UNIT ( ) );
#4805 = DIRECTION ( 'NONE',  ( -1.000000000000000000, 0.000000000000000000, -0.000000000000000000 ) ) ;
#4806 = COLOUR_RGB ( '',0.6039215686274509443, 0.6039215686274509443, 0.6039215686274509443 ) ;
#4807 = PRESENTATION_STYLE_ASSIGNMENT (( #3498 ) ) ;
#4808 = AXIS2_PLACEMENT_3D ( 'NONE', #4383, #4695, #5986 ) ;
#4809 = CARTESIAN_POINT ( 'NONE',  ( 0.5783320671941941660, 6.714542314232949671, -2.033065587266963181 ) ) ;
#4810 = DIRECTION ( 'NONE',  ( -1.000000000000000000, -0.000000000000000000, -0.000000000000000000 ) ) ;
#4811 = CARTESIAN_POINT ( 'NONE',  ( 1.706708586820754769, 5.720085706920249535, -2.503200237743031131 ) ) ;
#4812 = FILL_AREA_STYLE_COLOUR ( '', #2891 ) ;
#4813 = B_SPLINE_CURVE_WITH_KNOTS ( 'NONE', 3,
 ( #4011, #436, #3100, #1923 ),
 .UNSPECIFIED., .F., .F.,
 ( 4, 4 ),
 ( 0.000000000000000000, 1.000000000000000000 ),
 .UNSPECIFIED. ) ;
#4814 = FILL_AREA_STYLE ('',( #5274 ) ) ;
#4815 = VECTOR ( 'NONE', #313, 1000.000000000000000 ) ;
#4816 = ORIENTED_EDGE ( 'NONE', *, *, #534, .T. ) ;
#4817 = DIRECTION ( 'NONE',  ( -1.588288116102910438E-16, -0.9017241429437475864, -0.4323118897652064585 ) ) ;
#4818 = SURFACE_STYLE_USAGE ( .BOTH. , #1086 ) ;
#4819 =( NAMED_UNIT ( * ) SI_UNIT ( $, .STERADIAN. ) SOLID_ANGLE_UNIT ( ) );
#4820 = CARTESIAN_POINT ( 'NONE',  ( 0.000000000000000000, 0.000000000000000000, 0.000000000000000000 ) ) ;
#4821 = STYLED_ITEM ( 'NONE', ( #2295 ), #4619 ) ;
#4822 = AXIS2_PLACEMENT_3D ( 'NONE', #300, #6670, #2952 ) ;
#4823 = ORIENTED_EDGE ( 'NONE', *, *, #3284, .T. ) ;
#4824 = ORIENTED_EDGE ( 'NONE', *, *, #4353, .F. ) ;
#4825 = VECTOR ( 'NONE', #5518, 1000.000000000000000 ) ;
#4826 = SURFACE_STYLE_FILL_AREA ( #2768 ) ;
#4827 = PRESENTATION_LAYER_ASSIGNMENT (  '', '', ( #5273 ) ) ;
#4828 = SURFACE_STYLE_USAGE ( .BOTH. , #3342 ) ;
#4829 = LINE ( 'NONE', #6476, #2760 ) ;
#4830 = UNCERTAINTY_MEASURE_WITH_UNIT (LENGTH_MEASURE( 1.000000000000000082E-05 ), #6344, 'distance_accuracy_value', 'NONE');
#4831 = ADVANCED_FACE ( 'NONE', ( #5133 ), #4724, .F. ) ;
#4832 = CARTESIAN_POINT ( 'NONE',  ( 2.540000000000000480, 4.574339035756188387, 2.550850731470950983 ) ) ;
#4833 = FILL_AREA_STYLE ('',( #1575 ) ) ;
#4834 = UNCERTAINTY_MEASURE_WITH_UNIT (LENGTH_MEASURE( 1.000000000000000082E-05 ), #6767, 'distance_accuracy_value', 'NONE');
#4835 = ORIENTED_EDGE ( 'NONE', *, *, #3711, .F. ) ;
#4836 = AXIS2_PLACEMENT_3D ( 'NONE', #2194, #5825, #1521 ) ;
#4837 = ORIENTED_EDGE ( 'NONE', *, *, #3162, .T. ) ;
#4838 = FILL_AREA_STYLE ('',( #1652 ) ) ;
#4839 = CARTESIAN_POINT ( 'NONE',  ( 0.5148804987350159568, 4.643095380264202099, -2.514412994416491021 ) ) ;
#4840 = UNCERTAINTY_MEASURE_WITH_UNIT (LENGTH_MEASURE( 1.000000000000000082E-05 ), #4665, 'distance_accuracy_value', 'NONE');
#4841 = DIRECTION ( 'NONE',  ( 0.000000000000000000, 1.000000000000000000, 0.000000000000000000 ) ) ;
#4842 = SURFACE_STYLE_FILL_AREA ( #3752 ) ;
#4843 = SURFACE_STYLE_FILL_AREA ( #6595 ) ;
#4844 = VECTOR ( 'NONE', #3561, 1000.000000000000000 ) ;
#4845 = AXIS2_PLACEMENT_3D ( 'NONE', #6828, #1089, #3777 ) ;
#4846 = SURFACE_SIDE_STYLE ('',( #570 ) ) ;
#4847 =( NAMED_UNIT ( * ) PLANE_ANGLE_UNIT ( ) SI_UNIT ( $, .RADIAN. ) );
#4848 = CARTESIAN_POINT ( 'NONE',  ( 0.2211290491500548794, 5.212717489497143752, -2.630580519525933081 ) ) ;
#4849 = DIRECTION ( 'NONE',  ( 0.000000000000000000, 0.000000000000000000, -1.000000000000000000 ) ) ;
#4850 =( GEOMETRIC_REPRESENTATION_CONTEXT ( 3 ) GLOBAL_UNCERTAINTY_ASSIGNED_CONTEXT ( ( #5542 ) ) GLOBAL_UNIT_ASSIGNED_CONTEXT ( ( #1798, #4027, #2947 ) ) REPRESENTATION_CONTEXT ( 'NONE', 'WORKASPACE' ) );
#4851 = CARTESIAN_POINT ( 'NONE',  ( 1.754762515695847069, 4.695659243561641993, -2.584972493194019894 ) ) ;
#4852 = CARTESIAN_POINT ( 'NONE',  ( 2.539999999999999591, 0.000000000000000000, -0.7499999999999993339 ) ) ;
#4853 = VECTOR ( 'NONE', #2596, 1000.000000000000000 ) ;
#4854 = CARTESIAN_POINT ( 'NONE',  ( 2.540000000000000036, 6.988007637321755894, -1.642544649361743048 ) ) ;
#4855 = CARTESIAN_POINT ( 'NONE',  ( -0.5354548301088427609, 4.643095380264202099, -2.514412994416491021 ) ) ;
#4856 = PRESENTATION_STYLE_ASSIGNMENT (( #4213 ) ) ;
#4857 = ORIENTED_EDGE ( 'NONE', *, *, #2604, .T. ) ;
#4858 = MECHANICAL_DESIGN_GEOMETRIC_PRESENTATION_REPRESENTATION (  '', ( #5988 ), #1893 ) ;
#4859 = SURFACE_STYLE_USAGE ( .BOTH. , #42 ) ;
#4860 = ORIENTED_EDGE ( 'NONE', *, *, #5309, .T. ) ;
#4861 = CARTESIAN_POINT ( 'NONE',  ( 2.310201852399890399, 5.609476576732736142, 2.419699507190093968 ) ) ;
#4862 = CARTESIAN_POINT ( 'NONE',  ( -0.1026655974246883790, 3.655420645209383146, -2.145805728446999350 ) ) ;
#4863 = ORIENTED_EDGE ( 'NONE', *, *, #4875, .T. ) ;
#4864 = SURFACE_STYLE_FILL_AREA ( #3223 ) ;
#4865 = PRESENTATION_LAYER_ASSIGNMENT (  '', '', ( #769 ) ) ;
#4866 =( LENGTH_UNIT ( ) NAMED_UNIT ( * ) SI_UNIT ( .MILLI., .METRE. ) );
#4867 =( NAMED_UNIT ( * ) PLANE_ANGLE_UNIT ( ) SI_UNIT ( $, .RADIAN. ) );
#4868 = STYLED_ITEM ( 'NONE', ( #5272 ), #383 ) ;
#4869 =( NAMED_UNIT ( * ) PLANE_ANGLE_UNIT ( ) SI_UNIT ( $, .RADIAN. ) );
#4870 = VECTOR ( 'NONE', #4111, 1000.000000000000114 ) ;
#4871 = CARTESIAN_POINT ( 'NONE',  ( 0.5111350339862094083, 4.656994136244918536, -2.517175047211279271 ) ) ;
#4872 = SURFACE_STYLE_FILL_AREA ( #5962 ) ;
#4873 = DIRECTION ( 'NONE',  ( 1.000000000000000000, 0.000000000000000000, -3.673940397442059375E-16 ) ) ;
#4874 = CARTESIAN_POINT ( 'NONE',  ( -0.3757375118918828139, 4.858697963709197154, -2.548405015623072423 ) ) ;
#4875 = EDGE_CURVE ( 'NONE', #2542, #2542, #5844, .T. ) ;
#4876 =( NAMED_UNIT ( * ) PLANE_ANGLE_UNIT ( ) SI_UNIT ( $, .RADIAN. ) );
#4877 = ADVANCED_FACE ( 'NONE', ( #159 ), #3257, .T. ) ;
#4878 = B_SPLINE_CURVE_WITH_KNOTS ( 'NONE', 3,
 ( #619, #2796, #5377, #4855 ),
 .UNSPECIFIED., .F., .F.,
 ( 4, 4 ),
 ( 0.000000000000000000, 1.000000000000000000 ),
 .UNSPECIFIED. ) ;
#4879 = EDGE_CURVE ( 'NONE', #873, #3096, #961, .T. ) ;
#4880 = FACE_OUTER_BOUND ( 'NONE', #5345, .T. ) ;
#4881 = CARTESIAN_POINT ( 'NONE',  ( -0.2582958220519667725, 3.669757778232824563, -2.155738603112915541 ) ) ;
#4882 = CARTESIAN_POINT ( 'NONE',  ( 1.800581124373983322, 4.924579508503030389, -2.615577891681654332 ) ) ;
#4883 = CIRCLE ( 'NONE', #6566, 0.3250000000000000111 ) ;
#4884 = DIRECTION ( 'NONE',  ( 0.000000000000000000, -1.000000000000000000, 0.000000000000000000 ) ) ;
#4885 = EDGE_LOOP ( 'NONE', ( #3924, #4354, #2348, #2809 ) ) ;
#4886 = AXIS2_PLACEMENT_3D ( 'NONE', #3743, #596, #1100 ) ;
#4887 = ORIENTED_EDGE ( 'NONE', *, *, #6715, .T. ) ;
#4888 = DIRECTION ( 'NONE',  ( 1.000000000000000000, 0.000000000000000000, -0.000000000000000000 ) ) ;
#4889 = SURFACE_STYLE_FILL_AREA ( #5835 ) ;
#4890 = ADVANCED_FACE ( 'NONE', ( #808 ), #5077, .T. ) ;
#4891 = APPLICATION_CONTEXT ( 'automotive_design' ) ;
#4892 = DIRECTION ( 'NONE',  ( 0.000000000000000000, 0.000000000000000000, -1.000000000000000000 ) ) ;
#4893 = CARTESIAN_POINT ( 'NONE',  ( 0.04448021402849434286, 5.840217093943534721, -2.470390631995964981 ) ) ;
#4894 = FILL_AREA_STYLE ('',( #663 ) ) ;
#4895 = AXIS2_PLACEMENT_3D ( 'NONE', #1853, #2349, #3884 ) ;
#4896 = ORIENTED_EDGE ( 'NONE', *, *, #6208, .T. ) ;
#4897 = EDGE_LOOP ( 'NONE', ( #2858, #2397, #2521, #4348, #5197, #2181 ) ) ;
#4898 = EDGE_LOOP ( 'NONE', ( #1777, #616, #834, #4286 ) ) ;
#4899 = CARTESIAN_POINT ( 'NONE',  ( 0.7089459342378672257, 3.791786566037024020, -2.234748590538716329 ) ) ;
#4900 = EDGE_LOOP ( 'NONE', ( #4938, #2445, #5852, #1620 ) ) ;
#4901 = SURFACE_STYLE_USAGE ( .BOTH. , #4968 ) ;
#4902 = DIRECTION ( 'NONE',  ( 0.000000000000000000, -0.000000000000000000, -1.000000000000000000 ) ) ;
#4903 = UNCERTAINTY_MEASURE_WITH_UNIT (LENGTH_MEASURE( 1.000000000000000082E-05 ), #4128, 'distance_accuracy_value', 'NONE');
#4904 = SURFACE_SIDE_STYLE ('',( #5391 ) ) ;
#4905 = CARTESIAN_POINT ( 'NONE',  ( -2.464999999999999858, -3.500000000000000000, 0.7499999999999990008 ) ) ;
#4906 = UNCERTAINTY_MEASURE_WITH_UNIT (LENGTH_MEASURE( 1.000000000000000082E-05 ), #2614, 'distance_accuracy_value', 'NONE');
#4907 = ORIENTED_EDGE ( 'NONE', *, *, #5942, .T. ) ;
#4908 = LINE ( 'NONE', #1167, #3427 ) ;
#4909 = CARTESIAN_POINT ( 'NONE',  ( -2.464999999999999858, -4.000000000000000000, 0.2499999999999990286 ) ) ;
#4910 = SURFACE_STYLE_USAGE ( .BOTH. , #5403 ) ;
#4911 = ORIENTED_EDGE ( 'NONE', *, *, #5784, .T. ) ;
#4912 = CARTESIAN_POINT ( 'NONE',  ( -2.539999999999999591, 0.4006545807089141875, 2.800698048415868335 ) ) ;
#4913 = EDGE_CURVE ( 'NONE', #6178, #5031, #2416, .T. ) ;
#4914 = CARTESIAN_POINT ( 'NONE',  ( -0.5161221196822095569, 6.589990893700005792, -2.183177960955384300 ) ) ;
#4915 = AXIS2_PLACEMENT_3D ( 'NONE', #4332, #2738, #23 ) ;
#4916 = CARTESIAN_POINT ( 'NONE',  ( -0.04813923592717801042, 5.839232140228245882, -2.470665162029972439 ) ) ;
#4917 = ORIENTED_EDGE ( 'NONE', *, *, #2131, .T. ) ;
#4918 = PRESENTATION_LAYER_ASSIGNMENT (  '', '', ( #4046 ) ) ;
#4919 = CARTESIAN_POINT ( 'NONE',  ( 0.04473900701029601829, 5.853857043730886112, -2.518498817350482533 ) ) ;
#4920 = ORIENTED_EDGE ( 'NONE', *, *, #2240, .T. ) ;
#4921 = DIRECTION ( 'NONE',  ( 1.000000000000000000, 0.000000000000000000, 0.000000000000000000 ) ) ;
#4922 = DIRECTION ( 'NONE',  ( 0.000000000000000000, -1.000000000000000000, -0.000000000000000000 ) ) ;
#4923 =( NAMED_UNIT ( * ) SI_UNIT ( $, .STERADIAN. ) SOLID_ANGLE_UNIT ( ) );
#4924 = AXIS2_PLACEMENT_3D ( 'NONE', #6849, #4199, #2084 ) ;
#4925 = PRESENTATION_LAYER_ASSIGNMENT (  '', '', ( #4050 ) ) ;
#4926 = EDGE_LOOP ( 'NONE', ( #863, #6327, #5552, #2174 ) ) ;
#4927 = DIRECTION ( 'NONE',  ( 1.000000000000000000, 0.000000000000000000, -3.673940397442059375E-16 ) ) ;
#4928 = ORIENTED_EDGE ( 'NONE', *, *, #3063, .F. ) ;
#4929 = CARTESIAN_POINT ( 'NONE',  ( 1.800582616917823398, 4.923983575455570083, -2.615579397359885316 ) ) ;
#4930 = CARTESIAN_POINT ( 'NONE',  ( -1.268596402432607739, 4.197673205294075061, -2.436966050677261908 ) ) ;
#4931 =( NAMED_UNIT ( * ) SI_UNIT ( $, .STERADIAN. ) SOLID_ANGLE_UNIT ( ) );
#4932 = DIRECTION ( 'NONE',  ( 0.000000000000000000, 0.000000000000000000, 1.000000000000000000 ) ) ;
#4933 = CARTESIAN_POINT ( 'NONE',  ( 2.390000000000000568, 5.609476576732736142, 2.574316661841344445 ) ) ;
#4934 = DIRECTION ( 'NONE',  ( 1.000000000000000000, -0.000000000000000000, 0.000000000000000000 ) ) ;
#4935 = STYLED_ITEM ( 'NONE', ( #1205 ), #938 ) ;
#4936 = VECTOR ( 'NONE', #4884, 1000.000000000000000 ) ;
#4937 = DIRECTION ( 'NONE',  ( -1.000000000000000000, -0.000000000000000000, 0.000000000000000000 ) ) ;
#4938 = ORIENTED_EDGE ( 'NONE', *, *, #3858, .F. ) ;
#4939 = STYLED_ITEM ( 'NONE', ( #5999 ), #4591 ) ;
#4940 = MECHANICAL_DESIGN_GEOMETRIC_PRESENTATION_REPRESENTATION (  '', ( #1066 ), #2965 ) ;
#4941 =( LENGTH_UNIT ( ) NAMED_UNIT ( * ) SI_UNIT ( .MILLI., .METRE. ) );
#4942 = DIRECTION ( 'NONE',  ( 0.000000000000000000, 1.000000000000000000, 0.000000000000000000 ) ) ;
#4943 = COLOUR_RGB ( '',0.6039215686274509443, 0.6039215686274509443, 0.6039215686274509443 ) ;
#4944 = MECHANICAL_DESIGN_GEOMETRIC_PRESENTATION_REPRESENTATION (  '', ( #4073 ), #2731 ) ;
#4945 = LINE ( 'NONE', #651, #5396 ) ;
#4946 = VERTEX_POINT ( 'NONE', #3599 ) ;
#4947 = CARTESIAN_POINT ( 'NONE',  ( 1.398500051903131203, 4.361703703790449360, -2.500899197984836952 ) ) ;
#4948 = STYLED_ITEM ( 'NONE', ( #1480 ), #6369 ) ;
#4949 = SURFACE_STYLE_FILL_AREA ( #238 ) ;
#4950 = CIRCLE ( 'NONE', #857, 0.1749999999999998501 ) ;
#4951 = CARTESIAN_POINT ( 'NONE',  ( -0.01528755427882336725, 5.855347213783614002, -2.466112753680215430 ) ) ;
#4952 = ORIENTED_EDGE ( 'NONE', *, *, #5682, .F. ) ;
#4953 = CARTESIAN_POINT ( 'NONE',  ( 2.540000000000000480, 7.873020145931590719, 2.152517620978589896 ) ) ;
#4954 = EDGE_CURVE ( 'NONE', #5574, #2640, #2193, .T. ) ;
#4955 = CARTESIAN_POINT ( 'NONE',  ( 2.390000000000000568, 5.150000000000000355, 0.000000000000000000 ) ) ;
#4956 = MECHANICAL_DESIGN_GEOMETRIC_PRESENTATION_REPRESENTATION (  '', ( #2526 ), #6640 ) ;
#4957 = ORIENTED_EDGE ( 'NONE', *, *, #6297, .T. ) ;
#4958 = FACE_OUTER_BOUND ( 'NONE', #207, .T. ) ;
#4959 = CARTESIAN_POINT ( 'NONE',  ( -2.540000000000000036, 3.324448422829183958, -1.656377505005769635 ) ) ;
#4960 = CARTESIAN_POINT ( 'NONE',  ( -2.540000000000000036, 7.213259400147536304, -1.454572088749638503 ) ) ;
#4961 = COLOUR_RGB ( '',0.6039215686274509443, 0.6039215686274509443, 0.6039215686274509443 ) ;
#4962 =( GEOMETRIC_REPRESENTATION_CONTEXT ( 3 ) GLOBAL_UNCERTAINTY_ASSIGNED_CONTEXT ( ( #1648 ) ) GLOBAL_UNIT_ASSIGNED_CONTEXT ( ( #2448, #5101, #1826 ) ) REPRESENTATION_CONTEXT ( 'NONE', 'WORKASPACE' ) );
#4963 = VERTEX_POINT ( 'NONE', #5687 ) ;
#4964 = ORIENTED_EDGE ( 'NONE', *, *, #2360, .F. ) ;
#4965 = PRESENTATION_STYLE_ASSIGNMENT (( #5495 ) ) ;
#4966 = ADVANCED_FACE ( 'NONE', ( #3410 ), #1332, .T. ) ;
#4967 = DIRECTION ( 'NONE',  ( 0.000000000000000000, 0.7456420435382385969, 0.6663467137370151505 ) ) ;
#4968 = SURFACE_SIDE_STYLE ('',( #3990 ) ) ;
#4969 = PRESENTATION_STYLE_ASSIGNMENT (( #1753 ) ) ;
#4970 = UNCERTAINTY_MEASURE_WITH_UNIT (LENGTH_MEASURE( 1.000000000000000082E-05 ), #2590, 'distance_accuracy_value', 'NONE');
#4971 = PLANE ( 'NONE',  #5563 ) ;
#4972 = CARTESIAN_POINT ( 'NONE',  ( 1.799999999999999600, 5.156480681601331106, -2.564991813001746834 ) ) ;
#4973 = ADVANCED_FACE ( 'NONE', ( #533, #5368 ), #61, .T. ) ;
#4974 = CYLINDRICAL_SURFACE ( 'NONE', #4625, 2.564999999999999947 ) ;
#4975 = EDGE_CURVE ( 'NONE', #4389, #6661, #3535, .T. ) ;
#4976 = DIRECTION ( 'NONE',  ( 0.000000000000000000, 1.000000000000000000, 0.000000000000000000 ) ) ;
#4977 = ORIENTED_EDGE ( 'NONE', *, *, #5082, .T. ) ;
#4978 = FACE_OUTER_BOUND ( 'NONE', #5560, .T. ) ;
#4979 =( LENGTH_UNIT ( ) NAMED_UNIT ( * ) SI_UNIT ( .MILLI., .METRE. ) );
#4980 = FILL_AREA_STYLE_COLOUR ( '', #5056 ) ;
#4981 = ORIENTED_EDGE ( 'NONE', *, *, #6422, .T. ) ;
#4982 = VECTOR ( 'NONE', #510, 1000.000000000000000 ) ;
#4983 = CARTESIAN_POINT ( 'NONE',  ( 0.4690094629668434822, 3.570073151721242954, -2.020784372072188084 ) ) ;
#4984 = CARTESIAN_POINT ( 'NONE',  ( -1.599935377850848717, 4.945025537899334189, -2.615317774027456466 ) ) ;
#4985 = SURFACE_STYLE_USAGE ( .BOTH. , #1844 ) ;
#4986 = CYLINDRICAL_SURFACE ( 'NONE', #1690, 2.615000000000000213 ) ;
#4987 = VERTEX_POINT ( 'NONE', #5788 ) ;
#4988 = ORIENTED_EDGE ( 'NONE', *, *, #6739, .T. ) ;
#4989 = CARTESIAN_POINT ( 'NONE',  ( -0.4996053817988380663, 4.599690585445917357, -2.556439819016505854 ) ) ;
#4990 = CARTESIAN_POINT ( 'NONE',  ( 2.540000000000000480, 0.4655013641736956420, 2.935956669857430423 ) ) ;
#4991 = CARTESIAN_POINT ( 'NONE',  ( -2.540000000000000480, 7.972238740270340962, -2.528272444938572949 ) ) ;
#4992 = CARTESIAN_POINT ( 'NONE',  ( -0.4743762765550061933, 4.607515989806470813, -2.558169206128815265 ) ) ;
#4993 = STYLED_ITEM ( 'NONE', ( #3188 ), #2510 ) ;
#4994 = EDGE_LOOP ( 'NONE', ( #5676, #2479, #3672, #40 ) ) ;
#4995 = CARTESIAN_POINT ( 'NONE',  ( 0.4790310504250117618, 4.610212753984236578, -2.507559516549650702 ) ) ;
#4996 = VERTEX_POINT ( 'NONE', #608 ) ;
#4997 =( NAMED_UNIT ( * ) SI_UNIT ( $, .STERADIAN. ) SOLID_ANGLE_UNIT ( ) );
#4998 = DIRECTION ( 'NONE',  ( -1.000000000000000000, -0.000000000000000000, 3.673940397442059375E-16 ) ) ;
#4999 = VERTEX_POINT ( 'NONE', #2745 ) ;
#5000 = PRESENTATION_STYLE_ASSIGNMENT (( #287 ) ) ;
#5001 =( GEOMETRIC_REPRESENTATION_CONTEXT ( 3 ) GLOBAL_UNCERTAINTY_ASSIGNED_CONTEXT ( ( #6721 ) ) GLOBAL_UNIT_ASSIGNED_CONTEXT ( ( #2607, #6192, #2028 ) ) REPRESENTATION_CONTEXT ( 'NONE', 'WORKASPACE' ) );
#5002 = FACE_OUTER_BOUND ( 'NONE', #5177, .T. ) ;
#5003 = CARTESIAN_POINT ( 'NONE',  ( 4.500000000000000000, 2.464999999999998526, 0.000000000000000000 ) ) ;
#5004 = EDGE_CURVE ( 'NONE', #419, #3704, #221, .T. ) ;
#5005 = ADVANCED_FACE ( 'NONE', ( #28 ), #5892, .T. ) ;
#5006 = MECHANICAL_DESIGN_GEOMETRIC_PRESENTATION_REPRESENTATION (  '', ( #797 ), #3807 ) ;
#5007 = VECTOR ( 'NONE', #6605, 999.9999999999998863 ) ;
#5008 = CARTESIAN_POINT ( 'NONE',  ( 2.540000000000000036, 7.364139087722924693, -1.562926385966400655 ) ) ;
#5009 = SURFACE_STYLE_USAGE ( .BOTH. , #5637 ) ;
#5010 = PRESENTATION_STYLE_ASSIGNMENT (( #6133 ) ) ;
#5011 = DIRECTION ( 'NONE',  ( 1.000000000000000000, 0.000000000000000000, -3.673940397442059375E-16 ) ) ;
#5012 = ORIENTED_EDGE ( 'NONE', *, *, #6264, .T. ) ;
#5013 = FILL_AREA_STYLE ('',( #6701 ) ) ;
#5014 = MECHANICAL_DESIGN_GEOMETRIC_PRESENTATION_REPRESENTATION (  '', ( #582 ), #1146 ) ;
#5015 =( NAMED_UNIT ( * ) SI_UNIT ( $, .STERADIAN. ) SOLID_ANGLE_UNIT ( ) );
#5016 = ORIENTED_EDGE ( 'NONE', *, *, #4496, .F. ) ;
#5017 = CARTESIAN_POINT ( 'NONE',  ( -0.9317342622102392502, 6.403065243733419010, -2.295410636725517595 ) ) ;
#5018 = AXIS2_PLACEMENT_3D ( 'NONE', #4272, #1043, #4817 ) ;
#5019 = CARTESIAN_POINT ( 'NONE',  ( 0.3324228588288744013, 4.921159026122811753, -2.604967717395925586 ) ) ;
#5020 =( NAMED_UNIT ( * ) PLANE_ANGLE_UNIT ( ) SI_UNIT ( $, .RADIAN. ) );
#5021 = PRODUCT ( 'Porta Fusible - P_200mil_(5.08mm)', 'Porta Fusible - P_200mil_(5.08mm)', '', ( #4179 ) ) ;
#5022 = ORIENTED_EDGE ( 'NONE', *, *, #896, .F. ) ;
#5023 = FILL_AREA_STYLE_COLOUR ( '', #6470 ) ;
#5024 = ORIENTED_EDGE ( 'NONE', *, *, #1059, .F. ) ;
#5025 = MECHANICAL_DESIGN_GEOMETRIC_PRESENTATION_REPRESENTATION (  '', ( #3720 ), #2049 ) ;
#5026 = CARTESIAN_POINT ( 'NONE',  ( 9.350000000000001421, -1.145044757202775450E-15, 0.000000000000000000 ) ) ;
#5027 = FILL_AREA_STYLE_COLOUR ( '', #3258 ) ;
#5028 =( GEOMETRIC_REPRESENTATION_CONTEXT ( 3 ) GLOBAL_UNCERTAINTY_ASSIGNED_CONTEXT ( ( #2473 ) ) GLOBAL_UNIT_ASSIGNED_CONTEXT ( ( #5819, #2661, #4330 ) ) REPRESENTATION_CONTEXT ( 'NONE', 'WORKASPACE' ) );
#5029 = CARTESIAN_POINT ( 'NONE',  ( -2.540000000000000036, 7.376562133445771607, -1.570037309908762335 ) ) ;
#5030 = EDGE_CURVE ( 'NONE', #1157, #3843, #2887, .T. ) ;
#5031 = VERTEX_POINT ( 'NONE', #680 ) ;
#5032 = SURFACE_STYLE_FILL_AREA ( #5990 ) ;
#5033 = VERTEX_POINT ( 'NONE', #2819 ) ;
#5034 = UNCERTAINTY_MEASURE_WITH_UNIT (LENGTH_MEASURE( 1.000000000000000082E-05 ), #4368, 'distance_accuracy_value', 'NONE');
#5035 = AXIS2_PLACEMENT_3D ( 'NONE', #2562, #2592, #4165 ) ;
#5036 = SURFACE_STYLE_USAGE ( .BOTH. , #4465 ) ;
#5037 = AXIS2_PLACEMENT_3D ( 'NONE', #4628, #3616, #2005 ) ;
#5038 = CARTESIAN_POINT ( 'NONE',  ( 0.3586411120705192412, 4.853019561442319940, -2.598081526648863271 ) ) ;
#5039 = UNCERTAINTY_MEASURE_WITH_UNIT (LENGTH_MEASURE( 1.000000000000000082E-05 ), #4148, 'distance_accuracy_value', 'NONE');
#5040 = DIRECTION ( 'NONE',  ( 3.518708876220704312E-16, 0.000000000000000000, 1.000000000000000000 ) ) ;
#5041 = ORIENTED_EDGE ( 'NONE', *, *, #223, .F. ) ;
#5042 = ADVANCED_FACE ( 'NONE', ( #1841 ), #6562, .T. ) ;
#5043 = DIRECTION ( 'NONE',  ( -1.000000000000000000, -0.000000000000000000, 0.000000000000000000 ) ) ;
#5044 = ORIENTED_EDGE ( 'NONE', *, *, #5246, .F. ) ;
#5045 = EDGE_CURVE ( 'NONE', #6546, #2777, #2264, .T. ) ;
#5046 = SURFACE_SIDE_STYLE ('',( #6592 ) ) ;
#5047 = DIRECTION ( 'NONE',  ( -1.000000000000000000, 0.000000000000000000, 3.673940397442059375E-16 ) ) ;
#5048 =( GEOMETRIC_REPRESENTATION_CONTEXT ( 3 ) GLOBAL_UNCERTAINTY_ASSIGNED_CONTEXT ( ( #4903 ) ) GLOBAL_UNIT_ASSIGNED_CONTEXT ( ( #4128, #5615, #862 ) ) REPRESENTATION_CONTEXT ( 'NONE', 'WORKASPACE' ) );
#5049 = AXIS2_PLACEMENT_3D ( 'NONE', #2364, #5635, #882 ) ;
#5050 = EDGE_LOOP ( 'NONE', ( #3210, #4608, #6363, #703 ) ) ;
#5051 = DIRECTION ( 'NONE',  ( 3.312880756109852023E-16, -0.4323118897652064030, 0.9017241429437475864 ) ) ;
#5052 = EDGE_LOOP ( 'NONE', ( #5099, #4308, #1651, #2210, #2711, #5355, #4377, #3888 ) ) ;
#5053 = MECHANICAL_DESIGN_GEOMETRIC_PRESENTATION_REPRESENTATION (  '', ( #1071 ), #3644 ) ;
#5054 = CARTESIAN_POINT ( 'NONE',  ( 0.4162006676246871040, 6.596630608204508306, -2.119617458894520468 ) ) ;
#5055 = FACE_OUTER_BOUND ( 'NONE', #3227, .T. ) ;
#5056 = COLOUR_RGB ( '',0.6039215686274509443, 0.6039215686274509443, 0.6039215686274509443 ) ;
#5057 = VERTEX_POINT ( 'NONE', #3868 ) ;
#5058 = CARTESIAN_POINT ( 'NONE',  ( -2.539999999999999591, 7.562239391993868409, 1.725018051074101111 ) ) ;
#5059 = ORIENTED_EDGE ( 'NONE', *, *, #4742, .T. ) ;
#5060 = FILL_AREA_STYLE ('',( #836 ) ) ;
#5061 = FILL_AREA_STYLE ('',( #3946 ) ) ;
#5062 = MECHANICAL_DESIGN_GEOMETRIC_PRESENTATION_REPRESENTATION (  '', ( #6648 ), #5979 ) ;
#5063 = EDGE_CURVE ( 'NONE', #6430, #3728, #4945, .T. ) ;
#5064 = CARTESIAN_POINT ( 'NONE',  ( -0.4996053817988380663, 4.610212753984236578, -2.507559516549651146 ) ) ;
#5065 = B_SPLINE_CURVE_WITH_KNOTS ( 'NONE', 3,
 ( #4222, #2482, #2582, #3155, #6876, #6729, #4692, #2109, #3613, #6330, #1574, #6770, #1967, #2004, #3082, #4086 ),
 .UNSPECIFIED., .F., .F.,
 ( 4, 3, 3, 3, 3, 4 ),
 ( 0.000000000000000000, 3.319826109203718068E-05, 6.638301193650113566E-05, 9.978130108314197820E-05, 0.0001336642787281600454, 0.0001574693210438947628 ),
 .UNSPECIFIED. ) ;
#5066 =( NAMED_UNIT ( * ) SI_UNIT ( $, .STERADIAN. ) SOLID_ANGLE_UNIT ( ) );
#5067 = EDGE_LOOP ( 'NONE', ( #3254, #5811, #5080, #451 ) ) ;
#5068 = ORIENTED_EDGE ( 'NONE', *, *, #4261, .F. ) ;
#5069 = CARTESIAN_POINT ( 'NONE',  ( -0.001191037011240677918, 5.856499843231006253, -2.465782425826448243 ) ) ;
#5070 = SURFACE_STYLE_FILL_AREA ( #1335 ) ;
#5071 = STYLED_ITEM ( 'NONE', ( #3582 ), #6772 ) ;
#5072 =( NAMED_UNIT ( * ) PLANE_ANGLE_UNIT ( ) SI_UNIT ( $, .RADIAN. ) );
#5073 = CIRCLE ( 'NONE', #5973, 0.1749999999999998501 ) ;
#5074 = DIRECTION ( 'NONE',  ( -0.000000000000000000, 1.000000000000000000, -0.000000000000000000 ) ) ;
#5075 = CARTESIAN_POINT ( 'NONE',  ( -0.5352476240849188827, 4.638108835651339135, -2.564413649749724300 ) ) ;
#5076 = DIRECTION ( 'NONE',  ( -1.000000000000000000, -0.000000000000000000, 1.156482317317871725E-15 ) ) ;
#5077 = B_SPLINE_SURFACE_WITH_KNOTS ( 'NONE', 1, 3, ( 
 ( #4017, #2870, #4523, #6582 ),
 ( #6654, #3098, #6026, #5199 ) ),
 .UNSPECIFIED., .F., .F., .F.,
 ( 2, 2 ),
 ( 4, 4 ),
 ( 0.000000000000000000, 1.000000000000000000 ),
 ( 0.000000000000000000, 1.000000000000000000 ),
 .UNSPECIFIED. ) ;
#5078 = B_SPLINE_CURVE_WITH_KNOTS ( 'NONE', 1,
 ( #3368, #5454 ),
 .UNSPECIFIED., .F., .F.,
 ( 2, 2 ),
 ( 0.000000000000000000, 1.000000000000000000 ),
 .UNSPECIFIED. ) ;
#5079 = CARTESIAN_POINT ( 'NONE',  ( -2.540000000000000036, 7.296267852966717982, -1.697000299375238663 ) ) ;
#5080 = ORIENTED_EDGE ( 'NONE', *, *, #1445, .T. ) ;
#5081 = CARTESIAN_POINT ( 'NONE',  ( 1.599775629831186263, 5.258330114163831226, -2.564734481286156775 ) ) ;
#5082 = EDGE_CURVE ( 'NONE', #5090, #4388, #4447, .T. ) ;
#5083 = STYLED_ITEM ( 'NONE', ( #3200 ), #1470 ) ;
#5084 = FACE_OUTER_BOUND ( 'NONE', #2776, .T. ) ;
#5085 = CARTESIAN_POINT ( 'NONE',  ( -0.4672338650412969363, 4.634352222060693194, -2.512634547463330925 ) ) ;
#5086 = CARTESIAN_POINT ( 'NONE',  ( 0.6620511360261178702, 3.798964650855618075, -2.180439700876145359 ) ) ;
#5087 = CARTESIAN_POINT ( 'NONE',  ( -2.539999999999999591, 7.095961269702384833, 1.555351096021627466 ) ) ;
#5088 = EDGE_CURVE ( 'NONE', #1016, #1079, #3909, .T. ) ;
#5089 = PRESENTATION_STYLE_ASSIGNMENT (( #6642 ) ) ;
#5090 = VERTEX_POINT ( 'NONE', #4372 ) ;
#5091 =( NAMED_UNIT ( * ) PLANE_ANGLE_UNIT ( ) SI_UNIT ( $, .RADIAN. ) );
#5092 = TOROIDAL_SURFACE ( 'NONE', #4547, 2.364999999999999769, 0.1000000000000000056 ) ;
#5093 = CARTESIAN_POINT ( 'NONE',  ( 2.540000000000000036, 7.364139087722924693, -1.562926385966400655 ) ) ;
#5094 =( NAMED_UNIT ( * ) PLANE_ANGLE_UNIT ( ) SI_UNIT ( $, .RADIAN. ) );
#5095 = CARTESIAN_POINT ( 'NONE',  ( 1.186635205661515480, 6.453797049139259556, -2.268314889931176026 ) ) ;
#5096 = DIRECTION ( 'NONE',  ( 0.000000000000000000, 0.9876989601903538585, -0.1563674008190125697 ) ) ;
#5097 = PLANE ( 'NONE',  #2438 ) ;
#5098 = ADVANCED_FACE ( 'NONE', ( #6488 ), #5476, .T. ) ;
#5099 = ORIENTED_EDGE ( 'NONE', *, *, #4705, .F. ) ;
#5100 =( NAMED_UNIT ( * ) SI_UNIT ( $, .STERADIAN. ) SOLID_ANGLE_UNIT ( ) );
#5101 =( NAMED_UNIT ( * ) PLANE_ANGLE_UNIT ( ) SI_UNIT ( $, .RADIAN. ) );
#5102 = UNCERTAINTY_MEASURE_WITH_UNIT (LENGTH_MEASURE( 1.000000000000000082E-05 ), #2654, 'distance_accuracy_value', 'NONE');
#5103 = DIRECTION ( 'NONE',  ( 0.000000000000000000, 0.9876989601903538585, 0.1563674008190125697 ) ) ;
#5104 = STYLED_ITEM ( 'NONE', ( #6245 ), #2178 ) ;
#5105 = DIRECTION ( 'NONE',  ( -1.000000000000000000, -0.000000000000000000, 0.000000000000000000 ) ) ;
#5106 = ORIENTED_EDGE ( 'NONE', *, *, #2989, .F. ) ;
#5107 = SURFACE_STYLE_FILL_AREA ( #1373 ) ;
#5108 = STYLED_ITEM ( 'NONE', ( #319 ), #2546 ) ;
#5109 = CARTESIAN_POINT ( 'NONE',  ( -0.4743773468325555021, 4.617886065968147769, -2.509255330693070718 ) ) ;
#5110 = FILL_AREA_STYLE_COLOUR ( '', #5929 ) ;
#5111 = EDGE_LOOP ( 'NONE', ( #4460 ) ) ;
#5112 = PRESENTATION_STYLE_ASSIGNMENT (( #2457 ) ) ;
#5113 = FILL_AREA_STYLE_COLOUR ( '', #6745 ) ;
#5114 = CYLINDRICAL_SURFACE ( 'NONE', #5961, 0.3249999999999997891 ) ;
#5115 = UNCERTAINTY_MEASURE_WITH_UNIT (LENGTH_MEASURE( 1.000000000000000082E-05 ), #5795, 'distance_accuracy_value', 'NONE');
#5116 = CARTESIAN_POINT ( 'NONE',  ( -1.558436533792719070, 4.748632315549976113, -2.540914942632834794 ) ) ;
#5117 = DIRECTION ( 'NONE',  ( 0.000000000000000000, 0.000000000000000000, 1.000000000000000000 ) ) ;
#5118 = CYLINDRICAL_SURFACE ( 'NONE', #2187, 0.1750000000000002387 ) ;
#5119 = AXIS2_PLACEMENT_3D ( 'NONE', #6608, #2314, #1847 ) ;
#5120 = EDGE_LOOP ( 'NONE', ( #3943, #2222, #2064, #6437 ) ) ;
#5121 = CARTESIAN_POINT ( 'NONE',  ( -2.539999999999999591, 7.941858515889400394, 2.336374965640305668 ) ) ;
#5122 = SURFACE_SIDE_STYLE ('',( #4707 ) ) ;
#5123 = ADVANCED_FACE ( 'NONE', ( #6172 ), #5114, .T. ) ;
#5124 = CARTESIAN_POINT ( 'NONE',  ( 2.539999999999999591, 0.1500000000000303590, -2.642896323400711012 ) ) ;
#5125 = CARTESIAN_POINT ( 'NONE',  ( -9.500000000000000000, -1.163414459189985682E-15, 0.000000000000000000 ) ) ;
#5126 = SURFACE_STYLE_USAGE ( .BOTH. , #1259 ) ;
#5127 = DIRECTION ( 'NONE',  ( 0.000000000000000000, 0.7456420435382385969, 0.6663467137370151505 ) ) ;
#5128 = CARTESIAN_POINT ( 'NONE',  ( -2.464999999999999858, -4.000000000000000000, 0.7499999999999988898 ) ) ;
#5129 = CARTESIAN_POINT ( 'NONE',  ( 2.540000000000000480, 3.083757038415181118, 1.874763991466977364 ) ) ;
#5130 = FILL_AREA_STYLE ('',( #4143 ) ) ;
#5131 = PRESENTATION_LAYER_ASSIGNMENT (  '', '', ( #1044 ) ) ;
#5132 = DIRECTION ( 'NONE',  ( -1.000000000000000000, -0.000000000000000000, -0.000000000000000000 ) ) ;
#5133 = FACE_OUTER_BOUND ( 'NONE', #5255, .T. ) ;
#5134 = COLOUR_RGB ( '',0.7058823529411764053, 0.7058823529411764053, 0.7058823529411764053 ) ;
#5135 = ORIENTED_EDGE ( 'NONE', *, *, #415, .F. ) ;
#5136 = COLOUR_RGB ( '',0.6039215686274509443, 0.6039215686274509443, 0.6039215686274509443 ) ;
#5137 = FILL_AREA_STYLE ('',( #4047 ) ) ;
#5138 = CARTESIAN_POINT ( 'NONE',  ( -2.540000000000000036, 0.1499999999999999944, 9.331808609502830990E-16 ) ) ;
#5139 = SURFACE_STYLE_FILL_AREA ( #386 ) ;
#5140 = CARTESIAN_POINT ( 'NONE',  ( 2.539999999999999591, 6.538544579290536340, -2.755247503693927680 ) ) ;
#5141 = ORIENTED_EDGE ( 'NONE', *, *, #2638, .F. ) ;
#5142 = AXIS2_PLACEMENT_3D ( 'NONE', #2350, #4039, #694 ) ;
#5143 = CARTESIAN_POINT ( 'NONE',  ( -0.4658690106256074270, 6.781950689035160629, -2.045332876143845180 ) ) ;
#5144 = SURFACE_SIDE_STYLE ('',( #1447 ) ) ;
#5145 =( REPRESENTATION_RELATIONSHIP ('NONE','NONE', #4110, #6150 ) REPRESENTATION_RELATIONSHIP_WITH_TRANSFORMATION ( #4316 )SHAPE_REPRESENTATION_RELATIONSHIP( ) );
#5146 = FILL_AREA_STYLE ('',( #1412 ) ) ;
#5147 = DIRECTION ( 'NONE',  ( 0.000000000000000000, 0.000000000000000000, 1.000000000000000000 ) ) ;
#5148 = CARTESIAN_POINT ( 'NONE',  ( -0.9737983128954684764, 6.352204544893440996, -2.266049411320524953 ) ) ;
#5149 = CARTESIAN_POINT ( 'NONE',  ( 2.540000000000000480, 7.299235467949205081, 1.541031095784586746 ) ) ;
#5150 = AXIS2_PLACEMENT_3D ( 'NONE', #1830, #5105, #2478 ) ;
#5151 = VECTOR ( 'NONE', #4414, 1000.000000000000000 ) ;
#5152 = VERTEX_POINT ( 'NONE', #2011 ) ;
#5153 = DIRECTION ( 'NONE',  ( -1.224646799147353454E-16, 1.000000000000000000, 0.000000000000000000 ) ) ;
#5154 = MECHANICAL_DESIGN_GEOMETRIC_PRESENTATION_REPRESENTATION (  '', ( #5273 ), #3076 ) ;
#5155 = DIRECTION ( 'NONE',  ( -1.000000000000000000, 0.000000000000000000, 0.000000000000000000 ) ) ;
#5156 = PRESENTATION_STYLE_ASSIGNMENT (( #1296 ) ) ;
#5157 = ORIENTED_EDGE ( 'NONE', *, *, #6208, .F. ) ;
#5158 = SURFACE_STYLE_USAGE ( .BOTH. , #3064 ) ;
#5159 = CARTESIAN_POINT ( 'NONE',  ( 2.215000000000000302, 0.1499999999999999944, 0.7499999999999982236 ) ) ;
#5160 = CARTESIAN_POINT ( 'NONE',  ( -1.787827807224156240, 4.917081996500946239, -2.607140243849162431 ) ) ;
#5161 = MECHANICAL_DESIGN_GEOMETRIC_PRESENTATION_REPRESENTATION (  '', ( #3862 ), #2744 ) ;
#5162 = SURFACE_STYLE_FILL_AREA ( #3067 ) ;
#5163 =( LENGTH_UNIT ( ) NAMED_UNIT ( * ) SI_UNIT ( .MILLI., .METRE. ) );
#5164 = ADVANCED_FACE ( 'NONE', ( #6741 ), #644, .T. ) ;
#5165 = LINE ( 'NONE', #2446, #1379 ) ;
#5166 = MECHANICAL_DESIGN_GEOMETRIC_PRESENTATION_REPRESENTATION (  '', ( #5849 ), #3320 ) ;
#5167 = ORIENTED_EDGE ( 'NONE', *, *, #6197, .F. ) ;
#5168 = SURFACE_STYLE_FILL_AREA ( #1501 ) ;
#5169 = CARTESIAN_POINT ( 'NONE',  ( 0.05632860020257206279, 5.832643857651035546, -2.524326120692671704 ) ) ;
#5170 = CARTESIAN_POINT ( 'NONE',  ( -2.540000000000000480, 0.1499999999999999944, -1.124999999999998224 ) ) ;
#5171 = CARTESIAN_POINT ( 'NONE',  ( -4.500000000000000000, 2.314999999999998614, 0.000000000000000000 ) ) ;
#5172 = VECTOR ( 'NONE', #996, 1000.000000000000000 ) ;
#5173 =( GEOMETRIC_REPRESENTATION_CONTEXT ( 3 ) GLOBAL_UNCERTAINTY_ASSIGNED_CONTEXT ( ( #3406 ) ) GLOBAL_UNIT_ASSIGNED_CONTEXT ( ( #6224, #6723, #1433 ) ) REPRESENTATION_CONTEXT ( 'NONE', 'WORKASPACE' ) );
#5174 = AXIS2_PLACEMENT_3D ( 'NONE', #4623, #6627, #1966 ) ;
#5175 = ADVANCED_FACE ( 'NONE', ( #4507 ), #3590, .F. ) ;
#5176 =( LENGTH_UNIT ( ) NAMED_UNIT ( * ) SI_UNIT ( .MILLI., .METRE. ) );
#5177 = EDGE_LOOP ( 'NONE', ( #417, #2421, #3438, #4480, #298, #3166, #2436, #3987, #2292, #4696, #6735, #3597 ) ) ;
#5178 = CARTESIAN_POINT ( 'NONE',  ( -2.539999999999999591, 3.008102457706269384, 1.716962266451821373 ) ) ;
#5179 = STYLED_ITEM ( 'NONE', ( #2337 ), #6682 ) ;
#5181 = UNCERTAINTY_MEASURE_WITH_UNIT (LENGTH_MEASURE( 1.000000000000000082E-05 ), #5590, 'distance_accuracy_value', 'NONE');
#5180 = PRODUCT_DEFINITION ( 'UNKNOWN', '', #2322, #1647 ) ;
#5182 = MECHANICAL_DESIGN_GEOMETRIC_PRESENTATION_REPRESENTATION (  '', ( #6296 ), #3654 ) ;
#5183 = LINE ( 'NONE', #421, #1913 ) ;
#5184 =( NAMED_UNIT ( * ) SI_UNIT ( $, .STERADIAN. ) SOLID_ANGLE_UNIT ( ) );
#5185 =( NAMED_UNIT ( * ) PLANE_ANGLE_UNIT ( ) SI_UNIT ( $, .RADIAN. ) );
#5186 = VECTOR ( 'NONE', #4419, 1000.000000000000000 ) ;
#5187 = ORIENTED_EDGE ( 'NONE', *, *, #1887, .F. ) ;
#5188 = FILL_AREA_STYLE_COLOUR ( '', #1508 ) ;
#5189 = STYLED_ITEM ( 'NONE', ( #6204 ), #6290 ) ;
#5190 = DIRECTION ( 'NONE',  ( -1.000000000000000000, 0.000000000000000000, -7.890882775736657875E-16 ) ) ;
#5191 = EDGE_CURVE ( 'NONE', #2470, #5233, #2608, .T. ) ;
#5192 = CYLINDRICAL_SURFACE ( 'NONE', #4172, 2.564999999999999947 ) ;
#5193 = SURFACE_SIDE_STYLE ('',( #2300 ) ) ;
#5194 = CARTESIAN_POINT ( 'NONE',  ( 1.398500051903131203, 4.376776290716062334, -2.453080857679199145 ) ) ;
#5195 = CARTESIAN_POINT ( 'NONE',  ( -2.539999999999999591, 7.824083896241788239, 2.551727555061425345 ) ) ;
#5196 = DIRECTION ( 'NONE',  ( 0.000000000000000000, 0.000000000000000000, 1.000000000000000000 ) ) ;
#5197 = ORIENTED_EDGE ( 'NONE', *, *, #1934, .T. ) ;
#5198 =( LENGTH_UNIT ( ) NAMED_UNIT ( * ) SI_UNIT ( .MILLI., .METRE. ) );
#5199 = CARTESIAN_POINT ( 'NONE',  ( 0.4790310504250117618, 4.610212753984236578, -2.507559516549651146 ) ) ;
#5200 = ORIENTED_EDGE ( 'NONE', *, *, #1605, .F. ) ;
#5201 = COLOUR_RGB ( '',0.6039215686274509443, 0.6039215686274509443, 0.6039215686274509443 ) ;
#5202 = CARTESIAN_POINT ( 'NONE',  ( -9.350000000000001421, 0.02499999999999885994, -0.1500000000000000222 ) ) ;
#5203 = DIRECTION ( 'NONE',  ( 1.000000000000000000, 0.000000000000000000, -3.673940397442059375E-16 ) ) ;
#5204 = PRESENTATION_LAYER_ASSIGNMENT (  '', '', ( #4232 ) ) ;
#5205 = CARTESIAN_POINT ( 'NONE',  ( -1.706838109573430851, 4.578071045089426860, -2.554009949469731477 ) ) ;
#5206 = AXIS2_PLACEMENT_3D ( 'NONE', #5595, #730, #3411 ) ;
#5207 = DIRECTION ( 'NONE',  ( -3.312880756109852023E-16, 0.4323118897652064030, -0.9017241429437475864 ) ) ;
#5208 = DIRECTION ( 'NONE',  ( 1.000000000000000000, 0.000000000000000000, 0.000000000000000000 ) ) ;
#5209 = CARTESIAN_POINT ( 'NONE',  ( 2.214999999999999858, 0.1499999999999999944, -0.7499999999999990008 ) ) ;
#5210 = VECTOR ( 'NONE', #1255, 1000.000000000000000 ) ;
#5211 = CARTESIAN_POINT ( 'NONE',  ( 0.000000000000000000, 0.000000000000000000, 0.000000000000000000 ) ) ;
#5212 = VERTEX_POINT ( 'NONE', #2119 ) ;
#5213 = CARTESIAN_POINT ( 'NONE',  ( -2.540000000000000036, 6.988007637321756782, -1.642544649361740827 ) ) ;
#5214 = ORIENTED_EDGE ( 'NONE', *, *, #1169, .F. ) ;
#5215 = ORIENTED_EDGE ( 'NONE', *, *, #109, .F. ) ;
#5216 = CARTESIAN_POINT ( 'NONE',  ( 2.540000000000000480, 5.609476576732736142, 2.370887233808045558 ) ) ;
#5217 =( GEOMETRIC_REPRESENTATION_CONTEXT ( 3 ) GLOBAL_UNCERTAINTY_ASSIGNED_CONTEXT ( ( #4020 ) ) GLOBAL_UNIT_ASSIGNED_CONTEXT ( ( #3633, #867, #5722 ) ) REPRESENTATION_CONTEXT ( 'NONE', 'WORKASPACE' ) );
#5218 = EDGE_CURVE ( 'NONE', #1591, #6122, #2588, .T. ) ;
#5219 = DIRECTION ( 'NONE',  ( -1.000000000000000000, 0.000000000000000000, 0.000000000000000000 ) ) ;
#5220 = SURFACE_STYLE_USAGE ( .BOTH. , #4151 ) ;
#5221 = DIRECTION ( 'NONE',  ( -5.744845107119854686E-17, -0.9876989601903538585, -0.1563674008190127362 ) ) ;
#5222 = VECTOR ( 'NONE', #3766, 1000.000000000000000 ) ;
#5223 = ORIENTED_EDGE ( 'NONE', *, *, #1049, .F. ) ;
#5224 = SURFACE_STYLE_FILL_AREA ( #423 ) ;
#5225 =( GEOMETRIC_REPRESENTATION_CONTEXT ( 3 ) GLOBAL_UNCERTAINTY_ASSIGNED_CONTEXT ( ( #252 ) ) GLOBAL_UNIT_ASSIGNED_CONTEXT ( ( #3957, #1300, #2906 ) ) REPRESENTATION_CONTEXT ( 'NONE', 'WORKASPACE' ) );
#5226 = CARTESIAN_POINT ( 'NONE',  ( 1.764260994035267371, 5.504894853316881331, -2.590805790307176171 ) ) ;
#5227 = CARTESIAN_POINT ( 'NONE',  ( 0.05333248050519429767, 5.826460273894570996, -2.474193631925855730 ) ) ;
#5228 = CARTESIAN_POINT ( 'NONE',  ( -2.165000000000000480, 0.1499999999999999944, -0.7499999999999983347 ) ) ;
#5229 = PRESENTATION_LAYER_ASSIGNMENT (  '', '', ( #4129 ) ) ;
#5230 = CARTESIAN_POINT ( 'NONE',  ( 0.5148804987350159568, 4.633214198592939148, -2.563426892943128532 ) ) ;
#5231 = CARTESIAN_POINT ( 'NONE',  ( -2.539999999999999591, 7.196575899622825290, 1.534053322119590224 ) ) ;
#5232 = PRESENTATION_STYLE_ASSIGNMENT (( #1067 ) ) ;
#5233 = VERTEX_POINT ( 'NONE', #1105 ) ;
#5234 =( NAMED_UNIT ( * ) PLANE_ANGLE_UNIT ( ) SI_UNIT ( $, .RADIAN. ) );
#5235 = EDGE_LOOP ( 'NONE', ( #3604, #1891, #5068, #6292 ) ) ;
#5236 = CARTESIAN_POINT ( 'NONE',  ( -1.559052641682756368, 6.021577704393607178, -2.412914114579772118 ) ) ;
#5237 = DIRECTION ( 'NONE',  ( 0.000000000000000000, 0.000000000000000000, -1.000000000000000000 ) ) ;
#5238 = FACE_OUTER_BOUND ( 'NONE', #5622, .T. ) ;
#5239 = CARTESIAN_POINT ( 'NONE',  ( -0.4062362962750208917, 4.776291293020244133, -2.589310903182266088 ) ) ;
#5240 = DIRECTION ( 'NONE',  ( 0.000000000000000000, 0.4323118897652180603, -0.9017241429437419242 ) ) ;
#5241 = CARTESIAN_POINT ( 'NONE',  ( 2.540000000000000480, 7.824083896241788239, 2.551727555061425345 ) ) ;
#5242 = VECTOR ( 'NONE', #3434, 1000.000000000000114 ) ;
#5243 = LINE ( 'NONE', #2606, #2879 ) ;
#5244 = CARTESIAN_POINT ( 'NONE',  ( -0.05183060678803794868, 5.848214371667999067, -2.520065710132583625 ) ) ;
#5245 = ITEM_DEFINED_TRANSFORMATION ( 'NONE', 'NONE', #2203,  #1317 ) ;
#5246 = EDGE_CURVE ( 'NONE', #3511, #3511, #4620, .T. ) ;
#5247 = ORIENTED_EDGE ( 'NONE', *, *, #1905, .T. ) ;
#5248 = DIRECTION ( 'NONE',  ( 0.000000000000000000, 0.000000000000000000, 1.000000000000000000 ) ) ;
#5249 = ORIENTED_EDGE ( 'NONE', *, *, #1203, .F. ) ;
#5250 = CARTESIAN_POINT ( 'NONE',  ( -2.214999999999999858, 0.000000000000000000, 0.7499999999999990008 ) ) ;
#5251 = ORIENTED_EDGE ( 'NONE', *, *, #3397, .F. ) ;
#5252 = CARTESIAN_POINT ( 'NONE',  ( 2.539999999999999591, 7.484651460443813242, -1.781962383056335808 ) ) ;
#5253 = SURFACE_SIDE_STYLE ('',( #1023 ) ) ;
#5254 = CARTESIAN_POINT ( 'NONE',  ( -2.540000000000000036, 0.000000000000000000, 0.000000000000000000 ) ) ;
#5255 = EDGE_LOOP ( 'NONE', ( #2577, #4563, #2016, #902 ) ) ;
#5256 = CARTESIAN_POINT ( 'NONE',  ( -1.599956975140072402, 5.153937975658208437, -2.564996977064049943 ) ) ;
#5257 = CARTESIAN_POINT ( 'NONE',  ( 2.380379244675311590, 5.609476576732736142, 2.365065470552781601 ) ) ;
#5258 = CIRCLE ( 'NONE', #3835, 1.301549732019052774 ) ;
#5259 = EDGE_CURVE ( 'NONE', #4247, #81, #3787, .T. ) ;
#5260 = CARTESIAN_POINT ( 'NONE',  ( 2.540000000000000036, 0.1499999999999999944, -9.331808609502830990E-16 ) ) ;
#5261 = DIRECTION ( 'NONE',  ( -1.000000000000000000, -1.224646799147353454E-16, -0.000000000000000000 ) ) ;
#5262 = MECHANICAL_DESIGN_GEOMETRIC_PRESENTATION_REPRESENTATION (  '', ( #6834 ), #2396 ) ;
#5263 = MECHANICAL_DESIGN_GEOMETRIC_PRESENTATION_REPRESENTATION (  '', ( #487 ), #6609 ) ;
#5264 = CARTESIAN_POINT ( 'NONE',  ( 2.390000000000000568, 5.359476576732735253, 1.035622799379432912 ) ) ;
#5265 = ORIENTED_EDGE ( 'NONE', *, *, #4758, .T. ) ;
#5266 = CARTESIAN_POINT ( 'NONE',  ( 1.787773425907654978, 5.384606383680631048, -2.556816271856127365 ) ) ;
#5267 = PRODUCT_DEFINITION ( 'UNKNOWN', '', #1872, #1518 ) ;
#5268 = CIRCLE ( 'NONE', #494, 2.615000000000000213 ) ;
#5269 = CARTESIAN_POINT ( 'NONE',  ( -2.214999999999999858, -0.2500000000000002220, 0.7499999999999990008 ) ) ;
#5270 = ADVANCED_BREP_SHAPE_REPRESENTATION ( '', ( #4105, #1317 ), #4309 ) ;
#5271 = CARTESIAN_POINT ( 'NONE',  ( -1.614761347120431401, 5.925420051942080768, -2.445511390728012380 ) ) ;
#5272 = PRESENTATION_STYLE_ASSIGNMENT (( #1040 ) ) ;
#5273 = STYLED_ITEM ( 'NONE', ( #2547 ), #4831 ) ;
#5274 = FILL_AREA_STYLE_COLOUR ( '', #804 ) ;
#5275 = ORIENTED_EDGE ( 'NONE', *, *, #2223, .T. ) ;
#5276 = DIRECTION ( 'NONE',  ( 1.000000000000000000, 0.000000000000000000, -3.673940397442059375E-16 ) ) ;
#5277 = EDGE_CURVE ( 'NONE', #5907, #1490, #3716, .T. ) ;
#5278 = ADVANCED_FACE ( 'NONE', ( #21 ), #6809, .F. ) ;
#5279 = CARTESIAN_POINT ( 'NONE',  ( 2.540000000000000480, 5.609476576732736142, 2.421798149192860627 ) ) ;
#5280 = AXIS2_PLACEMENT_3D ( 'NONE', #469, #2594, #2665 ) ;
#5281 =( NAMED_UNIT ( * ) SI_UNIT ( $, .STERADIAN. ) SOLID_ANGLE_UNIT ( ) );
#5282 = EDGE_LOOP ( 'NONE', ( #3021, #1970, #1649, #2545 ) ) ;
#5283 = PRESENTATION_LAYER_ASSIGNMENT (  '', '', ( #6282 ) ) ;
#5284 = CARTESIAN_POINT ( 'NONE',  ( 1.386018319214728400, 5.949404500335710999, -2.491321020646962925 ) ) ;
#5285 = CARTESIAN_POINT ( 'NONE',  ( 2.540000000000000480, 7.484651460443813242, 1.781962383056334920 ) ) ;
#5286 =( NAMED_UNIT ( * ) PLANE_ANGLE_UNIT ( ) SI_UNIT ( $, .RADIAN. ) );
#5287 =( NAMED_UNIT ( * ) PLANE_ANGLE_UNIT ( ) SI_UNIT ( $, .RADIAN. ) );
#5288 =( GEOMETRIC_REPRESENTATION_CONTEXT ( 3 ) GLOBAL_UNCERTAINTY_ASSIGNED_CONTEXT ( ( #3960 ) ) GLOBAL_UNIT_ASSIGNED_CONTEXT ( ( #1107, #3821, #2259 ) ) REPRESENTATION_CONTEXT ( 'NONE', 'WORKASPACE' ) );
#5289 =( LENGTH_UNIT ( ) NAMED_UNIT ( * ) SI_UNIT ( .MILLI., .METRE. ) );
#5290 = ORIENTED_EDGE ( 'NONE', *, *, #1789, .F. ) ;
#5291 = CARTESIAN_POINT ( 'NONE',  ( 1.599999999999999423, 5.156480681601331106, -2.564991813001746390 ) ) ;
#5292 = AXIS2_PLACEMENT_3D ( 'NONE', #1646, #4727, #2112 ) ;
#5293 = CARTESIAN_POINT ( 'NONE',  ( 0.04646025892239639965, 5.837988646599090004, -2.471012522841530945 ) ) ;
#5294 = STYLED_ITEM ( 'NONE', ( #5326 ), #5670 ) ;
#5295 = CLOSED_SHELL ( 'NONE', ( #5728, #6772, #4973, #6290, #2833, #782, #2491, #1404, #1318 ) ) ;
#5296 = DIRECTION ( 'NONE',  ( 0.000000000000000000, 0.7405888751200081499, 0.6719584198806357600 ) ) ;
#5297 = FILL_AREA_STYLE ('',( #1657 ) ) ;
#5298 = AXIS2_PLACEMENT_3D ( 'NONE', #2506, #4682, #2099 ) ;
#5299 = CYLINDRICAL_SURFACE ( 'NONE', #1216, 0.5000000000000000000 ) ;
#5300 = EDGE_LOOP ( 'NONE', ( #4036 ) ) ;
#5301 =( NAMED_UNIT ( * ) PLANE_ANGLE_UNIT ( ) SI_UNIT ( $, .RADIAN. ) );
#5302 =( NAMED_UNIT ( * ) PLANE_ANGLE_UNIT ( ) SI_UNIT ( $, .RADIAN. ) );
#5303 = MECHANICAL_DESIGN_GEOMETRIC_PRESENTATION_REPRESENTATION (  '', ( #1319 ), #3217 ) ;
#5304 = CARTESIAN_POINT ( 'NONE',  ( -1.184533590096717548, 3.883702409134035527, -2.230927656758830757 ) ) ;
#5305 = EDGE_CURVE ( 'NONE', #26, #1155, #6686, .T. ) ;
#5306 = CARTESIAN_POINT ( 'NONE',  ( 1.435391388785335565, 5.860451514443661303, -2.518595403688004275 ) ) ;
#5307 = CARTESIAN_POINT ( 'NONE',  ( -1.354582209427660722, 6.283665804647875497, -2.302334102053461340 ) ) ;
#5308 = SURFACE_STYLE_USAGE ( .BOTH. , #506 ) ;
#5309 = EDGE_CURVE ( 'NONE', #81, #6225, #2044, .T. ) ;
#5310 = CARTESIAN_POINT ( 'NONE',  ( 2.540000000000000480, 5.609476576732736142, 2.574316661841344445 ) ) ;
#5311 = ORIENTED_EDGE ( 'NONE', *, *, #2013, .T. ) ;
#5312 =( GEOMETRIC_REPRESENTATION_CONTEXT ( 3 ) GLOBAL_UNCERTAINTY_ASSIGNED_CONTEXT ( ( #3612 ) ) GLOBAL_UNIT_ASSIGNED_CONTEXT ( ( #6618, #6690, #2469 ) ) REPRESENTATION_CONTEXT ( 'NONE', 'WORKASPACE' ) );
#5313 = DIRECTION ( 'NONE',  ( 3.316870890969038051E-16, 0.000000000000000000, 1.000000000000000000 ) ) ;
#5314 = PRESENTATION_STYLE_ASSIGNMENT (( #4818 ) ) ;
#5315 = PRESENTATION_STYLE_ASSIGNMENT (( #5904 ) ) ;
#5316 = B_SPLINE_CURVE_WITH_KNOTS ( 'NONE', 3,
 ( #6378, #3796, #5266, #3280, #502, #5341, #574, #4168, #4778, #2195, #1037, #610, #1522, #29, #5826, #4809, #2666, #4304, #3660, #2746, #6816, #3141, #470, #5753, #1005, #6312, #5236, #6854, #1555, #2055, #1666, #2629, #3723, #4204, #5895, #3693, #5864, #5789, #4743, #1525, #2126, #4236, #6351, #4267, #5304, #1588, #1073, #537, #1144, #1623, #1116, #3242, #2788, #6044, #4336, #4983, #4449, #208, #6450, #236, #2231, #5443, #2377, #3461, #2265, #1696 ),
 .UNSPECIFIED., .T., .F.,
 ( 4, 2, 2, 2, 2, 2, 2, 2, 2, 2, 2, 2, 2, 2, 2, 2, 2, 2, 2, 2, 2, 2, 2, 2, 2, 2, 2, 2, 2, 2, 2, 2, 4 ),
 ( 0.000000000000000000, 0.03125000000000000000, 0.06250000000000000000, 0.09375000000000000000, 0.1093750000000000000, 0.1250000000000000000, 0.1562500000000000000, 0.1875000000000000000, 0.2187500000000000000, 0.2500000000000000000, 0.3125000000000000000, 0.3750000000000000000, 0.4062500000000000000, 0.4218750000000000000, 0.4375000000000000000, 0.4687500000000000000, 0.4843750000000000000, 0.5000000000000000000, 0.5312500000000000000, 0.5625000000000000000, 0.5937500000000000000, 0.6250000000000000000, 0.6406250000000000000, 0.6562500000000000000, 0.6875000000000000000, 0.7187500000000000000, 0.7500000000000000000, 0.7812500000000000000, 0.8125000000000000000, 0.8437500000000000000, 0.8750000000000000000, 0.9375000000000000000, 1.000000000000000000 ),
 .UNSPECIFIED. ) ;
#5317 = CARTESIAN_POINT ( 'NONE',  ( -2.540000000000000480, 7.661453648161000274, -1.830379658008979060 ) ) ;
#5318 = DIRECTION ( 'NONE',  ( 1.000000000000000000, 0.000000000000000000, 0.000000000000000000 ) ) ;
#5319 = VECTOR ( 'NONE', #4795, 1000.000000000000227 ) ;
#5320 = EDGE_CURVE ( 'NONE', #5212, #6594, #1549, .T. ) ;
#5321 = EDGE_LOOP ( 'NONE', ( #1018, #3744, #1801, #4200 ) ) ;
#5322 = CARTESIAN_POINT ( 'NONE',  ( -2.540000000000000036, 7.372876920803165923, -1.566861757678196909 ) ) ;
#5323 = ORIENTED_EDGE ( 'NONE', *, *, #4261, .T. ) ;
#5324 = CARTESIAN_POINT ( 'NONE',  ( -0.9721240705347685696, 3.931551594019662588, -2.314516920996676941 ) ) ;
#5325 = MECHANICAL_DESIGN_GEOMETRIC_PRESENTATION_REPRESENTATION (  '', ( #6317 ), #998 ) ;
#5326 = PRESENTATION_STYLE_ASSIGNMENT (( #3677 ) ) ;
#5327 = UNCERTAINTY_MEASURE_WITH_UNIT (LENGTH_MEASURE( 1.000000000000000082E-05 ), #2839, 'distance_accuracy_value', 'NONE');
#5328 =( NAMED_UNIT ( * ) SI_UNIT ( $, .STERADIAN. ) SOLID_ANGLE_UNIT ( ) );
#5329 = FACE_OUTER_BOUND ( 'NONE', #2612, .T. ) ;
#5330 = CARTESIAN_POINT ( 'NONE',  ( -1.127523718745075287, 4.077442608572503957, -2.329988335184157044 ) ) ;
#5331 = VERTEX_POINT ( 'NONE', #1244 ) ;
#5332 = CARTESIAN_POINT ( 'NONE',  ( 0.02663971024089789932, 5.866504135366963801, -2.514930295514103520 ) ) ;
#5333 = SURFACE_STYLE_FILL_AREA ( #3128 ) ;
#5334 = UNCERTAINTY_MEASURE_WITH_UNIT (LENGTH_MEASURE( 1.000000000000000082E-05 ), #1343, 'distance_accuracy_value', 'NONE');
#5335 = CARTESIAN_POINT ( 'NONE',  ( -2.540000000000000480, 0.1499999999999999944, -1.124999999999998224 ) ) ;
#5336 =( NAMED_UNIT ( * ) SI_UNIT ( $, .STERADIAN. ) SOLID_ANGLE_UNIT ( ) );
#5337 = AXIS2_PLACEMENT_3D ( 'NONE', #5138, #2615, #5734 ) ;
#5338 = DIRECTION ( 'NONE',  ( 0.000000000000000000, 0.000000000000000000, 1.000000000000000000 ) ) ;
#5339 = FILL_AREA_STYLE_COLOUR ( '', #4638 ) ;
#5340 = FILL_AREA_STYLE_COLOUR ( '', #6392 ) ;
#5341 = CARTESIAN_POINT ( 'NONE',  ( 1.615885103477676221, 5.929547025739889676, -2.446081678548698513 ) ) ;
#5342 = CARTESIAN_POINT ( 'NONE',  ( 0.1201857549245338441, 3.494282207247481953, -2.024061173991520413 ) ) ;
#5343 = AXIS2_PLACEMENT_3D ( 'NONE', #722, #4423, #1258 ) ;
#5344 = CARTESIAN_POINT ( 'NONE',  ( -0.1172451671403976770, 5.508471402540072503, -2.606805667901713530 ) ) ;
#5345 = EDGE_LOOP ( 'NONE', ( #3285, #1021, #6258, #5106 ) ) ;
#5346 = DIRECTION ( 'NONE',  ( 0.000000000000000000, 0.4323118897652064030, 0.9017241429437475864 ) ) ;
#5347 = EDGE_CURVE ( 'NONE', #2752, #2352, #6517, .T. ) ;
#5348 = CARTESIAN_POINT ( 'NONE',  ( 2.540000000000000480, 0.4006545807089144096, 2.800698048415868335 ) ) ;
#5349 = DIRECTION ( 'NONE',  ( 0.000000000000000000, 0.000000000000000000, -1.000000000000000000 ) ) ;
#5350 = CARTESIAN_POINT ( 'NONE',  ( 2.540000000000000480, 4.724339035756187855, 1.035622799379432912 ) ) ;
#5351 = EDGE_LOOP ( 'NONE', ( #2535, #5987, #2409, #1371 ) ) ;
#5352 = DIRECTION ( 'NONE',  ( -1.759354438110352156E-16, 0.7456420435382385969, -0.6663467137370151505 ) ) ;
#5353 = EDGE_LOOP ( 'NONE', ( #5602, #6113, #957, #4757 ) ) ;
#5354 = PRESENTATION_LAYER_ASSIGNMENT (  '', '', ( #582 ) ) ;
#5355 = ORIENTED_EDGE ( 'NONE', *, *, #2076, .F. ) ;
#5356 = B_SPLINE_SURFACE_WITH_KNOTS ( 'NONE', 1, 3, ( 
 ( #5683, #3593, #931, #2492, #2047, #3018, #2462, #335, #6706, #5717, #430, #5149, #4603, #1484, #1384, #4668, #3525, #6744 ),
 ( #1978, #5649, #5613, #3131, #4164, #1944, #964, #4637, #6779, #3094, #2994, #6812, #5745, #999, #5231, #5087, #2434, #2591 ) ),
 .UNSPECIFIED., .F., .F., .F.,
 ( 2, 2 ),
 ( 4, 2, 2, 2, 2, 2, 2, 2, 4 ),
 ( 0.000000000000000000, 1.000000000000000000 ),
 ( -0.02401140337297315297, -0.01200570168648657648, -0.006002850843243288242, -0.003001425421621644121, 0.000000000000000000, 0.004754703201812562202, 0.009509406403625124404, 0.01901881280725024881, 0.03803762561450049762 ),
 .UNSPECIFIED. ) ;
#5357 = CARTESIAN_POINT ( 'NONE',  ( 0.1081424906952002940, 3.653709910055002563, -2.144607427259784149 ) ) ;
#5358 = ORIENTED_EDGE ( 'NONE', *, *, #2958, .F. ) ;
#5359 = SURFACE_STYLE_FILL_AREA ( #3260 ) ;
#5360 = LINE ( 'NONE', #3412, #2429 ) ;
#5361 = COLOUR_RGB ( '',0.6039215686274509443, 0.6039215686274509443, 0.6039215686274509443 ) ;
#5362 = MECHANICAL_DESIGN_GEOMETRIC_PRESENTATION_REPRESENTATION (  '', ( #1485 ), #4375 ) ;
#5363 = CARTESIAN_POINT ( 'NONE',  ( -2.539999999999999591, 3.083757038415181118, 1.874763991466977364 ) ) ;
#5364 = CARTESIAN_POINT ( 'NONE',  ( 2.539999999999999591, 7.824083896241788239, -2.551727555061426234 ) ) ;
#5365 = SURFACE_STYLE_USAGE ( .BOTH. , #6308 ) ;
#5366 = DIRECTION ( 'NONE',  ( 1.000000000000000000, 0.000000000000000000, 0.000000000000000000 ) ) ;
#5367 = FACE_OUTER_BOUND ( 'NONE', #937, .T. ) ;
#5368 = FACE_BOUND ( 'NONE', #233, .T. ) ;
#5369 =( GEOMETRIC_REPRESENTATION_CONTEXT ( 3 ) GLOBAL_UNCERTAINTY_ASSIGNED_CONTEXT ( ( #3413 ) ) GLOBAL_UNIT_ASSIGNED_CONTEXT ( ( #3026, #1496, #3601 ) ) REPRESENTATION_CONTEXT ( 'NONE', 'WORKASPACE' ) );
#5370 = CARTESIAN_POINT ( 'NONE',  ( 2.140000000000000568, 4.574339035756188387, 2.396839471939220978 ) ) ;
#5371 = CARTESIAN_POINT ( 'NONE',  ( 1.386018319214728400, 5.949404500335710999, -2.491321020646962925 ) ) ;
#5372 = CARTESIAN_POINT ( 'NONE',  ( 1.096409476293170426, 6.491031911695742451, -2.187479674059580326 ) ) ;
#5373 = CYLINDRICAL_SURFACE ( 'NONE', #3360, 2.464999999999999414 ) ;
#5374 = SURFACE_STYLE_FILL_AREA ( #4814 ) ;
#5375 = COLOUR_RGB ( '',0.6039215686274509443, 0.6039215686274509443, 0.6039215686274509443 ) ;
#5376 = VERTEX_POINT ( 'NONE', #674 ) ;
#5377 = CARTESIAN_POINT ( 'NONE',  ( -0.5352476240562432652, 4.647896430280368918, -2.515380884114079674 ) ) ;
#5378 = LINE ( 'NONE', #4241, #1902 ) ;
#5379 = CARTESIAN_POINT ( 'NONE',  ( 0.05333248050519429767, 5.826460273894570996, -2.474193631925855730 ) ) ;
#5380 = CARTESIAN_POINT ( 'NONE',  ( 2.540000000000000036, 7.527386901043757739, -1.691515034104494664 ) ) ;
#5381 =( NAMED_UNIT ( * ) PLANE_ANGLE_UNIT ( ) SI_UNIT ( $, .RADIAN. ) );
#5382 = EDGE_CURVE ( 'NONE', #4963, #5331, #4950, .T. ) ;
#5383 = ADVANCED_FACE ( 'NONE', ( #3381 ), #5977, .T. ) ;
#5384 = CIRCLE ( 'NONE', #6063, 0.5000000000000000000 ) ;
#5385 = ORIENTED_EDGE ( 'NONE', *, *, #772, .F. ) ;
#5386 = CARTESIAN_POINT ( 'NONE',  ( -0.5354548301088432050, 4.643095380264202987, -2.514412994416491465 ) ) ;
#5387 = VERTEX_POINT ( 'NONE', #5502 ) ;
#5388 = CARTESIAN_POINT ( 'NONE',  ( 1.495463353902167336, 6.133568276388523088, -2.422977186372606617 ) ) ;
#5389 = CARTESIAN_POINT ( 'NONE',  ( -0.7052787356082539372, 3.788138095445485742, -2.232754094224446817 ) ) ;
#5390 = DIRECTION ( 'NONE',  ( 1.000000000000000000, 0.000000000000000000, 0.000000000000000000 ) ) ;
#5391 = SURFACE_STYLE_FILL_AREA ( #3225 ) ;
#5392 = CARTESIAN_POINT ( 'NONE',  ( -0.01528755427882336725, 5.855347213783614002, -2.466112753680215430 ) ) ;
#5393 = EDGE_CURVE ( 'NONE', #3115, #5878, #4188, .T. ) ;
#5394 = UNCERTAINTY_MEASURE_WITH_UNIT (LENGTH_MEASURE( 1.000000000000000082E-05 ), #1643, 'distance_accuracy_value', 'NONE');
#5395 = ORIENTED_EDGE ( 'NONE', *, *, #2859, .F. ) ;
#5396 = VECTOR ( 'NONE', #6531, 1000.000000000000000 ) ;
#5397 = DIRECTION ( 'NONE',  ( -0.000000000000000000, 1.000000000000000000, -0.000000000000000000 ) ) ;
#5398 =( LENGTH_UNIT ( ) NAMED_UNIT ( * ) SI_UNIT ( .MILLI., .METRE. ) );
#5399 = PRESENTATION_LAYER_ASSIGNMENT (  '', '', ( #5611 ) ) ;
#5400 = CIRCLE ( 'NONE', #3315, 2.314999999999999059 ) ;
#5401 = DIRECTION ( 'NONE',  ( 3.673940397442059375E-16, 0.000000000000000000, 1.000000000000000000 ) ) ;
#5402 = LINE ( 'NONE', #2783, #2487 ) ;
#5403 = SURFACE_SIDE_STYLE ('',( #2817 ) ) ;
#5404 = STYLED_ITEM ( 'NONE', ( #1687 ), #6521 ) ;
#5405 = EDGE_CURVE ( 'NONE', #2493, #5090, #3875, .T. ) ;
#5406 = VECTOR ( 'NONE', #819, 1000.000000000000000 ) ;
#5407 = FILL_AREA_STYLE_COLOUR ( '', #4723 ) ;
#5408 = CARTESIAN_POINT ( 'NONE',  ( -2.615000000000001101, 0.1499999999999999944, -0.7499999999999981126 ) ) ;
#5409 = PLANE ( 'NONE',  #5337 ) ;
#5410 =( GEOMETRIC_REPRESENTATION_CONTEXT ( 3 ) GLOBAL_UNCERTAINTY_ASSIGNED_CONTEXT ( ( #5600 ) ) GLOBAL_UNIT_ASSIGNED_CONTEXT ( ( #844, #2904, #6693 ) ) REPRESENTATION_CONTEXT ( 'NONE', 'WORKASPACE' ) );
#5411 = CARTESIAN_POINT ( 'NONE',  ( -1.437310116802888338, 5.857474083221376304, -2.519374577609569510 ) ) ;
#5412 = CARTESIAN_POINT ( 'NONE',  ( 1.570317125233141375, 4.262199339178950552, -2.469882244192300735 ) ) ;
#5413 = PRESENTATION_LAYER_ASSIGNMENT (  '', '', ( #6300 ) ) ;
#5414 = CARTESIAN_POINT ( 'NONE',  ( 0.5111350339862094083, 4.656994136244917648, -2.517175047211279271 ) ) ;
#5415 = PRODUCT_DEFINITION_SHAPE ( 'NONE', 'NONE',  #3126 ) ;
#5416 = FILL_AREA_STYLE_COLOUR ( '', #5787 ) ;
#5417 = EDGE_LOOP ( 'NONE', ( #6325, #71, #2007, #1829 ) ) ;
#5418 = AXIS2_PLACEMENT_3D ( 'NONE', #4314, #6542, #548 ) ;
#5419 = VERTEX_POINT ( 'NONE', #4328 ) ;
#5420 =( NAMED_UNIT ( * ) SI_UNIT ( $, .STERADIAN. ) SOLID_ANGLE_UNIT ( ) );
#5421 =( LENGTH_UNIT ( ) NAMED_UNIT ( * ) SI_UNIT ( .MILLI., .METRE. ) );
#5422 = PRESENTATION_STYLE_ASSIGNMENT (( #1814 ) ) ;
#5423 = CARTESIAN_POINT ( 'NONE',  ( 0.05061735265986586768, 5.831787757675712669, -2.472730895973822118 ) ) ;
#5424 = FACE_OUTER_BOUND ( 'NONE', #6853, .T. ) ;
#5425 = ORIENTED_EDGE ( 'NONE', *, *, #4162, .T. ) ;
#5426 = COLOUR_RGB ( '',0.6039215686274509443, 0.6039215686274509443, 0.6039215686274509443 ) ;
#5427 = ORIENTED_EDGE ( 'NONE', *, *, #3898, .T. ) ;
#5428 = ORIENTED_EDGE ( 'NONE', *, *, #2351, .F. ) ;
#5429 = CARTESIAN_POINT ( 'NONE',  ( -0.3482754025300052181, 3.520331550446419211, -2.045093089453296376 ) ) ;
#5430 = CARTESIAN_POINT ( 'NONE',  ( -1.054622158304214352, 6.316867558082854828, -2.340456614958990489 ) ) ;
#5431 = ORIENTED_EDGE ( 'NONE', *, *, #4054, .T. ) ;
#5432 = DIRECTION ( 'NONE',  ( 0.000000000000000000, 1.000000000000000000, 0.000000000000000000 ) ) ;
#5433 =( GEOMETRIC_REPRESENTATION_CONTEXT ( 3 ) GLOBAL_UNCERTAINTY_ASSIGNED_CONTEXT ( ( #1160 ) ) GLOBAL_UNIT_ASSIGNED_CONTEXT ( ( #124, #5949, #1642 ) ) REPRESENTATION_CONTEXT ( 'NONE', 'WORKASPACE' ) );
#5434 = CARTESIAN_POINT ( 'NONE',  ( 0.000000000000000000, 0.02500000000000000486, -0.1500000000000000222 ) ) ;
#5435 = ORIENTED_EDGE ( 'NONE', *, *, #3346, .T. ) ;
#5436 = COLOUR_RGB ( '',0.7058823529411764053, 0.7058823529411764053, 0.7058823529411764053 ) ;
#5437 = SURFACE_SIDE_STYLE ('',( #1722 ) ) ;
#5438 = ADVANCED_FACE ( 'NONE', ( #2880, #1686 ), #4974, .T. ) ;
#5439 = CYLINDRICAL_SURFACE ( 'NONE', #6285, 0.1749999999999998224 ) ;
#5440 =( NAMED_UNIT ( * ) SI_UNIT ( $, .STERADIAN. ) SOLID_ANGLE_UNIT ( ) );
#5441 = CARTESIAN_POINT ( 'NONE',  ( 2.540000000000000480, 4.724339035756187855, 2.580123590745029283 ) ) ;
#5442 = SURFACE_STYLE_USAGE ( .BOTH. , #3354 ) ;
#5443 = CARTESIAN_POINT ( 'NONE',  ( 1.440024537138342442, 4.100655483639295440, -2.346236424356076267 ) ) ;
#5444 = PRESENTATION_LAYER_ASSIGNMENT (  '', '', ( #5770 ) ) ;
#5445 = CARTESIAN_POINT ( 'NONE',  ( -0.7081403091810860584, 6.522229591327075582, -2.226392986834664800 ) ) ;
#5446 = CARTESIAN_POINT ( 'NONE',  ( 2.165000000000000036, 0.1499999999999999944, 0.7499999999999983347 ) ) ;
#5447 = AXIS2_PLACEMENT_3D ( 'NONE', #6861, #2094, #4208 ) ;
#5448 = DIRECTION ( 'NONE',  ( -0.000000000000000000, 0.000000000000000000, 1.000000000000000000 ) ) ;
#5449 = EDGE_LOOP ( 'NONE', ( #4824, #364, #1600, #6362, #626, #2316, #6871, #2340 ) ) ;
#5450 = ORIENTED_EDGE ( 'NONE', *, *, #2586, .T. ) ;
#5451 = FACE_OUTER_BOUND ( 'NONE', #3932, .T. ) ;
#5452 = FILL_AREA_STYLE ('',( #3367 ) ) ;
#5453 =( LENGTH_UNIT ( ) NAMED_UNIT ( * ) SI_UNIT ( .MILLI., .METRE. ) );
#5454 = CARTESIAN_POINT ( 'NONE',  ( -0.5354548301088427609, 4.643095380264202099, -2.514412994416491021 ) ) ;
#5455 = EDGE_LOOP ( 'NONE', ( #1855, #6213, #315, #763, #3297, #5428 ) ) ;
#5456 = VERTEX_POINT ( 'NONE', #1439 ) ;
#5457 = ORIENTED_EDGE ( 'NONE', *, *, #301, .T. ) ;
#5458 = CARTESIAN_POINT ( 'NONE',  ( 1.662539820464494333, 4.478929291370296717, -2.527427368693160314 ) ) ;
#5459 = PRESENTATION_STYLE_ASSIGNMENT (( #5947 ) ) ;
#5460 = ORIENTED_EDGE ( 'NONE', *, *, #4428, .F. ) ;
#5461 = VECTOR ( 'NONE', #1219, 1000.000000000000000 ) ;
#5462 = CARTESIAN_POINT ( 'NONE',  ( -2.165000000000000036, 0.1499999999999999944, 0.7499999999999990008 ) ) ;
#5463 = UNCERTAINTY_MEASURE_WITH_UNIT (LENGTH_MEASURE( 1.000000000000000082E-05 ), #2845, 'distance_accuracy_value', 'NONE');
#5464 = CYLINDRICAL_SURFACE ( 'NONE', #4464, 2.615000000000000213 ) ;
#5465 = EDGE_CURVE ( 'NONE', #2475, #2475, #1526, .T. ) ;
#5466 = CARTESIAN_POINT ( 'NONE',  ( 0.3586411120705192412, 4.858697963709197154, -2.548405015623072423 ) ) ;
#5467 = ORIENTED_EDGE ( 'NONE', *, *, #6451, .F. ) ;
#5468 =( NAMED_UNIT ( * ) SI_UNIT ( $, .STERADIAN. ) SOLID_ANGLE_UNIT ( ) );
#5469 = MECHANICAL_DESIGN_GEOMETRIC_PRESENTATION_REPRESENTATION (  '', ( #6137 ), #4679 ) ;
#5470 = CARTESIAN_POINT ( 'NONE',  ( 2.539999999999999591, 7.670100342839665686, -1.825953016164943543 ) ) ;
#5471 = DIRECTION ( 'NONE',  ( 0.000000000000000000, 0.000000000000000000, 1.000000000000000000 ) ) ;
#5472 = SURFACE_STYLE_USAGE ( .BOTH. , #4404 ) ;
#5473 = ADVANCED_FACE ( 'NONE', ( #6664 ), #259, .F. ) ;
#5474 = DIRECTION ( 'NONE',  ( 1.000000000000000000, 0.000000000000000000, -3.673940397442059375E-16 ) ) ;
#5475 = CARTESIAN_POINT ( 'NONE',  ( -0.5244024027185406611, 4.611449854207280374, -2.507825819669490919 ) ) ;
#5476 = PLANE ( 'NONE',  #6635 ) ;
#5477 =( NAMED_UNIT ( * ) SI_UNIT ( $, .STERADIAN. ) SOLID_ANGLE_UNIT ( ) );
#5478 = CARTESIAN_POINT ( 'NONE',  ( -0.4110820809184525526, 3.694672633327017675, -2.172705938691765315 ) ) ;
#5479 = AXIS2_PLACEMENT_3D ( 'NONE', #6003, #1767, #1726 ) ;
#5480 = CARTESIAN_POINT ( 'NONE',  ( 1.440024537138342442, 4.100655483639295440, -2.346236424356076267 ) ) ;
#5481 = SURFACE_STYLE_FILL_AREA ( #5933 ) ;
#5482 = CARTESIAN_POINT ( 'NONE',  ( -2.539999999999999591, 3.008102457706270272, 1.716962266451821595 ) ) ;
#5483 = ORIENTED_EDGE ( 'NONE', *, *, #1886, .T. ) ;
#5484 = CARTESIAN_POINT ( 'NONE',  ( 2.540000000000000480, 7.972238740270340962, 2.528272444938573837 ) ) ;
#5485 = PRESENTATION_LAYER_ASSIGNMENT (  '', '', ( #4589 ) ) ;
#5486 = EDGE_LOOP ( 'NONE', ( #695, #1714, #4629, #1127 ) ) ;
#5487 =( NAMED_UNIT ( * ) SI_UNIT ( $, .STERADIAN. ) SOLID_ANGLE_UNIT ( ) );
#5488 = DIRECTION ( 'NONE',  ( -1.000000000000000000, 1.224646799147353454E-16, 0.000000000000000000 ) ) ;
#5489 =( NAMED_UNIT ( * ) PLANE_ANGLE_UNIT ( ) SI_UNIT ( $, .RADIAN. ) );
#5490 = COLOUR_RGB ( '',0.6039215686274509443, 0.6039215686274509443, 0.6039215686274509443 ) ;
#5491 = ORIENTED_EDGE ( 'NONE', *, *, #3265, .F. ) ;
#5492 = EDGE_CURVE ( 'NONE', #3908, #3465, #1035, .T. ) ;
#5493 = EDGE_CURVE ( 'NONE', #4987, #2250, #2003, .T. ) ;
#5494 = ORIENTED_EDGE ( 'NONE', *, *, #3569, .T. ) ;
#5495 = SURFACE_STYLE_USAGE ( .BOTH. , #3409 ) ;
#5496 =( LENGTH_UNIT ( ) NAMED_UNIT ( * ) SI_UNIT ( .MILLI., .METRE. ) );
#5497 = FILL_AREA_STYLE ('',( #2286 ) ) ;
#5498 = VERTEX_POINT ( 'NONE', #4972 ) ;
#5499 = STYLED_ITEM ( 'NONE', ( #111 ), #462 ) ;
#5500 = COLOUR_RGB ( '',0.6039215686274509443, 0.6039215686274509443, 0.6039215686274509443 ) ;
#5501 = AXIS2_PLACEMENT_3D ( 'NONE', #1051, #3609, #5248 ) ;
#5502 = CARTESIAN_POINT ( 'NONE',  ( -0.001191037011240695482, 5.870271769999641620, -2.513848360053084985 ) ) ;
#5503 = PLANE ( 'NONE',  #6644 ) ;
#5504 = CARTESIAN_POINT ( 'NONE',  ( -0.3487166590612078010, 4.925534570556409975, -2.555159539243040179 ) ) ;
#5505 = PRESENTATION_LAYER_ASSIGNMENT (  '', '', ( #3862 ) ) ;
#5506 = VERTEX_POINT ( 'NONE', #4590 ) ;
#5507 = CARTESIAN_POINT ( 'NONE',  ( 0.3324228588288744013, 4.925534570556409975, -2.555159539243040179 ) ) ;
#5508 = CARTESIAN_POINT ( 'NONE',  ( -0.5354548301088427609, 4.643095380264202099, -2.514412994416491021 ) ) ;
#5509 = AXIS2_PLACEMENT_3D ( 'NONE', #3588, #1839, #6107 ) ;
#5510 = DIRECTION ( 'NONE',  ( 0.000000000000000000, -1.000000000000000000, -0.000000000000000000 ) ) ;
#5511 = ORIENTED_EDGE ( 'NONE', *, *, #6556, .F. ) ;
#5512 = CARTESIAN_POINT ( 'NONE',  ( 2.165000000000000036, 0.1499999999999999944, -1.124999999999999556 ) ) ;
#5513 = EDGE_CURVE ( 'NONE', #4119, #5874, #4026, .T. ) ;
#5514 = CARTESIAN_POINT ( 'NONE',  ( 1.600224335463258596, 5.052788270215166300, -2.615253960759556850 ) ) ;
#5515 = COLOUR_RGB ( '',0.6039215686274509443, 0.6039215686274509443, 0.6039215686274509443 ) ;
#5516 =( GEOMETRIC_REPRESENTATION_CONTEXT ( 3 ) GLOBAL_UNCERTAINTY_ASSIGNED_CONTEXT ( ( #129 ) ) GLOBAL_UNIT_ASSIGNED_CONTEXT ( ( #3078, #5072, #625 ) ) REPRESENTATION_CONTEXT ( 'NONE', 'WORKASPACE' ) );
#5517 =( GEOMETRIC_REPRESENTATION_CONTEXT ( 3 ) GLOBAL_UNCERTAINTY_ASSIGNED_CONTEXT ( ( #5394 ) ) GLOBAL_UNIT_ASSIGNED_CONTEXT ( ( #1643, #4435, #1199 ) ) REPRESENTATION_CONTEXT ( 'NONE', 'WORKASPACE' ) );
#5518 = DIRECTION ( 'NONE',  ( 1.000000000000000000, -0.000000000000000000, -1.156482317317871725E-15 ) ) ;
#5519 = CARTESIAN_POINT ( 'NONE',  ( -2.540000000000000036, 2.943255674241488595, -1.581703645010258397 ) ) ;
#5520 = ORIENTED_EDGE ( 'NONE', *, *, #4788, .T. ) ;
#5521 = SURFACE_STYLE_FILL_AREA ( #1281 ) ;
#5522 = STYLED_ITEM ( 'NONE', ( #6699 ), #6733 ) ;
#5523 = VECTOR ( 'NONE', #4498, 1000.000000000000000 ) ;
#5524 = ORIENTED_EDGE ( 'NONE', *, *, #2465, .F. ) ;
#5525 = EDGE_CURVE ( 'NONE', #4251, #9, #2481, .T. ) ;
#5526 = DIRECTION ( 'NONE',  ( -1.000000000000000000, 1.224646799147353454E-16, 0.000000000000000000 ) ) ;
#5527 = SURFACE_SIDE_STYLE ('',( #3435 ) ) ;
#5528 = AXIS2_PLACEMENT_3D ( 'NONE', #1420, #901, #6784 ) ;
#5529 = EDGE_CURVE ( 'NONE', #5506, #119, #2983, .T. ) ;
#5530 = FILL_AREA_STYLE_COLOUR ( '', #4385 ) ;
#5531 = COLOUR_RGB ( '',0.6039215686274509443, 0.6039215686274509443, 0.6039215686274509443 ) ;
#5532 = PRESENTATION_LAYER_ASSIGNMENT (  '', '', ( #6296 ) ) ;
#5533 = ORIENTED_EDGE ( 'NONE', *, *, #4766, .T. ) ;
#5534 = VERTEX_POINT ( 'NONE', #6068 ) ;
#5535 = CARTESIAN_POINT ( 'NONE',  ( 1.440006732077685037, 4.080176874062535042, -2.391959640130966402 ) ) ;
#5536 =( LENGTH_UNIT ( ) NAMED_UNIT ( * ) SI_UNIT ( .MILLI., .METRE. ) );
#5537 = CARTESIAN_POINT ( 'NONE',  ( 0.5138015701858750228, 4.619583615268302523, -2.509673032317572439 ) ) ;
#5538 = FILL_AREA_STYLE_COLOUR ( '', #6411 ) ;
#5539 = UNCERTAINTY_MEASURE_WITH_UNIT (LENGTH_MEASURE( 1.000000000000000082E-05 ), #4438, 'distance_accuracy_value', 'NONE');
#5540 = FACE_OUTER_BOUND ( 'NONE', #6462, .T. ) ;
#5541 = CARTESIAN_POINT ( 'NONE',  ( 1.599999999999999423, 5.156480681601331106, -2.564991813001746390 ) ) ;
#5542 = UNCERTAINTY_MEASURE_WITH_UNIT (LENGTH_MEASURE( 1.000000000000000082E-05 ), #1798, 'distance_accuracy_value', 'NONE');
#5543 = CARTESIAN_POINT ( 'NONE',  ( 2.540000000000000036, 7.372876920803165923, -1.566861757678198686 ) ) ;
#5544 = CARTESIAN_POINT ( 'NONE',  ( 4.500000000000000000, -5.510910596163089556E-16, 0.000000000000000000 ) ) ;
#5545 = CIRCLE ( 'NONE', #6778, 0.3250000000000000666 ) ;
#5546 =( NAMED_UNIT ( * ) SI_UNIT ( $, .STERADIAN. ) SOLID_ANGLE_UNIT ( ) );
#5547 = CARTESIAN_POINT ( 'NONE',  ( 2.540000000000000480, 4.724339035756187855, 2.377191145768263070 ) ) ;
#5548 = UNCERTAINTY_MEASURE_WITH_UNIT (LENGTH_MEASURE( 1.000000000000000082E-05 ), #1806, 'distance_accuracy_value', 'NONE');
#5549 = CARTESIAN_POINT ( 'NONE',  ( 2.140000000000000568, 5.759476576732735609, 2.152681590485153063 ) ) ;
#5550 = LINE ( 'NONE', #1834, #6370 ) ;
#5551 = VECTOR ( 'NONE', #5903, 999.9999999999998863 ) ;
#5552 = ORIENTED_EDGE ( 'NONE', *, *, #679, .T. ) ;
#5553 =( LENGTH_UNIT ( ) NAMED_UNIT ( * ) SI_UNIT ( .MILLI., .METRE. ) );
#5554 = DIRECTION ( 'NONE',  ( -0.000000000000000000, 0.000000000000000000, -1.000000000000000000 ) ) ;
#5555 = DIRECTION ( 'NONE',  ( 1.000000000000000000, 1.224646799147353454E-16, 0.000000000000000000 ) ) ;
#5556 = CIRCLE ( 'NONE', #2555, 0.2500000000000000000 ) ;
#5557 = CARTESIAN_POINT ( 'NONE',  ( 0.4184030326135496636, 3.696189788619753891, -2.173726641899293988 ) ) ;
#5558 =( LENGTH_UNIT ( ) NAMED_UNIT ( * ) SI_UNIT ( .MILLI., .METRE. ) );
#5559 = EDGE_LOOP ( 'NONE', ( #821, #3581, #6201, #3467 ) ) ;
#5560 = EDGE_LOOP ( 'NONE', ( #5935, #4282, #2722, #5214, #4487 ) ) ;
#5561 = PRESENTATION_STYLE_ASSIGNMENT (( #1284 ) ) ;
#5562 =( LENGTH_UNIT ( ) NAMED_UNIT ( * ) SI_UNIT ( .MILLI., .METRE. ) );
#5563 = AXIS2_PLACEMENT_3D ( 'NONE', #3577, #4076, #3077 ) ;
#5564 = CARTESIAN_POINT ( 'NONE',  ( 0.4600778076267219574, 4.611629446845074476, -2.507864479495796051 ) ) ;
#5565 = EDGE_LOOP ( 'NONE', ( #5698, #6797, #2024, #4351 ) ) ;
#5566 = CARTESIAN_POINT ( 'NONE',  ( -0.1155282186687576207, 3.493974839845381819, -2.023809700268667022 ) ) ;
#5567 = CARTESIAN_POINT ( 'NONE',  ( 2.215000000000000302, -0.2500000000000000000, 0.7499999999999982236 ) ) ;
#5568 = CARTESIAN_POINT ( 'NONE',  ( 2.540000000000000480, 5.150000000000000355, 0.000000000000000000 ) ) ;
#5569 = CARTESIAN_POINT ( 'NONE',  ( 0.000000000000000000, 0.1499999999999999944, 0.000000000000000000 ) ) ;
#5570 = CARTESIAN_POINT ( 'NONE',  ( -9.350000000000001421, -0.02500000000000114284, 0.1499999999999999667 ) ) ;
#5571 = STYLED_ITEM ( 'NONE', ( #1559 ), #273 ) ;
#5572 = CARTESIAN_POINT ( 'NONE',  ( 2.540000000000000480, 0.1500000000000303590, 2.642896323400710124 ) ) ;
#5573 = DIRECTION ( 'NONE',  ( 1.000000000000000000, 0.000000000000000000, -2.710505431213759606E-16 ) ) ;
#5574 = VERTEX_POINT ( 'NONE', #1374 ) ;
#5575 = PRESENTATION_STYLE_ASSIGNMENT (( #4910 ) ) ;
#5576 = DIRECTION ( 'NONE',  ( 1.000000000000000000, 0.000000000000000000, -0.000000000000000000 ) ) ;
#5577 = ADVANCED_FACE ( 'NONE', ( #2945 ), #3040, .F. ) ;
#5578 = LINE ( 'NONE', #5645, #4517 ) ;
#5579 = CARTESIAN_POINT ( 'NONE',  ( -0.4367350312374632115, 4.699952009713467938, -2.577139106990330220 ) ) ;
#5580 = CARTESIAN_POINT ( 'NONE',  ( 0.9740925169998897459, 6.355183990857596221, -2.264961015599562089 ) ) ;
#5581 =( LENGTH_UNIT ( ) NAMED_UNIT ( * ) SI_UNIT ( .MILLI., .METRE. ) );
#5582 = FILL_AREA_STYLE_COLOUR ( '', #2305 ) ;
#5583 = VERTEX_POINT ( 'NONE', #5216 ) ;
#5584 = LINE ( 'NONE', #6747, #2152 ) ;
#5585 = ORIENTED_EDGE ( 'NONE', *, *, #3154, .F. ) ;
#5586 = DIRECTION ( 'NONE',  ( -0.000000000000000000, 1.000000000000000000, -0.000000000000000000 ) ) ;
#5587 = CARTESIAN_POINT ( 'NONE',  ( 2.140000000000000568, 5.150000000000000355, 0.000000000000000000 ) ) ;
#5588 = PRESENTATION_STYLE_ASSIGNMENT (( #1741 ) ) ;
#5589 =( NAMED_UNIT ( * ) PLANE_ANGLE_UNIT ( ) SI_UNIT ( $, .RADIAN. ) );
#5590 =( LENGTH_UNIT ( ) NAMED_UNIT ( * ) SI_UNIT ( .MILLI., .METRE. ) );
#5591 = AXIS2_PLACEMENT_3D ( 'NONE', #6525, #746, #3965 ) ;
#5592 = EDGE_LOOP ( 'NONE', ( #5265 ) ) ;
#5593 = FACE_OUTER_BOUND ( 'NONE', #12, .T. ) ;
#5594 = ORIENTED_EDGE ( 'NONE', *, *, #4333, .F. ) ;
#5595 = CARTESIAN_POINT ( 'NONE',  ( 9.500000000000000000, -1.163414459189985682E-15, 0.000000000000000000 ) ) ;
#5596 = UNCERTAINTY_MEASURE_WITH_UNIT (LENGTH_MEASURE( 1.000000000000000082E-05 ), #903, 'distance_accuracy_value', 'NONE');
#5597 = DIRECTION ( 'NONE',  ( 0.000000000000000000, 0.000000000000000000, -1.000000000000000000 ) ) ;
#5598 = PRESENTATION_LAYER_ASSIGNMENT (  '', '', ( #1721 ) ) ;
#5599 = CARTESIAN_POINT ( 'NONE',  ( 0.000000000000000000, 0.000000000000000000, 0.000000000000000000 ) ) ;
#5600 = UNCERTAINTY_MEASURE_WITH_UNIT (LENGTH_MEASURE( 1.000000000000000082E-05 ), #844, 'distance_accuracy_value', 'NONE');
#5601 = CARTESIAN_POINT ( 'NONE',  ( -2.540000000000000036, 7.440082919866492617, -1.597233510646205223 ) ) ;
#5602 = ORIENTED_EDGE ( 'NONE', *, *, #6515, .F. ) ;
#5603 = CARTESIAN_POINT ( 'NONE',  ( -0.5339991358353165518, 4.642832279794258277, -2.565351323971418740 ) ) ;
#5604 =( NAMED_UNIT ( * ) SI_UNIT ( $, .STERADIAN. ) SOLID_ANGLE_UNIT ( ) );
#5605 = CIRCLE ( 'NONE', #843, 0.3249999999999998446 ) ;
#5606 = EDGE_CURVE ( 'NONE', #6241, #1340, #2955, .T. ) ;
#5607 =( NAMED_UNIT ( * ) PLANE_ANGLE_UNIT ( ) SI_UNIT ( $, .RADIAN. ) );
#5608 =( LENGTH_UNIT ( ) NAMED_UNIT ( * ) SI_UNIT ( .MILLI., .METRE. ) );
#5609 = STYLED_ITEM ( 'NONE', ( #6328 ), #4801 ) ;
#5610 = ORIENTED_EDGE ( 'NONE', *, *, #1922, .T. ) ;
#5611 = STYLED_ITEM ( 'NONE', ( #2339 ), #5098 ) ;
#5612 = CARTESIAN_POINT ( 'NONE',  ( 0.7984791808302404981, 6.455254556025871615, -2.208806781495145533 ) ) ;
#5613 = CARTESIAN_POINT ( 'NONE',  ( -2.539999999999999591, 7.485649219152596068, 1.617817785454087831 ) ) ;
#5614 = EDGE_CURVE ( 'NONE', #4130, #222, #556, .T. ) ;
#5615 =( NAMED_UNIT ( * ) PLANE_ANGLE_UNIT ( ) SI_UNIT ( $, .RADIAN. ) );
#5616 = ORIENTED_EDGE ( 'NONE', *, *, #3346, .F. ) ;
#5617 = ORIENTED_EDGE ( 'NONE', *, *, #5696, .F. ) ;
#5618 = LINE ( 'NONE', #6683, #1242 ) ;
#5619 = CARTESIAN_POINT ( 'NONE',  ( -0.05844314102871007305, 5.836258748741339986, -2.523345780858416099 ) ) ;
#5620 = MECHANICAL_DESIGN_GEOMETRIC_PRESENTATION_REPRESENTATION (  '', ( #304 ), #735 ) ;
#5621 = SURFACE_SIDE_STYLE ('',( #6821 ) ) ;
#5622 = EDGE_LOOP ( 'NONE', ( #6142 ) ) ;
#5623 =( LENGTH_UNIT ( ) NAMED_UNIT ( * ) SI_UNIT ( .MILLI., .METRE. ) );
#5624 = VECTOR ( 'NONE', #1171, 1000.000000000000000 ) ;
#5625 = CIRCLE ( 'NONE', #2424, 0.5000000000000000000 ) ;
#5626 = EDGE_LOOP ( 'NONE', ( #157, #147, #5511, #5483 ) ) ;
#5627 = SURFACE_STYLE_USAGE ( .BOTH. , #3539 ) ;
#5628 = CARTESIAN_POINT ( 'NONE',  ( 2.214999999999999858, -0.2500000000000002220, 0.7499999999999981126 ) ) ;
#5629 = CARTESIAN_POINT ( 'NONE',  ( 2.165000000000000036, 0.1499999999999999944, -0.7499999999999991118 ) ) ;
#5630 = MECHANICAL_DESIGN_GEOMETRIC_PRESENTATION_REPRESENTATION (  '', ( #5071 ), #749 ) ;
#5631 =( NAMED_UNIT ( * ) PLANE_ANGLE_UNIT ( ) SI_UNIT ( $, .RADIAN. ) );
#5632 = CIRCLE ( 'NONE', #93, 0.7500000000000001110 ) ;
#5633 = CARTESIAN_POINT ( 'NONE',  ( 2.540000000000000036, 7.485649219152596068, -1.617817785454088719 ) ) ;
#5634 = ORIENTED_EDGE ( 'NONE', *, *, #3295, .T. ) ;
#5635 = DIRECTION ( 'NONE',  ( -1.000000000000000000, 0.000000000000000000, 0.000000000000000000 ) ) ;
#5636 =( GEOMETRIC_REPRESENTATION_CONTEXT ( 3 ) GLOBAL_UNCERTAINTY_ASSIGNED_CONTEXT ( ( #2477 ) ) GLOBAL_UNIT_ASSIGNED_CONTEXT ( ( #6090, #1357, #1816 ) ) REPRESENTATION_CONTEXT ( 'NONE', 'WORKASPACE' ) );
#5637 = SURFACE_SIDE_STYLE ('',( #1337 ) ) ;
#5638 =( NAMED_UNIT ( * ) PLANE_ANGLE_UNIT ( ) SI_UNIT ( $, .RADIAN. ) );
#5639 = FACE_OUTER_BOUND ( 'NONE', #6310, .T. ) ;
#5640 = VERTEX_POINT ( 'NONE', #4655 ) ;
#5641 = CARTESIAN_POINT ( 'NONE',  ( 2.539999999999999591, -4.001000000000000334, -1.124999999999999112 ) ) ;
#5642 = ADVANCED_FACE ( 'NONE', ( #3710 ), #3153, .F. ) ;
#5643 = AXIS2_PLACEMENT_3D ( 'NONE', #2865, #4459, #6579 ) ;
#5644 = DIRECTION ( 'NONE',  ( -1.224646799147353454E-16, 1.000000000000000000, 0.000000000000000000 ) ) ;
#5645 = CARTESIAN_POINT ( 'NONE',  ( 2.540000000000000036, 3.008102457706270272, -1.716962266451822483 ) ) ;
#5646 = FILL_AREA_STYLE_COLOUR ( '', #4300 ) ;
#5647 = CARTESIAN_POINT ( 'NONE',  ( -1.517553315273250769, 5.657638625892444928, -2.516090107296462541 ) ) ;
#5648 = AXIS2_PLACEMENT_3D ( 'NONE', #3602, #6185, #2058 ) ;
#5649 = CARTESIAN_POINT ( 'NONE',  ( -2.539999999999999591, 7.516026752010046330, 1.631540635326033328 ) ) ;
#5650 = CARTESIAN_POINT ( 'NONE',  ( -2.539999999999999591, 3.038476588390626176E-14, 2.642896323400710124 ) ) ;
#5651 = B_SPLINE_CURVE_WITH_KNOTS ( 'NONE', 3,
 ( #317, #5699, #3107, #1957 ),
 .UNSPECIFIED., .F., .F.,
 ( 4, 4 ),
 ( 0.000000000000000000, 1.000000000000000000 ),
 .UNSPECIFIED. ) ;
#5652 = ORIENTED_EDGE ( 'NONE', *, *, #5902, .T. ) ;
#5653 = FACE_OUTER_BOUND ( 'NONE', #6689, .T. ) ;
#5654 = FILL_AREA_STYLE ('',( #936 ) ) ;
#5655 = SURFACE_STYLE_USAGE ( .BOTH. , #2566 ) ;
#5656 = DIRECTION ( 'NONE',  ( 1.224646799147353454E-16, -1.000000000000000000, 0.000000000000000000 ) ) ;
#5657 = CARTESIAN_POINT ( 'NONE',  ( -0.4627171373237355945, 3.538010468474534598, -2.059181318459248455 ) ) ;
#5658 = DIRECTION ( 'NONE',  ( -1.000000000000000000, -0.000000000000000000, -0.000000000000000000 ) ) ;
#5659 = CARTESIAN_POINT ( 'NONE',  ( 2.540000000000000480, 7.824083896241788239, 2.551727555061425345 ) ) ;
#5660 = FILL_AREA_STYLE ('',( #6190 ) ) ;
#5661 = CARTESIAN_POINT ( 'NONE',  ( -0.001191037011240695482, 5.870271769999641620, -2.513848360053084985 ) ) ;
#5662 = CYLINDRICAL_SURFACE ( 'NONE', #4529, 1.301549732019052552 ) ;
#5663 = UNCERTAINTY_MEASURE_WITH_UNIT (LENGTH_MEASURE( 1.000000000000000082E-05 ), #5608, 'distance_accuracy_value', 'NONE');
#5664 = VERTEX_POINT ( 'NONE', #6253 ) ;
#5665 = LINE ( 'NONE', #3962, #611 ) ;
#5666 =( GEOMETRIC_REPRESENTATION_CONTEXT ( 3 ) GLOBAL_UNCERTAINTY_ASSIGNED_CONTEXT ( ( #3262 ) ) GLOBAL_UNIT_ASSIGNED_CONTEXT ( ( #4307, #1078, #2639 ) ) REPRESENTATION_CONTEXT ( 'NONE', 'WORKASPACE' ) );
#5667 = ORIENTED_EDGE ( 'NONE', *, *, #2851, .F. ) ;
#5668 = LINE ( 'NONE', #4497, #2068 ) ;
#5669 = COLOUR_RGB ( '',0.6039215686274509443, 0.6039215686274509443, 0.6039215686274509443 ) ;
#5670 = ADVANCED_FACE ( 'NONE', ( #987 ), #4253, .T. ) ;
#5671 = CARTESIAN_POINT ( 'NONE',  ( 2.540000000000000036, 6.988007637321756782, -1.642544649361742382 ) ) ;
#5672 = UNCERTAINTY_MEASURE_WITH_UNIT (LENGTH_MEASURE( 1.000000000000000082E-05 ), #418, 'distance_accuracy_value', 'NONE');
#5673 = CARTESIAN_POINT ( 'NONE',  ( -2.540000000000000036, 7.231212604653898701, -1.532305345192615853 ) ) ;
#5674 = CARTESIAN_POINT ( 'NONE',  ( -0.4811045252837794495, 4.611410857060564972, -2.507817424988412203 ) ) ;
#5675 = CARTESIAN_POINT ( 'NONE',  ( 0.05632860020257252076, 5.819591393833615456, -2.476059846874456127 ) ) ;
#5676 = ORIENTED_EDGE ( 'NONE', *, *, #712, .T. ) ;
#5677 = CARTESIAN_POINT ( 'NONE',  ( -0.4200553991829720779, 6.595716163964643997, -2.120223826503901510 ) ) ;
#5678 = CARTESIAN_POINT ( 'NONE',  ( 2.540000000000000480, 0.3250000000000000111, 2.642896323400713676 ) ) ;
#5679 = EDGE_CURVE ( 'NONE', #6869, #5839, #701, .T. ) ;
#5680 = FILL_AREA_STYLE ('',( #5646 ) ) ;
#5681 = CARTESIAN_POINT ( 'NONE',  ( -1.201582755399667191, 4.142575156601541408, -2.359970629411192622 ) ) ;
#5682 = EDGE_CURVE ( 'NONE', #6850, #3123, #5625, .T. ) ;
#5683 = CARTESIAN_POINT ( 'NONE',  ( 2.540000000000000480, 7.546404284867462842, 1.645263485197932418 ) ) ;
#5684 = MECHANICAL_DESIGN_GEOMETRIC_PRESENTATION_REPRESENTATION (  '', ( #4365 ), #31 ) ;
#5685 = VERTEX_POINT ( 'NONE', #1715 ) ;
#5686 = FILL_AREA_STYLE ('',( #5023 ) ) ;
#5687 = CARTESIAN_POINT ( 'NONE',  ( -2.539999999999999591, 3.213360091561182408, 1.757171267987867491 ) ) ;
#5688 = ORIENTED_EDGE ( 'NONE', *, *, #1049, .T. ) ;
#5689 = DIRECTION ( 'NONE',  ( 1.000000000000000000, 1.224646799147353454E-16, 0.000000000000000000 ) ) ;
#5690 = LINE ( 'NONE', #5124, #4853 ) ;
#5691 = EDGE_CURVE ( 'NONE', #4233, #170, #633, .T. ) ;
#5692 = SURFACE_STYLE_USAGE ( .BOTH. , #3102 ) ;
#5693 = CARTESIAN_POINT ( 'NONE',  ( 1.312252879768543989, 6.343739341733132697, -2.327002348581857838 ) ) ;
#5694 = CARTESIAN_POINT ( 'NONE',  ( -2.540000000000000036, 7.376562133445771607, -1.570037309908763445 ) ) ;
#5695 = DIRECTION ( 'NONE',  ( 1.000000000000000000, 1.224646799147353454E-16, 0.000000000000000000 ) ) ;
#5696 = EDGE_CURVE ( 'NONE', #6479, #1599, #2772, .T. ) ;
#5697 = SURFACE_SIDE_STYLE ('',( #1927 ) ) ;
#5698 = ORIENTED_EDGE ( 'NONE', *, *, #3161, .F. ) ;
#5699 = CARTESIAN_POINT ( 'NONE',  ( -0.4367350314959355662, 4.708557133181850318, -2.527863024509640066 ) ) ;
#5700 = SURFACE_STYLE_USAGE ( .BOTH. , #3606 ) ;
#5701 = CARTESIAN_POINT ( 'NONE',  ( 2.140000000000000568, 4.574339035756188387, 2.152681590485153063 ) ) ;
#5702 = ADVANCED_FACE ( 'NONE', ( #4288 ), #731, .T. ) ;
#5703 = EDGE_CURVE ( 'NONE', #5456, #5212, #1311, .T. ) ;
#5704 = CARTESIAN_POINT ( 'NONE',  ( 2.464999999999999858, -0.2500000000000002220, -8.673617379884035472E-16 ) ) ;
#5705 = VERTEX_POINT ( 'NONE', #6028 ) ;
#5706 = DIRECTION ( 'NONE',  ( 0.000000000000000000, -0.4323118897652064585, -0.9017241429437475864 ) ) ;
#5707 = COLOUR_RGB ( '',0.6039215686274509443, 0.6039215686274509443, 0.6039215686274509443 ) ;
#5708 = SURFACE_STYLE_FILL_AREA ( #6366 ) ;
#5709 = DIRECTION ( 'NONE',  ( 0.000000000000000000, 0.000000000000000000, -1.000000000000000000 ) ) ;
#5710 = CARTESIAN_POINT ( 'NONE',  ( 2.340000000000000302, 5.609476576732736142, 2.574316661841345333 ) ) ;
#5711 = ORIENTED_EDGE ( 'NONE', *, *, #3603, .F. ) ;
#5712 = CARTESIAN_POINT ( 'NONE',  ( 0.4227166460315243679, 3.715533835875931779, -2.127852785471196828 ) ) ;
#5713 = CARTESIAN_POINT ( 'NONE',  ( 0.9036165549106097705, 6.637372302888865150, -2.152659162853694852 ) ) ;
#5714 = FACE_BOUND ( 'NONE', #671, .T. ) ;
#5715 = CARTESIAN_POINT ( 'NONE',  ( 2.540000000000000480, 3.008102457706269384, 1.716962266451821373 ) ) ;
#5716 = CARTESIAN_POINT ( 'NONE',  ( 0.4184030326135496636, 3.723987307001785485, -2.132163991002558046 ) ) ;
#5717 = CARTESIAN_POINT ( 'NONE',  ( 2.540000000000000480, 7.350297063655214735, 1.556692173267455903 ) ) ;
#5718 = VECTOR ( 'NONE', #2557, 1000.000000000000114 ) ;
#5719 = DIRECTION ( 'NONE',  ( 1.000000000000000000, 0.000000000000000000, 0.000000000000000000 ) ) ;
#5720 = VERTEX_POINT ( 'NONE', #1265 ) ;
#5721 = EDGE_CURVE ( 'NONE', #5705, #6225, #5360, .T. ) ;
#5722 =( NAMED_UNIT ( * ) SI_UNIT ( $, .STERADIAN. ) SOLID_ANGLE_UNIT ( ) );
#5723 = SURFACE_STYLE_FILL_AREA ( #6750 ) ;
#5724 = CARTESIAN_POINT ( 'NONE',  ( 1.427829721356196790, 6.221867919569116445, -2.385663275677079032 ) ) ;
#5725 = FILL_AREA_STYLE_COLOUR ( '', #1775 ) ;
#5726 = FACE_OUTER_BOUND ( 'NONE', #1963, .T. ) ;
#5727 = EDGE_CURVE ( 'NONE', #3949, #6546, #4829, .T. ) ;
#5728 = ADVANCED_FACE ( 'NONE', ( #668, #2805 ), #162, .T. ) ;
#5729 = FILL_AREA_STYLE_COLOUR ( '', #5998 ) ;
#5730 = CARTESIAN_POINT ( 'NONE',  ( 9.000000000000000000, -1.102182119232617911E-15, 0.000000000000000000 ) ) ;
#5731 = VECTOR ( 'NONE', #4736, 1000.000000000000000 ) ;
#5732 = ORIENTED_EDGE ( 'NONE', *, *, #5004, .T. ) ;
#5733 =( GEOMETRIC_REPRESENTATION_CONTEXT ( 3 ) GLOBAL_UNCERTAINTY_ASSIGNED_CONTEXT ( ( #3816 ) ) GLOBAL_UNIT_ASSIGNED_CONTEXT ( ( #1375, #1308, #6628 ) ) REPRESENTATION_CONTEXT ( 'NONE', 'WORKASPACE' ) );
#5734 = DIRECTION ( 'NONE',  ( 1.966535401401894617E-16, 0.000000000000000000, 1.000000000000000000 ) ) ;
#5735 = STYLED_ITEM ( 'NONE', ( #5982 ), #139 ) ;
#5736 = EDGE_LOOP ( 'NONE', ( #4427, #3849, #2659, #3500 ) ) ;
#5737 = CARTESIAN_POINT ( 'NONE',  ( -1.557693864990327359, 5.564424831618592471, -2.538548049868389000 ) ) ;
#5738 = PRESENTATION_LAYER_ASSIGNMENT (  '', '', ( #6648 ) ) ;
#5739 = CARTESIAN_POINT ( 'NONE',  ( 1.354100058733493706, 6.307071696043734299, -2.346555099506184572 ) ) ;
#5740 = DIRECTION ( 'NONE',  ( -1.707404996040164265E-16, -0.000000000000000000, -1.000000000000000000 ) ) ;
#5741 = CARTESIAN_POINT ( 'NONE',  ( 2.540000000000000480, 3.083757038415181118, 1.874763991466977364 ) ) ;
#5742 = UNCERTAINTY_MEASURE_WITH_UNIT (LENGTH_MEASURE( 1.000000000000000082E-05 ), #2200, 'distance_accuracy_value', 'NONE');
#5743 = LINE ( 'NONE', #6810, #6527 ) ;
#5744 = FILL_AREA_STYLE_COLOUR ( '', #1598 ) ;
#5745 = CARTESIAN_POINT ( 'NONE',  ( -2.539999999999999591, 7.282338214665561082, 1.537836191761080773 ) ) ;
#5746 = VECTOR ( 'NONE', #6186, 1000.000000000000000 ) ;
#5747 = FACE_OUTER_BOUND ( 'NONE', #2282, .T. ) ;
#5748 = ORIENTED_EDGE ( 'NONE', *, *, #1776, .T. ) ;
#5749 = CARTESIAN_POINT ( 'NONE',  ( 0.3586411120705192412, 4.853019561442319940, -2.598081526648863271 ) ) ;
#5750 = ORIENTED_EDGE ( 'NONE', *, *, #4034, .T. ) ;
#5751 =( GEOMETRIC_REPRESENTATION_CONTEXT ( 3 ) GLOBAL_UNCERTAINTY_ASSIGNED_CONTEXT ( ( #6434 ) ) GLOBAL_UNIT_ASSIGNED_CONTEXT ( ( #2726, #2771, #2214 ) ) REPRESENTATION_CONTEXT ( 'NONE', 'WORKASPACE' ) );
#5752 = EDGE_CURVE ( 'NONE', #3181, #2928, #1298, .T. ) ;
#5753 = CARTESIAN_POINT ( 'NONE',  ( -1.354582209427660722, 6.283665804647875497, -2.302334102053461340 ) ) ;
#5754 = CARTESIAN_POINT ( 'NONE',  ( -0.5317093653600357683, 4.656994136244918536, -2.517175047211279271 ) ) ;
#5755 = MECHANICAL_DESIGN_GEOMETRIC_PRESENTATION_REPRESENTATION (  '', ( #4232 ), #4005 ) ;
#5756 = CARTESIAN_POINT ( 'NONE',  ( 0.1171985023482098182, 6.816085648451400303, -2.015535568129025901 ) ) ;
#5757 = DIRECTION ( 'NONE',  ( 1.000000000000000000, 1.224646799147353454E-16, -0.000000000000000000 ) ) ;
#5758 = CIRCLE ( 'NONE', #6557, 2.615000000000000213 ) ;
#5759 = DIRECTION ( 'NONE',  ( 1.000000000000000000, 0.000000000000000000, -3.673940397442059375E-16 ) ) ;
#5760 = B_SPLINE_CURVE_WITH_KNOTS ( 'NONE', 3,
 ( #6877, #2691, #5392, #6478, #3815, #2146, #3266, #637, #4254, #128, #1607, #2220, #4323, #2253 ),
 .UNSPECIFIED., .F., .F.,
 ( 4, 2, 2, 2, 2, 2, 4 ),
 ( 0.000000000000000000, 0.2500000000000000000, 0.3750000000000000000, 0.5000000000000000000, 0.6250000000000000000, 0.7500000000000000000, 1.000000000000000000 ),
 .UNSPECIFIED. ) ;
#5761 = DIRECTION ( 'NONE',  ( 1.224646799147353454E-16, -1.000000000000000000, 0.000000000000000000 ) ) ;
#5762 = CARTESIAN_POINT ( 'NONE',  ( -2.540000000000000480, 0.4655013641736956420, -2.935956669857429535 ) ) ;
#5763 = CARTESIAN_POINT ( 'NONE',  ( -0.04120859706133737921, 5.859283460217878492, -2.516972832067172927 ) ) ;
#5764 = APPLICATION_PROTOCOL_DEFINITION ( 'draft international standard', 'automotive_design', 1998, #1224 ) ;
#5765 = EDGE_CURVE ( 'NONE', #5583, #3908, #2534, .T. ) ;
#5766 = ORIENTED_EDGE ( 'NONE', *, *, #1928, .T. ) ;
#5767 = SURFACE_STYLE_USAGE ( .BOTH. , #6870 ) ;
#5768 = EDGE_LOOP ( 'NONE', ( #5215, #2427, #3024, #5249 ) ) ;
#5769 = SURFACE_SIDE_STYLE ('',( #3224 ) ) ;
#5770 = STYLED_ITEM ( 'NONE', ( #1472 ), #2363 ) ;
#5771 = SURFACE_STYLE_USAGE ( .BOTH. , #5253 ) ;
#5772 =( NAMED_UNIT ( * ) PLANE_ANGLE_UNIT ( ) SI_UNIT ( $, .RADIAN. ) );
#5773 = CARTESIAN_POINT ( 'NONE',  ( 2.340000000000000302, 4.724339035756187855, 2.580123590745030171 ) ) ;
#5774 = ORIENTED_EDGE ( 'NONE', *, *, #3358, .T. ) ;
#5775 = CARTESIAN_POINT ( 'NONE',  ( -0.7053474477102340545, 3.814198314553297386, -2.190075940112202968 ) ) ;
#5776 = CARTESIAN_POINT ( 'NONE',  ( 2.341571317600434909, 5.609476576732736142, 2.407217224957490131 ) ) ;
#5777 = CARTESIAN_POINT ( 'NONE',  ( 0.04990617441077629252, 5.846481478893299055, -2.520544596334812759 ) ) ;
#5778 = DIRECTION ( 'NONE',  ( 0.000000000000000000, 1.000000000000000000, 0.000000000000000000 ) ) ;
#5779 = SURFACE_STYLE_USAGE ( .BOTH. , #6307 ) ;
#5780 = VECTOR ( 'NONE', #2440, 1000.000000000000000 ) ;
#5781 =( LENGTH_UNIT ( ) NAMED_UNIT ( * ) SI_UNIT ( .MILLI., .METRE. ) );
#5782 = SURFACE_STYLE_FILL_AREA ( #3791 ) ;
#5783 = EDGE_CURVE ( 'NONE', #1419, #6505, #4198, .T. ) ;
#5784 = EDGE_CURVE ( 'NONE', #5685, #2250, #6097, .T. ) ;
#5785 = EDGE_LOOP ( 'NONE', ( #5634, #5766, #2720, #1811 ) ) ;
#5786 = CARTESIAN_POINT ( 'NONE',  ( 2.539999999999999591, 7.230341301471685078, -1.859107331326272705 ) ) ;
#5787 = COLOUR_RGB ( '',0.6039215686274509443, 0.6039215686274509443, 0.6039215686274509443 ) ;
#5788 = CARTESIAN_POINT ( 'NONE',  ( 2.165000000000000036, 0.000000000000000000, -1.124999999999999556 ) ) ;
#5789 = CARTESIAN_POINT ( 'NONE',  ( -1.741766182825288167, 4.698086459402049719, -2.527390950352925714 ) ) ;
#5790 = CARTESIAN_POINT ( 'NONE',  ( 2.540000000000000480, 7.099853943852493465, 1.742496656422293677 ) ) ;
#5791 = CARTESIAN_POINT ( 'NONE',  ( 0.7952300805322725097, 6.644126280727256528, -2.085362077049137230 ) ) ;
#5792 = FILL_AREA_STYLE_COLOUR ( '', #723 ) ;
#5793 = DIRECTION ( 'NONE',  ( 3.673940397442059375E-16, -0.000000000000000000, 1.000000000000000000 ) ) ;
#5794 = ORIENTED_EDGE ( 'NONE', *, *, #3485, .F. ) ;
#5795 =( LENGTH_UNIT ( ) NAMED_UNIT ( * ) SI_UNIT ( .MILLI., .METRE. ) );
#5796 = PRESENTATION_LAYER_ASSIGNMENT (  '', '', ( #2035 ) ) ;
#5797 = ORIENTED_EDGE ( 'NONE', *, *, #6553, .F. ) ;
#5798 = LINE ( 'NONE', #6863, #3355 ) ;
#5799 = LINE ( 'NONE', #4751, #2207 ) ;
#5800 = FILL_AREA_STYLE_COLOUR ( '', #4065 ) ;
#5801 = ORIENTED_EDGE ( 'NONE', *, *, #4879, .T. ) ;
#5802 = CARTESIAN_POINT ( 'NONE',  ( 1.435391388785335565, 5.860451514443661303, -2.518595403688004275 ) ) ;
#5803 = FACE_OUTER_BOUND ( 'NONE', #768, .T. ) ;
#5804 = DIRECTION ( 'NONE',  ( -3.673940397442059375E-16, 0.000000000000000000, -1.000000000000000000 ) ) ;
#5805 = ADVANCED_FACE ( 'NONE', ( #4463 ), #5662, .F. ) ;
#5806 = UNCERTAINTY_MEASURE_WITH_UNIT (LENGTH_MEASURE( 1.000000000000000082E-05 ), #2637, 'distance_accuracy_value', 'NONE');
#5807 =( NAMED_UNIT ( * ) SI_UNIT ( $, .STERADIAN. ) SOLID_ANGLE_UNIT ( ) );
#5808 = COLOUR_RGB ( '',0.6039215686274509443, 0.6039215686274509443, 0.6039215686274509443 ) ;
#5809 = SURFACE_STYLE_USAGE ( .BOTH. , #2775 ) ;
#5810 = PRESENTATION_STYLE_ASSIGNMENT (( #2147 ) ) ;
#5811 = ORIENTED_EDGE ( 'NONE', *, *, #1789, .T. ) ;
#5812 = CARTESIAN_POINT ( 'NONE',  ( -1.397169567085811748, 5.937160648370537253, -2.448745036995394475 ) ) ;
#5813 =( GEOMETRIC_REPRESENTATION_CONTEXT ( 3 ) GLOBAL_UNCERTAINTY_ASSIGNED_CONTEXT ( ( #5663 ) ) GLOBAL_UNIT_ASSIGNED_CONTEXT ( ( #5608, #4562, #1474 ) ) REPRESENTATION_CONTEXT ( 'NONE', 'WORKASPACE' ) );
#5814 = LINE ( 'NONE', #5260, #2507 ) ;
#5815 = ADVANCED_FACE ( 'NONE', ( #3031 ), #4478, .T. ) ;
#5816 = CARTESIAN_POINT ( 'NONE',  ( -4.500000000000000000, -5.510910596163089556E-16, 0.000000000000000000 ) ) ;
#5817 = UNCERTAINTY_MEASURE_WITH_UNIT (LENGTH_MEASURE( 1.000000000000000082E-05 ), #3657, 'distance_accuracy_value', 'NONE');
#5818 = EDGE_CURVE ( 'NONE', #320, #320, #1762, .T. ) ;
#5819 =( LENGTH_UNIT ( ) NAMED_UNIT ( * ) SI_UNIT ( .MILLI., .METRE. ) );
#5820 = CIRCLE ( 'NONE', #1499, 0.4000000000000001887 ) ;
#5821 = SURFACE_STYLE_FILL_AREA ( #5297 ) ;
#5822 = SURFACE_SIDE_STYLE ('',( #6345 ) ) ;
#5823 = VERTEX_POINT ( 'NONE', #3075 ) ;
#5824 = PRESENTATION_STYLE_ASSIGNMENT (( #1663 ) ) ;
#5825 = DIRECTION ( 'NONE',  ( 1.000000000000000000, 1.224646799147353454E-16, 0.000000000000000000 ) ) ;
#5826 = CARTESIAN_POINT ( 'NONE',  ( 0.7952300805322725097, 6.644126280727256528, -2.085362077049137230 ) ) ;
#5827 = EDGE_CURVE ( 'NONE', #6389, #491, #299, .T. ) ;
#5828 = DIRECTION ( 'NONE',  ( 1.000000000000000000, 0.000000000000000000, 0.000000000000000000 ) ) ;
#5829 = CARTESIAN_POINT ( 'NONE',  ( -0.2336030819982660434, 3.502585936535004940, -2.030951711768896661 ) ) ;
#5830 = AXIS2_PLACEMENT_3D ( 'NONE', #757, #5448, #685 ) ;
#5831 = COLOUR_RGB ( '',0.6039215686274509443, 0.6039215686274509443, 0.6039215686274509443 ) ;
#5832 = VERTEX_POINT ( 'NONE', #5209 ) ;
#5833 = CARTESIAN_POINT ( 'NONE',  ( 2.539999999999999591, 0.4006545807089144096, -2.800698048415869224 ) ) ;
#5834 = AXIS2_PLACEMENT_3D ( 'NONE', #5989, #4927, #2280 ) ;
#5835 = FILL_AREA_STYLE ('',( #6243 ) ) ;
#5836 = DIRECTION ( 'NONE',  ( 1.000000000000000000, 0.000000000000000000, 0.000000000000000000 ) ) ;
#5837 = CARTESIAN_POINT ( 'NONE',  ( 0.5144028721215830879, 4.647897946943161607, -2.515381189872671008 ) ) ;
#5838 = CARTESIAN_POINT ( 'NONE',  ( 2.540000000000000036, 7.213259400147536304, -1.454572088749640058 ) ) ;
#5839 = VERTEX_POINT ( 'NONE', #479 ) ;
#5840 = LINE ( 'NONE', #5213, #4716 ) ;
#5841 = VERTEX_POINT ( 'NONE', #2573 ) ;
#5842 = STYLED_ITEM ( 'NONE', ( #4001 ), #4466 ) ;
#5843 = CARTESIAN_POINT ( 'NONE',  ( -0.2067982759443129925, 3.663583151427405760, -2.151468016095477331 ) ) ;
#5844 = B_SPLINE_CURVE_WITH_KNOTS ( 'NONE', 3,
 ( #6796, #1999, #3080, #1539, #6872, #6833, #4622, #5802, #5284, #1019, #3151, #6766, #516, #4759, #11, #2724, #44, #2249, #699, #4284, #4356, #4320, #82, #123, #3340, #5430, #6429, #2685, #5877, #2213, #2325, #4433, #1678, #6549, #6474, #3891, #591, #3781, #1713, #4930, #4390, #1787, #5324, #1751, #5389, #6507, #3372, #667, #5843, #4862, #3810, #5357, #1197, #2803, #5911, #190, #4899, #4793, #2283, #5991, #2173, #3222, #1159, #3848, #3299, #631, #6398, #1095, #2836, #1131 ),
 .UNSPECIFIED., .T., .F.,
 ( 4, 2, 2, 2, 2, 2, 2, 2, 2, 2, 2, 2, 2, 2, 2, 2, 2, 2, 2, 2, 2, 2, 2, 2, 2, 2, 2, 2, 2, 2, 2, 2, 2, 2, 4 ),
 ( 0.000000000000000000, 0.03125000000000000000, 0.04687500000000000000, 0.06250000000000000000, 0.09375000000000000000, 0.1250000000000000000, 0.1562500000000000000, 0.1875000000000000000, 0.2500000000000000000, 0.2812500000000000000, 0.3125000000000000000, 0.3437500000000000000, 0.3593750000000000000, 0.3750000000000000000, 0.4062500000000000000, 0.4375000000000000000, 0.4687500000000000000, 0.5000000000000000000, 0.5625000000000000000, 0.5937500000000000000, 0.6250000000000000000, 0.6562500000000000000, 0.6875000000000000000, 0.7187500000000000000, 0.7343750000000000000, 0.7500000000000000000, 0.7812500000000000000, 0.8125000000000000000, 0.8281250000000000000, 0.8437500000000000000, 0.8593750000000000000, 0.8750000000000000000, 0.9375000000000000000, 0.9687500000000000000, 1.000000000000000000 ),
 .UNSPECIFIED. ) ;
#5845 = LINE ( 'NONE', #2688, #3573 ) ;
#5846 = FILL_AREA_STYLE_COLOUR ( '', #1417 ) ;
#5847 = CARTESIAN_POINT ( 'NONE',  ( -0.05844314102871007305, 5.836258748741340874, -2.523345780858416099 ) ) ;
#5848 = MECHANICAL_DESIGN_GEOMETRIC_PRESENTATION_REPRESENTATION (  '', ( #5404 ), #5288 ) ;
#5849 = STYLED_ITEM ( 'NONE', ( #6558 ), #5383 ) ;
#5850 = ORIENTED_EDGE ( 'NONE', *, *, #6651, .T. ) ;
#5851 = CARTESIAN_POINT ( 'NONE',  ( -0.5317093653600362124, 4.656994136244917648, -2.517175047211279271 ) ) ;
#5852 = ORIENTED_EDGE ( 'NONE', *, *, #2435, .F. ) ;
#5853 = EDGE_CURVE ( 'NONE', #4521, #26, #6793, .T. ) ;
#5854 = B_SPLINE_CURVE_WITH_KNOTS ( 'NONE', 3,
 ( #3730, #73, #4784, #3365 ),
 .UNSPECIFIED., .F., .F.,
 ( 4, 4 ),
 ( 0.000000000000000000, 1.000000000000000000 ),
 .UNSPECIFIED. ) ;
#5855 = COLOUR_RGB ( '',0.7058823529411764053, 0.7058823529411764053, 0.7058823529411764053 ) ;
#5856 = STYLED_ITEM ( 'NONE', ( #2366 ), #5438 ) ;
#5857 = CARTESIAN_POINT ( 'NONE',  ( 2.615000000000000657, 0.1499999999999999944, 0.7499999999999982236 ) ) ;
#5858 = FILL_AREA_STYLE ('',( #496 ) ) ;
#5859 = AXIS2_PLACEMENT_3D ( 'NONE', #5730, #6251, #1992 ) ;
#5860 = EDGE_CURVE ( 'NONE', #2579, #3378, #4176, .T. ) ;
#5861 = SURFACE_STYLE_FILL_AREA ( #1000 ) ;
#5862 = ORIENTED_EDGE ( 'NONE', *, *, #6867, .F. ) ;
#5863 = SURFACE_SIDE_STYLE ('',( #1587 ) ) ;
#5864 = CARTESIAN_POINT ( 'NONE',  ( -1.787827807224156240, 4.921535495611826683, -2.557290525993538122 ) ) ;
#5865 = DIRECTION ( 'NONE',  ( 0.000000000000000000, 0.000000000000000000, 1.000000000000000000 ) ) ;
#5866 = COLOUR_RGB ( '',0.6039215686274509443, 0.6039215686274509443, 0.6039215686274509443 ) ;
#5867 = CARTESIAN_POINT ( 'NONE',  ( -1.615506889134032731, 4.382783277603573779, -2.449897841969137069 ) ) ;
#5868 = DIRECTION ( 'NONE',  ( -1.000000000000000000, -1.224646799147353454E-16, 0.000000000000000000 ) ) ;
#5869 = ORIENTED_EDGE ( 'NONE', *, *, #2576, .T. ) ;
#5870 = SURFACE_SIDE_STYLE ('',( #2602 ) ) ;
#5871 = FACE_OUTER_BOUND ( 'NONE', #4216, .T. ) ;
#5872 = DIRECTION ( 'NONE',  ( 1.000000000000000000, 0.000000000000000000, 0.000000000000000000 ) ) ;
#5873 = CARTESIAN_POINT ( 'NONE',  ( -2.540000000000000036, 7.415204580369008092, -1.597370737635539939 ) ) ;
#5874 = VERTEX_POINT ( 'NONE', #511 ) ;
#5875 = FILL_AREA_STYLE ('',( #78 ) ) ;
#5876 = EDGE_LOOP ( 'NONE', ( #4863 ) ) ;
#5877 = CARTESIAN_POINT ( 'NONE',  ( -1.272127031887017479, 6.110122946904806618, -2.433903044324991161 ) ) ;
#5878 = VERTEX_POINT ( 'NONE', #1534 ) ;
#5879 = AXIS2_PLACEMENT_3D ( 'NONE', #5128, #1991, #375 ) ;
#5880 = CARTESIAN_POINT ( 'NONE',  ( 2.540000000000000036, 7.376562133445771607, -1.570037309908764112 ) ) ;
#5881 = CARTESIAN_POINT ( 'NONE',  ( 2.390000000000000568, 4.724339035756187855, 2.580123590745029283 ) ) ;
#5882 = FACE_BOUND ( 'NONE', #1919, .T. ) ;
#5883 = PRODUCT_DEFINITION_CONTEXT ( 'detailed design', #4891, 'design' ) ;
#5884 = FILL_AREA_STYLE_COLOUR ( '', #1061 ) ;
#5885 = PRESENTATION_LAYER_ASSIGNMENT (  '', '', ( #4457 ) ) ;
#5886 = UNCERTAINTY_MEASURE_WITH_UNIT (LENGTH_MEASURE( 1.000000000000000082E-05 ), #306, 'distance_accuracy_value', 'NONE');
#5887 = CYLINDRICAL_SURFACE ( 'NONE', #6254, 2.464999999999999858 ) ;
#5888 = FACE_OUTER_BOUND ( 'NONE', #3952, .T. ) ;
#5889 = PRESENTATION_LAYER_ASSIGNMENT (  '', '', ( #1246 ) ) ;
#5890 = FACE_OUTER_BOUND ( 'NONE', #6425, .T. ) ;
#5891 = SURFACE_STYLE_FILL_AREA ( #2847 ) ;
#5892 = PLANE ( 'NONE',  #1621 ) ;
#5893 = PRESENTATION_LAYER_ASSIGNMENT (  '', '', ( #450 ) ) ;
#5894 = EDGE_CURVE ( 'NONE', #5915, #5841, #1206, .T. ) ;
#5895 = CARTESIAN_POINT ( 'NONE',  ( -1.799362092292490889, 5.213456315978264755, -2.564891153875192398 ) ) ;
#5896 = CARTESIAN_POINT ( 'NONE',  ( 1.588995228269626914, 5.364991062734915772, -2.608192737166509900 ) ) ;
#5897 = CARTESIAN_POINT ( 'NONE',  ( 1.427829721356196790, 6.201373313076399718, -2.340048299086694872 ) ) ;
#5898 = FILL_AREA_STYLE ('',( #4812 ) ) ;
#5899 = EDGE_LOOP ( 'NONE', ( #4325 ) ) ;
#5900 =( NAMED_UNIT ( * ) SI_UNIT ( $, .STERADIAN. ) SOLID_ANGLE_UNIT ( ) );
#5901 = SURFACE_STYLE_USAGE ( .BOTH. , #1673 ) ;
#5902 = EDGE_CURVE ( 'NONE', #413, #413, #5632, .T. ) ;
#5903 = DIRECTION ( 'NONE',  ( -0.000000000000000000, -0.9017241429437475864, 0.4323118897652065140 ) ) ;
#5904 = SURFACE_STYLE_USAGE ( .BOTH. , #6465 ) ;
#5905 = CARTESIAN_POINT ( 'NONE',  ( 2.539999999999999591, 7.972238740270340962, -2.528272444938574726 ) ) ;
#5906 = APPLICATION_PROTOCOL_DEFINITION ( 'draft international standard', 'automotive_design', 1998, #2675 ) ;
#5907 = VERTEX_POINT ( 'NONE', #2026 ) ;
#5908 =( GEOMETRIC_REPRESENTATION_CONTEXT ( 3 ) GLOBAL_UNCERTAINTY_ASSIGNED_CONTEXT ( ( #331 ) ) GLOBAL_UNIT_ASSIGNED_CONTEXT ( ( #3978, #4418, #242 ) ) REPRESENTATION_CONTEXT ( 'NONE', 'WORKASPACE' ) );
#5909 = VERTEX_POINT ( 'NONE', #4141 ) ;
#5910 = CARTESIAN_POINT ( 'NONE',  ( 1.787763986909624458, 5.389210461265229846, -2.606652518572885047 ) ) ;
#5911 = CARTESIAN_POINT ( 'NONE',  ( 0.5184846730091314804, 3.721610108002052275, -2.190786104288536151 ) ) ;
#5912 = FILL_AREA_STYLE_COLOUR ( '', #3550 ) ;
#5913 = VECTOR ( 'NONE', #1632, 999.9999999999998863 ) ;
#5914 = PLANE ( 'NONE',  #1644 ) ;
#5915 = VERTEX_POINT ( 'NONE', #6864 ) ;
#5916 = FILL_AREA_STYLE ('',( #130 ) ) ;
#5917 = ORIENTED_EDGE ( 'NONE', *, *, #3907, .F. ) ;
#5918 = FACE_OUTER_BOUND ( 'NONE', #6040, .T. ) ;
#5919 = ORIENTED_EDGE ( 'NONE', *, *, #3897, .F. ) ;
#5920 = MECHANICAL_DESIGN_GEOMETRIC_PRESENTATION_REPRESENTATION (  '', ( #2165 ), #3164 ) ;
#5921 = CARTESIAN_POINT ( 'NONE',  ( 0.3324228588288744568, 4.925534570556409975, -2.555159539243040179 ) ) ;
#5922 = DIRECTION ( 'NONE',  ( 0.000000000000000000, 0.000000000000000000, -1.000000000000000000 ) ) ;
#5923 = CARTESIAN_POINT ( 'NONE',  ( -2.540000000000000036, 0.000000000000000000, 0.7499999999999990008 ) ) ;
#5924 =( GEOMETRIC_REPRESENTATION_CONTEXT ( 3 ) GLOBAL_UNCERTAINTY_ASSIGNED_CONTEXT ( ( #5034 ) ) GLOBAL_UNIT_ASSIGNED_CONTEXT ( ( #4368, #2299, #1799 ) ) REPRESENTATION_CONTEXT ( 'NONE', 'WORKASPACE' ) );
#5925 = SURFACE_SIDE_STYLE ('',( #3386 ) ) ;
#5926 = DIRECTION ( 'NONE',  ( 1.000000000000000000, 0.000000000000000000, -3.673940397442059375E-16 ) ) ;
#5927 = FILL_AREA_STYLE ('',( #3828 ) ) ;
#5928 = MECHANICAL_DESIGN_GEOMETRIC_PRESENTATION_REPRESENTATION (  '', ( #4160 ), #486 ) ;
#5929 = COLOUR_RGB ( '',0.6039215686274509443, 0.6039215686274509443, 0.6039215686274509443 ) ;
#5930 = FILL_AREA_STYLE_COLOUR ( '', #15 ) ;
#5931 = CARTESIAN_POINT ( 'NONE',  ( 1.055011014811930270, 6.320262661374213664, -2.339675848294753280 ) ) ;
#5932 = CARTESIAN_POINT ( 'NONE',  ( -0.2371672461589701963, 6.784501190027034667, -1.976772853693353760 ) ) ;
#5933 = FILL_AREA_STYLE ('',( #3874 ) ) ;
#5934 = FACE_OUTER_BOUND ( 'NONE', #3341, .T. ) ;
#5935 = ORIENTED_EDGE ( 'NONE', *, *, #559, .F. ) ;
#5936 = CARTESIAN_POINT ( 'NONE',  ( 0.01465783135107772035, 5.869441946116570996, -2.514086122491959063 ) ) ;
#5937 = MECHANICAL_DESIGN_GEOMETRIC_PRESENTATION_REPRESENTATION (  '', ( #2609 ), #6379 ) ;
#5938 = VECTOR ( 'NONE', #5719, 1000.000000000000000 ) ;
#5939 =( GEOMETRIC_REPRESENTATION_CONTEXT ( 3 ) GLOBAL_UNCERTAINTY_ASSIGNED_CONTEXT ( ( #6522 ) ) GLOBAL_UNIT_ASSIGNED_CONTEXT ( ( #230, #3995, #2943 ) ) REPRESENTATION_CONTEXT ( 'NONE', 'WORKASPACE' ) );
#5940 = STYLED_ITEM ( 'NONE', ( #1192 ), #1243 ) ;
#5941 = ORIENTED_EDGE ( 'NONE', *, *, #6053, .T. ) ;
#5942 = EDGE_CURVE ( 'NONE', #1813, #1997, #5073, .T. ) ;
#5943 = LINE ( 'NONE', #2721, #3668 ) ;
#5944 = EDGE_LOOP ( 'NONE', ( #5667, #700, #1389, #1638, #1519 ) ) ;
#5945 = EDGE_LOOP ( 'NONE', ( #6022, #4146, #2680, #6547 ) ) ;
#5946 = CARTESIAN_POINT ( 'NONE',  ( -0.8979769568765056942, 3.682915052515170373, -2.165665670262971521 ) ) ;
#5947 = SURFACE_STYLE_USAGE ( .BOTH. , #554 ) ;
#5948 = VECTOR ( 'NONE', #1694, 1000.000000000000000 ) ;
#5949 =( NAMED_UNIT ( * ) PLANE_ANGLE_UNIT ( ) SI_UNIT ( $, .RADIAN. ) );
#5950 = DIRECTION ( 'NONE',  ( 0.000000000000000000, 1.000000000000000000, 0.000000000000000000 ) ) ;
#5951 = UNCERTAINTY_MEASURE_WITH_UNIT (LENGTH_MEASURE( 1.000000000000000082E-05 ), #4379, 'distance_accuracy_value', 'NONE');
#5952 = DIRECTION ( 'NONE',  ( -1.000000000000000000, -0.000000000000000000, -0.000000000000000000 ) ) ;
#5953 = SURFACE_STYLE_FILL_AREA ( #4528 ) ;
#5954 = EDGE_LOOP ( 'NONE', ( #4988, #2114, #1237, #2864 ) ) ;
#5955 = AXIS2_PLACEMENT_3D ( 'NONE', #3314, #5926, #171 ) ;
#5956 = CARTESIAN_POINT ( 'NONE',  ( 2.540000000000000480, 7.230341301471685078, 1.859107331326271817 ) ) ;
#5957 = EDGE_LOOP ( 'NONE', ( #4687, #4769, #2996, #5358 ) ) ;
#5958 = SURFACE_SIDE_STYLE ('',( #3306 ) ) ;
#5959 = SURFACE_SIDE_STYLE ('',( #3820 ) ) ;
#5960 = AXIS2_PLACEMENT_3D ( 'NONE', #4135, #4645, #5237 ) ;
#5961 = AXIS2_PLACEMENT_3D ( 'NONE', #4056, #268, #3622 ) ;
#5962 = FILL_AREA_STYLE ('',( #6443 ) ) ;
#5963 = DIRECTION ( 'NONE',  ( 0.000000000000000000, 0.000000000000000000, 1.000000000000000000 ) ) ;
#5964 = FILL_AREA_STYLE_COLOUR ( '', #3048 ) ;
#5965 = SURFACE_STYLE_USAGE ( .BOTH. , #5925 ) ;
#5966 = AXIS2_PLACEMENT_3D ( 'NONE', #1446, #5644, #302 ) ;
#5967 = PRESENTATION_LAYER_ASSIGNMENT (  '', '', ( #4301 ) ) ;
#5968 = PRESENTATION_STYLE_ASSIGNMENT (( #1273 ) ) ;
#5969 = PRESENTATION_STYLE_ASSIGNMENT (( #5442 ) ) ;
#5970 = ORIENTED_EDGE ( 'NONE', *, *, #2266, .F. ) ;
#5971 =( LENGTH_UNIT ( ) NAMED_UNIT ( * ) SI_UNIT ( .MILLI., .METRE. ) );
#5972 = VECTOR ( 'NONE', #3964, 1000.000000000000000 ) ;
#5973 = AXIS2_PLACEMENT_3D ( 'NONE', #5129, #3669, #3178 ) ;
#5974 = CARTESIAN_POINT ( 'NONE',  ( -0.8005857262119840945, 6.479696968161593240, -2.252456649492553531 ) ) ;
#5975 = PLANE ( 'NONE',  #3513 ) ;
#5976 = CARTESIAN_POINT ( 'NONE',  ( -0.04813923592717802430, 5.852667464599167424, -2.518826276299562128 ) ) ;
#5977 = B_SPLINE_SURFACE_WITH_KNOTS ( 'NONE', 1, 3, ( 
 ( #2842, #3418, #2734, #3307 ),
 ( #4839, #2781, #95, #4871 ) ),
 .UNSPECIFIED., .F., .F., .F.,
 ( 2, 2 ),
 ( 4, 4 ),
 ( 0.000000000000000000, 1.000000000000000000 ),
 ( 0.000000000000000000, 1.000000000000000000 ),
 .UNSPECIFIED. ) ;
#5978 = CARTESIAN_POINT ( 'NONE',  ( -2.539999999999999591, 0.1499999999999997169, 2.642896323400710124 ) ) ;
#5979 =( GEOMETRIC_REPRESENTATION_CONTEXT ( 3 ) GLOBAL_UNCERTAINTY_ASSIGNED_CONTEXT ( ( #195 ) ) GLOBAL_UNIT_ASSIGNED_CONTEXT ( ( #3805, #2758, #3839 ) ) REPRESENTATION_CONTEXT ( 'NONE', 'WORKASPACE' ) );
#5980 = ORIENTED_EDGE ( 'NONE', *, *, #5682, .T. ) ;
#5981 = EDGE_CURVE ( 'NONE', #5574, #5992, #5799, .T. ) ;
#5982 = PRESENTATION_STYLE_ASSIGNMENT (( #5901 ) ) ;
#5983 = FACE_OUTER_BOUND ( 'NONE', #1759, .T. ) ;
#5984 = FACE_OUTER_BOUND ( 'NONE', #705, .T. ) ;
#5985 = LINE ( 'NONE', #4485, #1918 ) ;
#5986 = DIRECTION ( 'NONE',  ( 1.224646799147353454E-16, 1.000000000000000000, 0.000000000000000000 ) ) ;
#5987 = ORIENTED_EDGE ( 'NONE', *, *, #2939, .F. ) ;
#5988 = STYLED_ITEM ( 'NONE', ( #3537 ), #1318 ) ;
#5989 = CARTESIAN_POINT ( 'NONE',  ( 2.540000000000000480, 5.150000000000000355, -9.331808609502832962E-16 ) ) ;
#5990 = FILL_AREA_STYLE ('',( #807 ) ) ;
#5991 = CARTESIAN_POINT ( 'NONE',  ( 0.9333195466929601336, 3.909910551239283993, -2.302447697752767919 ) ) ;
#5992 = VERTEX_POINT ( 'NONE', #5762 ) ;
#5993 = DIRECTION ( 'NONE',  ( -0.000000000000000000, -0.000000000000000000, -1.000000000000000000 ) ) ;
#5994 = EDGE_CURVE ( 'NONE', #3123, #5823, #1012, .T. ) ;
#5995 =( NAMED_UNIT ( * ) SI_UNIT ( $, .STERADIAN. ) SOLID_ANGLE_UNIT ( ) );
#5996 = ORIENTED_EDGE ( 'NONE', *, *, #1605, .T. ) ;
#5997 = PRESENTATION_STYLE_ASSIGNMENT (( #4324 ) ) ;
#5998 = COLOUR_RGB ( '',0.6039215686274509443, 0.6039215686274509443, 0.6039215686274509443 ) ;
#5999 = PRESENTATION_STYLE_ASSIGNMENT (( #739 ) ) ;
#6000 = FILL_AREA_STYLE ('',( #3859 ) ) ;
#6001 = LINE ( 'NONE', #232, #5972 ) ;
#6002 = LINE ( 'NONE', #1245, #3620 ) ;
#6003 = CARTESIAN_POINT ( 'NONE',  ( 2.540000000000000480, 3.213360091561182408, 1.757171267987866159 ) ) ;
#6004 = PLANE ( 'NONE',  #4384 ) ;
#6005 = EDGE_CURVE ( 'NONE', #3395, #2987, #2540, .T. ) ;
#6006 = PLANE ( 'NONE',  #196 ) ;
#6007 = CARTESIAN_POINT ( 'NONE',  ( 2.540000000000000036, 2.943255674241489483, -1.581703645010260395 ) ) ;
#6008 = FILL_AREA_STYLE_COLOUR ( '', #2243 ) ;
#6009 = CIRCLE ( 'NONE', #788, 2.064999999999999059 ) ;
#6010 = CARTESIAN_POINT ( 'NONE',  ( -0.2122490604903883860, 6.648896565396161584, -2.142882652204782357 ) ) ;
#6011 = EDGE_CURVE ( 'NONE', #9, #282, #5243, .T. ) ;
#6012 = CARTESIAN_POINT ( 'NONE',  ( -0.4627171373237355390, 3.568832448044811478, -2.019808826710505656 ) ) ;
#6013 = EDGE_CURVE ( 'NONE', #3303, #5419, #6088, .T. ) ;
#6014 = CARTESIAN_POINT ( 'NONE',  ( -0.03304027690389520211, 5.850257968291346700, -2.467562815686596966 ) ) ;
#6015 = SURFACE_STYLE_FILL_AREA ( #4416 ) ;
#6016 = ORIENTED_EDGE ( 'NONE', *, *, #254, .F. ) ;
#6017 = CARTESIAN_POINT ( 'NONE',  ( -0.5342057497574412839, 4.608962954282771918, -2.558537852120295053 ) ) ;
#6018 = FACE_OUTER_BOUND ( 'NONE', #4639, .T. ) ;
#6019 = SURFACE_SIDE_STYLE ('',( #766 ) ) ;
#6020 = DIRECTION ( 'NONE',  ( -1.000000000000000000, 0.000000000000000000, 0.000000000000000000 ) ) ;
#6021 = CIRCLE ( 'NONE', #6577, 2.615000000000000213 ) ;
#6022 = ORIENTED_EDGE ( 'NONE', *, *, #2232, .T. ) ;
#6023 =( NAMED_UNIT ( * ) PLANE_ANGLE_UNIT ( ) SI_UNIT ( $, .RADIAN. ) );
#6024 = ORIENTED_EDGE ( 'NONE', *, *, #4875, .F. ) ;
#6025 = CARTESIAN_POINT ( 'NONE',  ( 2.540000000000000480, 4.724339035756187855, 2.377191145768263070 ) ) ;
#6026 = CARTESIAN_POINT ( 'NONE',  ( 0.4600778076267219574, 4.611629446845074476, -2.507864479495796051 ) ) ;
#6027 = PLANE ( 'NONE',  #2449 ) ;
#6028 = CARTESIAN_POINT ( 'NONE',  ( -2.165000000000000480, 0.000000000000000000, -0.7499999999999983347 ) ) ;
#6029 = UNCERTAINTY_MEASURE_WITH_UNIT (LENGTH_MEASURE( 1.000000000000000082E-05 ), #2405, 'distance_accuracy_value', 'NONE');
#6030 = FILL_AREA_STYLE_COLOUR ( '', #5669 ) ;
#6031 = CARTESIAN_POINT ( 'NONE',  ( -9.350000000000001421, 2.064999999999997726, 0.000000000000000000 ) ) ;
#6032 = CIRCLE ( 'NONE', #5119, 2.464999999999998970 ) ;
#6033 = UNCERTAINTY_MEASURE_WITH_UNIT (LENGTH_MEASURE( 1.000000000000000082E-05 ), #4205, 'distance_accuracy_value', 'NONE');
#6034 = MECHANICAL_DESIGN_GEOMETRIC_PRESENTATION_REPRESENTATION (  '', ( #926 ), #1151 ) ;
#6035 =( LENGTH_UNIT ( ) NAMED_UNIT ( * ) SI_UNIT ( .MILLI., .METRE. ) );
#6036 = UNCERTAINTY_MEASURE_WITH_UNIT (LENGTH_MEASURE( 1.000000000000000082E-05 ), #6815, 'distance_accuracy_value', 'NONE');
#6037 = PRODUCT_DEFINITION_SHAPE ( 'NONE', 'NONE',  #6888 ) ;
#6038 = SURFACE_SIDE_STYLE ('',( #6666 ) ) ;
#6039 = PRESENTATION_STYLE_ASSIGNMENT (( #5472 ) ) ;
#6040 = EDGE_LOOP ( 'NONE', ( #553, #2936, #5850, #5467 ) ) ;
#6041 = ADVANCED_FACE ( 'NONE', ( #2135 ), #6761, .T. ) ;
#6042 = MECHANICAL_DESIGN_GEOMETRIC_PRESENTATION_REPRESENTATION (  '', ( #6597 ), #41 ) ;
#6043 = EDGE_CURVE ( 'NONE', #339, #170, #2432, .T. ) ;
#6044 = CARTESIAN_POINT ( 'NONE',  ( 0.1201857549245338164, 3.525940291238925717, -1.985360195521319371 ) ) ;
#6045 = CARTESIAN_POINT ( 'NONE',  ( -0.7052787356082539372, 3.788138095445485742, -2.232754094224446817 ) ) ;
#6046 = VECTOR ( 'NONE', #3863, 1000.000000000000000 ) ;
#6047 = SURFACE_SIDE_STYLE ('',( #684 ) ) ;
#6048 = CARTESIAN_POINT ( 'NONE',  ( -0.5317093653600362124, 4.656994136244917648, -2.517175047211279271 ) ) ;
#6049 = COLOUR_RGB ( '',0.6039215686274509443, 0.6039215686274509443, 0.6039215686274509443 ) ;
#6050 = EDGE_LOOP ( 'NONE', ( #4524, #1487, #3979, #809, #6377 ) ) ;
#6051 = DIRECTION ( 'NONE',  ( -0.000000000000000000, 0.000000000000000000, -1.000000000000000000 ) ) ;
#6052 = STYLED_ITEM ( 'NONE', ( #6039 ), #3135 ) ;
#6053 = EDGE_CURVE ( 'NONE', #4999, #5534, #1747, .T. ) ;
#6054 = VERTEX_POINT ( 'NONE', #1779 ) ;
#6055 = DIRECTION ( 'NONE',  ( 1.000000000000000000, 0.000000000000000000, 0.000000000000000000 ) ) ;
#6056 = CARTESIAN_POINT ( 'NONE',  ( -2.539999999999999591, 7.099853943852493465, 1.742496656422293677 ) ) ;
#6057 = ORIENTED_EDGE ( 'NONE', *, *, #6326, .F. ) ;
#6058 = ORIENTED_EDGE ( 'NONE', *, *, #5382, .F. ) ;
#6059 = CARTESIAN_POINT ( 'NONE',  ( 0.6896585300906239446, 3.602544797963051604, -2.107986574361608412 ) ) ;
#6060 = DIRECTION ( 'NONE',  ( 0.000000000000000000, 0.4323118897652180603, 0.9017241429437419242 ) ) ;
#6061 = CARTESIAN_POINT ( 'NONE',  ( -2.615000000000000657, 0.1499999999999999944, 0.7499999999999990008 ) ) ;
#6062 = CIRCLE ( 'NONE', #3741, 2.314999999999999059 ) ;
#6063 = AXIS2_PLACEMENT_3D ( 'NONE', #6065, #5132, #3037 ) ;
#6064 = STYLED_ITEM ( 'NONE', ( #1486 ), #560 ) ;
#6065 = CARTESIAN_POINT ( 'NONE',  ( -2.615000000000000657, -3.500000000000000000, 0.2499999999999990286 ) ) ;
#6066 = STYLED_ITEM ( 'NONE', ( #5459 ), #4877 ) ;
#6067 = CARTESIAN_POINT ( 'NONE',  ( -0.4996053817988380663, 4.599690585445917357, -2.556439819016505854 ) ) ;
#6068 = CARTESIAN_POINT ( 'NONE',  ( 2.615000000000000657, -4.000000000000000000, -0.2499999999999991396 ) ) ;
#6069 = CARTESIAN_POINT ( 'NONE',  ( -0.5354548301088432050, 4.633214198592940036, -2.563426892943128976 ) ) ;
#6070 = DIRECTION ( 'NONE',  ( 0.000000000000000000, 0.000000000000000000, -1.000000000000000000 ) ) ;
#6071 = MECHANICAL_DESIGN_GEOMETRIC_PRESENTATION_REPRESENTATION (  '', ( #1964 ), #2855 ) ;
#6072 = ORIENTED_EDGE ( 'NONE', *, *, #2900, .F. ) ;
#6073 =( NAMED_UNIT ( * ) PLANE_ANGLE_UNIT ( ) SI_UNIT ( $, .RADIAN. ) );
#6074 = SURFACE_STYLE_FILL_AREA ( #6633 ) ;
#6075 = PRESENTATION_LAYER_ASSIGNMENT (  '', '', ( #4079 ) ) ;
#6076 = ORIENTED_EDGE ( 'NONE', *, *, #5305, .T. ) ;
#6077 = CARTESIAN_POINT ( 'NONE',  ( -2.214999999999999858, -0.2500000000000002220, 0.7499999999999988898 ) ) ;
#6078 = ADVANCED_FACE ( 'NONE', ( #4275, #6018 ), #6520, .T. ) ;
#6079 = CARTESIAN_POINT ( 'NONE',  ( -1.547890382372949736, 5.568843517186764736, -2.583336774177335649 ) ) ;
#6080 = COLOUR_RGB ( '',0.6039215686274509443, 0.6039215686274509443, 0.6039215686274509443 ) ;
#6081 = PRESENTATION_LAYER_ASSIGNMENT (  '', '', ( #4412 ) ) ;
#6082 = PRESENTATION_LAYER_ASSIGNMENT (  '', '', ( #5294 ) ) ;
#6083 = CARTESIAN_POINT ( 'NONE',  ( -0.04551831211848318681, 5.841905989203601379, -2.469917955761447903 ) ) ;
#6084 = DIRECTION ( 'NONE',  ( 0.000000000000000000, 0.000000000000000000, -1.000000000000000000 ) ) ;
#6085 = ORIENTED_EDGE ( 'NONE', *, *, #324, .T. ) ;
#6086 = LINE ( 'NONE', #3364, #3270 ) ;
#6087 = LINE ( 'NONE', #1323, #687 ) ;
#6088 = CIRCLE ( 'NONE', #6764, 0.1749999999999999334 ) ;
#6089 = ORIENTED_EDGE ( 'NONE', *, *, #6545, .F. ) ;
#6090 =( LENGTH_UNIT ( ) NAMED_UNIT ( * ) SI_UNIT ( .MILLI., .METRE. ) );
#6091 =( NAMED_UNIT ( * ) SI_UNIT ( $, .STERADIAN. ) SOLID_ANGLE_UNIT ( ) );
#6092 = FACE_OUTER_BOUND ( 'NONE', #986, .T. ) ;
#6093 =( GEOMETRIC_REPRESENTATION_CONTEXT ( 3 ) GLOBAL_UNCERTAINTY_ASSIGNED_CONTEXT ( ( #4429 ) ) GLOBAL_UNIT_ASSIGNED_CONTEXT ( ( #3415, #814, #5995 ) ) REPRESENTATION_CONTEXT ( 'NONE', 'WORKASPACE' ) );
#6094 = CARTESIAN_POINT ( 'NONE',  ( -1.708166036506779006, 5.732421513027287752, -2.551652794724409645 ) ) ;
#6095 = CARTESIAN_POINT ( 'NONE',  ( 2.540000000000000480, 0.3250000000000000111, 2.642896323400713676 ) ) ;
#6096 = CARTESIAN_POINT ( 'NONE',  ( 0.5148804987350159568, 4.643095380264202099, -2.514412994416491021 ) ) ;
#6097 = LINE ( 'NONE', #5629, #3769 ) ;
#6098 = UNCERTAINTY_MEASURE_WITH_UNIT (LENGTH_MEASURE( 1.000000000000000082E-05 ), #4646, 'distance_accuracy_value', 'NONE');
#6099 = VERTEX_POINT ( 'NONE', #2359 ) ;
#6100 = MECHANICAL_DESIGN_GEOMETRIC_PRESENTATION_REPRESENTATION (  '', ( #769 ), #5751 ) ;
#6101 = LINE ( 'NONE', #3420, #4197 ) ;
#6102 = DIRECTION ( 'NONE',  ( -1.000000000000000000, 0.000000000000000000, 0.000000000000000000 ) ) ;
#6103 = AXIS2_PLACEMENT_3D ( 'NONE', #621, #6464, #5761 ) ;
#6104 = ORIENTED_EDGE ( 'NONE', *, *, #5525, .F. ) ;
#6105 = CARTESIAN_POINT ( 'NONE',  ( -0.8880180835441542353, 6.404161558150021527, -2.237477102912722504 ) ) ;
#6106 = FILL_AREA_STYLE_COLOUR ( '', #5515 ) ;
#6107 = DIRECTION ( 'NONE',  ( -3.673940397442059375E-16, 0.000000000000000000, -1.000000000000000000 ) ) ;
#6108 = FILL_AREA_STYLE ('',( #892 ) ) ;
#6109 = UNCERTAINTY_MEASURE_WITH_UNIT (LENGTH_MEASURE( 1.000000000000000082E-05 ), #2658, 'distance_accuracy_value', 'NONE');
#6110 = ORIENTED_EDGE ( 'NONE', *, *, #5902, .F. ) ;
#6111 = CARTESIAN_POINT ( 'NONE',  ( 0.1081424906952002801, 3.682319663208826643, -2.103601549109501256 ) ) ;
#6112 = DIRECTION ( 'NONE',  ( 0.000000000000000000, 1.000000000000000000, 0.000000000000000000 ) ) ;
#6113 = ORIENTED_EDGE ( 'NONE', *, *, #5493, .T. ) ;
#6114 = CARTESIAN_POINT ( 'NONE',  ( -2.539999999999999591, 7.268806921813508737, 1.493847652265798187 ) ) ;
#6115 = AXIS2_PLACEMENT_3D ( 'NONE', #6077, #4849, #106 ) ;
#6116 = CARTESIAN_POINT ( 'NONE',  ( -0.5317093653600362124, 4.647383885489458244, -2.566242786923000008 ) ) ;
#6117 = DIRECTION ( 'NONE',  ( 0.000000000000000000, 0.000000000000000000, 1.000000000000000000 ) ) ;
#6118 = FACE_OUTER_BOUND ( 'NONE', #2051, .T. ) ;
#6119 = LINE ( 'NONE', #1854, #2601 ) ;
#6120 = MECHANICAL_DESIGN_GEOMETRIC_PRESENTATION_REPRESENTATION (  '', ( #2251 ), #2686 ) ;
#6121 = SURFACE_SIDE_STYLE ('',( #2970 ) ) ;
#6122 = VERTEX_POINT ( 'NONE', #622 ) ;
#6123 = EDGE_CURVE ( 'NONE', #1911, #4451, #4443, .T. ) ;
#6124 = DIRECTION ( 'NONE',  ( 1.000000000000000000, 0.000000000000000000, -0.000000000000000000 ) ) ;
#6125 = ADVANCED_FACE ( 'NONE', ( #5984 ), #1226, .F. ) ;
#6126 =( NAMED_UNIT ( * ) SI_UNIT ( $, .STERADIAN. ) SOLID_ANGLE_UNIT ( ) );
#6127 = CARTESIAN_POINT ( 'NONE',  ( 0.5111350339862094083, 4.647383885489458244, -2.566242786923000008 ) ) ;
#6128 = PRESENTATION_LAYER_ASSIGNMENT (  '', '', ( #4029 ) ) ;
#6129 = FACE_OUTER_BOUND ( 'NONE', #2538, .T. ) ;
#6130 = DIRECTION ( 'NONE',  ( 0.000000000000000000, 1.000000000000000000, 0.000000000000000000 ) ) ;
#6131 = DIRECTION ( 'NONE',  ( -1.000000000000000000, 0.000000000000000000, -0.000000000000000000 ) ) ;
#6132 = EDGE_CURVE ( 'NONE', #6850, #2247, #2929, .T. ) ;
#6133 = SURFACE_STYLE_USAGE ( .BOTH. , #6038 ) ;
#6134 = DIRECTION ( 'NONE',  ( 1.000000000000000000, -0.000000000000000000, -3.673940397442059375E-16 ) ) ;
#6135 = ORIENTED_EDGE ( 'NONE', *, *, #3397, .T. ) ;
#6136 = CARTESIAN_POINT ( 'NONE',  ( 1.394490173274748335, 5.941468433101999125, -2.447586343327095459 ) ) ;
#6137 = STYLED_ITEM ( 'NONE', ( #1920 ), #4245 ) ;
#6138 = FILL_AREA_STYLE ('',( #5113 ) ) ;
#6139 =( NAMED_UNIT ( * ) PLANE_ANGLE_UNIT ( ) SI_UNIT ( $, .RADIAN. ) );
#6140 = CARTESIAN_POINT ( 'NONE',  ( -0.7081403091810860584, 6.495991931837074240, -2.183823331254652000 ) ) ;
#6141 = LINE ( 'NONE', #5650, #5938 ) ;
#6142 = ORIENTED_EDGE ( 'NONE', *, *, #851, .F. ) ;
#6143 =( LENGTH_UNIT ( ) NAMED_UNIT ( * ) SI_UNIT ( .MILLI., .METRE. ) );
#6144 = FILL_AREA_STYLE_COLOUR ( '', #2561 ) ;
#6145 = DIRECTION ( 'NONE',  ( 1.000000000000000000, 0.000000000000000000, -1.707404996040164758E-16 ) ) ;
#6146 =( NAMED_UNIT ( * ) SI_UNIT ( $, .STERADIAN. ) SOLID_ANGLE_UNIT ( ) );
#6147 = CARTESIAN_POINT ( 'NONE',  ( 0.5148804987350159568, 4.633214198592939148, -2.563426892943128532 ) ) ;
#6148 = DIRECTION ( 'NONE',  ( 0.000000000000000000, 0.4323118897652064585, 0.9017241429437475864 ) ) ;
#6149 = CARTESIAN_POINT ( 'NONE',  ( -9.350000000000001421, -0.02500000000000114284, 0.1499999999999999667 ) ) ;
#6150 = SHAPE_REPRESENTATION ( 'Fusible 20mm', ( #1317 ), #5516 ) ;
#6151 = VECTOR ( 'NONE', #1172, 1000.000000000000000 ) ;
#6152 = SURFACE_STYLE_USAGE ( .BOTH. , #770 ) ;
#6153 = ORIENTED_EDGE ( 'NONE', *, *, #1776, .F. ) ;
#6154 = CARTESIAN_POINT ( 'NONE',  ( 2.540000000000000480, 7.296267852966717982, 1.697000299375239551 ) ) ;
#6155 = VERTEX_POINT ( 'NONE', #6056 ) ;
#6156 =( NAMED_UNIT ( * ) PLANE_ANGLE_UNIT ( ) SI_UNIT ( $, .RADIAN. ) );
#6157 = UNCERTAINTY_MEASURE_WITH_UNIT (LENGTH_MEASURE( 1.000000000000000082E-05 ), #1429, 'distance_accuracy_value', 'NONE');
#6158 = AXIS2_PLACEMENT_3D ( 'NONE', #5264, #6271, #3133 ) ;
#6159 = CARTESIAN_POINT ( 'NONE',  ( -2.540000000000000480, 0.1499999999999997169, -2.642896323400709679 ) ) ;
#6160 = EDGE_CURVE ( 'NONE', #2966, #6509, #341, .T. ) ;
#6161 = DIRECTION ( 'NONE',  ( -1.000000000000000000, 0.000000000000000000, 3.673940397442059375E-16 ) ) ;
#6162 = ORIENTED_EDGE ( 'NONE', *, *, #3860, .F. ) ;
#6163 = LINE ( 'NONE', #2392, #4285 ) ;
#6164 = PRESENTATION_STYLE_ASSIGNMENT (( #382 ) ) ;
#6165 = PRESENTATION_LAYER_ASSIGNMENT (  '', '', ( #1611 ) ) ;
#6166 = FILL_AREA_STYLE_COLOUR ( '', #5855 ) ;
#6167 = CARTESIAN_POINT ( 'NONE',  ( 0.3593948179218475203, 5.041227697747955538, -2.592429805152074884 ) ) ;
#6168 = AXIS2_PLACEMENT_3D ( 'NONE', #6209, #4060, #3627 ) ;
#6169 = PRESENTATION_LAYER_ASSIGNMENT (  '', '', ( #3305 ) ) ;
#6170 = VERTEX_POINT ( 'NONE', #4484 ) ;
#6171 = LINE ( 'NONE', #360, #6636 ) ;
#6172 = FACE_OUTER_BOUND ( 'NONE', #5486, .T. ) ;
#6173 = AXIS2_PLACEMENT_3D ( 'NONE', #3443, #4998, #2564 ) ;
#6174 = CYLINDRICAL_SURFACE ( 'NONE', #2090, 0.7500000000000001110 ) ;
#6175 = CARTESIAN_POINT ( 'NONE',  ( 1.599999999999999423, 5.156480681601331106, -2.564991813001746390 ) ) ;
#6176 = SURFACE_STYLE_FILL_AREA ( #1917 ) ;
#6177 = SURFACE_STYLE_USAGE ( .BOTH. , #831 ) ;
#6178 = VERTEX_POINT ( 'NONE', #4990 ) ;
#6179 = CARTESIAN_POINT ( 'NONE',  ( -2.165000000000000480, 0.000000000000000000, -1.124999999999998224 ) ) ;
#6180 = SURFACE_SIDE_STYLE ('',( #1948 ) ) ;
#6181 =( NAMED_UNIT ( * ) SI_UNIT ( $, .STERADIAN. ) SOLID_ANGLE_UNIT ( ) );
#6182 = VECTOR ( 'NONE', #4805, 1000.000000000000000 ) ;
#6183 = AXIS2_PLACEMENT_3D ( 'NONE', #5741, #2619, #4772 ) ;
#6184 = CARTESIAN_POINT ( 'NONE',  ( -0.7951582445676976807, 3.638154503121648453, -2.134155456126771266 ) ) ;
#6185 = DIRECTION ( 'NONE',  ( -0.000000000000000000, 0.1563674008190126807, 0.9876989601903538585 ) ) ;
#6186 = DIRECTION ( 'NONE',  ( 0.000000000000000000, -1.000000000000000000, -0.000000000000000000 ) ) ;
#6187 = EDGE_CURVE ( 'NONE', #3034, #3034, #524, .T. ) ;
#6188 = AXIS2_PLACEMENT_3D ( 'NONE', #1874, #1765, #3902 ) ;
#6189 =( GEOMETRIC_REPRESENTATION_CONTEXT ( 3 ) GLOBAL_UNCERTAINTY_ASSIGNED_CONTEXT ( ( #4906 ) ) GLOBAL_UNIT_ASSIGNED_CONTEXT ( ( #2614, #5286, #1540 ) ) REPRESENTATION_CONTEXT ( 'NONE', 'WORKASPACE' ) );
#6190 = FILL_AREA_STYLE_COLOUR ( '', #5361 ) ;
#6191 = DIRECTION ( 'NONE',  ( -3.673940397442059375E-16, 0.000000000000000000, -1.000000000000000000 ) ) ;
#6192 =( NAMED_UNIT ( * ) PLANE_ANGLE_UNIT ( ) SI_UNIT ( $, .RADIAN. ) );
#6193 = COLOUR_RGB ( '',0.6039215686274509443, 0.6039215686274509443, 0.6039215686274509443 ) ;
#6194 = CARTESIAN_POINT ( 'NONE',  ( 9.329128784747791059, 2.164999999999997815, 0.000000000000000000 ) ) ;
#6195 = ORIENTED_EDGE ( 'NONE', *, *, #5994, .T. ) ;
#6196 = DIRECTION ( 'NONE',  ( 1.000000000000000000, 0.000000000000000000, -3.673940397442059375E-16 ) ) ;
#6197 = EDGE_CURVE ( 'NONE', #3704, #2382, #6646, .T. ) ;
#6198 =( NAMED_UNIT ( * ) PLANE_ANGLE_UNIT ( ) SI_UNIT ( $, .RADIAN. ) );
#6199 = FILL_AREA_STYLE ('',( #6166 ) ) ;
#6200 = DIRECTION ( 'NONE',  ( 0.000000000000000000, 0.000000000000000000, 1.000000000000000000 ) ) ;
#6201 = ORIENTED_EDGE ( 'NONE', *, *, #4053, .F. ) ;
#6202 = CARTESIAN_POINT ( 'NONE',  ( 1.589004810629129016, 5.360849642818798166, -2.558326649425502808 ) ) ;
#6203 = AXIS2_PLACEMENT_3D ( 'NONE', #6395, #696, #5352 ) ;
#6204 = PRESENTATION_STYLE_ASSIGNMENT (( #3458 ) ) ;
#6205 = EDGE_CURVE ( 'NONE', #4651, #4651, #647, .T. ) ;
#6206 = LINE ( 'NONE', #4635, #4420 ) ;
#6207 = CARTESIAN_POINT ( 'NONE',  ( 0.9333195466929601336, 3.933621630565493188, -2.258423841199177495 ) ) ;
#6208 = EDGE_CURVE ( 'NONE', #3395, #2237, #3996, .T. ) ;
#6209 = CARTESIAN_POINT ( 'NONE',  ( 2.539999999999999591, 0.4655013641736958641, -2.935956669857430867 ) ) ;
#6210 = ADVANCED_FACE ( 'NONE', ( #4576 ), #312, .F. ) ;
#6211 = EDGE_LOOP ( 'NONE', ( #4082, #1641, #3721, #659 ) ) ;
#6212 = CARTESIAN_POINT ( 'NONE',  ( -0.3487166590612078565, 4.922617540934011160, -2.588364991344963784 ) ) ;
#6213 = ORIENTED_EDGE ( 'NONE', *, *, #896, .T. ) ;
#6214 = CARTESIAN_POINT ( 'NONE',  ( -9.350000000000001421, -1.145044757202775450E-15, 0.000000000000000000 ) ) ;
#6215 = ADVANCED_FACE ( 'NONE', ( #3532 ), #2934, .T. ) ;
#6216 = PLANE ( 'NONE',  #3453 ) ;
#6217 = EDGE_CURVE ( 'NONE', #1538, #6554, #1193, .T. ) ;
#6218 = DIRECTION ( 'NONE',  ( -1.000000000000000000, -1.224646799147353454E-16, 0.000000000000000000 ) ) ;
#6219 = CARTESIAN_POINT ( 'NONE',  ( -0.9100761994653759901, 6.634515697460894756, -2.154731083149829640 ) ) ;
#6220 = SURFACE_STYLE_USAGE ( .BOTH. , #4846 ) ;
#6221 = EDGE_LOOP ( 'NONE', ( #2381, #1443, #2616, #866, #6418, #5980 ) ) ;
#6222 = LINE ( 'NONE', #3074, #2898 ) ;
#6223 = CARTESIAN_POINT ( 'NONE',  ( 2.540000000000000480, 5.609476576732736142, 0.7856227993794330233 ) ) ;
#6224 =( LENGTH_UNIT ( ) NAMED_UNIT ( * ) SI_UNIT ( .MILLI., .METRE. ) );
#6225 = VERTEX_POINT ( 'NONE', #6788 ) ;
#6226 = SURFACE_STYLE_FILL_AREA ( #3707 ) ;
#6227 = PRESENTATION_LAYER_ASSIGNMENT (  '', '', ( #2369 ) ) ;
#6228 =( NAMED_UNIT ( * ) SI_UNIT ( $, .STERADIAN. ) SOLID_ANGLE_UNIT ( ) );
#6229 = UNCERTAINTY_MEASURE_WITH_UNIT (LENGTH_MEASURE( 1.000000000000000082E-05 ), #1890, 'distance_accuracy_value', 'NONE');
#6230 = DIRECTION ( 'NONE',  ( -1.000000000000000000, -0.000000000000000000, 3.673940397442059375E-16 ) ) ;
#6231 = ORIENTED_EDGE ( 'NONE', *, *, #6445, .F. ) ;
#6232 = DIRECTION ( 'NONE',  ( 7.890882775736657875E-16, 0.000000000000000000, -1.000000000000000000 ) ) ;
#6233 = CARTESIAN_POINT ( 'NONE',  ( -1.271465357847115563, 6.379499641398297172, -2.307933194830702917 ) ) ;
#6234 = DIRECTION ( 'NONE',  ( -1.966535401401894617E-16, 0.000000000000000000, -1.000000000000000000 ) ) ;
#6235 = PRESENTATION_STYLE_ASSIGNMENT (( #392 ) ) ;
#6236 = LINE ( 'NONE', #6267, #512 ) ;
#6237 = CARTESIAN_POINT ( 'NONE',  ( -0.5106644142208087711, 3.747130041659377575, -2.147731988798435410 ) ) ;
#6238 = FACE_OUTER_BOUND ( 'NONE', #5455, .T. ) ;
#6239 = EDGE_CURVE ( 'NONE', #1155, #5839, #4281, .T. ) ;
#6240 = AXIS2_PLACEMENT_3D ( 'NONE', #935, #6242, #5153 ) ;
#6241 = VERTEX_POINT ( 'NONE', #6247 ) ;
#6242 = DIRECTION ( 'NONE',  ( 1.000000000000000000, 1.224646799147353454E-16, -0.000000000000000000 ) ) ;
#6243 = FILL_AREA_STYLE_COLOUR ( '', #1094 ) ;
#6244 = SURFACE_STYLE_USAGE ( .BOTH. , #3954 ) ;
#6245 = PRESENTATION_STYLE_ASSIGNMENT (( #5158 ) ) ;
#6246 = COLOUR_RGB ( '',0.6039215686274509443, 0.6039215686274509443, 0.6039215686274509443 ) ;
#6247 = CARTESIAN_POINT ( 'NONE',  ( -0.4996053817988380663, 4.599690585445917357, -2.556439819016505854 ) ) ;
#6248 = DIRECTION ( 'NONE',  ( -0.000000000000000000, 0.000000000000000000, 1.000000000000000000 ) ) ;
#6249 = PRESENTATION_LAYER_ASSIGNMENT (  '', '', ( #6597 ) ) ;
#6250 = LINE ( 'NONE', #4583, #2787 ) ;
#6251 = DIRECTION ( 'NONE',  ( 1.000000000000000000, -1.224646799147353454E-16, 0.000000000000000000 ) ) ;
#6252 = FILL_AREA_STYLE ('',( #3033 ) ) ;
#6253 = CARTESIAN_POINT ( 'NONE',  ( 4.500000000000000000, 2.314999999999998614, 0.000000000000000000 ) ) ;
#6254 = AXIS2_PLACEMENT_3D ( 'NONE', #3421, #202, #6070 ) ;
#6255 = CARTESIAN_POINT ( 'NONE',  ( -2.540000000000000036, 7.332316474780156135, -1.550044293084930969 ) ) ;
#6256 = ORIENTED_EDGE ( 'NONE', *, *, #6414, .F. ) ;
#6257 = AXIS2_PLACEMENT_3D ( 'NONE', #1803, #1768, #3906 ) ;
#6258 = ORIENTED_EDGE ( 'NONE', *, *, #6422, .F. ) ;
#6259 = DIRECTION ( 'NONE',  ( 1.000000000000000000, 0.000000000000000000, -3.673940397442059375E-16 ) ) ;
#6260 = SURFACE_STYLE_USAGE ( .BOTH. , #2583 ) ;
#6261 = ORIENTED_EDGE ( 'NONE', *, *, #6445, .T. ) ;
#6262 = CARTESIAN_POINT ( 'NONE',  ( -1.055330325071463182, 6.297389103333922655, -2.295228082705733197 ) ) ;
#6263 = CARTESIAN_POINT ( 'NONE',  ( 2.321215607172041118, 5.609476576732736142, 2.417387087363906506 ) ) ;
#6264 = EDGE_CURVE ( 'NONE', #1591, #2640, #5690, .T. ) ;
#6265 = FILL_AREA_STYLE ('',( #461 ) ) ;
#6266 = CARTESIAN_POINT ( 'NONE',  ( 0.3879805859361695197, 4.776202692248393333, -2.589300775441542246 ) ) ;
#6267 = CARTESIAN_POINT ( 'NONE',  ( 2.540000000000000036, 0.000000000000000000, -9.331808609502830990E-16 ) ) ;
#6268 = AXIS2_PLACEMENT_3D ( 'NONE', #2480, #6196, #6662 ) ;
#6269 =( NAMED_UNIT ( * ) PLANE_ANGLE_UNIT ( ) SI_UNIT ( $, .RADIAN. ) );
#6270 = COLOUR_RGB ( '',0.6039215686274509443, 0.6039215686274509443, 0.6039215686274509443 ) ;
#6271 = DIRECTION ( 'NONE',  ( -1.000000000000000000, -0.000000000000000000, -0.000000000000000000 ) ) ;
#6272 = ORIENTED_EDGE ( 'NONE', *, *, #772, .T. ) ;
#6273 = DIRECTION ( 'NONE',  ( 1.000000000000000000, 0.000000000000000000, 0.000000000000000000 ) ) ;
#6274 =( GEOMETRIC_REPRESENTATION_CONTEXT ( 3 ) GLOBAL_UNCERTAINTY_ASSIGNED_CONTEXT ( ( #1797 ) ) GLOBAL_UNIT_ASSIGNED_CONTEXT ( ( #4642, #4133, #1489 ) ) REPRESENTATION_CONTEXT ( 'NONE', 'WORKASPACE' ) );
#6275 = ADVANCED_FACE ( 'NONE', ( #3568 ), #6216, .F. ) ;
#6276 = CARTESIAN_POINT ( 'NONE',  ( 0.5111350339862094083, 4.647383885489458244, -2.566242786923000008 ) ) ;
#6277 = FILL_AREA_STYLE_COLOUR ( '', #6538 ) ;
#6278 = PLANE ( 'NONE',  #3697 ) ;
#6279 = AXIS2_PLACEMENT_3D ( 'NONE', #774, #2903, #4967 ) ;
#6280 = CARTESIAN_POINT ( 'NONE',  ( -0.04098290542693880378, 5.859121104521658907, -2.517017283843936859 ) ) ;
#6281 = CARTESIAN_POINT ( 'NONE',  ( -0.001458570207583642945, 5.779990088936276749, -2.486430672237225803 ) ) ;
#6282 = STYLED_ITEM ( 'NONE', ( #5968 ), #4380 ) ;
#6283 = CARTESIAN_POINT ( 'NONE',  ( 0.5138122385337029474, 4.609481128612074485, -2.558642315850769844 ) ) ;
#6284 = DIRECTION ( 'NONE',  ( -3.195309690277993997E-16, -0.4935405451716421976, -0.8697227893252413855 ) ) ;
#6285 = AXIS2_PLACEMENT_3D ( 'NONE', #134, #2188, #5922 ) ;
#6286 = ORIENTED_CLOSED_SHELL ( 'NONE', *, #5295, .F. );
#6287 = VECTOR ( 'NONE', #2215, 1000.000000000000000 ) ;
#6288 = CARTESIAN_POINT ( 'NONE',  ( -2.540000000000000036, 7.033744110214712464, -1.591365531330414473 ) ) ;
#6289 = ORIENTED_EDGE ( 'NONE', *, *, #2010, .T. ) ;
#6290 = ADVANCED_FACE ( 'NONE', ( #751 ), #3557, .F. ) ;
#6291 = DIRECTION ( 'NONE',  ( 1.000000000000000000, 0.000000000000000000, -3.673940397442059375E-16 ) ) ;
#6292 = ORIENTED_EDGE ( 'NONE', *, *, #4654, .F. ) ;
#6293 = CARTESIAN_POINT ( 'NONE',  ( -2.540000000000000036, 3.324448422829183958, -1.656377505005770523 ) ) ;
#6294 = PRESENTATION_LAYER_ASSIGNMENT (  '', '', ( #204 ) ) ;
#6295 = UNCERTAINTY_MEASURE_WITH_UNIT (LENGTH_MEASURE( 1.000000000000000082E-05 ), #2420, 'distance_accuracy_value', 'NONE');
#6296 = STYLED_ITEM ( 'NONE', ( #4969 ), #5728 ) ;
#6297 = EDGE_CURVE ( 'NONE', #590, #6578, #4505, .T. ) ;
#6298 = ADVANCED_FACE ( 'NONE', ( #823 ), #6473, .T. ) ;
#6299 = CARTESIAN_POINT ( 'NONE',  ( -2.539999999999999591, 3.324448422829183958, 1.656377505005770523 ) ) ;
#6300 = STYLED_ITEM ( 'NONE', ( #3214 ), #54 ) ;
#6301 = VERTEX_POINT ( 'NONE', #6738 ) ;
#6302 = LINE ( 'NONE', #2656, #5718 ) ;
#6303 = AXIS2_PLACEMENT_3D ( 'NONE', #2205, #2241, #5349 ) ;
#6304 = CARTESIAN_POINT ( 'NONE',  ( 1.799999999999999600, 5.156607010677380032, -2.614991653411137484 ) ) ;
#6305 = CARTESIAN_POINT ( 'NONE',  ( 0.02663971024089791320, 5.852804247501438795, -2.466843674184961976 ) ) ;
#6306 = CARTESIAN_POINT ( 'NONE',  ( 0.000000000000000000, -0.02499999999999999792, 0.1499999999999999667 ) ) ;
#6307 = SURFACE_SIDE_STYLE ('',( #3091 ) ) ;
#6308 = SURFACE_SIDE_STYLE ('',( #4196 ) ) ;
#6309 = FILL_AREA_STYLE_COLOUR ( '', #6049 ) ;
#6310 = EDGE_LOOP ( 'NONE', ( #6058, #17, #1195, #5431 ) ) ;
#6311 =( GEOMETRIC_REPRESENTATION_CONTEXT ( 3 ) GLOBAL_UNCERTAINTY_ASSIGNED_CONTEXT ( ( #669 ) ) GLOBAL_UNIT_ASSIGNED_CONTEXT ( ( #3476, #3926, #6126 ) ) REPRESENTATION_CONTEXT ( 'NONE', 'WORKASPACE' ) );
#6312 = CARTESIAN_POINT ( 'NONE',  ( -1.528561878455740208, 6.068096925151547971, -2.395553194662994212 ) ) ;
#6313 = CARTESIAN_POINT ( 'NONE',  ( 0.7070189380690325986, 6.522561725495426899, -2.226192841556929203 ) ) ;
#6314 = CARTESIAN_POINT ( 'NONE',  ( 1.799999999999999600, 5.156607010677380920, -2.614991653411137484 ) ) ;
#6315 = CARTESIAN_POINT ( 'NONE',  ( -2.540000000000000036, 7.364139087722924693, -1.562926385966398879 ) ) ;
#6316 = B_SPLINE_CURVE_WITH_KNOTS ( 'NONE', 3,
 ( #4483, #6017, #765, #4989 ),
 .UNSPECIFIED., .F., .F.,
 ( 4, 4 ),
 ( 0.000000000000000000, 1.000000000000000000 ),
 .UNSPECIFIED. ) ;
#6317 = STYLED_ITEM ( 'NONE', ( #161 ), #1717 ) ;
#6318 = LINE ( 'NONE', #4239, #1344 ) ;
#6319 = ADVANCED_FACE ( 'NONE', ( #2990, #5084 ), #6174, .F. ) ;
#6320 = CARTESIAN_POINT ( 'NONE',  ( -9.000000000000000000, -1.102182119232617911E-15, 0.000000000000000000 ) ) ;
#6321 = CARTESIAN_POINT ( 'NONE',  ( -2.540000000000000036, 7.527386901043757739, -1.691515034104492887 ) ) ;
#6322 = CARTESIAN_POINT ( 'NONE',  ( -0.3757375118918828694, 4.853019561442319940, -2.598081526648863271 ) ) ;
#6323 = PRESENTATION_STYLE_ASSIGNMENT (( #549 ) ) ;
#6324 = APPLICATION_PROTOCOL_DEFINITION ( 'draft international standard', 'automotive_design', 1998, #1704 ) ;
#6325 = ORIENTED_EDGE ( 'NONE', *, *, #761, .F. ) ;
#6326 = EDGE_CURVE ( 'NONE', #1506, #2987, #2524, .T. ) ;
#6327 = ORIENTED_EDGE ( 'NONE', *, *, #4054, .F. ) ;
#6328 = PRESENTATION_STYLE_ASSIGNMENT (( #485 ) ) ;
#6329 = VERTEX_POINT ( 'NONE', #2589 ) ;
#6330 = CARTESIAN_POINT ( 'NONE',  ( 2.374060371932938285, 4.724339035756187855, 2.381422334981948552 ) ) ;
#6331 = SURFACE_STYLE_FILL_AREA ( #4833 ) ;
#6332 =( LENGTH_UNIT ( ) NAMED_UNIT ( * ) SI_UNIT ( .MILLI., .METRE. ) );
#6333 = VECTOR ( 'NONE', #1630, 1000.000000000000000 ) ;
#6334 = EDGE_LOOP ( 'NONE', ( #1744, #484, #2254, #4219, #4857, #4917 ) ) ;
#6335 = CARTESIAN_POINT ( 'NONE',  ( -0.5105957021188286538, 3.747109247112837771, -2.147718860038318134 ) ) ;
#6336 = VECTOR ( 'NONE', #6762, 1000.000000000000000 ) ;
#6337 = CARTESIAN_POINT ( 'NONE',  ( 2.390000000000000568, 5.609476576732736142, 2.319936696428151368 ) ) ;
#6338 = EDGE_CURVE ( 'NONE', #5031, #5506, #6236, .T. ) ;
#6339 = PRESENTATION_STYLE_ASSIGNMENT (( #2043 ) ) ;
#6340 = DIRECTION ( 'NONE',  ( 1.156482317317871725E-15, 0.000000000000000000, 1.000000000000000000 ) ) ;
#6341 = DIRECTION ( 'NONE',  ( 1.000000000000000000, 0.000000000000000000, -3.673940397442059375E-16 ) ) ;
#6342 = AXIS2_PLACEMENT_3D ( 'NONE', #1424, #6752, #5203 ) ;
#6343 = SURFACE_SIDE_STYLE ('',( #2737 ) ) ;
#6344 =( LENGTH_UNIT ( ) NAMED_UNIT ( * ) SI_UNIT ( .MILLI., .METRE. ) );
#6345 = SURFACE_STYLE_FILL_AREA ( #4231 ) ;
#6346 = ORIENTED_EDGE ( 'NONE', *, *, #6132, .T. ) ;
#6347 = FILL_AREA_STYLE ('',( #27 ) ) ;
#6348 = B_SPLINE_CURVE_WITH_KNOTS ( 'NONE', 1,
 ( #5230, #1108 ),
 .UNSPECIFIED., .F., .F.,
 ( 2, 2 ),
 ( 0.000000000000000000, 1.000000000000000000 ),
 .UNSPECIFIED. ) ;
#6349 = STYLED_ITEM ( 'NONE', ( #4318 ), #261 ) ;
#6350 = DIRECTION ( 'NONE',  ( 0.000000000000000000, -0.000000000000000000, -1.000000000000000000 ) ) ;
#6351 = CARTESIAN_POINT ( 'NONE',  ( -1.352085066188925433, 4.024644917205217887, -2.306372770236732705 ) ) ;
#6352 =( NAMED_UNIT ( * ) SI_UNIT ( $, .STERADIAN. ) SOLID_ANGLE_UNIT ( ) );
#6353 = CARTESIAN_POINT ( 'NONE',  ( -0.1156878373770390128, 3.493952757859173808, -2.023791633813857960 ) ) ;
#6354 = CARTESIAN_POINT ( 'NONE',  ( -2.540000000000000480, 0.3250000000000000111, -2.642896323400712788 ) ) ;
#6355 = ORIENTED_EDGE ( 'NONE', *, *, #5246, .T. ) ;
#6356 = PRESENTATION_LAYER_ASSIGNMENT (  '', '', ( #1584 ) ) ;
#6357 = CARTESIAN_POINT ( 'NONE',  ( -2.540000000000000036, 7.454384449560982340, -1.628050434141065317 ) ) ;
#6358 = FILL_AREA_STYLE_COLOUR ( '', #754 ) ;
#6359 = CARTESIAN_POINT ( 'NONE',  ( 2.540000000000000036, 7.415204580369008092, -1.597370737635541715 ) ) ;
#6360 = EDGE_CURVE ( 'NONE', #1997, #6178, #2081, .T. ) ;
#6361 = ORIENTED_EDGE ( 'NONE', *, *, #4954, .T. ) ;
#6362 = ORIENTED_EDGE ( 'NONE', *, *, #6005, .F. ) ;
#6363 = ORIENTED_EDGE ( 'NONE', *, *, #5382, .T. ) ;
#6364 = ORIENTED_EDGE ( 'NONE', *, *, #5721, .T. ) ;
#6365 = CARTESIAN_POINT ( 'NONE',  ( 0.000000000000000000, 0.000000000000000000, 0.000000000000000000 ) ) ;
#6366 = FILL_AREA_STYLE ('',( #5846 ) ) ;
#6367 = EDGE_CURVE ( 'NONE', #5841, #5705, #6206, .T. ) ;
#6368 = CARTESIAN_POINT ( 'NONE',  ( -0.2072640009435007813, 3.689884201712080536, -2.108951256009520492 ) ) ;
#6369 = BREP_WITH_VOIDS ( 'NONE', #2636, ( #6286 ) );
#6370 = VECTOR ( 'NONE', #786, 1000.000000000000000 ) ;
#6371 = LINE ( 'NONE', #1104, #6397 ) ;
#6372 = SURFACE_STYLE_USAGE ( .BOTH. , #3788 ) ;
#6373 = CARTESIAN_POINT ( 'NONE',  ( -2.539999999999999591, 2.943255674241488595, 1.581703645010259285 ) ) ;
#6374 = VECTOR ( 'NONE', #1441, 1000.000000000000000 ) ;
#6375 = PLANE ( 'NONE',  #5479 ) ;
#6376 = CYLINDRICAL_SURFACE ( 'NONE', #833, 0.1750000000000002387 ) ;
#6377 = ORIENTED_EDGE ( 'NONE', *, *, #5347, .T. ) ;
#6378 = CARTESIAN_POINT ( 'NONE',  ( 1.799999999999999600, 5.156480681601331106, -2.564991813001746834 ) ) ;
#6379 =( GEOMETRIC_REPRESENTATION_CONTEXT ( 3 ) GLOBAL_UNCERTAINTY_ASSIGNED_CONTEXT ( ( #3893 ) ) GLOBAL_UNIT_ASSIGNED_CONTEXT ( ( #1268, #738, #3268 ) ) REPRESENTATION_CONTEXT ( 'NONE', 'WORKASPACE' ) );
#6380 = CARTESIAN_POINT ( 'NONE',  ( 2.540000000000000480, 5.759476576732735609, 2.542983150241886037 ) ) ;
#6381 = CARTESIAN_POINT ( 'NONE',  ( 0.1171985023482098459, 6.784229326301278284, -1.976997603155239203 ) ) ;
#6382 = PRESENTATION_LAYER_ASSIGNMENT (  '', '', ( #5499 ) ) ;
#6383 = FACE_OUTER_BOUND ( 'NONE', #5111, .T. ) ;
#6384 =( GEOMETRIC_REPRESENTATION_CONTEXT ( 3 ) GLOBAL_UNCERTAINTY_ASSIGNED_CONTEXT ( ( #6728 ) ) GLOBAL_UNIT_ASSIGNED_CONTEXT ( ( #2732, #4802, #4364 ) ) REPRESENTATION_CONTEXT ( 'NONE', 'WORKASPACE' ) );
#6385 = CARTESIAN_POINT ( 'NONE',  ( -2.215000000000000746, -0.2500000000000000000, -0.7499999999999982236 ) ) ;
#6386 = CARTESIAN_POINT ( 'NONE',  ( -2.539999999999999591, 3.008102457706269384, 1.716962266451821373 ) ) ;
#6387 = COLOUR_RGB ( '',0.6039215686274509443, 0.6039215686274509443, 0.6039215686274509443 ) ;
#6388 = CARTESIAN_POINT ( 'NONE',  ( 2.165000000000000036, 0.000000000000000000, 1.124999999999998668 ) ) ;
#6389 = VERTEX_POINT ( 'NONE', #4666 ) ;
#6390 = CARTESIAN_POINT ( 'NONE',  ( -2.540000000000000036, 7.376562133445771607, -1.570037309908763445 ) ) ;
#6391 = CARTESIAN_POINT ( 'NONE',  ( -2.540000000000000036, 7.562239391993868409, -1.725018051074100223 ) ) ;
#6392 = COLOUR_RGB ( '',0.7058823529411764053, 0.7058823529411764053, 0.7058823529411764053 ) ;
#6393 = APPLICATION_PROTOCOL_DEFINITION ( 'draft international standard', 'automotive_design', 1998, #4891 ) ;
#6394 = ORIENTED_EDGE ( 'NONE', *, *, #39, .T. ) ;
#6395 = CARTESIAN_POINT ( 'NONE',  ( 2.540000000000000480, 5.150000000000000355, -9.331808609502832962E-16 ) ) ;
#6396 = EDGE_LOOP ( 'NONE', ( #5323, #1355, #4181, #5135 ) ) ;
#6397 = VECTOR ( 'NONE', #960, 1000.000000000000000 ) ;
#6398 = CARTESIAN_POINT ( 'NONE',  ( 1.548736786268210208, 4.743300139218872502, -2.585253719354648982 ) ) ;
#6399 = SURFACE_STYLE_FILL_AREA ( #45 ) ;
#6400 = CARTESIAN_POINT ( 'NONE',  ( 0.3586411120705192968, 4.858697963709197154, -2.548405015623072423 ) ) ;
#6401 = VECTOR ( 'NONE', #3490, 1000.000000000000000 ) ;
#6402 =( LENGTH_UNIT ( ) NAMED_UNIT ( * ) SI_UNIT ( .MILLI., .METRE. ) );
#6403 = VERTEX_POINT ( 'NONE', #4057 ) ;
#6404 = LINE ( 'NONE', #3347, #3072 ) ;
#6405 = EDGE_CURVE ( 'NONE', #4963, #1813, #5743, .T. ) ;
#6406 = MECHANICAL_DESIGN_GEOMETRIC_PRESENTATION_REPRESENTATION (  '', ( #5522 ), #864 ) ;
#6407 = CARTESIAN_POINT ( 'NONE',  ( 0.3324228588288744568, 4.925534570556409975, -2.555159539243040179 ) ) ;
#6408 = CARTESIAN_POINT ( 'NONE',  ( -0.05844314102871005223, 5.823137166547432741, -2.475098251587700915 ) ) ;
#6409 = DIRECTION ( 'NONE',  ( -1.000000000000000000, -0.000000000000000000, -0.000000000000000000 ) ) ;
#6410 = FACE_OUTER_BOUND ( 'NONE', #5944, .T. ) ;
#6411 = COLOUR_RGB ( '',0.6039215686274509443, 0.6039215686274509443, 0.6039215686274509443 ) ;
#6412 = CARTESIAN_POINT ( 'NONE',  ( -2.539999999999999591, 2.943255674241488595, 1.581703645010259285 ) ) ;
#6413 = CARTESIAN_POINT ( 'NONE',  ( 2.214999999999999414, 0.000000000000000000, -0.7499999999999992228 ) ) ;
#6414 = EDGE_CURVE ( 'NONE', #6403, #1157, #1413, .T. ) ;
#6415 =( NAMED_UNIT ( * ) SI_UNIT ( $, .STERADIAN. ) SOLID_ANGLE_UNIT ( ) );
#6416 = CARTESIAN_POINT ( 'NONE',  ( 1.557622124466039981, 5.518755943394333841, -2.589384180075903874 ) ) ;
#6417 = CARTESIAN_POINT ( 'NONE',  ( -1.799362092292490889, 5.213456315978264755, -2.564891153875192398 ) ) ;
#6418 = ORIENTED_EDGE ( 'NONE', *, *, #6132, .F. ) ;
#6419 = LINE ( 'NONE', #2643, #3035 ) ;
#6420 = MECHANICAL_DESIGN_GEOMETRIC_PRESENTATION_REPRESENTATION (  '', ( #661 ), #3905 ) ;
#6421 = FILL_AREA_STYLE ('',( #4343 ) ) ;
#6422 = EDGE_CURVE ( 'NONE', #4794, #5841, #4125, .T. ) ;
#6423 = FACE_OUTER_BOUND ( 'NONE', #4264, .T. ) ;
#6424 = CARTESIAN_POINT ( 'NONE',  ( 9.000000000000000000, -1.102182119232617911E-15, 0.000000000000000000 ) ) ;
#6425 = EDGE_LOOP ( 'NONE', ( #4434 ) ) ;
#6426 = CARTESIAN_POINT ( 'NONE',  ( -0.5352476240564272292, 4.638108836324374984, -2.564413649885408208 ) ) ;
#6427 = ORIENTED_EDGE ( 'NONE', *, *, #2435, .T. ) ;
#6428 = ORIENTED_EDGE ( 'NONE', *, *, #6867, .T. ) ;
#6429 = CARTESIAN_POINT ( 'NONE',  ( -1.092914429516731678, 6.285941960761804559, -2.355684651689299969 ) ) ;
#6430 = VERTEX_POINT ( 'NONE', #4093 ) ;
#6431 =( GEOMETRIC_REPRESENTATION_CONTEXT ( 3 ) GLOBAL_UNCERTAINTY_ASSIGNED_CONTEXT ( ( #1930 ) ) GLOBAL_UNIT_ASSIGNED_CONTEXT ( ( #3468, #278, #5487 ) ) REPRESENTATION_CONTEXT ( 'NONE', 'WORKASPACE' ) );
#6432 = CARTESIAN_POINT ( 'NONE',  ( 2.540000000000000036, 3.324448422829183958, -1.656377505005772299 ) ) ;
#6433 = SURFACE_STYLE_FILL_AREA ( #594 ) ;
#6434 = UNCERTAINTY_MEASURE_WITH_UNIT (LENGTH_MEASURE( 1.000000000000000082E-05 ), #2726, 'distance_accuracy_value', 'NONE');
#6435 = DIRECTION ( 'NONE',  ( -1.000000000000000000, -0.000000000000000000, -0.000000000000000000 ) ) ;
#6436 = UNCERTAINTY_MEASURE_WITH_UNIT (LENGTH_MEASURE( 1.000000000000000082E-05 ), #4979, 'distance_accuracy_value', 'NONE');
#6437 = ORIENTED_EDGE ( 'NONE', *, *, #3010, .F. ) ;
#6438 = SURFACE_STYLE_FILL_AREA ( #5916 ) ;
#6439 = VERTEX_POINT ( 'NONE', #3130 ) ;
#6440 = CARTESIAN_POINT ( 'NONE',  ( 2.540000000000000480, 5.150000000000000355, -9.331808609502832962E-16 ) ) ;
#6441 = VECTOR ( 'NONE', #2341, 1000.000000000000227 ) ;
#6442 = CARTESIAN_POINT ( 'NONE',  ( 2.540000000000000036, 7.872529058910718192, -2.151865310572047996 ) ) ;
#6443 = FILL_AREA_STYLE_COLOUR ( '', #6080 ) ;
#6444 = CARTESIAN_POINT ( 'NONE',  ( 2.165000000000000036, -4.001000000000000334, -0.7499999999999991118 ) ) ;
#6445 = EDGE_CURVE ( 'NONE', #1585, #4747, #4195, .T. ) ;
#6446 = SURFACE_SIDE_STYLE ('',( #5782 ) ) ;
#6447 = CIRCLE ( 'NONE', #1015, 1.301549732019052774 ) ;
#6448 = PRESENTATION_STYLE_ASSIGNMENT (( #6487 ) ) ;
#6449 = STYLED_ITEM ( 'NONE', ( #4856 ), #2718 ) ;
#6450 = CARTESIAN_POINT ( 'NONE',  ( 0.9014728084345089432, 3.712472415485038368, -2.125304234683411231 ) ) ;
#6451 = EDGE_CURVE ( 'NONE', #119, #6617, #4257, .T. ) ;
#6453 = CARTESIAN_POINT ( 'NONE',  ( 1.599999999999999423, 5.156607010677380920, -2.614991653411137040 ) ) ;
#6452 = SHAPE_REPRESENTATION ( 'Porta Fusible - P_200mil_(5.08mm)', ( #1317 ), #4309 ) ;
#6454 = CARTESIAN_POINT ( 'NONE',  ( -1.742373104103354775, 5.613291981369543215, -2.525343058981287303 ) ) ;
#6455 = LINE ( 'NONE', #6604, #5151 ) ;
#6456 =( GEOMETRIC_REPRESENTATION_CONTEXT ( 3 ) GLOBAL_UNCERTAINTY_ASSIGNED_CONTEXT ( ( #732 ) ) GLOBAL_UNIT_ASSIGNED_CONTEXT ( ( #2747, #3724, #6352 ) ) REPRESENTATION_CONTEXT ( 'NONE', 'WORKASPACE' ) );
#6457 = PRESENTATION_LAYER_ASSIGNMENT (  '', '', ( #5571 ) ) ;
#6458 = ORIENTED_EDGE ( 'NONE', *, *, #3975, .T. ) ;
#6459 = ORIENTED_EDGE ( 'NONE', *, *, #2002, .F. ) ;
#6460 = FILL_AREA_STYLE_COLOUR ( '', #576 ) ;
#6461 = CARTESIAN_POINT ( 'NONE',  ( 2.540000000000000036, 3.008102457706270272, -1.716962266451822483 ) ) ;
#6462 = EDGE_LOOP ( 'NONE', ( #1135, #1821, #89, #6261, #4823, #2192, #6459, #3846 ) ) ;
#6463 = B_SPLINE_CURVE_WITH_KNOTS ( 'NONE', 3,
 ( #3276, #431, #748, #4874 ),
 .UNSPECIFIED., .F., .F.,
 ( 4, 4 ),
 ( 0.000000000000000000, 1.000000000000000000 ),
 .UNSPECIFIED. ) ;
#6464 = DIRECTION ( 'NONE',  ( -1.000000000000000000, -1.224646799147353454E-16, 0.000000000000000000 ) ) ;
#6465 = SURFACE_SIDE_STYLE ('',( #4345 ) ) ;
#6466 = CARTESIAN_POINT ( 'NONE',  ( -2.540000000000000480, 7.972238740270340962, -2.528272444938572949 ) ) ;
#6467 = EDGE_LOOP ( 'NONE', ( #1026, #5290, #5533, #2846 ) ) ;
#6468 = DIRECTION ( 'NONE',  ( 1.000000000000000000, 0.000000000000000000, -3.673940397442059375E-16 ) ) ;
#6469 = ORIENTED_EDGE ( 'NONE', *, *, #1272, .T. ) ;
#6470 = COLOUR_RGB ( '',0.6039215686274509443, 0.6039215686274509443, 0.6039215686274509443 ) ;
#6471 = ORIENTED_EDGE ( 'NONE', *, *, #1703, .F. ) ;
#6472 = CARTESIAN_POINT ( 'NONE',  ( 1.706699752077855958, 5.731211363420675831, -2.551992053181910691 ) ) ;
#6473 = B_SPLINE_SURFACE_WITH_KNOTS ( 'NONE', 1, 3, ( 
 ( #3521, #1880, #3015, #1971 ),
 ( #6596, #855, #1312, #5507 ) ),
 .UNSPECIFIED., .F., .F., .F.,
 ( 2, 2 ),
 ( 4, 4 ),
 ( 0.000000000000000000, 1.000000000000000000 ),
 ( 0.000000000000000000, 1.000000000000000000 ),
 .UNSPECIFIED. ) ;
#6474 = CARTESIAN_POINT ( 'NONE',  ( -1.599967773784684466, 5.258509340024730250, -2.614836490192406604 ) ) ;
#6475 = DIRECTION ( 'NONE',  ( -1.000000000000000000, 0.000000000000000000, 3.673940397442059375E-16 ) ) ;
#6476 = CARTESIAN_POINT ( 'NONE',  ( 9.350000000000001421, 0.02499999999999885994, -0.1500000000000000222 ) ) ;
#6477 = SURFACE_STYLE_FILL_AREA ( #558 ) ;
#6478 = CARTESIAN_POINT ( 'NONE',  ( -0.02393074193700274813, 5.853408903083706427, -2.466666042764343647 ) ) ;
#6479 = VERTEX_POINT ( 'NONE', #6484 ) ;
#6480 = SURFACE_STYLE_FILL_AREA ( #4362 ) ;
#6481 = ORIENTED_EDGE ( 'NONE', *, *, #4122, .F. ) ;
#6482 = FILL_AREA_STYLE ('',( #3349 ) ) ;
#6483 = CARTESIAN_POINT ( 'NONE',  ( 0.2210963029696474125, 5.211602447831945817, -2.580290004850558372 ) ) ;
#6484 = CARTESIAN_POINT ( 'NONE',  ( -2.165000000000000036, 0.1499999999999999944, 1.124999999999999112 ) ) ;
#6485 = EDGE_CURVE ( 'NONE', #1599, #6578, #2782, .T. ) ;
#6486 =( NAMED_UNIT ( * ) PLANE_ANGLE_UNIT ( ) SI_UNIT ( $, .RADIAN. ) );
#6487 = SURFACE_STYLE_USAGE ( .BOTH. , #205 ) ;
#6488 = FACE_OUTER_BOUND ( 'NONE', #5736, .T. ) ;
#6489 = CARTESIAN_POINT ( 'NONE',  ( 2.464999999999999858, -4.000000000000000000, 0.7499999999999981126 ) ) ;
#6490 = CARTESIAN_POINT ( 'NONE',  ( -0.1026655974246883790, 3.655420645209383146, -2.145805728446999350 ) ) ;
#6491 = CARTESIAN_POINT ( 'NONE',  ( -0.05485592470637912915, 5.829986106706579463, -2.473235587683501269 ) ) ;
#6492 = LINE ( 'NONE', #4852, #5461 ) ;
#6493 = ORIENTED_EDGE ( 'NONE', *, *, #3249, .T. ) ;
#6494 = ORIENTED_EDGE ( 'NONE', *, *, #6043, .F. ) ;
#6495 = EDGE_CURVE ( 'NONE', #2464, #6155, #3350, .T. ) ;
#6496 = LINE ( 'NONE', #1739, #2766 ) ;
#6497 = LINE ( 'NONE', #3917, #5210 ) ;
#6498 = CARTESIAN_POINT ( 'NONE',  ( 0.05478370790252112127, 5.823283264350129329, -2.475061468451525304 ) ) ;
#6499 = FILL_AREA_STYLE_COLOUR ( '', #3380 ) ;
#6500 = MECHANICAL_DESIGN_GEOMETRIC_PRESENTATION_REPRESENTATION (  '', ( #1287 ), #6732 ) ;
#6501 = SURFACE_SIDE_STYLE ('',( #562 ) ) ;
#6502 = PRESENTATION_LAYER_ASSIGNMENT (  '', '', ( #6848 ) ) ;
#6503 = ORIENTED_EDGE ( 'NONE', *, *, #193, .T. ) ;
#6504 = PRESENTATION_STYLE_ASSIGNMENT (( #4859 ) ) ;
#6505 = VERTEX_POINT ( 'NONE', #3234 ) ;
#6506 = CARTESIAN_POINT ( 'NONE',  ( 0.002248958773747851501, 3.494117482553327658, -2.023926403902688964 ) ) ;
#6507 = CARTESIAN_POINT ( 'NONE',  ( -0.5106644142208087711, 3.719783648709268586, -2.189598109437780771 ) ) ;
#6508 = B_SPLINE_CURVE_WITH_KNOTS ( 'NONE', 1,
 ( #6407, #3857 ),
 .UNSPECIFIED., .F., .F.,
 ( 2, 2 ),
 ( 0.000000000000000000, 1.000000000000000000 ),
 .UNSPECIFIED. ) ;
#6509 = VERTEX_POINT ( 'NONE', #5335 ) ;
#6510 = STYLED_ITEM ( 'NONE', ( #3631 ), #4890 ) ;
#6511 = CARTESIAN_POINT ( 'NONE',  ( 2.165000000000000036, 0.000000000000000000, -0.7499999999999991118 ) ) ;
#6512 = SURFACE_SIDE_STYLE ('',( #4392 ) ) ;
#6513 = UNCERTAINTY_MEASURE_WITH_UNIT (LENGTH_MEASURE( 1.000000000000000082E-05 ), #5163, 'distance_accuracy_value', 'NONE');
#6514 = CARTESIAN_POINT ( 'NONE',  ( 0.4173200117820191068, 4.708384204035701792, -2.527835442509405617 ) ) ;
#6515 = EDGE_CURVE ( 'NONE', #4987, #1662, #6882, .T. ) ;
#6516 =( GEOMETRIC_REPRESENTATION_CONTEXT ( 3 ) GLOBAL_UNCERTAINTY_ASSIGNED_CONTEXT ( ( #1315 ) ) GLOBAL_UNIT_ASSIGNED_CONTEXT ( ( #391, #2488, #267 ) ) REPRESENTATION_CONTEXT ( 'NONE', 'WORKASPACE' ) );
#6517 = B_SPLINE_CURVE_WITH_KNOTS ( 'NONE', 3,
 ( #1137, #3271, #6442, #5470, #4402, #2813 ),
 .UNSPECIFIED., .F., .F.,
 ( 4, 2, 4 ),
 ( 0.000000000000000000, 0.5000000000000007772, 1.000000000000000000 ),
 .UNSPECIFIED. ) ;
#6518 = EDGE_CURVE ( 'NONE', #6170, #4963, #566, .T. ) ;
#6519 =( NAMED_UNIT ( * ) PLANE_ANGLE_UNIT ( ) SI_UNIT ( $, .RADIAN. ) );
#6520 = TOROIDAL_SURFACE ( 'NONE', #4203, 1.964999999999999192, 0.5000000000000000000 ) ;
#6521 = ADVANCED_FACE ( 'NONE', ( #603 ), #5439, .F. ) ;
#6522 = UNCERTAINTY_MEASURE_WITH_UNIT (LENGTH_MEASURE( 1.000000000000000082E-05 ), #230, 'distance_accuracy_value', 'NONE');
#6523 = PRESENTATION_LAYER_ASSIGNMENT (  '', '', ( #2086 ) ) ;
#6524 = DIRECTION ( 'NONE',  ( 0.000000000000000000, 1.000000000000000000, -0.000000000000000000 ) ) ;
#6525 = CARTESIAN_POINT ( 'NONE',  ( -2.539999999999999591, 5.150000000000000355, 0.000000000000000000 ) ) ;
#6526 = PLANE ( 'NONE',  #6257 ) ;
#6527 = VECTOR ( 'NONE', #6742, 1000.000000000000000 ) ;
#6528 = AXIS2_PLACEMENT_3D ( 'NONE', #1870, #6131, #1933 ) ;
#6529 =( NAMED_UNIT ( * ) SI_UNIT ( $, .STERADIAN. ) SOLID_ANGLE_UNIT ( ) );
#6530 = COLOUR_RGB ( '',0.6039215686274509443, 0.6039215686274509443, 0.6039215686274509443 ) ;
#6531 = DIRECTION ( 'NONE',  ( -0.000000000000000000, 1.000000000000000000, -0.000000000000000000 ) ) ;
#6532 = FILL_AREA_STYLE ('',( #5930 ) ) ;
#6533 = VECTOR ( 'NONE', #4616, 1000.000000000000000 ) ;
#6534 = CARTESIAN_POINT ( 'NONE',  ( 0.2125953320472915575, 6.657322122025232325, -2.136868043156068264 ) ) ;
#6535 = SURFACE_STYLE_USAGE ( .BOTH. , #6047 ) ;
#6536 = LINE ( 'NONE', #239, #286 ) ;
#6537 = B_SPLINE_SURFACE_WITH_KNOTS ( 'NONE', 1, 3, ( 
 ( #518, #3444, #1752, #6583 ),
 ( #3373, #4525, #5537, #6096 ) ),
 .UNSPECIFIED., .F., .F., .F.,
 ( 2, 2 ),
 ( 4, 4 ),
 ( 0.000000000000000000, 1.000000000000000000 ),
 ( 0.000000000000000000, 1.000000000000000000 ),
 .UNSPECIFIED. ) ;
#6538 = COLOUR_RGB ( '',0.6039215686274509443, 0.6039215686274509443, 0.6039215686274509443 ) ;
#6539 = EDGE_LOOP ( 'NONE', ( #6493, #2801, #4398, #849 ) ) ;
#6540 = CARTESIAN_POINT ( 'NONE',  ( -2.540000000000000036, 0.1499999999999999944, 1.124999999999999112 ) ) ;
#6541 = CARTESIAN_POINT ( 'NONE',  ( 2.290000000000000924, 5.150000000000000355, 0.000000000000000000 ) ) ;
#6542 = DIRECTION ( 'NONE',  ( -1.000000000000000000, -0.000000000000000000, 3.673940397442059375E-16 ) ) ;
#6543 = DIRECTION ( 'NONE',  ( -0.000000000000000000, 1.000000000000000000, -0.000000000000000000 ) ) ;
#6544 = FACE_OUTER_BOUND ( 'NONE', #747, .T. ) ;
#6545 = EDGE_CURVE ( 'NONE', #1925, #2830, #2622, .T. ) ;
#6546 = VERTEX_POINT ( 'NONE', #1724 ) ;
#6547 = ORIENTED_EDGE ( 'NONE', *, *, #94, .F. ) ;
#6548 = CARTESIAN_POINT ( 'NONE',  ( -0.5751050317502912623, 3.564829392293912935, -2.080271106141546422 ) ) ;
#6549 = CARTESIAN_POINT ( 'NONE',  ( -1.589556565696177204, 5.362193466322073832, -2.608454085000647016 ) ) ;
#6550 = EDGE_LOOP ( 'NONE', ( #5520, #6289, #806, #3808, #4689, #6076, #6758, #5748, #1631, #3336, #1757, #507, #620 ) ) ;
#6551 = DIRECTION ( 'NONE',  ( 1.000000000000000000, 0.000000000000000000, -0.000000000000000000 ) ) ;
#6552 = AXIS2_PLACEMENT_3D ( 'NONE', #5285, #1097, #4321 ) ;
#6553 = EDGE_CURVE ( 'NONE', #5057, #2752, #3273, .T. ) ;
#6554 = VERTEX_POINT ( 'NONE', #2120 ) ;
#6555 = CARTESIAN_POINT ( 'NONE',  ( -9.502000000000000668, 0.000000000000000000, 0.000000000000000000 ) ) ;
#6556 = EDGE_CURVE ( 'NONE', #3706, #70, #3880, .T. ) ;
#6557 = AXIS2_PLACEMENT_3D ( 'NONE', #5, #5872, #4785 ) ;
#6558 = PRESENTATION_STYLE_ASSIGNMENT (( #1170 ) ) ;
#6559 = CARTESIAN_POINT ( 'NONE',  ( -2.539999999999999591, 7.376562133445771607, 1.570037309908764334 ) ) ;
#6560 = EDGE_CURVE ( 'NONE', #2928, #3115, #3195, .T. ) ;
#6561 = CARTESIAN_POINT ( 'NONE',  ( 2.390000000000000568, 4.974339035756188743, 1.035622799379432912 ) ) ;
#6562 = PLANE ( 'NONE',  #850 ) ;
#6563 = SURFACE_STYLE_FILL_AREA ( #173 ) ;
#6564 = MECHANICAL_DESIGN_GEOMETRIC_PRESENTATION_REPRESENTATION (  '', ( #5770 ), #4121 ) ;
#6565 = CARTESIAN_POINT ( 'NONE',  ( 1.270292626106421796, 6.094113516661238350, -2.386439496991971332 ) ) ;
#6566 = AXIS2_PLACEMENT_3D ( 'NONE', #1009, #33, #3144 ) ;
#6567 = CARTESIAN_POINT ( 'NONE',  ( -0.05844314102871005223, 5.823137166547432741, -2.475098251587700915 ) ) ;
#6568 = MECHANICAL_DESIGN_GEOMETRIC_PRESENTATION_REPRESENTATION (  '', ( #6688 ), #5225 ) ;
#6569 = VERTEX_POINT ( 'NONE', #3717 ) ;
#6570 = CARTESIAN_POINT ( 'NONE',  ( 2.540000000000000480, 7.562239391993868409, 1.725018051074101111 ) ) ;
#6571 = CARTESIAN_POINT ( 'NONE',  ( 2.140000000000000568, 5.759476576732735609, 2.388464632858134706 ) ) ;
#6572 = ORIENTED_EDGE ( 'NONE', *, *, #2719, .T. ) ;
#6573 = FILL_AREA_STYLE ('',( #2895 ) ) ;
#6574 = CARTESIAN_POINT ( 'NONE',  ( 9.329128784747791059, -1.142488770507482087E-15, 0.000000000000000000 ) ) ;
#6575 =( NAMED_UNIT ( * ) SI_UNIT ( $, .STERADIAN. ) SOLID_ANGLE_UNIT ( ) );
#6576 = DIRECTION ( 'NONE',  ( 0.000000000000000000, 0.000000000000000000, 1.000000000000000000 ) ) ;
#6577 = AXIS2_PLACEMENT_3D ( 'NONE', #2634, #4337, #5865 ) ;
#6578 = VERTEX_POINT ( 'NONE', #2154 ) ;
#6579 = DIRECTION ( 'NONE',  ( 0.000000000000000000, 0.000000000000000000, -1.000000000000000000 ) ) ;
#6580 = EDGE_LOOP ( 'NONE', ( #3079, #1363, #4729, #6607, #1859, #3038 ) ) ;
#6581 =( NAMED_UNIT ( * ) PLANE_ANGLE_UNIT ( ) SI_UNIT ( $, .RADIAN. ) );
#6582 = CARTESIAN_POINT ( 'NONE',  ( 0.4790310504250117618, 4.599690585445917357, -2.556439819016505854 ) ) ;
#6583 = CARTESIAN_POINT ( 'NONE',  ( 0.5148804987350159568, 4.633214198592939148, -2.563426892943128532 ) ) ;
#6584 = DIRECTION ( 'NONE',  ( -3.332034560995579536E-16, 0.000000000000000000, -1.000000000000000000 ) ) ;
#6585 = UNCERTAINTY_MEASURE_WITH_UNIT (LENGTH_MEASURE( 1.000000000000000082E-05 ), #5562, 'distance_accuracy_value', 'NONE');
#6586 = PRESENTATION_STYLE_ASSIGNMENT (( #5036 ) ) ;
#6587 = CARTESIAN_POINT ( 'NONE',  ( -9.500000000000000000, -1.965000000000000524, 0.000000000000000000 ) ) ;
#6588 = CARTESIAN_POINT ( 'NONE',  ( 2.390000000000000568, 5.609476576732736142, 0.7856227993794330233 ) ) ;
#6589 = CARTESIAN_POINT ( 'NONE',  ( -0.4672338650412969363, 4.624300608455638617, -2.561613778408034836 ) ) ;
#6590 = EDGE_CURVE ( 'NONE', #5031, #4251, #98, .T. ) ;
#6591 = VECTOR ( 'NONE', #3770, 1000.000000000000000 ) ;
#6592 = SURFACE_STYLE_FILL_AREA ( #1338 ) ;
#6593 = DIRECTION ( 'NONE',  ( 1.000000000000000000, 0.000000000000000000, -3.673940397442059375E-16 ) ) ;
#6594 = VERTEX_POINT ( 'NONE', #527 ) ;
#6595 = FILL_AREA_STYLE ('',( #3933 ) ) ;
#6596 = CARTESIAN_POINT ( 'NONE',  ( -0.001458570207584076626, 5.779990088936276749, -2.486430672237225803 ) ) ;
#6597 = STYLED_ITEM ( 'NONE', ( #676 ), #3853 ) ;
#6598 = CARTESIAN_POINT ( 'NONE',  ( -2.539999999999999591, 0.3250000000000000111, 2.642896323400713676 ) ) ;
#6599 = ORIENTED_EDGE ( 'NONE', *, *, #4089, .T. ) ;
#6600 = LINE ( 'NONE', #6489, #1455 ) ;
#6601 = CARTESIAN_POINT ( 'NONE',  ( -1.205640000277716339, 6.184538234414833191, -2.402813539838138279 ) ) ;
#6602 = COLOUR_RGB ( '',0.6039215686274509443, 0.6039215686274509443, 0.6039215686274509443 ) ;
#6603 = CARTESIAN_POINT ( 'NONE',  ( 1.799999999999999600, 5.156480681601331106, -2.564991813001746834 ) ) ;
#6604 = CARTESIAN_POINT ( 'NONE',  ( 9.350000000000001421, -0.02500000000000114284, 0.1499999999999999667 ) ) ;
#6605 = DIRECTION ( 'NONE',  ( -1.588288116102910685E-16, -0.9017241429437475864, -0.4323118897652065140 ) ) ;
#6606 = CIRCLE ( 'NONE', #6158, 0.2500000000000000000 ) ;
#6607 = ORIENTED_EDGE ( 'NONE', *, *, #3162, .F. ) ;
#6608 = CARTESIAN_POINT ( 'NONE',  ( 4.500000000000000000, -5.510910596163089556E-16, 0.000000000000000000 ) ) ;
#6609 =( GEOMETRIC_REPRESENTATION_CONTEXT ( 3 ) GLOBAL_UNCERTAINTY_ASSIGNED_CONTEXT ( ( #6585 ) ) GLOBAL_UNIT_ASSIGNED_CONTEXT ( ( #5562, #5589, #4923 ) ) REPRESENTATION_CONTEXT ( 'NONE', 'WORKASPACE' ) );
#6610 = CARTESIAN_POINT ( 'NONE',  ( 2.540000000000000480, 5.609476576732736142, 2.574316661841345333 ) ) ;
#6611 = ORIENTED_EDGE ( 'NONE', *, *, #3073, .T. ) ;
#6612 = FILL_AREA_STYLE_COLOUR ( '', #5436 ) ;
#6613 = CARTESIAN_POINT ( 'NONE',  ( 0.3324228588288744013, 4.921159026122811753, -2.604967717395925586 ) ) ;
#6614 = CARTESIAN_POINT ( 'NONE',  ( 2.340000000000000302, 5.609476576732736142, 2.574316661841345333 ) ) ;
#6615 = CARTESIAN_POINT ( 'NONE',  ( -0.4811047772972700254, 4.600912026719683467, -2.556702751328574497 ) ) ;
#6616 = VECTOR ( 'NONE', #1217, 1000.000000000000114 ) ;
#6617 = VERTEX_POINT ( 'NONE', #4329 ) ;
#6618 =( LENGTH_UNIT ( ) NAMED_UNIT ( * ) SI_UNIT ( .MILLI., .METRE. ) );
#6619 = ORIENTED_EDGE ( 'NONE', *, *, #3567, .F. ) ;
#6620 = CARTESIAN_POINT ( 'NONE',  ( 0.2378033136587587582, 3.494402767969219781, -2.024159811170733736 ) ) ;
#6621 = SURFACE_SIDE_STYLE ('',( #4492 ) ) ;
#6622 = CARTESIAN_POINT ( 'NONE',  ( 2.615000000000000657, -0.2500000000000000000, 0.7499999999999982236 ) ) ;
#6623 =( NAMED_UNIT ( * ) PLANE_ANGLE_UNIT ( ) SI_UNIT ( $, .RADIAN. ) );
#6624 = MECHANICAL_DESIGN_GEOMETRIC_PRESENTATION_REPRESENTATION (  '', ( #1174 ), #2502 ) ;
#6625 = COLOUR_RGB ( '',0.6039215686274509443, 0.6039215686274509443, 0.6039215686274509443 ) ;
#6626 = DIRECTION ( 'NONE',  ( 0.000000000000000000, -0.8165136664911772924, -0.5773261057956192710 ) ) ;
#6627 = DIRECTION ( 'NONE',  ( -1.000000000000000000, -1.224646799147353454E-16, -0.000000000000000000 ) ) ;
#6628 =( NAMED_UNIT ( * ) SI_UNIT ( $, .STERADIAN. ) SOLID_ANGLE_UNIT ( ) );
#6629 = CARTESIAN_POINT ( 'NONE',  ( -2.540000000000000036, 0.000000000000000000, 1.124999999999999112 ) ) ;
#6630 = ORIENTED_EDGE ( 'NONE', *, *, #2523, .F. ) ;
#6631 = EDGE_CURVE ( 'NONE', #4946, #2868, #2814, .T. ) ;
#6632 = CARTESIAN_POINT ( 'NONE',  ( -0.7081691220559857003, 6.495979072155670941, -2.183831532564916245 ) ) ;
#6633 = FILL_AREA_STYLE ('',( #6106 ) ) ;
#6634 = DIRECTION ( 'NONE',  ( 1.000000000000000000, 0.000000000000000000, -0.000000000000000000 ) ) ;
#6635 = AXIS2_PLACEMENT_3D ( 'NONE', #1479, #4634, #4565 ) ;
#6636 = VECTOR ( 'NONE', #3522, 1000.000000000000000 ) ;
#6637 = ORIENTED_EDGE ( 'NONE', *, *, #3284, .F. ) ;
#6638 = CARTESIAN_POINT ( 'NONE',  ( -1.054622158304214352, 6.316867558082854828, -2.340456614958990489 ) ) ;
#6639 = CARTESIAN_POINT ( 'NONE',  ( 1.188947373810082642, 3.883630888602828790, -2.232087664485202350 ) ) ;
#6640 =( GEOMETRIC_REPRESENTATION_CONTEXT ( 3 ) GLOBAL_UNCERTAINTY_ASSIGNED_CONTEXT ( ( #1369 ) ) GLOBAL_UNIT_ASSIGNED_CONTEXT ( ( #6798, #2033, #6228 ) ) REPRESENTATION_CONTEXT ( 'NONE', 'WORKASPACE' ) );
#6641 = EDGE_CURVE ( 'NONE', #5878, #6839, #6001, .T. ) ;
#6642 = SURFACE_STYLE_USAGE ( .BOTH. , #965 ) ;
#6643 = CARTESIAN_POINT ( 'NONE',  ( -2.539999999999999591, 7.972238740270340962, 2.528272444938573837 ) ) ;
#6644 = AXIS2_PLACEMENT_3D ( 'NONE', #5549, #6524, #263 ) ;
#6645 = VECTOR ( 'NONE', #6720, 1000.000000000000000 ) ;
#6646 = LINE ( 'NONE', #6613, #3544 ) ;
#6647 = DIRECTION ( 'NONE',  ( -1.000000000000000000, 0.000000000000000000, 3.673940397442059375E-16 ) ) ;
#6648 = STYLED_ITEM ( 'NONE', ( #5315 ), #6078 ) ;
#6649 = ORIENTED_EDGE ( 'NONE', *, *, #4373, .F. ) ;
#6650 = FILL_AREA_STYLE ('',( #4489 ) ) ;
#6651 = EDGE_CURVE ( 'NONE', #3728, #6617, #6101, .T. ) ;
#6652 = ORIENTED_EDGE ( 'NONE', *, *, #3063, .T. ) ;
#6653 = PLANE ( 'NONE',  #3277 ) ;
#6654 = CARTESIAN_POINT ( 'NONE',  ( 0.4466595336674702432, 4.634095164281056611, -2.512581779859475617 ) ) ;
#6655 =( NAMED_UNIT ( * ) PLANE_ANGLE_UNIT ( ) SI_UNIT ( $, .RADIAN. ) );
#6656 = DIRECTION ( 'NONE',  ( 1.224646799147353454E-16, 1.000000000000000000, 0.000000000000000000 ) ) ;
#6657 = UNCERTAINTY_MEASURE_WITH_UNIT (LENGTH_MEASURE( 1.000000000000000082E-05 ), #5581, 'distance_accuracy_value', 'NONE');
#6658 = SURFACE_STYLE_FILL_AREA ( #1903 ) ;
#6659 = TOROIDAL_SURFACE ( 'NONE', #420, 2.064999999999999059, 0.2500000000000000000 ) ;
#6660 = LINE ( 'NONE', #848, #2185 ) ;
#6661 = VERTEX_POINT ( 'NONE', #6559 ) ;
#6662 = DIRECTION ( 'NONE',  ( 3.673940397442059375E-16, 0.000000000000000000, 1.000000000000000000 ) ) ;
#6663 = STYLED_ITEM ( 'NONE', ( #3850 ), #1583 ) ;
#6664 = FACE_OUTER_BOUND ( 'NONE', #2902, .T. ) ;
#6665 = MECHANICAL_DESIGN_GEOMETRIC_PRESENTATION_REPRESENTATION (  '', ( #4868 ), #1017 ) ;
#6666 = SURFACE_STYLE_FILL_AREA ( #4534 ) ;
#6667 = CARTESIAN_POINT ( 'NONE',  ( -0.001458570207583642945, 5.779990088936275860, -2.486430672237225359 ) ) ;
#6668 = VECTOR ( 'NONE', #584, 1000.000000000000000 ) ;
#6669 = ORIENTED_EDGE ( 'NONE', *, *, #3666, .T. ) ;
#6670 = DIRECTION ( 'NONE',  ( -1.000000000000000000, 0.000000000000000000, -0.000000000000000000 ) ) ;
#6671 = SURFACE_SIDE_STYLE ('',( #2918 ) ) ;
#6672 = SURFACE_SIDE_STYLE ('',( #856 ) ) ;
#6673 = CARTESIAN_POINT ( 'NONE',  ( -0.3757375118918828694, 4.853019561442320828, -2.598081526648863271 ) ) ;
#6674 = UNCERTAINTY_MEASURE_WITH_UNIT (LENGTH_MEASURE( 1.000000000000000082E-05 ), #3686, 'distance_accuracy_value', 'NONE');
#6675 = CARTESIAN_POINT ( 'NONE',  ( 1.203184189283022620, 6.167529691211132814, -2.355637409221848610 ) ) ;
#6676 = DIRECTION ( 'NONE',  ( 0.000000000000000000, 0.7456420435382385969, 0.6663467137370150395 ) ) ;
#6677 = SURFACE_SIDE_STYLE ('',( #363 ) ) ;
#6678 = SURFACE_SIDE_STYLE ('',( #6015 ) ) ;
#6679 = ORIENTED_EDGE ( 'NONE', *, *, #1169, .T. ) ;
#6680 = SURFACE_STYLE_USAGE ( .BOTH. , #2963 ) ;
#6681 = COLOUR_RGB ( '',0.7058823529411764053, 0.7058823529411764053, 0.7058823529411764053 ) ;
#6682 = ADVANCED_FACE ( 'NONE', ( #785 ), #2913, .F. ) ;
#6683 = CARTESIAN_POINT ( 'NONE',  ( 2.540000000000000480, 4.574339035756188387, 2.550850731470950983 ) ) ;
#6684 = PRESENTATION_STYLE_ASSIGNMENT (( #5692 ) ) ;
#6685 = DIRECTION ( 'NONE',  ( 1.000000000000000000, 0.000000000000000000, 0.000000000000000000 ) ) ;
#6686 = B_SPLINE_CURVE_WITH_KNOTS ( 'NONE', 3,
 ( #4157, #6266, #3653, #4194 ),
 .UNSPECIFIED., .F., .F.,
 ( 4, 4 ),
 ( 0.000000000000000000, 1.000000000000000000 ),
 .UNSPECIFIED. ) ;
#6687 = DIRECTION ( 'NONE',  ( 0.000000000000000000, 0.7405888751200081499, -0.6719584198806358710 ) ) ;
#6688 = STYLED_ITEM ( 'NONE', ( #6586 ), #2550 ) ;
#6689 = EDGE_LOOP ( 'NONE', ( #5435, #6746, #1290, #160 ) ) ;
#6690 =( NAMED_UNIT ( * ) PLANE_ANGLE_UNIT ( ) SI_UNIT ( $, .RADIAN. ) );
#6691 = DIRECTION ( 'NONE',  ( 0.000000000000000000, 0.000000000000000000, 1.000000000000000000 ) ) ;
#6692 =( NAMED_UNIT ( * ) PLANE_ANGLE_UNIT ( ) SI_UNIT ( $, .RADIAN. ) );
#6693 =( NAMED_UNIT ( * ) SI_UNIT ( $, .STERADIAN. ) SOLID_ANGLE_UNIT ( ) );
#6694 = VECTOR ( 'NONE', #4922, 1000.000000000000000 ) ;
#6695 = CARTESIAN_POINT ( 'NONE',  ( 2.540000000000000036, 7.282338214665561082, -1.537836191761081661 ) ) ;
#6696 = ORIENTED_EDGE ( 'NONE', *, *, #2832, .F. ) ;
#6697 = CARTESIAN_POINT ( 'NONE',  ( 2.390000000000000568, 5.609476576732736142, 1.035622799379432912 ) ) ;
#6698 = DIRECTION ( 'NONE',  ( -1.000000000000000000, 0.000000000000000000, 3.673940397442059375E-16 ) ) ;
#6699 = PRESENTATION_STYLE_ASSIGNMENT (( #6801 ) ) ;
#6700 = ORIENTED_EDGE ( 'NONE', *, *, #4077, .F. ) ;
#6701 = FILL_AREA_STYLE_COLOUR ( '', #1849 ) ;
#6702 = CARTESIAN_POINT ( 'NONE',  ( -0.05844314102871007305, 5.836258748741340874, -2.523345780858416099 ) ) ;
#6703 = SURFACE_SIDE_STYLE ('',( #6776 ) ) ;
#6704 = CARTESIAN_POINT ( 'NONE',  ( -1.434356768066177068, 4.463657423256645274, -2.473396209324981943 ) ) ;
#6705 = ADVANCED_FACE ( 'NONE', ( #2425 ), #5503, .F. ) ;
#6706 = CARTESIAN_POINT ( 'NONE',  ( 2.540000000000000480, 7.372876920803165923, 1.566861757678197797 ) ) ;
#6707 = ORIENTED_EDGE ( 'NONE', *, *, #1362, .T. ) ;
#6708 = DIRECTION ( 'NONE',  ( -0.000000000000000000, 1.000000000000000000, -0.000000000000000000 ) ) ;
#6709 = VERTEX_POINT ( 'NONE', #6069 ) ;
#6710 = MECHANICAL_DESIGN_GEOMETRIC_PRESENTATION_REPRESENTATION (  '', ( #1044 ), #1828 ) ;
#6711 = FILL_AREA_STYLE ('',( #6144 ) ) ;
#6712 = SURFACE_STYLE_USAGE ( .BOTH. , #4012 ) ;
#6713 = LINE ( 'NONE', #3635, #5780 ) ;
#6714 = PRESENTATION_STYLE_ASSIGNMENT (( #5126 ) ) ;
#6715 = EDGE_CURVE ( 'NONE', #3096, #3617, #3446, .T. ) ;
#6716 = PRESENTATION_LAYER_ASSIGNMENT (  '', '', ( #6052 ) ) ;
#6717 = SURFACE_STYLE_FILL_AREA ( #1329 ) ;
#6718 = EDGE_CURVE ( 'NONE', #2326, #5915, #745, .T. ) ;
#6719 = CARTESIAN_POINT ( 'NONE',  ( 2.540000000000000480, 3.083757038415181118, 1.874763991466977364 ) ) ;
#6720 = DIRECTION ( 'NONE',  ( 0.000000000000000000, -0.000000000000000000, 1.000000000000000000 ) ) ;
#6721 = UNCERTAINTY_MEASURE_WITH_UNIT (LENGTH_MEASURE( 1.000000000000000082E-05 ), #2607, 'distance_accuracy_value', 'NONE');
#6722 = DIRECTION ( 'NONE',  ( -1.000000000000000000, -1.224646799147353454E-16, -0.000000000000000000 ) ) ;
#6723 =( NAMED_UNIT ( * ) PLANE_ANGLE_UNIT ( ) SI_UNIT ( $, .RADIAN. ) );
#6724 =( REPRESENTATION_RELATIONSHIP ('NONE','NONE', #4110, #6452 ) REPRESENTATION_RELATIONSHIP_WITH_TRANSFORMATION ( #1126 )SHAPE_REPRESENTATION_RELATIONSHIP( ) );
#6725 = PRESENTATION_STYLE_ASSIGNMENT (( #3579 ) ) ;
#6726 = EDGE_LOOP ( 'NONE', ( #6481 ) ) ;
#6727 = CARTESIAN_POINT ( 'NONE',  ( -2.539999999999999591, 0.4655013641736949759, 2.935956669857430423 ) ) ;
#6728 = UNCERTAINTY_MEASURE_WITH_UNIT (LENGTH_MEASURE( 1.000000000000000082E-05 ), #2732, 'distance_accuracy_value', 'NONE');
#6729 = CARTESIAN_POINT ( 'NONE',  ( 2.343105982720279812, 4.724339035756187855, 2.413191048617493895 ) ) ;
#6730 = PLANE ( 'NONE',  #3093 ) ;
#6731 = FILL_AREA_STYLE ('',( #5110 ) ) ;
#6732 =( GEOMETRIC_REPRESENTATION_CONTEXT ( 3 ) GLOBAL_UNCERTAINTY_ASSIGNED_CONTEXT ( ( #6029 ) ) GLOBAL_UNIT_ASSIGNED_CONTEXT ( ( #2405, #3019, #3595 ) ) REPRESENTATION_CONTEXT ( 'NONE', 'WORKASPACE' ) );
#6733 = ADVANCED_FACE ( 'NONE', ( #2367 ), #6730, .F. ) ;
#6734 = VECTOR ( 'NONE', #3515, 1000.000000000000000 ) ;
#6735 = ORIENTED_EDGE ( 'NONE', *, *, #2139, .T. ) ;
#6736 = CARTESIAN_POINT ( 'NONE',  ( 0.2127633873244130225, 6.628552174854386969, -2.095974355066237305 ) ) ;
#6737 =( GEOMETRIC_REPRESENTATION_CONTEXT ( 3 ) GLOBAL_UNCERTAINTY_ASSIGNED_CONTEXT ( ( #595 ) ) GLOBAL_UNIT_ASSIGNED_CONTEXT ( ( #2209, #6023, #4789 ) ) REPRESENTATION_CONTEXT ( 'NONE', 'WORKASPACE' ) );
#6738 = CARTESIAN_POINT ( 'NONE',  ( 0.4790310504250117618, 4.610212753984236578, -2.507559516549650702 ) ) ;
#6739 = EDGE_CURVE ( 'NONE', #4062, #1591, #1310, .T. ) ;
#6740 = EDGE_CURVE ( 'NONE', #5909, #1911, #1380, .T. ) ;
#6741 = FACE_OUTER_BOUND ( 'NONE', #6396, .T. ) ;
#6742 = DIRECTION ( 'NONE',  ( 1.000000000000000000, 0.000000000000000000, 0.000000000000000000 ) ) ;
#6743 = CARTESIAN_POINT ( 'NONE',  ( 1.590016846023985186, 4.952783555732941601, -2.559422073578150769 ) ) ;
#6744 = CARTESIAN_POINT ( 'NONE',  ( 2.540000000000000480, 6.988007637321757670, 1.642544649361741937 ) ) ;
#6745 = COLOUR_RGB ( '',0.6039215686274509443, 0.6039215686274509443, 0.6039215686274509443 ) ;
#6746 = ORIENTED_EDGE ( 'NONE', *, *, #4246, .T. ) ;
#6747 = CARTESIAN_POINT ( 'NONE',  ( 2.615000000000000657, -4.000000000000000000, 0.7499999999999981126 ) ) ;
#6748 = ORIENTED_EDGE ( 'NONE', *, *, #4333, .T. ) ;
#6749 =( NAMED_UNIT ( * ) PLANE_ANGLE_UNIT ( ) SI_UNIT ( $, .RADIAN. ) );
#6750 = FILL_AREA_STYLE ('',( #973 ) ) ;
#6751 = AXIS2_PLACEMENT_3D ( 'NONE', #995, #6340, #2186 ) ;
#6752 = DIRECTION ( 'NONE',  ( -3.628747110354857517E-16, 0.1563674008190126807, -0.9876989601903538585 ) ) ;
#6753 = CARTESIAN_POINT ( 'NONE',  ( 1.352806461337879629, 6.304111658698179355, -2.346980268594658803 ) ) ;
#6754 =( NAMED_UNIT ( * ) PLANE_ANGLE_UNIT ( ) SI_UNIT ( $, .RADIAN. ) );
#6755 = FILL_AREA_STYLE_COLOUR ( '', #5426 ) ;
#6756 = VECTOR ( 'NONE', #4499, 1000.000000000000114 ) ;
#6757 = PRESENTATION_LAYER_ASSIGNMENT (  '', '', ( #2526 ) ) ;
#6758 = ORIENTED_EDGE ( 'NONE', *, *, #4010, .T. ) ;
#6759 = COLOUR_RGB ( '',0.6039215686274509443, 0.6039215686274509443, 0.6039215686274509443 ) ;
#6760 = CARTESIAN_POINT ( 'NONE',  ( 2.540000000000000036, 3.213360091561182852, -1.757171267987868157 ) ) ;
#6761 = CYLINDRICAL_SURFACE ( 'NONE', #2218, 0.5000000000000000000 ) ;
#6762 = DIRECTION ( 'NONE',  ( -1.000000000000000000, 0.000000000000000000, -0.000000000000000000 ) ) ;
#6763 = EDGE_CURVE ( 'NONE', #1340, #4791, #1227, .T. ) ;
#6764 = AXIS2_PLACEMENT_3D ( 'NONE', #6, #4242, #4649 ) ;
#6765 = PLANE ( 'NONE',  #5501 ) ;
#6766 = CARTESIAN_POINT ( 'NONE',  ( 1.055011014811930270, 6.320262661374213664, -2.339675848294753280 ) ) ;
#6767 =( LENGTH_UNIT ( ) NAMED_UNIT ( * ) SI_UNIT ( .MILLI., .METRE. ) );
#6768 = ADVANCED_FACE ( 'NONE', ( #2552 ), #2036, .F. ) ;
#6769 = MECHANICAL_DESIGN_GEOMETRIC_PRESENTATION_REPRESENTATION (  '', ( #321 ), #2108 ) ;
#6770 = CARTESIAN_POINT ( 'NONE',  ( 2.384610260147808969, 4.724339035756187855, 2.361183792539290671 ) ) ;
#6771 =( LENGTH_UNIT ( ) NAMED_UNIT ( * ) SI_UNIT ( .MILLI., .METRE. ) );
#6772 = ADVANCED_FACE ( 'NONE', ( #989, #4048 ), #2428, .F. ) ;
#6773 = VERTEX_POINT ( 'NONE', #3120 ) ;
#6774 = DIRECTION ( 'NONE',  ( 0.000000000000000000, 0.7456420435382385969, 0.6663467137370151505 ) ) ;
#6775 = CARTESIAN_POINT ( 'NONE',  ( 0.05061735265986586768, 5.831787757675712669, -2.472730895973822118 ) ) ;
#6776 = SURFACE_STYLE_FILL_AREA ( #5146 ) ;
#6777 = CARTESIAN_POINT ( 'NONE',  ( -0.8005857262119840945, 6.454272551944354674, -2.209388644722141137 ) ) ;
#6778 = AXIS2_PLACEMENT_3D ( 'NONE', #439, #5658, #6687 ) ;
#6779 = CARTESIAN_POINT ( 'NONE',  ( -2.539999999999999591, 7.372876920803165923, 1.566861757678197797 ) ) ;
#6780 = PRESENTATION_STYLE_ASSIGNMENT (( #6177 ) ) ;
#6781 = EDGE_LOOP ( 'NONE', ( #2345, #4341, #188, #2456 ) ) ;
#6782 = DIRECTION ( 'NONE',  ( -0.000000000000000000, -0.000000000000000000, 1.000000000000000000 ) ) ;
#6783 = VECTOR ( 'NONE', #442, 1000.000000000000000 ) ;
#6784 = DIRECTION ( 'NONE',  ( 0.000000000000000000, 0.000000000000000000, -1.000000000000000000 ) ) ;
#6785 = DIRECTION ( 'NONE',  ( 0.000000000000000000, -0.000000000000000000, 1.000000000000000000 ) ) ;
#6786 = ORIENTED_EDGE ( 'NONE', *, *, #4010, .F. ) ;
#6787 = DIRECTION ( 'NONE',  ( -1.000000000000000000, 0.000000000000000000, 0.000000000000000000 ) ) ;
#6788 = CARTESIAN_POINT ( 'NONE',  ( -2.165000000000000480, 0.1499999999999999944, -0.7499999999999983347 ) ) ;
#6789 = DIRECTION ( 'NONE',  ( 1.000000000000000000, 0.000000000000000000, -3.673940397442059375E-16 ) ) ;
#6790 = CARTESIAN_POINT ( 'NONE',  ( -1.427089946623273820, 4.085388313656182824, -2.390549989153493371 ) ) ;
#6791 = ORIENTED_EDGE ( 'NONE', *, *, #994, .F. ) ;
#6792 = CARTESIAN_POINT ( 'NONE',  ( 0.5148804987350159568, 4.633214198592939148, -2.563426892943128532 ) ) ;
#6793 = LINE ( 'NONE', #6322, #3212 ) ;
#6794 = DIRECTION ( 'NONE',  ( 0.000000000000000000, -0.000000000000000000, -1.000000000000000000 ) ) ;
#6795 = MECHANICAL_DESIGN_GEOMETRIC_PRESENTATION_REPRESENTATION (  '', ( #1246 ), #1915 ) ;
#6796 = CARTESIAN_POINT ( 'NONE',  ( 1.599999999999999423, 5.156607010677380920, -2.614991653411137040 ) ) ;
#6797 = ORIENTED_EDGE ( 'NONE', *, *, #6495, .F. ) ;
#6798 =( LENGTH_UNIT ( ) NAMED_UNIT ( * ) SI_UNIT ( .MILLI., .METRE. ) );
#6799 = UNCERTAINTY_MEASURE_WITH_UNIT (LENGTH_MEASURE( 1.000000000000000082E-05 ), #2960, 'distance_accuracy_value', 'NONE');
#6800 =( LENGTH_UNIT ( ) NAMED_UNIT ( * ) SI_UNIT ( .MILLI., .METRE. ) );
#6801 = SURFACE_STYLE_USAGE ( .BOTH. , #6837 ) ;
#6802 = PRESENTATION_STYLE_ASSIGNMENT (( #6260 ) ) ;
#6803 = PRESENTATION_LAYER_ASSIGNMENT (  '', '', ( #1360 ) ) ;
#6804 = EDGE_LOOP ( 'NONE', ( #5774, #5311, #6469, #3363 ) ) ;
#6805 =( GEOMETRIC_REPRESENTATION_CONTEXT ( 3 ) GLOBAL_UNCERTAINTY_ASSIGNED_CONTEXT ( ( #1573 ) ) GLOBAL_UNIT_ASSIGNED_CONTEXT ( ( #1128, #4270, #3665 ) ) REPRESENTATION_CONTEXT ( 'NONE', 'WORKASPACE' ) );
#6806 = CARTESIAN_POINT ( 'NONE',  ( -1.275692204615535674, 4.207744035702219776, -2.389969647824712773 ) ) ;
#6807 = DIRECTION ( 'NONE',  ( 1.000000000000000000, 0.000000000000000000, 0.000000000000000000 ) ) ;
#6808 = SURFACE_STYLE_FILL_AREA ( #6265 ) ;
#6809 = CYLINDRICAL_SURFACE ( 'NONE', #6183, 0.1749999999999998224 ) ;
#6810 = CARTESIAN_POINT ( 'NONE',  ( -2.539999999999999591, 3.213360091561182852, 1.757171267987867269 ) ) ;
#6811 = CARTESIAN_POINT ( 'NONE',  ( -0.1079101302507000232, 6.628362207626038227, -2.096108343165537846 ) ) ;
#6812 = CARTESIAN_POINT ( 'NONE',  ( -2.539999999999999591, 7.299235467949205081, 1.541031095784586746 ) ) ;
#6813 = COLOUR_RGB ( '',0.7058823529411764053, 0.7058823529411764053, 0.7058823529411764053 ) ;
#6814 = ORIENTED_EDGE ( 'NONE', *, *, #2088, .T. ) ;
#6815 =( LENGTH_UNIT ( ) NAMED_UNIT ( * ) SI_UNIT ( .MILLI., .METRE. ) );
#6816 = CARTESIAN_POINT ( 'NONE',  ( -0.4658422005912386532, 6.750761077730174087, -2.006214759040112927 ) ) ;
#6817 =( NAMED_UNIT ( * ) PLANE_ANGLE_UNIT ( ) SI_UNIT ( $, .RADIAN. ) );
#6818 = EDGE_CURVE ( 'NONE', #4451, #5233, #5760, .T. ) ;
#6819 = SURFACE_STYLE_FILL_AREA ( #4677 ) ;
#6820 = CARTESIAN_POINT ( 'NONE',  ( -1.708169201329161613, 5.732406275735073109, -2.551656948483753240 ) ) ;
#6821 = SURFACE_STYLE_FILL_AREA ( #4578 ) ;
#6822 = CARTESIAN_POINT ( 'NONE',  ( -0.3487166590612078565, 4.921159026122811753, -2.604967717395925586 ) ) ;
#6823 = PRESENTATION_LAYER_ASSIGNMENT (  '', '', ( #2165 ) ) ;
#6824 = ADVANCED_FACE ( 'NONE', ( #1682 ), #1637, .T. ) ;
#6825 = FACE_OUTER_BOUND ( 'NONE', #6221, .T. ) ;
#6826 = DIRECTION ( 'NONE',  ( 0.000000000000000000, -1.000000000000000000, -0.000000000000000000 ) ) ;
#6827 = CARTESIAN_POINT ( 'NONE',  ( -0.03031897822657902974, 5.865448713766145517, -2.515227306283322584 ) ) ;
#6828 = CARTESIAN_POINT ( 'NONE',  ( 0.3636744999526952959, 2.990053370035151481, 0.7336515703222876716 ) ) ;
#6829 = PRESENTATION_LAYER_ASSIGNMENT (  '', '', ( #4699 ) ) ;
#6830 = VERTEX_POINT ( 'NONE', #1101 ) ;
#6831 = FILL_AREA_STYLE_COLOUR ( '', #6387 ) ;
#6832 = ORIENTED_EDGE ( 'NONE', *, *, #4913, .F. ) ;
#6833 = CARTESIAN_POINT ( 'NONE',  ( 1.514141130348148234, 5.668022720976466644, -2.563669846582163458 ) ) ;
#6834 = STYLED_ITEM ( 'NONE', ( #1837 ), #782 ) ;
#6835 = PRESENTATION_LAYER_ASSIGNMENT (  '', '', ( #2175 ) ) ;
#6836 = FILL_AREA_STYLE ('',( #3611 ) ) ;
#6837 = SURFACE_SIDE_STYLE ('',( #5139 ) ) ;
#6838 = FILL_AREA_STYLE ('',( #50 ) ) ;
#6839 = VERTEX_POINT ( 'NONE', #3783 ) ;
#6840 = CARTESIAN_POINT ( 'NONE',  ( 1.131881742583975559, 4.082771437798454528, -2.332433963914353203 ) ) ;
#6841 = DIRECTION ( 'NONE',  ( 0.000000000000000000, 0.000000000000000000, -1.000000000000000000 ) ) ;
#6842 = AXIS2_PLACEMENT_3D ( 'NONE', #5641, #6232, #1378 ) ;
#6843 =( LENGTH_UNIT ( ) NAMED_UNIT ( * ) SI_UNIT ( .MILLI., .METRE. ) );
#6844 = STYLED_ITEM ( 'NONE', ( #1218 ), #473 ) ;
#6845 =( NAMED_UNIT ( * ) PLANE_ANGLE_UNIT ( ) SI_UNIT ( $, .RADIAN. ) );
#6846 = COLOUR_RGB ( '',0.6039215686274509443, 0.6039215686274509443, 0.6039215686274509443 ) ;
#6847 = SURFACE_STYLE_USAGE ( .BOTH. , #4299 ) ;
#6848 = STYLED_ITEM ( 'NONE', ( #3180 ), #1213 ) ;
#6849 = CARTESIAN_POINT ( 'NONE',  ( 2.540000000000000036, 7.099853943852494353, -1.742496656422295231 ) ) ;
#6850 = VERTEX_POINT ( 'NONE', #4223 ) ;
#6851 = PRESENTATION_LAYER_ASSIGNMENT (  '', '', ( #1071 ) ) ;
#6852 = CARTESIAN_POINT ( 'NONE',  ( 0.000000000000000000, -4.000000000000000000, 0.000000000000000000 ) ) ;
#6853 = EDGE_LOOP ( 'NONE', ( #3779, #4218, #2610, #6458 ) ) ;
#6854 = CARTESIAN_POINT ( 'NONE',  ( -1.614761347120431401, 5.925420051942080768, -2.445511390728012380 ) ) ;
#6855 =( LENGTH_UNIT ( ) NAMED_UNIT ( * ) SI_UNIT ( .MILLI., .METRE. ) );
#6856 = ADVANCED_FACE ( 'NONE', ( #5882, #5329 ), #5914, .T. ) ;
#6857 = CARTESIAN_POINT ( 'NONE',  ( -2.540000000000000480, 0.000000000000000000, -1.124999999999998224 ) ) ;
#6858 = CARTESIAN_POINT ( 'NONE',  ( -1.742373104103354775, 5.622323014144777531, -2.574570019195347559 ) ) ;
#6859 = CARTESIAN_POINT ( 'NONE',  ( 0.000000000000000000, 0.000000000000000000, 0.000000000000000000 ) ) ;
#6860 = ADVANCED_FACE ( 'NONE', ( #1239 ), #1700, .T. ) ;
#6861 = CARTESIAN_POINT ( 'NONE',  ( 2.540000000000000480, 5.150000000000000355, -9.331808609502832962E-16 ) ) ;
#6862 = STYLED_ITEM ( 'NONE', ( #4710 ), #6275 ) ;
#6863 = CARTESIAN_POINT ( 'NONE',  ( -2.540000000000000480, 0.4655013641736949759, -2.935956669857429535 ) ) ;
#6864 = CARTESIAN_POINT ( 'NONE',  ( -2.465000000000000302, -0.2500000000000002220, -0.7499999999999981126 ) ) ;
#6865 = CARTESIAN_POINT ( 'NONE',  ( -0.05485498455807705925, 5.843243026486564240, -2.521446310027799953 ) ) ;
#6866 = CONTEXT_DEPENDENT_SHAPE_REPRESENTATION ( #5145, #1764 ) ;
#6867 = EDGE_CURVE ( 'NONE', #457, #6850, #2808, .T. ) ;
#6868 =( GEOMETRIC_REPRESENTATION_CONTEXT ( 3 ) GLOBAL_UNCERTAINTY_ASSIGNED_CONTEXT ( ( #5039 ) ) GLOBAL_UNIT_ASSIGNED_CONTEXT ( ( #4148, #4690, #4763 ) ) REPRESENTATION_CONTEXT ( 'NONE', 'WORKASPACE' ) );
#6869 = VERTEX_POINT ( 'NONE', #163 ) ;
#6870 = SURFACE_SIDE_STYLE ('',( #4182 ) ) ;
#6871 = ORIENTED_EDGE ( 'NONE', *, *, #2832, .T. ) ;
#6872 = CARTESIAN_POINT ( 'NONE',  ( 1.544742845135316678, 5.569138408007151320, -2.581680386232135582 ) ) ;
#6873 = ORIENTED_EDGE ( 'NONE', *, *, #4676, .F. ) ;
#6874 = COLOUR_RGB ( '',0.6039215686274509443, 0.6039215686274509443, 0.6039215686274509443 ) ;
#6875 = AXIS2_PLACEMENT_3D ( 'NONE', #4359, #1132, #3261 ) ;
#6876 = CARTESIAN_POINT ( 'NONE',  ( 2.333161410907155009, 4.724339035756187855, 2.418709882298624603 ) ) ;
#6877 = CARTESIAN_POINT ( 'NONE',  ( -0.001191037011240677918, 5.856499843231006253, -2.465782425826448243 ) ) ;
#6878 = CARTESIAN_POINT ( 'NONE',  ( -1.392978791388132631, 4.368640137286867287, -2.450883886434354064 ) ) ;
#6879 = AXIS2_PLACEMENT_3D ( 'NONE', #5587, #1895, #6117 ) ;
#6880 = PRESENTATION_STYLE_ASSIGNMENT (( #4734 ) ) ;
#6881 = DIRECTION ( 'NONE',  ( 1.966535401401895110E-16, -0.000000000000000000, 1.000000000000000000 ) ) ;
#6882 = LINE ( 'NONE', #22, #5624 ) ;
#6883 = DIRECTION ( 'NONE',  ( 0.000000000000000000, 0.000000000000000000, -1.000000000000000000 ) ) ;
#6884 = PRESENTATION_LAYER_ASSIGNMENT (  '', '', ( #2998 ) ) ;
#6885 = CARTESIAN_POINT ( 'NONE',  ( -2.539999999999999591, 7.296267852966717982, 1.697000299375239551 ) ) ;
#6886 = ORIENTED_EDGE ( 'NONE', *, *, #6651, .F. ) ;
#6887 = CARTESIAN_POINT ( 'NONE',  ( 1.599775664536740249, 5.260425751139594652, -2.614729346062717230 ) ) ;
#6888 = NEXT_ASSEMBLY_USAGE_OCCURRENCE ( 'NAUO1', ' ', ' ', #5180, #5267, $ ) ;
#6889 = NEXT_ASSEMBLY_USAGE_OCCURRENCE ( 'NAUO2', ' ', ' ', #5180, #5267, $ ) ;
#6890 = NEXT_ASSEMBLY_USAGE_OCCURRENCE ( 'NAUO3', ' ', ' ', #5180, #3126, $ ) ;
ENDSEC;
END-ISO-10303-21;
